tournament,year,date,home_team,away_team,actual_home,actual_away,model_home,model_draw,model_away,book_home,book_draw,book_away,tvd,model_favorite,book_favorite,favorite_flip,model_prediction,model_points,model_decision_margin,blend00_prediction,blend00_points,blend00_decision_margin,blend005_prediction,blend005_points,blend005_decision_margin,blend01_prediction,blend01_points,blend01_decision_margin,blend015_prediction,blend015_points,blend015_decision_margin,blend02_prediction,blend02_points,blend02_decision_margin,blend025_prediction,blend025_points,blend025_decision_margin,blend03_prediction,blend03_points,blend03_decision_margin,blend035_prediction,blend035_points,blend035_decision_margin,blend04_prediction,blend04_points,blend04_decision_margin,blend045_prediction,blend045_points,blend045_decision_margin,blend05_prediction,blend05_points,blend05_decision_margin,blend055_prediction,blend055_points,blend055_decision_margin,blend06_prediction,blend06_points,blend06_decision_margin,blend065_prediction,blend065_points,blend065_decision_margin,blend07_prediction,blend07_points,blend07_decision_margin,blend075_prediction,blend075_points,blend075_decision_margin,blend08_prediction,blend08_points,blend08_decision_margin,blend085_prediction,blend085_points,blend085_decision_margin,blend09_prediction,blend09_points,blend09_decision_margin,blend095_prediction,blend095_points,blend095_decision_margin,blend10_prediction,blend10_points,blend10_decision_margin
African Cup of Nations,2015,2015-02-08,Ivory Coast,Ghana,0,0,0.42791702821905375,0.28695124192349364,0.28513172985745266,0.38340431770338806,0.3120373023884098,0.3045583799086953,0.04451271051591224,home,home,False,2-1,0,0.0034345391834254,2-1,0,0.003077552574384246,2-1,0,0.003095417554056623,2-1,0,0.0031132825337288894,2-1,0,0.0031311475134010447,2-1,0,0.003149012493073422,2-1,0,0.0031668774727457993,2-1,0,0.0031847424524180656,2-1,0,0.003202607432090443,2-1,0,0.0032204724117625982,2-1,0,0.0032383373914348645,2-1,0,0.003256202371107242,2-1,0,0.003274067350779508,2-1,0,0.0032919323304518855,2-1,0,0.003309797310124152,2-1,0,0.003327662289796529,2-1,0,0.0033455272694687954,2-1,0,0.0033633922491410617,2-1,0,0.003381257228813439,2-1,0,0.0033991222084859274,2-1,0,0.0034169871881580827,2-1,0,0.00343485216783046
African Cup of Nations,2015,2015-02-07,DR Congo,Equatorial Guinea,0,0,0.5383605416195686,0.2784745237963261,0.1831649345841053,0.4005992466346148,0.2957014741317664,0.3036992792331172,0.13776129498470296,home,home,False,2-0,0,0.011747163713393127,2-0,0,0.008742431738196776,2-0,0,0.008892752629672152,2-0,0,0.009043073521147749,2-0,0,0.009193394412622902,2-0,0,0.009343715304098277,2-0,0,0.009494036195573652,2-0,0,0.009644357087049138,2-0,0,0.009794677978524513,2-0,0,0.009944998869999777,2-0,0,0.010095319761475152,2-0,0,0.010245640652950416,2-0,0,0.010395961544425791,2-0,0,0.010546282435901055,2-0,0,0.01069660332737632,2-0,0,0.010846924218851695,2-0,0,0.01099724511032707,2-0,0,0.011147566001802223,2-0,0,0.011297886893277598,2-0,0,0.01144820778475275,2-0,0,0.011598528676228015,2-0,0,0.01174884956770339
African Cup of Nations,2015,2015-02-05,Ghana,Equatorial Guinea,0,3,0.6993464369163687,0.21126617974748052,0.0893873833361509,0.5716525239515886,0.27054866195399124,0.15779881409490254,0.1276939129650212,home,home,False,2-0,0,0.0730559957685093,2-0,0,0.05976228472391354,2-0,0,0.060429760127623355,2-0,0,0.061097235531333394,2-0,0,0.06176471093504343,2-0,0,0.06243218633875358,2-0,0,0.06309966174246384,2-0,0,0.06376713714617377,2-0,0,0.06443461254988414,2-0,0,0.0651020879535944,2-0,0,0.06576956335730466,2-0,0,0.06643703876101437,2-0,0,0.0671045141647244,2-0,0,0.06777198956843511,2-0,0,0.06843946497214581,2-0,0,0.06910694037585641,2-0,0,0.06977441577956711,2-0,0,0.0704418911832777,2-0,0,0.0711093665869873,2-0,0,0.07177684199069856,2-0,0,0.07244431739440871,2-0,0,0.0731117927981193
African Cup of Nations,2015,2015-02-04,DR Congo,Ivory Coast,1,3,0.1480963106094744,0.2262491979889913,0.6256544914015343,0.15015053306543236,0.262871737838963,0.5869777290960967,0.038676762305683635,away,away,False,0-2,1,0.02338838249926123,0-2,1,0.021959762643056324,0-2,1,0.022032110577052455,0-2,1,0.022104458511048808,0-2,1,0.022176806445044495,0-2,1,0.022249154379040514,0-2,1,0.022321502313036534,0-2,1,0.022393850247032443,0-2,1,0.022466198181028574,0-2,1,0.022538546115024816,0-2,1,0.022610894049020613,0-2,1,0.022683241983016855,0-2,1,0.022755589917012875,0-2,1,0.022827937851009006,0-2,1,0.022900285785005026,0-2,1,0.022972633719000934,0-2,1,0.023044981652996954,0-2,1,0.02311732958699353,0-2,1,0.023189677520989438,0-2,1,0.023262025454985347,0-2,1,0.023334373388981478,0-2,1,0.02340672132297761
African Cup of Nations,2015,2015-02-01,Ivory Coast,Algeria,3,1,0.5607625003062253,0.2537099638346384,0.1855275358591363,0.3785092112421131,0.32269901538873047,0.29879177336963086,0.1822532890643494,home,home,False,2-0,1,0.016299998648239722,1-1,0,0.03420357416754882,1-1,0,0.013196525074927412,2-0,1,0.0078105240176951085,2-0,1,0.011801063175721493,2-0,1,0.012066037598835067,2-0,1,0.012331012021948418,2-0,1,0.01259598644506199,2-0,1,0.012860960868175453,2-0,1,0.013125935291289026,2-0,1,0.013390909714402599,2-0,1,0.01365588413751595,2-0,1,0.013920858560629412,2-0,1,0.014185832983742985,2-0,1,0.014450807406856558,2-0,1,0.014715781829970132,2-0,1,0.014980756253083816,2-0,1,0.0152457306761975,2-0,1,0.015510705099310962,2-0,1,0.015775679522424646,2-0,1,0.01604065394553822,2-0,1,0.016305628368651792
African Cup of Nations,2015,2015-02-01,Ghana,Guinea,3,0,0.45961400996794705,0.26876454496721164,0.2716214450648413,0.5145095843195897,0.2937130000670405,0.19177741561286682,0.079844029451723,home,home,False,2-1,1,0.008632444891213842,2-1,1,0.009665390805131846,2-1,1,0.009613828385718115,2-1,1,0.009562265966304162,2-1,1,0.009510703546890209,2-1,1,0.009459141127476256,2-1,1,0.009407578708062303,2-1,1,0.009356016288648461,2-1,1,0.009304453869234619,2-1,1,0.009252891449820666,2-1,1,0.009201329030406824,2-1,1,0.009149766610992982,2-1,1,0.009098204191579029,2-1,1,0.009046641772165187,2-1,1,0.008995079352751123,2-1,1,0.008943516933337503,2-1,1,0.008891954513923439,2-1,1,0.008840392094509597,2-1,1,0.008788829675095755,2-1,1,0.008737267255681913,2-1,1,0.008685704836268071,2-1,1,0.008634142416854118
African Cup of Nations,2015,2015-01-31,Tunisia,Equatorial Guinea,2,1,0.6111173249248619,0.25961712949039756,0.12926554558474052,0.46533820772528434,0.3165567845833867,0.21810500769183877,0.1457791171998325,home,home,False,2-0,2,0.014336027999891199,2-0,2,0.010918741707810375,2-0,2,0.011089770488670325,2-0,2,0.011260799269530386,2-0,2,0.011431828050390558,2-0,2,0.011602856831250619,2-0,2,0.011773885612110568,2-0,2,0.011944914392970962,2-0,2,0.012115943173831134,2-0,2,0.012286971954691195,2-0,2,0.012458000735551256,2-0,2,0.012629029516411427,2-0,2,0.0128000582972716,2-0,2,0.012971087078131771,2-0,2,0.013142115858991943,2-0,2,0.013313144639852337,2-0,2,0.013484173420712509,2-0,2,0.013655202201572347,2-0,2,0.013826230982432852,2-0,2,0.013997259763293135,2-0,2,0.014168288544153307,2-0,2,0.0143393173250137
African Cup of Nations,2015,2015-01-31,Congo,DR Congo,2,4,0.22677745764757468,0.31089752223332584,0.46232502011909943,0.3041177043193085,0.34355816624590196,0.35232412943428115,0.11000089068456412,away,away,False,0-1,1,0.03910274024585625,0-0,0,0.018481600934777687,0-0,0,0.01839375249334596,0-0,0,0.018305904051914457,0-0,0,0.01821805561048262,0-0,0,0.012211880035449707,0-1,1,0.00024743022401541026,0-1,1,0.012706740483479972,0-1,1,0.025166050742943202,0-1,1,0.033521972172280035,0-1,1,0.03398717769571191,0-1,1,0.0344523832191439,0-1,1,0.03491758874257589,0-1,1,0.035382794266007545,0-1,1,0.03584799978943953,0-1,1,0.03631320531287108,0-1,1,0.036778410836303066,0-1,1,0.03724361635973483,0-1,1,0.03770882188316638,0-1,1,0.038174027406598254,0-1,1,0.03863923293003002,0-1,1,0.03910443845346179
African Cup of Nations,2015,2015-01-28,Cameroon,Ivory Coast,0,1,0.28571776905752744,0.29047402389882765,0.42380820704364486,0.28492710860381204,0.305211961877822,0.4098609295178911,0.014737937979231758,away,away,False,1-2,1,0.0020542677674023624,1-2,1,0.001986819777215376,1-2,1,0.00199020028079977,1-2,1,0.0019935807843840525,1-2,1,0.001996961287968446,1-2,1,0.002000341791552618,1-2,1,0.0020037222951367895,1-2,1,0.002007102798721183,1-2,1,0.002010483302305577,1-2,1,0.0020138638058898595,1-2,1,0.002017244309474142,1-2,1,0.002020624813058536,1-2,1,0.0020240053166428185,1-2,1,0.002027385820227101,1-2,1,0.0020307663238113838,1-2,1,0.0020341468273958885,1-2,1,0.00203752733098006,1-2,1,0.002040907834564454,1-2,1,0.0020442883381486254,1-2,1,0.002047668841732908,1-2,1,0.0020510493453173018,1-2,1,0.0020544298489015844
African Cup of Nations,2015,2015-01-28,Guinea,Mali,1,1,0.4185887472882411,0.26872288092417734,0.31268837178758163,0.32807341239000476,0.3252784274921669,0.3466481601173401,0.09051533489799218,home,away,True,2-1,0,0.016591735394612783,1-1,3,0.06508504600372755,1-1,3,0.06235674972489624,1-1,3,0.05962845344606593,1-1,3,0.05690015716723529,1-1,3,0.05417186088840531,1-1,3,0.0468219012543315,1-1,3,0.03406962454577689,1-1,3,0.02131734783722239,1-1,3,0.00856507112866789,2-1,0,0.004187205579885056,2-1,0,0.014800575609263733,2-1,0,0.014979997994688188,2-1,0,0.015159420380112643,2-1,0,0.015338842765536986,2-1,0,0.015518265150961441,2-1,0,0.015697687536385785,2-1,0,0.01587710992181013,2-1,0,0.016056532307234583,2-1,0,0.01623595469265915,2-1,0,0.016415377078083382,2-1,0,0.016594799463507837
African Cup of Nations,2015,2015-01-27,Senegal,Algeria,0,2,0.4050162066331843,0.31810106889549855,0.27688272447131723,0.324824611416516,0.32163374964106933,0.35354163894192214,0.080191595216422,home,away,True,1-0,0,0.045264802735186405,0-1,1,0.032009148493036044,0-1,1,0.025404124456648525,0-1,1,0.01879910042026245,0-1,1,0.012194076383875818,0-1,1,0.0055890523474899645,0-0,0,0.0010159716888957782,0-0,0,0.0037195038605787323,1-0,0,0.0005091686619551616,1-0,0,0.007730690810359264,1-0,0,0.01495221295876259,1-0,0,0.022173735107165804,1-0,0,0.029395257255568352,1-0,0,0.0366167794039709,1-0,0,0.04212916785451193,1-0,0,0.04257729264675092,1-0,0,0.04302541743898958,1-0,0,0.043473542231228124,1-0,0,0.043921667023467004,1-0,0,0.04436979181570555,1-0,0,0.04481791660794432,1-0,0,0.04526604140018298
African Cup of Nations,2015,2015-01-27,South Africa,Ghana,1,2,0.2576787120522742,0.3611102200225239,0.38121106792520193,0.2302770913232398,0.2984473040711396,0.471275604606128,0.09006453668067238,away,away,False,0-0,0,0.039143292590504086,0-1,1,0.15811870832594932,0-1,1,0.15660782084665514,0-1,1,0.15509693336736075,0-1,1,0.1535860458880659,0-1,1,0.15207515840877128,0-1,1,0.15056427092947677,0-1,1,0.14905338345018215,0-1,1,0.1475424959708872,0-1,1,0.145403458481148,0-1,1,0.13002454263324614,0-1,1,0.11464562678534307,0-1,1,0.09926671093744,0-1,1,0.08388779508953526,0-1,1,0.06850887924163018,0-1,1,0.05312996339372422,0-1,1,0.037751047545817595,0-1,1,0.02237213169791008,0-1,1,0.00699321585000201,0-0,0,0.008385699997907392,0-0,0,0.023764615845816683,0-0,0,0.03914353169372731
African Cup of Nations,2015,2015-01-26,Cape Verde,Zambia,0,0,0.2841662487111262,0.347077699505945,0.36875605178292875,0.37368539897353154,0.3151992543525699,0.31111534667439383,0.08951915026215768,away,home,True,0-0,3,0.02274127006430038,1-0,0,0.07754129582439095,1-0,0,0.06561399429993975,1-0,0,0.053686692775487876,1-0,0,0.041759391251035005,1-0,0,0.02983208972658158,1-0,0,0.017904788202127597,1-0,0,0.005977486677673172,0-0,3,0.005949814846782364,0-0,3,0.017877116371238122,0-0,3,0.02980441789569399,0-0,3,0.04173171942015075,0-0,3,0.041765390809495484,0-0,3,0.039651621968396555,0-0,3,0.03753785312729774,0-0,3,0.035424084286198476,0-0,3,0.03331031544509899,0-0,3,0.031196546603999953,0-0,3,0.02908277776290047,0-0,3,0.026969008921801207,0-0,3,0.024855240080701724,0-0,3,0.022741471239601796
African Cup of Nations,2015,2015-01-26,DR Congo,Tunisia,1,1,0.2599210776631324,0.31564423271558295,0.4244346896212846,0.24702026209128808,0.3149686384225638,0.4380110994856425,0.013576409864610672,away,away,False,0-1,0,0.04201641419542568,0-1,0,0.043361791510770464,0-1,0,0.043294590308026515,0-1,0,0.043227389105282454,0-1,0,0.043160187902538616,0-1,0,0.04309298669979478,0-1,0,0.043025785497050606,0-1,0,0.04295858429430677,0-1,0,0.04289138309156282,0-1,0,0.04282418188881909,0-1,0,0.04275698068607503,0-1,0,0.04268977948333119,0-1,0,0.04262257828058713,0-1,0,0.04255537707784307,0-1,0,0.042488175875099565,0-1,0,0.042420974672355616,0-1,0,0.042353773469611444,0-1,0,0.04228657226686794,0-1,0,0.04221937106412388,0-1,0,0.04215216986138004,0-1,0,0.04208496865863598,0-1,0,0.04201776745589214
African Cup of Nations,2015,2015-01-25,Congo,Burkina Faso,2,1,0.20840547798579515,0.3211845854556523,0.4704099365585525,0.26120239975768356,0.3091525962772629,0.4296450039655503,0.05279692177164004,away,away,False,0-1,0,0.06630662628617201,0-1,0,0.06056255369092911,0-1,0,0.0608498639582542,0-1,0,0.06113717422557918,0-1,0,0.061424484492904385,0-1,0,0.061711794760229255,0-1,0,0.061999105027554346,0-1,0,0.062286415294879216,0-1,0,0.06257372556220442,0-1,0,0.06286103582952962,0-1,0,0.06314834609685471,0-1,0,0.0634356563641797,0-1,0,0.06372296663150501,0-1,0,0.06401027689882999,0-1,0,0.0642975871661553,0-1,0,0.06458489743348039,0-1,0,0.0648722077008056,0-1,0,0.0651595179681308,0-1,0,0.065446828235456,0-1,0,0.06573413850278131,0-1,0,0.06602144877010652,0-1,0,0.06630875903743183
African Cup of Nations,2015,2015-01-25,Gabon,Equatorial Guinea,2,0,0.5018739665126214,0.32098589873636574,0.1771401347510129,0.42264108826537483,0.31416811920933,0.2631907925248202,0.08605065777404479,home,home,False,1-0,1,0.08092351535960951,1-0,1,0.06815019051446258,1-0,1,0.06878899917475023,1-0,1,0.06942780783503744,1-0,1,0.07006661649532497,1-0,1,0.0707054251556124,1-0,1,0.07134423381589983,1-0,1,0.07198304247618714,1-0,1,0.07262185113647457,1-0,1,0.07326065979676188,1-0,1,0.0738994684570492,1-0,1,0.0745382771173363,1-0,1,0.07517708577762361,1-0,1,0.0758158944379107,1-0,1,0.07645470309819802,1-0,1,0.07709351175848489,1-0,1,0.0777323204187721,1-0,1,0.07837112907905919,1-0,1,0.07900993773934628,1-0,1,0.07964874639963315,1-0,1,0.08028755505992025,1-0,1,0.08092636372020712
African Cup of Nations,2015,2015-01-24,Cameroon,Guinea,1,1,0.458861326298882,0.27161296194301005,0.26952571175810797,0.47665282976105233,0.2939771214415294,0.22937004879789424,0.0401556629604517,home,home,False,2-1,0,0.00674857439865828,2-1,0,0.007011469188850206,2-1,0,0.006998383713368028,2-1,0,0.006985298237885851,2-1,0,0.006972212762403673,2-1,0,0.006959127286921496,2-1,0,0.0069460418114394296,2-1,0,0.006932956335957363,2-1,0,0.006919870860475075,2-1,0,0.006906785384993008,2-1,0,0.006893699909510831,2-1,0,0.0068806144340286535,2-1,0,0.006867528958546476,2-1,0,0.00685444348306441,2-1,0,0.006841358007582121,2-1,0,0.006828272532100055,2-1,0,0.006815187056617877,2-1,0,0.0068021015811357,2-1,0,0.0067890161056535225,2-1,0,0.006775930630171456,2-1,0,0.006762845154689168,2-1,0,0.00674975967920699
African Cup of Nations,2015,2015-01-24,Ivory Coast,Mali,1,1,0.5857804410770854,0.24220787963946833,0.1720116792834463,0.528871503984495,0.27571417362435563,0.19541432239065218,0.05690893709234178,home,home,False,2-0,0,0.017269922003223526,2-0,0,0.015599953816911372,2-0,0,0.015683885053867863,2-0,0,0.015767816290824577,2-0,0,0.015851747527780957,2-0,0,0.01593567876473745,2-0,0,0.01601961000169394,2-0,0,0.016103541238650543,2-0,0,0.016187472475607034,2-0,0,0.016271403712563526,2-0,0,0.01635533494952013,2-0,0,0.01643926618647673,2-0,0,0.016523197423433,2-0,0,0.016607128660389714,2-0,0,0.016691059897346094,2-0,0,0.016774991134302697,2-0,0,0.01685892237125919,2-0,0,0.016942853608215458,2-0,0,0.01702678484517195,2-0,0,0.01711071608212844,2-0,0,0.017194647319085155,2-0,0,0.017278578556041646
African Cup of Nations,2015,2015-01-23,South Africa,Senegal,1,1,0.29468360358878803,0.3661937114040659,0.33912268500714604,0.21969758016132382,0.2929260882724209,0.4873763315667283,0.14825364655934575,draw,away,True,0-0,1,0.11874453129936902,0-1,0,0.18872923986620194,0-1,0,0.18585878881941065,0-1,0,0.18298833777261925,0-1,0,0.18011788672582785,0-1,0,0.17724743567903634,0-1,0,0.1743769846322445,0-1,0,0.17150653358545254,0-1,0,0.16863608253866058,0-1,0,0.1502001394381668,0-1,0,0.12778804191756687,0-1,0,0.10537594439696629,0-1,0,0.08296384687636393,0-1,0,0.0605517493557608,0-1,0,0.038139651835156885,0-1,0,0.01572755431455164,0-0,1,0.006684543206055382,0-0,1,0.029096640726662626,0-0,1,0.05150873824727065,0-0,1,0.07392083576788044,0-0,1,0.09633293328849069,0-0,1,0.11874503080910248
African Cup of Nations,2015,2015-01-23,Ghana,Algeria,1,0,0.45427686182074156,0.30864624943719493,0.23707688874206345,0.27176171608110117,0.3053014349505655,0.422936848968841,0.18585996022652368,home,away,True,1-0,3,0.03187324524896595,0-1,0,0.09162659085826363,0-1,0,0.08961332166995217,0-1,0,0.08760005248164004,0-1,0,0.08558678329332814,0-1,0,0.08357351410501601,0-1,0,0.08156024491670388,0-1,0,0.07954697572839142,0-1,0,0.07753370654007896,0-1,0,0.061315363665141565,0-1,0,0.02893937975127503,1-0,3,0.0034521357676428055,1-0,3,0.026111853002694252,1-0,3,0.02675216901717592,1-0,3,0.02739248503165781,1-0,3,0.0280328010461397,1-0,3,0.028673117060621478,1-0,3,0.02931343307510359,1-0,3,0.02995374908958537,1-0,3,0.03059406510406737,1-0,3,0.03123438111854937,1-0,3,0.03187469713303148
African Cup of Nations,2015,2015-01-22,Cape Verde,DR Congo,0,0,0.35388548393269803,0.3071966352244457,0.3389178808428564,0.28026073839620685,0.3150527056810923,0.40468655592219344,0.07362474553623741,home,away,True,1-0,0,0.0035818814218112616,0-1,0,0.027620228204125352,0-1,0,0.027395789587646324,0-1,0,0.02717135097116663,0-1,0,0.02694691235468738,0-1,0,0.02672247373820802,0-1,0,0.02649803512172877,0-1,0,0.026273596505249186,0-1,0,0.026049157888769825,0-1,0,0.025824719272290686,0-1,0,0.025600280655811325,0-1,0,0.025375842039331964,0-1,0,0.024912904715553075,0-1,0,0.020126118724299258,0-1,0,0.015339332733045885,0-1,0,0.010552546741792401,0-1,0,0.005765760750539806,0-1,0,0.000978974759286766,1-1,1,0.0038078112319654966,1-1,1,0.008594597223218092,1-1,1,0.0033371523363554534,1-0,0,0.0035820104663671914
African Cup of Nations,2015,2015-01-22,Zambia,Tunisia,1,2,0.2904937658684719,0.366936170102247,0.34257006402928114,0.24289436336250747,0.31072615610603577,0.4463794805319342,0.10380941650241438,draw,away,True,0-0,0,0.11513923710654939,0-1,1,0.17312866734079557,0-1,1,0.1711155387450234,0-1,1,0.16910241014925131,0-1,1,0.16092325146420294,0-1,1,0.14468425339970592,0-1,1,0.12844525533520879,0-1,1,0.11220625727070976,0-1,1,0.09596725920621074,0-1,1,0.07972826114171072,0-1,1,0.06348926307720981,0-1,1,0.047250265012707904,0-1,1,0.031011266948205773,0-1,1,0.014772268883702755,0-0,0,0.0014667291808011518,0-0,0,0.01770572724530639,0-0,0,0.03394472530981163,0-0,0,0.050183723374317424,0-0,0,0.06642272143882466,0-0,0,0.08266171950333301,0-0,0,0.09890071756784136,0-0,0,0.1151397156323507
African Cup of Nations,2015,2015-01-21,Gabon,Congo,0,1,0.4315069573564024,0.354273543885631,0.2142194987579666,0.48551295791345805,0.2970143353922894,0.21747270669375032,0.057259208493090505,home,home,False,1-0,0,0.051641691017640046,1-0,0,0.14382316988567345,1-0,0,0.1430232618640238,1-0,0,0.14222335384237383,1-0,0,0.14142344582072397,1-0,0,0.14062353779907455,1-0,0,0.1398236297774248,1-0,0,0.13902372175577515,1-0,0,0.1382238137341254,1-0,0,0.1374239057124761,1-0,0,0.13662399769082634,1-0,0,0.13582408966917714,1-0,0,0.13502418164752772,1-0,0,0.1342242736258782,1-0,0,0.1308915444811073,1-0,0,0.11957021205800566,1-0,0,0.10824887963490482,1-0,0,0.09692754721180341,1-0,0,0.08560621478870345,1-0,0,0.07428488236560393,1-0,0,0.06296354994250486,1-0,0,0.05164221751940601
African Cup of Nations,2015,2015-01-21,Equatorial Guinea,Burkina Faso,0,0,0.16842296900755233,0.28640350054350494,0.5451735304489427,0.24920078128763248,0.2990132289855006,0.4517859897263895,0.09338754072231449,away,away,False,0-1,0,0.013289074677509727,0-1,0,0.011013867683323797,0-1,0,0.01112770012171016,0-1,0,0.011241532560096523,0-1,0,0.011355364998482775,0-1,0,0.011469197436869139,0-1,0,0.011583029875255502,0-1,0,0.011696862313641865,0-1,0,0.011810694752028228,0-1,0,0.011924527190414258,0-1,0,0.012038359628800621,0-1,0,0.012152192067186873,0-1,0,0.012266024505573347,0-1,0,0.0123798569439596,0-1,0,0.01249368938234574,0-1,0,0.012607521820732104,0-1,0,0.012721354259118245,0-1,0,0.012835186697504719,0-1,0,0.012949019135890971,0-1,0,0.013062851574277112,0-1,0,0.013176684012663253,0-1,0,0.013290516451049506
African Cup of Nations,2015,2015-01-20,Mali,Cameroon,1,1,0.22214704250956074,0.3024771149760572,0.47537584251438203,0.2291622386223383,0.29538006139529227,0.4754576999828366,0.007097053580998547,away,away,False,0-1,0,0.023057919864768572,0-1,0,0.02306326369782996,0-1,0,0.023063065162778784,0-1,0,0.02306286662772772,0-1,0,0.02306266809267654,0-1,0,0.023062469557625587,0-1,0,0.02306227102257441,0-1,0,0.023062072487523122,0-1,0,0.023061873952472278,0-1,0,0.02306167541742088,0-1,0,0.023061476882369814,0-1,0,0.023061278347318748,0-1,0,0.023061079812267793,0-1,0,0.023060881277216394,0-1,0,0.023060682742165328,0-1,0,0.02306048420711415,0-1,0,0.023060285672063086,0-1,0,0.02306008713701191,0-1,0,0.023059888601960732,0-1,0,0.023059690066909777,0-1,0,0.02305949153185871,0-1,0,0.023059292996807423
African Cup of Nations,2015,2015-01-20,Ivory Coast,Guinea,1,1,0.5715301271366049,0.22078052343186608,0.20768934943152909,0.6857344360252946,0.21338916036157032,0.1008764036135921,0.11420430888846123,home,home,False,2-1,0,0.014152349094780914,2-1,0,0.017002487653812848,2-1,0,0.016860905340757237,2-1,0,0.016719323027701627,2-1,0,0.016577740714645905,2-1,0,0.016436158401590184,2-1,0,0.016294576088534685,2-1,0,0.016152993775478963,2-1,0,0.016011411462423464,2-1,0,0.015869829149367742,2-1,0,0.01572824683631202,2-1,0,0.015586664523256522,2-1,0,0.015445082210200689,2-1,0,0.015303499897145079,2-1,0,0.015161917584089357,2-1,0,0.015020335271033747,2-1,0,0.014878752957977914,2-1,0,0.014737170644922193,2-1,0,0.014595588331866693,2-1,0,0.014454006018810861,2-1,0,0.01431242370575525,2-1,0,0.014170841392699307
African Cup of Nations,2015,2015-01-19,Algeria,South Africa,3,1,0.28451939855658914,0.3623642105784288,0.3531163908649821,0.544670381937197,0.2823021542351722,0.17302746382715004,0.26015098338084824,draw,home,True,0-0,0,0.0859642568145752,1-0,1,0.23886195981583191,1-0,1,0.23315757641266632,1-0,1,0.2274531930095015,1-0,1,0.22174880960633692,1-0,1,0.21604442620317132,1-0,1,0.21034004280000673,1-0,1,0.20463565939684236,1-0,1,0.19893127599367832,1-0,1,0.1932268925905144,1-0,1,0.17747400624954013,1-0,1,0.1429483869660071,1-0,1,0.10842276768247627,1-0,1,0.07389714839894712,1-0,1,0.03937152911541919,1-0,1,0.004845909831893147,0-0,0,0.029679709451630898,0-0,0,0.06420532873515372,0-0,0,0.0987309480186751,0-0,0,0.10387123207799698,0-0,0,0.0949179605977094,0-0,0,0.08596468911742139
African Cup of Nations,2015,2015-01-19,Ghana,Senegal,1,2,0.3835390479264088,0.32274184823626045,0.2937191038373308,0.3574473196122686,0.3084271878531974,0.33412549253502244,0.04040638869744745,home,home,False,1-0,0,0.053752096041232766,1-0,0,0.01877576835479766,1-0,0,0.024707330453344722,1-0,0,0.030638892551893337,1-0,0,0.036570454650442286,1-0,0,0.03980660359893595,1-0,0,0.04071914977169211,1-0,0,0.04163169594444782,1-0,0,0.04254424211720387,1-0,0,0.043456788289960246,1-0,0,0.04436933446271629,1-0,0,0.045281880635472116,1-0,0,0.04619442680822894,1-0,0,0.04710697298098465,1-0,0,0.04801951915374114,1-0,0,0.04893206532649752,1-0,0,0.049844611499254565,1-0,0,0.05075715767201083,1-0,0,0.05166970384476721,1-0,0,0.05258225001752359,1-0,0,0.05349479619028019,1-0,0,0.05375324879513954
African Cup of Nations,2015,2015-01-18,Tunisia,Cape Verde,1,1,0.4170618819008149,0.3165818167638013,0.2663563013353838,0.4738947061086749,0.3012180141112128,0.22488727978057838,0.056832824207626975,home,home,False,1-0,0,0.04313629866894475,1-0,0,0.04901594544857579,1-0,0,0.048722028405914,1-0,0,0.0484281113632522,1-0,0,0.04813419432059052,1-0,0,0.04784027727792872,1-0,0,0.04754636023526704,1-0,0,0.04725244319260535,1-0,0,0.046958526149943225,1-0,0,0.04666460910728154,1-0,0,0.046370692064619745,1-0,0,0.04607677502195784,1-0,0,0.04578285797929604,1-0,0,0.04548894093663414,1-0,0,0.04519502389397223,1-0,0,0.044901106851310435,1-0,0,0.04460718980864842,1-0,0,0.0443132727659864,1-0,0,0.04401935572332438,1-0,0,0.0437254386806627,1-0,0,0.04343152163800057,1-0,0,0.04313760459533866
African Cup of Nations,2015,2015-01-18,Zambia,DR Congo,1,1,0.3754218110434661,0.34668914665079736,0.2778890423057366,0.37737904094753144,0.32010685473356437,0.3025141043194065,0.026582291917484124,home,home,False,0-0,1,0.011716163386278122,1-0,0,0.04643824994992607,1-0,0,0.04353052386787759,1-0,0,0.040622797785829,1-0,0,0.03771507170378041,1-0,0,0.03480734562173171,1-0,0,0.03189961953968257,1-0,0,0.028991893457633422,1-0,0,0.02608416737558439,1-0,0,0.02317644129353469,1-0,0,0.020268715211484767,1-0,0,0.017360989129435178,1-0,0,0.014453263047385256,1-0,0,0.011545536965335002,1-0,0,0.008637810883285302,1-0,0,0.005730084801234603,1-0,0,0.002822358719184348,0-0,1,8.536736286623992e-05,0-0,1,0.002993093444917383,0-0,1,0.00590081952696786,0-0,1,0.00880854560901878,0-0,1,0.011716271691070146
African Cup of Nations,2015,2015-01-17,Burkina Faso,Gabon,0,2,0.3304353892779514,0.3648961687403669,0.3046684419816817,0.3353637178214075,0.32389404759562207,0.34074223458248765,0.04100212114450344,draw,away,True,0-0,0,0.1295243054895182,0-0,0,0.014210137101828169,0-0,0,0.02216897912113802,0-0,0,0.03012782114044732,0-0,0,0.03808666315975684,0-0,0,0.04604550517906525,0-0,0,0.05400434719837344,0-0,0,0.0614951629771896,0-0,0,0.06635442717155104,0-0,0,0.07121369136591171,0-0,0,0.07607295556027283,0-0,0,0.08093221975463372,0-0,0,0.0857914839489945,0-0,0,0.09065074814335439,0-0,0,0.09551001233771439,0-0,0,0.10036927653207428,0-0,0,0.1052285407264334,0-0,0,0.11008780492079273,0-0,0,0.11494706911515151,0-0,0,0.11980633330951096,0-0,0,0.1246655975038693,0-0,0,0.1295248616982274
African Cup of Nations,2015,2015-01-17,Equatorial Guinea,Congo,1,1,0.27945193929476536,0.3313525975648826,0.3891954631403521,0.3938205922691463,0.3093330860404135,0.29684632168996544,0.11436865297461835,away,home,True,0-1,0,0.0441500083048183,1-0,0,0.11068996398666153,1-0,0,0.10908270139965259,1-0,0,0.10313636598439124,1-0,0,0.09027682418200211,1-0,0,0.07741728237961365,1-0,0,0.06455774057722652,1-0,0,0.0516981987748395,1-0,0,0.038838656972453145,1-0,0,0.025979115170067346,1-0,0,0.013119573367682325,1-0,0,0.0002600315652974139,0-0,1,0.010611657522445195,0-0,1,0.00452694793831987,0-1,0,0.0015577616458044563,0-1,0,0.0076424712299298925,0-1,0,0.013727180814053552,0-1,0,0.0198118903981781,0-1,0,0.02589659998230187,0-1,0,0.031981309566424865,0-1,0,0.03806601915054786,0-1,0,0.04415072873467063
African Cup of Nations,2017,2017-02-05,Egypt,Cameroon,1,2,0.37408537848416296,0.3533321117105456,0.27258250980529136,0.3386321756698494,0.3603266591129778,0.30104116521767776,0.03545320281456607,home,draw,True,0-0,0,0.03581925027496258,0-0,0,0.05825049247559455,0-0,0,0.058193955466672165,0-0,0,0.05813741845774967,0-0,0,0.05808088144882728,0-0,0,0.058024344439904896,0-0,0,0.0579678074309824,0-0,0,0.05791127042206001,0-0,0,0.05785473341313774,0-0,0,0.05779819640421535,0-0,0,0.057741659395292966,0-0,0,0.05768512238637047,0-0,0,0.05762858537744808,0-0,0,0.057572048368525586,0-0,0,0.05751551135960309,0-0,0,0.0574589743506807,0-0,0,0.055171387339842504,0-0,0,0.05130105364109505,0-0,0,0.04743071994234649,0-0,0,0.0435603862435987,0-0,0,0.03969005254485025,0-0,0,0.03581971884610191
African Cup of Nations,2017,2017-02-04,Burkina Faso,Ghana,1,0,0.17915127810764614,0.33159169065638106,0.48925703123597275,0.3078541274661239,0.315438626081424,0.37670724645196346,0.12870284935872206,away,away,False,0-1,0,0.05228469417658843,0-1,0,0.009367017726607973,0-1,0,0.0174705794867408,0-1,0,0.02557414124687407,0-1,0,0.03367770300700612,0-1,0,0.04178126476713828,0-1,0,0.04326564067428196,0-1,0,0.04386704889759019,0-1,0,0.04446845712089842,0-1,0,0.04506986534420676,0-1,0,0.04567127356751488,0-1,0,0.046272681790823,0-1,0,0.04687409001413112,0-1,0,0.04747549823743935,0-1,0,0.04807690646074725,0-1,0,0.04867831468405548,0-1,0,0.04927972290736349,0-1,0,0.049881131130671275,0-1,0,0.050482539353979394,0-1,0,0.05108394757728729,0-1,0,0.0516853558005953,0-1,0,0.05228676402390309
African Cup of Nations,2017,2017-02-02,Cameroon,Ghana,2,0,0.2851466930213885,0.3651422978895611,0.34971100908905045,0.2578316129522135,0.35268013459806274,0.3894882524492287,0.03977724336042579,draw,away,True,0-0,0,0.09073381454667706,0-0,0,0.0015382248356806683,0-0,0,0.006502347181459478,0-0,0,0.01146646952723862,0-0,0,0.016430591873016875,0-0,0,0.02139471421879524,0-0,0,0.026358836564573163,0-0,0,0.03132295891035075,0-0,0,0.03628708125612767,0-0,0,0.04125120360190504,0-0,0,0.046215325947682184,0-0,0,0.051179448293458774,0-0,0,0.05614357063923503,0-0,0,0.0611076929850114,0-0,0,0.06607181533078721,0-0,0,0.07103593767656369,0-0,0,0.07600006002233906,0-0,0,0.0809641823681142,0-0,0,0.08592830471388879,0-0,0,0.09042486198557698,0-0,0,0.09057969868934512,0-0,0,0.09073453539311327
African Cup of Nations,2017,2017-02-01,Burkina Faso,Egypt,1,1,0.16715356451026625,0.31383204018455846,0.5190143953051752,0.2489726347519311,0.34095598113708164,0.41007138411050215,0.10894301119443056,away,away,False,0-1,0,0.022536808765711847,0-1,0,0.007527507129676092,0-1,0,0.018044064769145995,0-1,0,0.018280609542257076,0-1,0,0.018517154315367823,0-1,0,0.01875369908847868,0-1,0,0.01899024386158954,0-1,0,0.019226788634700287,0-1,0,0.019463333407811256,0-1,0,0.019699878180922004,0-1,0,0.01993642295403275,0-1,0,0.02017296772714361,0-1,0,0.020409512500254356,0-1,0,0.020646057273365326,0-1,0,0.020882602046476073,0-1,0,0.02111914681958671,0-1,0,0.021355691592697457,0-1,0,0.021592236365808315,0-1,0,0.02182878113891873,0-1,0,0.0220653259120297,0-1,0,0.022301870685140335,0-1,0,0.02253841545825097
African Cup of Nations,2017,2017-01-29,Egypt,Morocco,1,0,0.4447649359418536,0.3358007295637222,0.21943433449442423,0.3242469144439698,0.3646111628049095,0.3111419227506271,0.12051802149763699,home,draw,True,1-0,3,0.0419784785604127,0-0,0,0.04485153988828161,0-0,0,0.04467433847105362,0-0,0,0.04449713705382563,0-0,0,0.04431993563659753,0-0,0,0.04414273421936943,0-0,0,0.04396553280214155,0-0,0,0.04378833138491356,0-0,0,0.04361112996768557,0-0,0,0.04343392855045758,0-0,0,0.0432567271332297,0-0,0,0.030113776243967494,0-0,0,0.016929314838750376,0-0,0,0.0037448534335335903,1-0,3,0.009439607971681974,1-0,3,0.022624069376897316,1-0,3,0.03580853078211177,1-0,3,0.03970473565314758,1-0,3,0.04027349914827605,1-0,3,0.040842262643404625,1-0,3,0.04141102613853309,1-0,3,0.04197978963366156
African Cup of Nations,2017,2017-01-29,DR Congo,Ghana,1,2,0.2234181830076687,0.30356454906919245,0.47301726792313886,0.2579707992063975,0.3257338012693714,0.4162953995247325,0.05672186839865706,away,away,False,0-2,2,0.012953172557801373,0-2,2,0.011401022222938595,0-2,2,0.011478693905459858,0-2,2,0.011556365587981232,0-2,2,0.011634037270502495,0-2,2,0.01171170895302387,0-2,2,0.011789380635545244,0-2,2,0.011867052318066396,0-2,2,0.01194472400058777,0-2,2,0.012022395683109144,0-2,2,0.012100067365630296,0-2,2,0.012177739048151781,0-2,2,0.012255410730673155,0-2,2,0.012333082413194418,0-2,2,0.012410754095715681,0-2,2,0.012488425778237167,0-2,2,0.01256609746075843,0-2,2,0.012643769143279693,0-2,2,0.012721440825801178,0-2,2,0.012799112508322441,0-2,2,0.012876784190843926,0-2,2,0.012954455873365411
African Cup of Nations,2017,2017-01-28,Senegal,Cameroon,0,0,0.30657162351910433,0.3628311629877218,0.33059721349317384,0.475849974947634,0.31574127462120444,0.20840875043066995,0.16927835142877545,draw,home,True,0-0,3,0.0787941175932464,1-0,0,0.12836093743579946,1-0,0,0.12607778843706596,1-0,0,0.12379463943833224,1-0,0,0.12151149043959897,1-0,0,0.11922834144086569,1-0,0,0.11694519244213253,1-0,0,0.11466204344339948,1-0,0,0.10371174771663905,1-0,0,0.08311015419835777,1-0,0,0.06250856068007671,1-0,0,0.04190696716179765,1-0,0,0.021305373643519032,1-0,0,0.0007037801252413045,0-0,3,0.019897813393035202,0-0,3,0.040499406911310265,0-0,3,0.06110100042958522,0-0,3,0.07674949579106483,0-0,3,0.07726081304508292,0-0,3,0.0777721302991008,0-0,3,0.07828344755311867,0-0,3,0.07879476480713665
African Cup of Nations,2017,2017-01-28,Burkina Faso,Tunisia,2,0,0.250613328242731,0.345985400183968,0.4034012715733009,0.23064467824994,0.3095842215277777,0.4597711002227569,0.05636982864921866,away,away,False,0-1,0,0.022913589220271757,0-1,0,0.06184030803659424,0-1,0,0.0614612142260057,0-1,0,0.06108212041541705,0-1,0,0.060703026604828514,0-1,0,0.060323932794239865,0-1,0,0.059944838983651105,0-1,0,0.059565745173062457,0-1,0,0.05918665136247392,0-1,0,0.05880755755188494,0-1,0,0.0584284637412964,0-1,0,0.05804936993070742,0-1,0,0.05767027612011888,0-1,0,0.05729118230953001,0-1,0,0.05691208849894136,0-1,0,0.0565329946883526,0-1,0,0.05615390087776362,0-1,0,0.05577480706717475,0-1,0,0.048541867074694545,0-1,0,0.039999253112517286,0-1,0,0.031456639150339694,0-1,0,0.022914025188161546
African Cup of Nations,2017,2017-01-25,Egypt,Ghana,1,0,0.345975706948752,0.34447110038194617,0.3095531926693018,0.2870180114090409,0.5181410202707695,0.19484096831973574,0.17366991988905026,home,draw,True,0-0,0,0.019807263632838912,0-0,0,0.02979386195322331,0-0,0,0.029294548309237167,0-0,0,0.028795234665251135,0-0,0,0.02829592102126499,0-0,0,0.027796607377278848,0-0,0,0.027297293733292927,0-0,0,0.026797980089307005,0-0,0,0.026298666445320862,0-0,0,0.02579935280133483,0-0,0,0.025300039157348908,0-0,0,0.024800725513363098,0-0,0,0.024301411869377176,0-0,0,0.023802098225391144,0-0,0,0.023302784581405334,0-0,0,0.022803470937419412,0-0,0,0.022304157293433713,0-0,0,0.021804843649447903,0-0,0,0.021305530005462092,0-0,0,0.020806216361476282,0-0,0,0.020306902717490583,0-0,0,0.019807589073504994
African Cup of Nations,2017,2017-01-25,Uganda,Mali,1,1,0.23055813512268425,0.41105494142993365,0.3583869234473821,0.12679231678039746,0.2631516317093057,0.6100560515098047,0.25166912806266867,draw,away,True,0-0,1,0.21231624274191108,0-1,0,0.2943420321378084,0-1,0,0.2882707209527955,0-1,0,0.2821994097677819,0-1,0,0.2761280985827692,0-1,0,0.27005678739775674,0-1,0,0.26398547621274593,0-1,0,0.2579141650277331,0-1,0,0.25184285384272154,0-1,0,0.24577154265771028,0-1,0,0.23970023147270014,0-1,0,0.21646690494567133,0-1,0,0.17358854752657182,0-1,0,0.1307101901074741,0-1,0,0.08783183268837891,0-1,0,0.044953475269285836,0-1,0,0.002075117850194763,0-0,1,0.040803239568894534,0-0,1,0.08368159698798128,0-0,1,0.12655995440706613,0-0,1,0.16943831182614888,0-0,1,0.2123166692452294
African Cup of Nations,2017,2017-01-24,Morocco,Ivory Coast,1,0,0.1891769856400536,0.3179150947212797,0.49290791963866665,0.2791807161811402,0.3092949010933122,0.4115243827250507,0.09000373054133502,away,away,False,0-1,0,0.017875292973648982,0-1,0,0.014924847663285057,0-1,0,0.015072425418300228,0-1,0,0.015220003173315622,0-1,0,0.015367580928330682,0-1,0,0.015515158683345853,0-1,0,0.01566273643836147,0-1,0,0.015810314193376307,0-1,0,0.01595789194839181,0-1,0,0.01610546970340665,0-1,0,0.016253047458422043,0-1,0,0.016400625213437214,0-1,0,0.016548202968452275,0-1,0,0.016695780723467446,0-1,0,0.016843358478482617,0-1,0,0.01699093623349779,0-1,0,0.01713851398851296,0-1,0,0.01728609174352802,0-1,0,0.01743366949854319,0-1,0,0.017581247253558252,0-1,0,0.017728825008573423,0-1,0,0.017876402763588595
African Cup of Nations,2017,2017-01-24,Togo,DR Congo,1,3,0.20161075377523816,0.28744782639532906,0.5109414198294328,0.24215237078652338,0.28108382964888706,0.47676379956508597,0.04054161701103701,away,away,False,0-2,1,0.01473304346074611,0-2,1,0.013749990906078646,0-2,1,0.013799275475110284,0-2,1,0.013848560044141922,0-2,1,0.013897844613173671,0-2,1,0.013947129182205309,0-2,1,0.013996413751236947,0-2,1,0.014045698320268696,0-2,1,0.014094982889300445,0-2,1,0.014144267458332194,0-2,1,0.014193552027363943,0-2,1,0.01424283659639558,0-2,1,0.014292121165427218,0-2,1,0.014341405734458745,0-2,1,0.014390690303490716,0-2,1,0.014439974872522354,0-2,1,0.014489259441554214,0-2,1,0.014538544010585741,0-2,1,0.01458782857961749,0-2,1,0.014637113148649239,0-2,1,0.014686397717680988,0-2,1,0.014735682286712515
African Cup of Nations,2017,2017-01-23,Senegal,Algeria,2,2,0.37052766397399695,0.3207671440584518,0.3087051919675513,0.2719100348895131,0.2869182844375269,0.4411716806724819,0.13246648870516967,home,away,True,1-1,1,0.017646099558498496,0-1,0,0.005545393883393368,0-1,0,0.005462140709130314,0-1,0,0.005378887534867149,0-1,0,0.005295634360604096,0-1,0,0.005212381186341042,0-1,0,0.005129128012077877,0-1,0,0.005045874837814601,0-1,0,0.004962621663551325,0-1,0,0.004879368489288272,0-1,0,0.004796115315025107,0-1,0,0.004712862140761942,0-1,0,0.004629608966498777,0-1,0,0.004546355792235723,1-1,1,0.007527157676865848,1-1,1,0.021742720784243552,1-1,1,0.035958283891620146,1-1,1,0.03655174625507296,1-1,1,0.031825517932723035,1-1,1,0.027099289610373,1-1,1,0.02237306128802352,1-1,1,0.017646832965674042
African Cup of Nations,2017,2017-01-23,Zimbabwe,Tunisia,2,4,0.2317896768357056,0.34951130444377987,0.4186990187205146,0.14386901317904835,0.24597261761653516,0.6101583692048838,0.19145935048413554,away,away,False,0-1,1,0.0371370194884908,0-1,1,0.09573373444861133,0-1,1,0.09423173762761938,0-1,1,0.09272974080662733,0-1,1,0.09122774398563505,0-1,1,0.08972574716464354,0-1,1,0.08822375034365115,0-1,1,0.08672175352265865,0-1,1,0.08521975670166637,0-1,1,0.08371775988067365,0-1,1,0.08221576305968137,0-1,1,0.08071376623868876,0-1,1,0.07921176941769592,0-1,1,0.07770977259670331,0-1,1,0.07620777577571058,0-1,1,0.07470577895471775,0-1,1,0.0732037821337248,0-1,1,0.07170178531273164,0-1,1,0.07019978849173869,0-1,1,0.06869779167074541,0-1,1,0.06460934116830575,0-1,1,0.0371376944564904
African Cup of Nations,2017,2017-01-22,Guinea-Bissau,Burkina Faso,0,2,0.17999149365550152,0.33536766541786384,0.48464084092663456,0.21422648103457062,0.281301209476563,0.504472309489327,0.05406645594153117,away,away,False,0-1,1,0.059645482654951176,0-1,1,0.06208833803397518,0-1,1,0.06196629933128972,0-1,1,0.061844260628604375,0-1,1,0.06172222192591903,0-1,1,0.06160018322323346,0-1,1,0.061478144520547895,0-1,1,0.06135610581786244,0-1,1,0.06123406711517698,0-1,1,0.061112028412491415,0-1,1,0.06098998970980607,0-1,1,0.0608679510071205,0-1,1,0.060745912304434935,0-1,1,0.06062387360174937,0-1,1,0.06050183489906391,0-1,1,0.060379796196378344,0-1,1,0.060257757493692776,0-1,1,0.06013571879100765,0-1,1,0.06001368008832175,0-1,1,0.05989164138563641,0-1,1,0.05976960268295073,0-1,1,0.05964756398026516
African Cup of Nations,2017,2017-01-22,Cameroon,Gabon,0,0,0.44288166802282564,0.36825007970668255,0.18886825227049187,0.31828366137953684,0.31517535794593093,0.36654098067502683,0.1776727284042877,home,away,True,1-0,0,0.02828943806327533,0-1,0,0.07939087813569157,0-1,0,0.054942931690489916,0-1,0,0.030494985245287043,0-1,0,0.006047038800082283,0-0,3,0.01840090764512259,0-0,3,0.04284885409032935,0-0,3,0.05468177332990498,0-0,3,0.04875523508832269,0-0,3,0.042828696846739955,0-0,3,0.03690215860515689,0-0,3,0.030975620363573486,0-0,3,0.025049082121990085,0-0,3,0.019122543880407017,0-0,3,0.013196005638822395,0-0,3,0.007269467397238327,0-0,3,0.0013429291556533718,1-0,0,0.004583609085931806,1-0,0,0.010510147327516872,1-0,0,0.01643668556910205,1-0,0,0.022363223810688115,1-0,0,0.028289762052274292
African Cup of Nations,2017,2017-01-21,Egypt,Uganda,1,0,0.4830552891253738,0.37194289085025817,0.14500182002436804,0.5769223372384753,0.2793978018919369,0.1436798608690999,0.09386704811334544,home,home,False,1-0,3,0.07428611888448389,1-0,3,0.18763790337312092,1-0,3,0.18611144002034763,1-0,3,0.18458497666757512,1-0,3,0.18305851331480028,1-0,3,0.18153204996202899,1-0,3,0.18000558660925492,1-0,3,0.17847912325648108,1-0,3,0.17695265990370834,1-0,3,0.17542619655093628,1-0,3,0.17389973319816276,1-0,3,0.17237326984539003,1-0,3,0.1708468064926173,1-0,3,0.16932034313984434,1-0,3,0.16779387978707216,1-0,3,0.16626741643429976,1-0,3,0.16474095308152736,1-0,3,0.15345937358555084,1-0,3,0.1336662779184622,1-0,3,0.11387318225137422,1-0,3,0.09408008658428735,1-0,3,0.07428699091720115
African Cup of Nations,2017,2017-01-21,Ghana,Mali,1,0,0.45468457768952625,0.3258247772834602,0.21949064502701357,0.4295249121291571,0.31768651429838135,0.25278857357293977,0.0332979285456871,home,home,False,1-0,3,0.021539886908977124,1-0,3,0.020348899823864675,1-0,3,0.020408497241806822,1-0,3,0.02046809465974908,1-0,3,0.020527692077691007,1-0,3,0.020587289495633154,1-0,3,0.020646886913575302,1-0,3,0.02070648433151756,1-0,3,0.020766081749459486,1-0,3,0.020825679167401745,1-0,3,0.02088527658534378,1-0,3,0.02094487400328593,1-0,3,0.021004471421228077,1-0,3,0.021064068839170336,1-0,3,0.021123666257112372,1-0,3,0.02118326367505441,1-0,3,0.021242861092996557,1-0,3,0.021302458510938704,1-0,3,0.02136205592888074,1-0,3,0.02142165334682289,1-0,3,0.021481250764765147,1-0,3,0.021540848182707406
African Cup of Nations,2017,2017-01-20,Morocco,Togo,3,1,0.49336998924504294,0.3227930436570694,0.18383696709788772,0.49477421353075096,0.3107882666910061,0.19443751977871276,0.012004776966298175,home,home,False,1-0,1,0.03103081877180147,1-0,1,0.031120783242757688,1-0,1,0.031116367030431413,1-0,1,0.031111950818104805,1-0,1,0.03110753460577853,1-0,1,0.031103118393451923,1-0,1,0.031098702181125315,1-0,1,0.03109428596879904,1-0,1,0.031089869756472432,1-0,1,0.031085453544145936,1-0,1,0.03108103733181944,1-0,1,0.03107662111949283,1-0,1,0.031072204907166667,1-0,1,0.03106778869483995,1-0,1,0.031063372482513563,1-0,1,0.031058956270187066,1-0,1,0.031054540057860458,1-0,1,0.03105012384553396,1-0,1,0.031045707633207464,1-0,1,0.03104129142088108,1-0,1,0.031036875208554582,1-0,1,0.031032458996227863
African Cup of Nations,2017,2017-01-20,Ivory Coast,DR Congo,2,2,0.5564840017259387,0.2680519292586552,0.17546406901540615,0.5537435566016098,0.28980458130493386,0.15645186209298342,0.021752652046515164,home,home,False,2-0,0,0.01824536872049176,2-0,0,0.018161667516981672,2-0,0,0.018166161569562522,2-0,0,0.01817065562214304,2-0,0,0.01817514967472389,2-0,0,0.018179643727304517,2-0,0,0.018184137779885368,2-0,0,0.018188631832465996,2-0,0,0.018193125885046735,2-0,0,0.018197619937627363,2-0,0,0.018202113990208213,2-0,0,0.01820660804278873,2-0,0,0.01821110209536947,2-0,0,0.018215596147950208,2-0,0,0.018220090200530947,2-0,0,0.018224584253111686,2-0,0,0.018229078305692314,2-0,0,0.018233572358272943,2-0,0,0.01823806641085368,2-0,0,0.01824256046343442,2-0,0,0.01824705451601505,2-0,0,0.018251548568595677
African Cup of Nations,2017,2017-01-19,Senegal,Zimbabwe,2,0,0.4564658839183269,0.3455358893211988,0.19799822676047435,0.6491556646353318,0.23063900519518477,0.12020533016997877,0.19268978071675727,home,home,False,1-0,1,0.07067619668223202,1-0,1,0.10051341562441074,1-0,1,0.09902163876171999,1-0,1,0.09752986189902901,1-0,1,0.09603808503633848,1-0,1,0.09454630817364773,1-0,1,0.09305453131095565,1-0,1,0.0915627544482649,1-0,1,0.09007097758557392,1-0,1,0.08857920072288239,1-0,1,0.08708742386019097,1-0,1,0.08559564699749955,1-0,1,0.08410387013480791,1-0,1,0.0826120932721165,1-0,1,0.08112031640942474,1-0,1,0.07962853954673299,1-0,1,0.07813676268404124,1-0,1,0.07664498582134927,1-0,1,0.07515320895865718,1-0,1,0.07366143209596532,1-0,1,0.07216965523327301,1-0,1,0.07067787837058093
African Cup of Nations,2017,2017-01-19,Algeria,Tunisia,1,2,0.3571589702998612,0.3148551790437933,0.32798585065634545,0.4138264359298398,0.30788368391281684,0.2782898801568556,0.05666746563022246,home,home,False,1-1,0,0.027889874230873857,2-1,0,0.008640567269950772,2-1,0,0.008581407317096001,2-1,0,0.008522247364241009,2-1,0,0.008463087411385906,2-1,0,0.008403927458531024,2-1,0,0.008344767505676032,2-1,0,0.00828560755282104,2-1,0,0.008226447599965936,2-1,0,0.008167287647110943,2-1,0,0.008108127694255951,2-1,0,0.008048967741400959,2-1,0,0.007989807788546077,2-1,0,0.007930647835691085,2-1,0,0.007871487882836203,2-1,0,0.0038696810452221175,1-1,0,0.00142381577432249,1-1,0,0.0067173125938674305,1-1,0,0.012010809413411039,1-1,0,0.017304306232955424,1-1,0,0.022597803052499033,1-1,0,0.027891299872042086
African Cup of Nations,2017,2017-01-18,Cameroon,Guinea-Bissau,2,1,0.6242176861525117,0.27393316583595195,0.10184914801153626,0.6155499067695782,0.2662053385684297,0.11824475466245253,0.016395606650686012,home,home,False,1-0,1,0.0018653635730214724,1-0,1,0.0018398113896826995,1-0,1,0.0018411067419410454,1-0,1,0.0018424020941989472,1-0,1,0.001843697446456849,1-0,1,0.0018449927987149728,1-0,1,0.0018462881509728746,1-0,1,0.0018475835032312204,1-0,1,0.001848878855488456,1-0,1,0.001850174207746802,1-0,1,0.0018514695600049258,1-0,1,0.0018527649122628276,1-0,1,0.0018540602645207294,1-0,1,0.0018553556167788532,1-0,1,0.001856650969036755,1-0,1,0.0018579463212946568,1-0,1,0.0018592416735525585,1-0,1,0.0018605370258106824,1-0,1,0.001861832378068362,1-0,1,0.001863127730326486,1-0,1,0.0018644230825843877,1-0,1,0.0018657184348422895
African Cup of Nations,2017,2017-01-17,Mali,Egypt,0,0,0.2057921164383967,0.3103544411560525,0.4838534424055507,0.21544373962910734,0.31911805166900464,0.4654382087014192,0.018415233703897152,away,away,False,0-2,0,0.005270333532350069,0-2,0,0.005070149838847016,0-2,0,0.005080179955890496,0-2,0,0.005090210072934087,0-2,0,0.005100240189977567,0-2,0,0.005110270307021159,0-2,0,0.00512030042406475,0-2,0,0.005130330541108341,0-2,0,0.005140360658151932,0-2,0,0.0051503907751953015,0-2,0,0.005160420892238893,0-2,0,0.005170451009282373,0-2,0,0.005180481126326075,0-2,0,0.0051905112433695555,0-2,0,0.005200541360413036,0-2,0,0.005210571477456516,0-2,0,0.005220601594500218,0-2,0,0.0052306317115438095,0-2,0,0.00524066182858729,0-2,0,0.00525069194563077,0-2,0,0.005260722062674361,0-2,0,0.00527075217971773
African Cup of Nations,2017,2017-01-17,Ghana,Uganda,1,0,0.45498856248515807,0.39129634020980864,0.15371509730503327,0.5717248360580292,0.29096940476148286,0.13730575917998772,0.1167362735731212,home,home,False,0-0,0,0.014556137072786024,1-0,3,0.23021243032747596,1-0,3,0.22786216149606286,1-0,3,0.22551189266464855,1-0,3,0.22316162383323435,1-0,3,0.22081135500182092,1-0,3,0.21846108617040727,1-0,3,0.21611081733899296,1-0,3,0.21376054850758153,1-0,3,0.21141027967616843,1-0,3,0.209060010844755,1-0,3,0.2067097420133417,1-0,3,0.197019960919399,1-0,3,0.17351149528749243,1-0,3,0.15000302965558754,1-0,3,0.1264945640236831,1-0,3,0.10298609839178041,1-0,3,0.07947763275987874,1-0,3,0.0559691671279785,1-0,3,0.032460701496078714,1-0,3,0.008952235864180591,0-0,0,0.014556229767716089
African Cup of Nations,2017,2017-01-16,DR Congo,Morocco,1,0,0.3156746269051639,0.3282516527473271,0.3560737203475091,0.26557844196405894,0.33755063167294963,0.39687092636349697,0.050096184941357674,away,away,False,1-1,0,0.026383332780630764,0-1,0,0.014921712359924677,0-1,0,0.012417544638315459,0-1,0,0.009913376916706462,0-1,0,0.007409209195096911,0-1,0,0.004905041473487581,0-1,0,0.002400873751878252,1-1,0,0.00010329396973118854,1-1,0,0.002607461691340962,1-1,0,0.005111629412950847,1-1,0,0.00761579713456062,1-1,0,0.010119964856170838,1-1,0,0.012624132577781388,1-1,0,0.015128300299391384,1-1,0,0.017632468021001824,1-1,0,0.020136635742612485,1-1,0,0.02264080346422337,1-1,0,0.025144971185834475,1-1,0,0.026496254035917266,1-1,0,0.026458882471500078,1-1,0,0.02642151090708289,1-1,0,0.026384139342665702
African Cup of Nations,2017,2017-01-16,Ivory Coast,Togo,0,0,0.6912669134062683,0.22058479745498633,0.08814828913874541,0.6774812372718652,0.219070765626296,0.10344799710139138,0.015299707962869745,home,home,False,2-0,0,0.06942310812108143,2-0,0,0.06809628160950354,2-0,0,0.06816556421340247,2-0,0,0.06823484681729974,2-0,0,0.06830412942119768,2-0,0,0.06837341202509517,2-0,0,0.06844269462899422,2-0,0,0.06851197723289215,2-0,0,0.06858125983678987,2-0,0,0.0686505424406878,2-0,0,0.06871982504458618,2-0,0,0.06878910764848412,2-0,0,0.06885839025238205,2-0,0,0.06892767285628021,2-0,0,0.0689969554601777,2-0,0,0.0690662380640763,2-0,0,0.06913552066797424,2-0,0,0.06920480327187217,2-0,0,0.06927408587577011,2-0,0,0.06934336847966827,2-0,0,0.06941265108356598,2-0,0,0.06948193368746414
African Cup of Nations,2017,2017-01-15,Tunisia,Senegal,0,2,0.28834328211349225,0.3382033245390244,0.37345339334748345,0.21651760029783415,0.3115615562969591,0.4719208434046994,0.0984674500574697,away,away,False,0-0,0,0.0038146193790445926,0-1,1,0.04458927605517793,0-1,1,0.04412409292389419,0-1,1,0.043658909792610334,0-1,1,0.0431937266613267,0-1,1,0.04272854353004307,0-1,1,0.04226336039875933,0-1,1,0.04179817726747559,0-1,1,0.04133299413619218,0-1,1,0.04086781100490866,0-1,1,0.04040262787362492,0-1,1,0.03993744474234162,0-1,1,0.03947226161105788,0-1,1,0.03900707847977436,0-1,1,0.03854189534849117,0-1,1,0.038076712217207764,0-1,1,0.037611529085924356,0-1,1,0.037146345954640836,0-1,1,0.029063602202831107,0-1,1,0.01810416692128769,0-1,1,0.007144731639745161,0-0,0,0.003814703641797146
African Cup of Nations,2017,2017-01-15,Algeria,Zimbabwe,2,2,0.4490674530204598,0.32616556344439557,0.22476698353514457,0.6429309033052006,0.2337925999724239,0.12327649672189489,0.1938634502849811,home,home,False,1-0,0,0.02058678843383943,1-0,0,0.0294754328835114,1-0,0,0.029031045384943388,1-0,0,0.028586657886374933,1-0,0,0.028142270387806256,1-0,0,0.027697882889238024,1-0,0,0.02725349539066957,1-0,0,0.026809107892101336,1-0,0,0.02636472039353277,1-0,0,0.02592033289496476,1-0,0,0.025475945396396305,1-0,0,0.025031557897828294,1-0,0,0.02458717039926006,1-0,0,0.024142782900691717,1-0,0,0.023698395402123484,1-0,0,0.023254007903555474,1-0,0,0.02280962040498724,1-0,0,0.02236523290641923,1-0,0,0.02192084540785111,1-0,0,0.021476457909282987,1-0,0,0.021032070410715087,1-0,0,0.020587682912147076
African Cup of Nations,2017,2017-01-14,Burkina Faso,Cameroon,1,1,0.20215875432814945,0.35632422028356436,0.4415170253882862,0.24685499594587368,0.31976979139893935,0.4333752126546832,0.04469624161797611,away,away,False,0-1,0,0.054305735681487666,0-1,0,0.08855119369628406,0-1,0,0.08863437418461617,0-1,0,0.08871755467294828,0-1,0,0.08880073516128029,0-1,0,0.08888391564961229,0-1,0,0.08896709613794429,0-1,0,0.08905027662627651,0-1,0,0.08913345711460852,0-1,0,0.08921663760294052,0-1,0,0.08849579685833642,0-1,0,0.0853876895290343,0-1,0,0.08227958219973275,0-1,0,0.07917147487043097,0-1,0,0.07606336754113019,0-1,0,0.07295526021182885,0-1,0,0.06984715288252785,0-1,0,0.0667390455532273,0-1,0,0.06363093822392663,0-1,0,0.06052283089462607,0-1,0,0.05741472356532573,0-1,0,0.05430661623602562
African Cup of Nations,2017,2017-01-14,Gabon,Guinea-Bissau,1,1,0.4539420004525553,0.35732246005763596,0.18873553948980873,0.6922442390241536,0.21446318164541778,0.09329257933091999,0.2383022385713526,home,home,False,1-0,0,0.0693940521021974,1-0,0,0.15092730925296238,1-0,0,0.14832950390992217,1-0,0,0.14573169856688128,1-0,0,0.14313389322384062,1-0,0,0.14053608788079974,1-0,0,0.13793828253775886,1-0,0,0.13534047719471798,1-0,0,0.13274267185167732,1-0,0,0.1301448665086351,1-0,0,0.1275470611655939,1-0,0,0.12494925582255179,1-0,0,0.12235145047951079,1-0,0,0.11975364513646902,1-0,0,0.11715583979342648,1-0,0,0.11455803445038448,1-0,0,0.11196022910734227,1-0,0,0.10936242376429983,1-0,0,0.1067646184212575,1-0,0,0.10416681307821463,1-0,0,0.10156900773517208,1-0,0,0.06939519554285722
African Cup of Nations,2017,2017-01-18,Gabon,Burkina Faso,1,1,0.29154649035028224,0.39027674222239445,0.3181767674273232,0.46005641760207944,0.31591125582749,0.22403232656995176,0.16850992725203653,draw,home,True,0-0,1,0.17819983533105477,1-0,0,0.19991379182377456,1-0,0,0.19625256058908314,1-0,0,0.18486922667888983,1-0,0,0.1598741979183137,1-0,0,0.13487916915773868,1-0,0,0.1098841403971651,1-0,0,0.08488911163659196,1-0,0,0.05989408287602027,1-0,0,0.034899054115450245,1-0,0,0.00990402535488133,0-0,1,0.015091003405686698,0-0,1,0.040086032166253394,0-0,1,0.06508106092681898,0-0,1,0.09007608968738312,0-0,1,0.11507111844794682,0-0,1,0.1400661472085083,0-0,1,0.16506117596906922,0-0,1,0.17310708857294554,0-0,1,0.17480485282581726,0-0,1,0.17650261707868864,0-0,1,0.17820038133156013
African Cup of Nations,2019,2019-07-19,Senegal,Algeria,0,1,0.43931111152097213,0.31554179581077596,0.24514709266825183,0.34004352183340447,0.33293060760498,0.3270258705621236,0.09926758968782175,home,home,False,2-0,0,0.007458064914046658,1-1,0,0.04635908733196947,1-1,0,0.046238021646486716,1-1,0,0.046116955961003736,1-1,0,0.04599589027552087,1-1,0,0.045874824590038,1-1,0,0.04481678396061084,1-1,0,0.03513149042919528,1-1,0,0.025446196897779605,1-1,0,0.015760903366362933,1-1,0,0.006075609834946372,2-0,0,0.0036096836964711887,2-0,0,0.006700198750019926,2-0,0,0.006784466868692274,2-0,0,0.006868734987364955,2-0,0,0.006953003106037636,2-0,0,0.0070372712247102065,2-0,0,0.007121539343382888,2-0,0,0.007205807462055347,2-0,0,0.007290075580728139,2-0,0,0.007374343699400598,2-0,0,0.00745861181807328
African Cup of Nations,2019,2019-07-17,Tunisia,Nigeria,0,1,0.2805259805804479,0.3450715642751716,0.37440245514438053,0.2822979606448242,0.2942491820230923,0.423452857331572,0.050822382251823534,away,away,False,0-0,0,0.012311930374541147,0-1,3,0.037224928976226535,0-1,3,0.037009332634618586,0-1,3,0.03679373629301097,0-1,3,0.03657813995140291,0-1,3,0.03636254360979496,0-1,3,0.036146947268187235,0-1,3,0.0359313509265794,0-1,3,0.03571575458497167,0-1,3,0.03550015824336383,0-1,3,0.03528456190175644,0-1,3,0.0350689655601486,0-1,3,0.034853369218540764,0-1,3,0.034637772876932815,0-1,3,0.0344221765353252,0-1,3,0.03386644881723111,0-1,3,0.024808574991687093,0-1,3,0.01575070116614319,0-1,3,0.006692827340599616,0-0,0,0.0023650464849431785,0-0,0,0.01142292031048553,0-0,0,0.01231219153410057
African Cup of Nations,2019,2019-07-14,Algeria,Nigeria,2,1,0.28739220478105043,0.32677881991350066,0.38582897530544885,0.36770555902441154,0.32098475578543845,0.31130968519062285,0.08031335424312466,away,home,True,1-1,0,0.003898069952924632,1-1,0,0.00464691554233454,1-1,0,0.01189150393713323,1-1,0,0.01913609233193192,1-1,0,0.026380680726731165,1-1,0,0.033625269121530854,1-1,0,0.03716918460769947,1-1,0,0.037202580764057025,1-1,0,0.037235976920414804,1-1,0,0.03726937307677258,1-1,0,0.03730276923313014,1-1,0,0.03733616538948792,1-1,0,0.03736956154584559,1-1,0,0.037402957702203254,1-1,0,0.0374363538585607,1-1,0,0.036728105072153516,1-1,0,0.03125646005868088,1-1,0,0.02578481504520802,1-1,0,0.02031317003173483,1-1,0,0.014841525018261192,1-1,0,0.00936988000478789,1-1,0,0.0038982349913138092
African Cup of Nations,2019,2019-07-14,Senegal,Tunisia,1,0,0.425211578505982,0.33402710339765795,0.24076131809635998,0.5105962834482902,0.2995473666172301,0.18985634993396924,0.08538470494256341,home,home,False,1-0,3,0.015969590983041515,1-0,3,0.019177082130085843,1-0,3,0.019016737298717334,1-0,3,0.018856392467349048,1-0,3,0.01869604763598076,1-0,3,0.018535702804612364,1-0,3,0.018375357973244077,1-0,3,0.01821501314187568,1-0,3,0.018054668310507394,1-0,3,0.017894323479139107,1-0,3,0.01773397864777071,1-0,3,0.017573633816402423,1-0,3,0.017413288985034137,1-0,3,0.01725294415366585,1-0,3,0.017092599322297564,1-0,3,0.016932254490929166,1-0,3,0.01677190965956088,1-0,3,0.016611564828192704,1-0,3,0.01645121999682464,1-0,3,0.016290875165456242,1-0,3,0.016130530334087956,1-0,3,0.01597018550271978
African Cup of Nations,2019,2019-07-11,Madagascar,Tunisia,0,3,0.11666887227012362,0.2225609433251025,0.660770184404774,0.1764494071492054,0.2897996318152502,0.533750961036021,0.12701922336899119,away,away,False,0-2,1,0.02998212368732389,0-2,1,0.024249559818784183,0-2,1,0.02453809890162173,0-2,1,0.02482663798445972,0-2,1,0.02511517706729749,0-2,1,0.02540371615013548,0-2,1,0.025692255232973138,0-2,1,0.025980794315811018,0-2,1,0.026269333398648786,0-2,1,0.026557872481486666,0-2,1,0.026846411564324435,0-2,1,0.027134950647162426,0-2,1,0.027423489730000417,0-2,1,0.027712028812838296,0-2,1,0.028000567895676176,0-2,1,0.028289106978514278,0-2,1,0.02857764606135227,0-2,1,0.028866185144189926,0-2,1,0.02915472422702814,0-2,1,0.02944326330986602,0-2,1,0.02973180239270412,0-2,1,0.03002034147554189
African Cup of Nations,2019,2019-07-11,Ivory Coast,Algeria,1,1,0.45521687247689374,0.2903341835782478,0.25444894394485845,0.2574130381513306,0.3133699310792728,0.4292170307698856,0.19780383432580764,home,away,True,2-1,0,0.006050062263051492,1-2,0,0.03697833628633318,1-2,0,0.036225496507919175,1-2,0,0.03547265672950495,1-2,0,0.03471981695109072,1-2,0,0.033966977172676494,1-2,0,0.033214137394262266,1-2,0,0.03246129761584793,1-2,0,0.024371201326356062,1-2,0,0.011865585545300705,1-1,3,0.0006400302357550958,1-1,3,0.013145646016811563,1-1,3,0.004493502703800889,2-1,0,0.00499942875528725,2-1,0,0.005130898900667091,2-1,0,0.005262369046046933,2-1,0,0.005393839191426886,2-1,0,0.0055253093368068384,2-1,0,0.00565677948218668,2-1,0,0.005788249627566522,2-1,0,0.0059197197729464746,2-1,0,0.006051189918326316
African Cup of Nations,2019,2019-07-10,Nigeria,South Africa,2,1,0.3581047678999749,0.3781321678523483,0.2637630642476767,0.4496518033334821,0.32733650161991423,0.22301169504708718,0.0915470354332654,draw,home,True,0-0,0,0.12166364942672347,1-0,1,0.12217985087556038,1-0,1,0.12093608814021506,1-0,1,0.11969232540486974,1-0,1,0.11529146038869231,1-0,1,0.1013528785613379,1-0,1,0.08741429673398238,1-0,1,0.07347571490662708,1-0,1,0.059537133079270665,1-0,1,0.04559855125191381,1-0,1,0.03165996942455618,1-0,1,0.017721387597197436,1-0,1,0.003782805769838471,0-0,0,0.010155776057521604,0-0,0,0.02409435788488168,0-0,0,0.03803293971224253,0-0,0,0.051971521539604826,0-0,0,0.06591010336696745,0-0,0,0.07984868519433042,0-0,0,0.09378726702169438,0-0,0,0.10772584884905845,0-0,0,0.12166443067642341
African Cup of Nations,2019,2019-07-10,Senegal,Benin,1,0,0.6057664135697495,0.2739169652309089,0.12031662119934171,0.7068679234924211,0.2144273970578643,0.07870467945016305,0.10110150992244746,home,home,False,2-0,1,0.03745289379075145,2-0,1,0.04371469167365949,2-0,1,0.043402071650376906,2-0,1,0.043089451627094766,2-0,1,0.04277683160381218,2-0,1,0.0424642115805296,2-0,1,0.04215159155724657,2-0,1,0.04183897153396421,2-0,1,0.04152635151068207,2-0,1,0.04121373148739926,2-0,1,0.04090111146411646,2-0,1,0.040588491440834096,2-0,1,0.04027587141755129,2-0,1,0.039963251394268484,2-0,1,0.03965063137098568,2-0,1,0.039338011347703095,2-0,1,0.039025391324421066,2-0,1,0.038712771301137816,2-0,1,0.0384001512778549,2-0,1,0.03808753125457254,2-0,1,0.03777491123128951,2-0,1,0.037462291208006704
African Cup of Nations,2019,2019-07-08,Ghana,Tunisia,1,1,0.4117397259628564,0.3390871879245277,0.24917308611261585,0.39235981523419483,0.32509083052625387,0.2825493542390816,0.03337626812670058,home,home,False,1-0,0,0.024470775751431972,1-0,0,0.0233196741667947,1-0,0,0.02337726584489508,1-0,0,0.023434857522995456,1-0,0,0.023492449201095722,1-0,0,0.023550040879195988,1-0,0,0.023607632557296476,1-0,0,0.023665224235396742,1-0,0,0.02372281591349701,1-0,0,0.023780407591597497,1-0,0,0.023837999269697763,1-0,0,0.02389559094779814,1-0,0,0.023953182625898406,1-0,0,0.024010774303998783,1-0,0,0.02406836598209905,1-0,0,0.024125957660199315,1-0,0,0.024183549338299803,1-0,0,0.02424114101640007,1-0,0,0.024298732694500336,1-0,0,0.024356324372600602,1-0,0,0.02441391605070109,1-0,0,0.024471507728801245
African Cup of Nations,2019,2019-07-08,Mali,Ivory Coast,0,1,0.17811934309096583,0.2994990582761779,0.5223815986328564,0.30126732629608605,0.3309788413164566,0.3677538323879316,0.15462776624516186,away,away,False,0-2,1,0.02898532136772447,1-1,0,0.0219558924478096,1-1,0,0.02185147992283365,1-1,0,0.007744534731126795,0-2,1,0.007732638726346219,0-2,1,0.02212450489256068,0-2,1,0.022553554260807962,0-2,1,0.022982603629055465,0-2,1,0.02341165299730308,0-2,1,0.02384070236555036,0-2,1,0.024269751733797862,0-2,1,0.024698801102045476,0-2,1,0.02512785047029309,0-2,1,0.025556899838540592,0-2,1,0.025985949206788095,0-2,1,0.02641499857503582,0-2,1,0.026844047943283433,0-2,1,0.027273097311530936,0-2,1,0.027702146679778883,0-2,1,0.028131196048026386,0-2,1,0.028560245416274,0-2,1,0.028989294784521835
African Cup of Nations,2019,2019-07-07,Algeria,Guinea,3,0,0.46898287194489713,0.27651403193428586,0.2545030961208171,0.5970731503496103,0.2540724492472919,0.14885440040264283,0.1280902784049407,home,home,False,2-1,1,0.012231452438767332,2-1,1,0.015577049950564748,2-1,1,0.015409962495390284,2-1,1,0.015242875040216042,2-1,1,0.0150757875850418,2-1,1,0.014908700129867558,2-1,1,0.014741612674693316,2-1,1,0.014574525219519074,2-1,1,0.014407437764344833,2-1,1,0.014240350309170702,2-1,1,0.014073262853996571,2-1,1,0.013906175398822218,2-1,1,0.013739087943648087,2-1,1,0.013572000488473734,2-1,1,0.013404913033299604,2-1,1,0.013237825578125362,2-1,1,0.01307073812295112,2-1,1,0.0129036506677771,2-1,1,0.012736563212602858,2-1,1,0.012569475757428727,2-1,1,0.012402388302254597,2-1,1,0.012235300847080577
African Cup of Nations,2019,2019-07-07,Madagascar,DR Congo,2,2,0.13519710315915517,0.22316211839534045,0.6416407784455044,0.23352162293727866,0.30758389069215214,0.4588944863700785,0.1827462920751805,away,away,False,0-2,0,0.013542342620460612,0-2,0,0.009699618692877388,0-2,0,0.009892753433358603,0-2,0,0.010085888173839819,0-2,0,0.010279022914321034,0-2,0,0.010472157654802139,0-2,0,0.010665292395283243,0-2,0,0.010858427135764348,0-2,0,0.011051561876245453,0-2,0,0.011244696616726557,0-2,0,0.011437831357207773,0-2,0,0.011630966097688877,0-2,0,0.01182410083816976,0-2,0,0.012017235578650975,0-2,0,0.012210370319131969,0-2,0,0.012403505059613074,0-2,0,0.012596639800094067,0-2,0,0.012789774540575283,0-2,0,0.012982909281056276,0-2,0,0.013176044021537159,0-2,0,0.013369178762018263,0-2,0,0.013562313502499257
African Cup of Nations,2019,2019-07-06,Egypt,South Africa,0,1,0.40097692807879637,0.3578694941101862,0.24115357781101737,0.6240950865498386,0.24851836371739483,0.12738654973324307,0.22311815847080396,home,home,False,0-0,0,0.0095899828769338,1-0,0,0.09887338116500355,1-0,0,0.09710598648406776,1-0,0,0.09533859180313431,1-0,0,0.09357119712219919,1-0,0,0.09180380244126451,1-0,0,0.0900364077603295,1-0,0,0.08826901307939439,1-0,0,0.08650161839845938,1-0,0,0.08473422371752426,1-0,0,0.08296682903658892,1-0,0,0.08119943435565358,1-0,0,0.07943203967471812,1-0,0,0.07766464499378256,1-0,0,0.07589725031284711,1-0,0,0.07412985563191121,1-0,0,0.07236246095097543,1-0,0,0.07059506627003975,1-0,0,0.06882767158910374,1-0,0,0.052226709368015656,1-0,0,0.021318289715399175,0-0,0,0.009590129937219083
African Cup of Nations,2019,2019-07-06,Nigeria,Cameroon,3,2,0.334713045830105,0.3775355800240127,0.28775137414588225,0.3800441269159266,0.34176340160918633,0.27819247147538334,0.04533108108557343,draw,home,True,0-0,0,0.11372150226599465,1-0,1,0.0031923321885113376,0-0,0,0.004806615991746588,0-0,0,0.012805564172004291,0-0,0,0.020804512352262883,0-0,0,0.02880346053252192,0-0,0,0.03680240871278073,0-0,0,0.0448013568930411,0-0,0,0.05280030507330158,0-0,0,0.06079925325356206,0-0,0,0.06879820143382265,0-0,0,0.07679714961408424,0-0,0,0.08479609779434616,0-0,0,0.09279504597460797,0-0,0,0.10079399415487056,0-0,0,0.1087929423351337,0-0,0,0.1110283356598798,0-0,0,0.11156710476813347,0-0,0,0.11210587387638704,0-0,0,0.11264464298464072,0-0,0,0.11318341209289451,0-0,0,0.11372218120114819
African Cup of Nations,2019,2019-07-05,Uganda,Senegal,0,1,0.15366753305904607,0.418316360571702,0.42801610636925186,0.11218372036482967,0.24924098832515554,0.6385752913105267,0.21055918494101886,away,away,False,0-0,0,0.1287413288346445,0-1,3,0.3173145883266164,0-1,3,0.3120831377837361,0-1,3,0.30685168724085654,0-1,3,0.30162023669797533,0-1,3,0.29638878615509445,0-1,3,0.29115733561221335,0-1,3,0.2859258850693315,0-1,3,0.28069443452644904,0-1,3,0.27546298398356817,0-1,3,0.2702315334406854,0-1,3,0.26500008289780197,0-1,3,0.25259521968659415,0-1,3,0.2102244474458027,0-1,3,0.16785367520500816,0-1,3,0.12548290296421094,0-1,3,0.08311213072341228,0-1,3,0.04074135848261151,0-0,0,0.0016294137581917,0-0,0,0.044000185998997354,0-0,0,0.086370958239805,0-0,0,0.12874173048061466
African Cup of Nations,2019,2019-07-05,Morocco,Benin,1,1,0.5602010004427141,0.3035277543906915,0.13627124516659442,0.6796855833637652,0.23258241143796723,0.08773200519784949,0.11948458292126012,home,home,False,1-0,0,0.009733770208699033,1-0,0,0.011811150151174177,1-0,0,0.011707333740750281,1-0,0,0.011603517330326163,1-0,0,0.011499700919902267,1-0,0,0.011395884509478371,1-0,0,0.011292068099054475,1-0,0,0.01118825168863058,1-0,0,0.011084435278206684,1-0,0,0.010980618867782566,1-0,0,0.010876802457358892,1-0,0,0.010772986046935218,1-0,0,0.010669169636511988,1-0,0,0.010565353226087648,1-0,0,0.01046153681566353,1-0,0,0.010357720405239523,1-0,0,0.01025390399481596,1-0,0,0.010150087584391732,1-0,0,0.010046271173967947,1-0,0,0.009942454763544273,1-0,0,0.009838638353120155,1-0,0,0.009734821942696481
African Cup of Nations,2019,2019-07-02,Angola,Mali,0,1,0.28453618208304016,0.35546197145601566,0.36000184646094424,0.2618722412746012,0.40274758834275487,0.33538017038313955,0.04728561688649144,away,draw,True,0-0,0,0.041749652995508924,0-0,0,0.04730409708596195,0-0,0,0.047026404124326016,0-0,0,0.046748711162690415,0-0,0,0.04647101820105459,0-0,0,0.04619332523941888,0-0,0,0.04591563227778328,0-0,0,0.04563793931614735,0-0,0,0.04536024635451186,0-0,0,0.045082553392875924,0-0,0,0.04480486043123999,0-0,0,0.0445271674696045,0-0,0,0.04424947450796868,0-0,0,0.043971781546332855,0-0,0,0.04369408858469692,0-0,0,0.04341639562306099,0-0,0,0.043138702661425166,0-0,0,0.04286100969978934,0-0,0,0.04258331673815341,0-0,0,0.042305623776517476,0-0,0,0.04202793081488165,0-0,0,0.04175023785324572
African Cup of Nations,2019,2019-07-02,Mauritania,Tunisia,0,0,0.14771805496275064,0.29265284939502034,0.559629095642229,0.08151016546280183,0.18114100102066594,0.7373488335170129,0.17771973787454357,away,away,False,0-2,0,0.02419452296626612,0-2,0,0.03188299187410548,0-2,0,0.03149876145961539,0-2,0,0.031114531045125293,0-2,0,0.03073030063063542,0-2,0,0.03034607021614555,0-2,0,0.029961839801655454,0-2,0,0.029577609387165138,0-2,0,0.029193378972675266,0-2,0,0.028809148558185393,0-2,0,0.0284249181436953,0-2,0,0.02804068772920476,0-2,0,0.02765645731471489,0-2,0,0.027272226900225238,0-2,0,0.026887996485734478,0-2,0,0.02650376607124405,0-2,0,0.026119535656753956,0-2,0,0.02573530524226375,0-2,0,0.025351074827773434,0-2,0,0.024966844413283118,0-2,0,0.024582613998792913,0-2,0,0.024198383584302485
African Cup of Nations,2019,2019-07-02,Benin,Cameroon,0,0,0.16484037022397716,0.3102110873873848,0.524948542388638,0.19121400944418157,0.3351149152564471,0.4736710752998775,0.051277467089013595,away,away,False,0-2,0,0.00017046909381601694,0-2,0,0.0001538319668832333,0-2,0,0.00015466462418800564,0-2,0,0.00015549728149300002,0-2,0,0.00015632993879788337,0-2,0,0.00015716259610254468,0-2,0,0.00015799525340765008,0-2,0,0.00015882791071242242,0-2,0,0.00015966056801730577,0-2,0,0.0001604932253220781,0-2,0,0.00016132588262696146,0-2,0,0.00016215853993195584,0-2,0,0.00016299119723672817,0-2,0,0.00016382385454172255,0-2,0,0.00016465651184649488,0-2,0,0.00016548916915137823,0-2,0,0.0001663218264563726,0-2,0,0.00016715448376114495,0-2,0,0.00016798714106613932,0-2,0,0.00016881979837091166,0-2,0,0.000169652455675795,0-2,0,0.00017048511298067837
African Cup of Nations,2019,2019-07-02,Guinea-Bissau,Ghana,0,2,0.08653389410580141,0.24752971054046471,0.6659363953537338,0.09530888026791512,0.20523914643927904,0.6994519732932619,0.042290564101413734,away,away,False,0-2,3,0.04848499018461805,0-2,3,0.050946191645283134,0-2,3,0.050824132438791025,0-2,3,0.050702073232298694,0-2,3,0.050580014025806364,0-2,3,0.05045795481931381,0-2,3,0.0503358956128217,0-2,3,0.05021383640632893,0-2,3,0.05009177719983682,0-2,3,0.049969717993344265,0-2,3,0.04984765878685238,0-2,3,0.0497255995803596,0-2,3,0.04960354037386727,0-2,3,0.04948148116737516,0-2,3,0.04935942196088239,0-2,3,0.049237362754389835,0-2,3,0.049115303547897504,0-2,3,0.04899324434140517,0-2,3,0.04887118513491284,0-2,3,0.04874912592842051,0-2,3,0.04862706672192796,0-2,3,0.04850500751543563
African Cup of Nations,2019,2019-07-01,Tanzania,Algeria,0,3,0.14354426949231242,0.26056521092987023,0.5958905195778174,0.08816479435157437,0.18124725566329644,0.7305879499847151,0.1346974304071048,away,away,False,0-2,1,0.03158415316639296,0-2,1,0.03874087288356898,0-2,1,0.03838374298365377,0-2,1,0.038026613083738336,0-2,1,0.03766948318382313,0-2,1,0.03731235328390747,0-2,1,0.036955223383992264,0-2,1,0.03659809348407683,0-2,1,0.03624096358416162,0-2,1,0.035883833684246635,0-2,1,0.03552670378433098,0-2,1,0.03516957388441555,0-2,1,0.03481244398450056,0-2,1,0.03445531408458491,0-2,1,0.034098184184670255,0-2,1,0.03374105428475449,0-2,1,0.033383924384839836,0-2,1,0.033026794484924515,0-2,1,0.032669664585009306,0-2,1,0.03231253468509421,0-2,1,0.03195540478517922,0-2,1,0.03159827488526401
African Cup of Nations,2019,2019-07-01,Kenya,Senegal,0,3,0.1193413192260339,0.3471225541980314,0.5335361265759347,0.1037049915446477,0.3162699603126747,0.5800250481431484,0.04648892156697827,away,away,False,0-1,1,0.12182069175578158,0-1,1,0.13243902842571764,0-1,1,0.13190828000161103,0-1,1,0.13137753157750542,0-1,1,0.1308467831533986,0-1,1,0.13031603472929176,0-1,1,0.1297852863051847,0-1,1,0.12925453788107844,0-1,1,0.12872378945697227,0-1,1,0.1281930410328651,0-1,1,0.1276622926087584,0-1,1,0.12713154418465222,0-1,1,0.12660079576054561,0-1,1,0.1260700473364389,0-1,1,0.1255392989123315,0-1,1,0.12500855048822446,0-1,1,0.12447780206411774,0-1,1,0.12394705364001157,0-1,1,0.12341630521590408,0-1,1,0.12288555679179747,0-1,1,0.12235480836769053,0-1,1,0.12182405994358358
African Cup of Nations,2019,2019-07-01,Namibia,Ivory Coast,1,4,0.07245683255310423,0.23299168854699084,0.6945514788999049,0.06421968116888052,0.1975704102637613,0.7382099085678454,0.043658429667696896,away,away,False,0-2,1,0.055218856959431184,0-2,1,0.05872094072612977,0-2,1,0.05854730013752807,0-2,1,0.05837365954892637,0-2,1,0.05820001896032467,0-2,1,0.05802637837172275,0-2,1,0.0578527377831215,0-2,1,0.05767909719451958,0-2,1,0.05750545660591788,0-2,1,0.057331816017316184,0-2,1,0.05715817542871471,0-2,1,0.05698453484011301,0-2,1,0.05681089425151109,0-2,1,0.05663725366290917,0-2,1,0.056463613074307695,0-2,1,0.056289972485706,0-2,1,0.05611633189710408,0-2,1,0.055942691308501935,0-2,1,0.05576905071990024,0-2,1,0.05559541013129876,0-2,1,0.05542176954269662,0-2,1,0.05524812895409492
African Cup of Nations,2019,2019-07-01,South Africa,Morocco,0,1,0.2444551613011326,0.3874172934214636,0.36812754527740377,0.21083859822585221,0.39219054517314444,0.3969708566005052,0.03361656307503133,draw,away,True,0-0,0,0.1304146769465523,0-0,0,0.08530516580905978,0-0,0,0.08756067427322278,0-0,0,0.08981618273738545,0-0,0,0.09207169120154834,0-0,0,0.09432719966571101,0-0,0,0.09658270812987335,0-0,0,0.09883821659403558,0-0,0,0.1010937250581978,0-0,0,0.10334923352235958,0-0,0,0.1056047419865217,0-0,0,0.10786025045068326,0-0,0,0.11011575891484504,0-0,0,0.11237126737900671,0-0,0,0.1146267758431685,0-0,0,0.11688228430732972,0-0,0,0.11913779277149095,0-0,0,0.12139330123565195,0-0,0,0.12364880969981329,0-0,0,0.12590431816397407,0-0,0,0.12815982662813497,0-0,0,0.13041533509229586
African Cup of Nations,2019,2019-06-30,Uganda,Egypt,2,0,0.16218279744695818,0.4087709886365845,0.42904621391645736,0.11319424094180006,0.27964926108440386,0.6071564979733663,0.17811028405712387,away,away,False,0-0,0,0.0994711519738678,0-1,0,0.2722602557852233,0-1,0,0.2682668577356889,0-1,0,0.26427345968615357,0-1,0,0.2602800616366193,0-1,0,0.25628666358708574,0-1,0,0.25229326553755105,0-1,0,0.24829986748801758,0-1,0,0.24430646943848444,0-1,0,0.24031307138895086,0-1,0,0.23631967333941772,0-1,0,0.2323262752898846,0-1,0,0.20186867507159945,0-1,0,0.168386427713343,0-1,0,0.13490418035508855,0-1,0,0.10142193299683477,0-1,0,0.06793968563858266,0-1,0,0.03445743828033243,0-1,0,0.0009751909220830912,0-0,0,0.03250705643616458,0-0,0,0.06598930379441104,0-0,0,0.09947155115265627
African Cup of Nations,2019,2019-06-30,Zimbabwe,DR Congo,0,4,0.26252529492791,0.30247197498769396,0.43500273008439616,0.303446697685907,0.28287937029521326,0.4136739320184056,0.04092140275823414,away,away,False,1-2,1,0.002844346758845706,1-2,1,0.0027051973845808597,1-2,1,0.002712171308277389,1-2,1,0.0027191452319740295,1-2,1,0.00272611915567067,1-2,1,0.0027330930793673103,1-2,1,0.0027400670030640617,1-2,1,0.002747040926760591,1-2,1,0.0027540148504573425,1-2,1,0.002760988774153983,1-2,1,0.0027679626978505123,1-2,1,0.0027749366215472637,1-2,1,0.002781910545244015,1-2,1,0.0027888844689404335,1-2,1,0.002795858392637185,1-2,1,0.0028028323163339364,1-2,1,0.0028098062400305768,1-2,1,0.002816780163727217,1-2,1,0.0028237540874237466,1-2,1,0.002830728011120387,1-2,1,0.0028377019348171384,1-2,1,0.002844675858513779
African Cup of Nations,2019,2019-06-30,Burundi,Guinea,0,2,0.2234922010964018,0.29287244695991776,0.4836353519436804,0.17315468282719565,0.27106018451409525,0.5557851326591615,0.0721497807152549,away,away,False,0-2,3,0.0048625394488609475,0-2,3,0.005588923493205389,0-2,3,0.005552646919690263,0-2,3,0.005516370346175359,0-2,3,0.005480093772660566,0-2,3,0.005443817199145329,0-2,3,0.005407540625630314,0-2,3,0.005371264052115299,0-2,3,0.005334987478600395,0-2,3,0.00529871090508538,0-2,3,0.005262434331570365,0-2,3,0.00522615775805535,0-2,3,0.005189881184540335,0-2,3,0.00515360461102532,0-2,3,0.005117328037510416,0-2,3,0.00508105146399529,0-2,3,0.005044774890480164,0-2,3,0.005008498316965371,0-2,3,0.004972221743450245,0-2,3,0.00493594516993523,0-2,3,0.004899668596420215,0-2,3,0.004863392022905089
African Cup of Nations,2019,2019-06-30,Madagascar,Nigeria,2,0,0.09481029372104936,0.22938256644049518,0.6758071398384555,0.14166145385879747,0.3374002096899095,0.5209383364508495,0.15486880338738424,away,away,False,0-2,0,0.06125609876447835,0-2,0,0.04725642831465182,0-2,0,0.04795886716329856,0-2,0,0.04866130601194529,0-2,0,0.04936374486059203,0-2,0,0.05006618370923899,0-2,0,0.050768622557885834,0-2,0,0.05147106140653268,0-2,0,0.052173500255179306,0-2,0,0.05287593910382593,0-2,0,0.053578377952472334,0-2,0,0.05428081680111907,0-2,0,0.054983255649765694,0-2,0,0.05568569449841221,0-2,0,0.05638813334705872,0-2,0,0.057090572195705236,0-2,0,0.05779301104435142,0-2,0,0.05849544989299871,0-2,0,0.05919788874164489,0-2,0,0.059900327590290736,0-2,0,0.06060276643893736,0-2,0,0.061305205287583764
African Cup of Nations,2019,2019-06-29,Benin,Guinea-Bissau,0,0,0.4180434823659231,0.3287245616899577,0.2532319559441192,0.5847616705757576,0.26040688161327724,0.15483144781047706,0.1667181882100785,home,home,False,1-0,0,0.003233029469709159,1-0,0,0.004522577786151172,1-0,0,0.004458107420488577,1-0,0,0.004393637054826316,1-0,0,0.004329166689164166,1-0,0,0.004264696323501682,1-0,0,0.004200225957839643,1-0,0,0.004135755592177159,1-0,0,0.004071285226515009,1-0,0,0.004006814860852637,1-0,0,0.003942344495190375,1-0,0,0.003877874129528003,1-0,0,0.0038134037638658524,1-0,0,0.003748933398203591,1-0,0,0.0036844630325413297,1-0,0,0.0036199926668789573,1-0,0,0.003555522301216918,1-0,0,0.0034910519355545455,1-0,0,0.003426581569892173,1-0,0,0.0033621112042300227,1-0,0,0.0032976408385677614,1-0,0,0.003233170472905389
African Cup of Nations,2019,2019-06-29,Cameroon,Ghana,0,0,0.25827612107530035,0.3736146328715037,0.368109246053196,0.30381782610824765,0.3241188652780696,0.37206330861417997,0.04949576759368268,draw,away,True,0-0,3,0.095027341940357,0-1,0,0.015414181482312439,0-1,0,0.009892068136391985,0-1,0,0.004369954790471531,0-0,3,0.0011521585554494784,0-0,3,0.006674271901370932,0-0,3,0.012196385247292274,0-0,3,0.01771849859321395,0-0,3,0.023240611939135958,0-0,3,0.028762725285058077,0-0,3,0.034284838630980974,0-0,3,0.039806951976903426,0-0,3,0.045329065322826656,0-0,3,0.05085117866875022,0-0,3,0.056373292014674115,0-0,3,0.06189540536059823,0-0,3,0.0674175187065218,0-0,3,0.07293963205244636,0-0,3,0.07846174539837125,0-0,3,0.08398385874429615,0-0,3,0.08950597209022171,0-0,3,0.09502808543614716
African Cup of Nations,2019,2019-06-29,Mauritania,Angola,0,0,0.23467290587384512,0.3595762036522857,0.4057508904738692,0.19796863471932208,0.30592587440220487,0.4961054908780123,0.0903546004043735,away,away,False,0-0,3,0.006526587331035394,0-1,0,0.08384109642283355,0-1,0,0.08307760671106468,0-1,0,0.08231411699929558,0-1,0,0.08155062728752682,0-1,0,0.08078713757575784,0-1,0,0.08002364786398908,0-1,0,0.0792601581522202,0-1,0,0.07849666844045133,0-1,0,0.07773317872868257,0-1,0,0.07696968901691392,0-1,0,0.07620619930514516,0-1,0,0.07544270959337662,0-1,0,0.07467921988160808,0-1,0,0.07391573016983954,0-1,0,0.073152240458071,0-1,0,0.0612540964708469,0-1,0,0.04769794034216446,0-1,0,0.03414178421348202,0-1,0,0.020585628084800134,0-1,0,0.007029471956119249,0-0,3,0.006526684172561192
African Cup of Nations,2019,2019-06-28,South Africa,Namibia,1,0,0.5580277503293276,0.32566724772568684,0.11630500194498541,0.5709303956646475,0.25743842061643474,0.17163118371841138,0.068228827108999,home,home,False,1-0,3,0.08098480230275917,1-0,3,0.0828615669661037,1-0,3,0.08276793616464062,1-0,3,0.08267430536317755,1-0,3,0.08258067456171447,1-0,3,0.08248704376025096,1-0,3,0.08239341295878766,1-0,3,0.08229978215732459,1-0,3,0.08220615135586151,1-0,3,0.08211252055439788,1-0,3,0.08201888975293548,1-0,3,0.08192525895147151,1-0,3,0.08183162815000822,1-0,3,0.08173799734854581,1-0,3,0.08164436654708229,1-0,3,0.08155073574561889,1-0,3,0.08145710494415548,1-0,3,0.0813634741426924,1-0,3,0.08126984334122922,1-0,3,0.08117621253976592,1-0,3,0.08108258173830274,1-0,3,0.08098895093683967
African Cup of Nations,2019,2019-06-28,Morocco,Ivory Coast,1,0,0.29943299194750644,0.359175503451768,0.3413915046007255,0.4292541465563196,0.3205047891722479,0.2502410642719103,0.12982115460857424,draw,home,True,0-0,0,0.049768807097672285,1-0,3,0.09010049252493824,1-0,3,0.08873801879413923,1-0,3,0.08737554506334,1-0,3,0.08601307133254055,1-0,3,0.08278957017921484,1-0,3,0.06714849181025839,1-0,3,0.051507413441301275,1-0,3,0.035866335072343825,1-0,3,0.02022525670338482,1-0,3,0.0045841783344247045,0-0,0,0.011056900034534856,0-0,0,0.02669797840349597,0-0,0,0.042339056772457195,0-0,0,0.04789393586961532,0-0,0,0.04816185750374502,0-0,0,0.048429779137874496,0-0,0,0.048697700772004415,0-0,0,0.048965622406134,0-0,0,0.04923354404026359,0-0,0,0.049501465674393175,0-0,0,0.04976938730852298
African Cup of Nations,2019,2019-06-28,Tunisia,Mali,1,1,0.42226267424681896,0.3261704957144136,0.2515668300387674,0.38482713367219407,0.3212971375185765,0.293875728809746,0.04230889877072028,home,home,False,2-0,0,0.001559704836584741,2-0,0,0.0014214984214766524,2-0,0,0.0014284125079817578,2-0,0,0.0014353265944868632,2-0,0,0.0014422406809919686,2-0,0,0.001449154767496963,2-0,0,0.0014560688540021793,2-0,0,0.0014629829405071737,2-0,0,0.001469897027012279,2-0,0,0.0014768111135172735,2-0,0,0.0014837252000223788,2-0,0,0.0014906392865274842,2-0,0,0.0014975533730324786,2-0,0,0.001504467459537695,2-0,0,0.0015113815460428004,2-0,0,0.0015182956325477948,2-0,0,0.0015252097190527891,2-0,0,0.0015321238055580055,2-0,0,0.001539037892063222,2-0,0,0.0015459519785681053,2-0,0,0.0015528660650732107,2-0,0,0.001559780151578427
African Cup of Nations,2019,2019-06-27,Kenya,Tanzania,3,2,0.331967529034693,0.40780651161791703,0.26022595934739,0.4348998055230286,0.3123945846828731,0.2527056097945643,0.1029322764881026,draw,home,True,0-0,0,0.23230163301903262,1-0,1,0.17739710059534686,1-0,1,0.156293590252521,1-0,1,0.135190079909694,1-0,1,0.11408656956686547,1-0,1,0.09298305922403627,1-0,1,0.07187954888120607,1-0,1,0.05077603853837487,1-0,1,0.02967252819554267,1-0,1,0.008569017852709582,0-0,0,0.012534492490124616,0-0,0,0.03363800283295948,0-0,0,0.05474151317579545,0-0,0,0.07584502351863254,0-0,0,0.09694853386147073,0-0,0,0.11805204420431004,0-0,0,0.13915555454715012,0-0,0,0.16025906488999075,0-0,0,0.1813625752328334,0-0,0,0.2024660855756758,0-0,0,0.22356959591851977,0-0,0,0.2323021347534493
African Cup of Nations,2019,2019-06-27,Senegal,Algeria,0,1,0.43931111152097213,0.31554179581077596,0.24514709266825183,0.4785860038542509,0.30435929054852534,0.21705470559673265,0.03927489233352427,home,home,False,2-0,0,0.007458064914046658,2-0,0,0.008125419846438553,2-0,0,0.008092079445020328,2-0,0,0.008058739043601992,2-0,0,0.008025398642183768,2-0,0,0.007992058240765654,2-0,0,0.007958717839347207,2-0,0,0.007925377437928982,2-0,0,0.007892037036510646,2-0,0,0.00785869663509231,2-0,0,0.007825356233674086,2-0,0,0.00779201583225575,2-0,0,0.007758675430837747,2-0,0,0.007725335029419411,2-0,0,0.007691994628000964,2-0,0,0.0076586542265828506,2-0,0,0.007625313825164626,2-0,0,0.007591973423746179,2-0,0,0.007558633022328065,2-0,0,0.007525292620909729,2-0,0,0.0074919522194915045,2-0,0,0.00745861181807328
African Cup of Nations,2019,2019-06-27,Madagascar,Burundi,1,0,0.29210774978946,0.30664462222419053,0.4012476279863495,0.2954556522661851,0.33469036228663257,0.36985398544670395,0.031393642539406325,away,away,False,1-2,0,0.007529465665356172,1-1,0,0.05401162507104529,1-1,0,0.04873323881804814,1-1,0,0.043454852565050994,1-1,0,0.038176466312054624,1-1,0,0.03289808005905859,1-1,0,0.027619693806062107,1-1,0,0.022341307553066292,1-1,0,0.0170629213000707,1-1,0,0.011784535047075106,1-1,0,0.006506148794080291,1-1,0,0.0012277625410849202,1-2,0,0.004050623711909784,1-2,0,0.007294496032193898,1-2,0,0.007323954045033165,1-2,0,0.007353412057872544,1-2,0,0.007382870070711922,1-2,0,0.007412328083551412,1-2,0,0.00744178609639079,1-2,0,0.0074712441092302795,1-2,0,0.007500702122069769,1-2,0,0.007530160134909036
African Cup of Nations,2019,2019-06-26,Egypt,DR Congo,2,0,0.46834309747816405,0.30262146492851566,0.22903543759332035,0.7140878077642283,0.19299425072566906,0.0929179415096524,0.24574471028628941,home,home,False,2-0,3,0.0073086432287599035,2-0,3,0.011144928349981376,2-0,3,0.010953158713337796,2-0,3,0.010761389076694439,2-0,3,0.010569619440051081,2-0,3,0.010377849803407946,2-0,3,0.010186080166764366,2-0,3,0.009994310530120787,2-0,3,0.009802540893477318,2-0,3,0.009610771256834072,2-0,3,0.009419001620190937,2-0,3,0.009227231983547579,2-0,3,0.009035462346904222,2-0,3,0.008843692710260975,2-0,3,0.008651923073617729,2-0,3,0.008460153436974371,2-0,3,0.008268383800331125,2-0,3,0.008076614163687768,2-0,3,0.007884844527044743,2-0,3,0.007693074890401275,2-0,3,0.007501305253758028,2-0,3,0.007309535617114893
African Cup of Nations,2019,2019-06-26,Uganda,Zimbabwe,1,1,0.2913243014316952,0.4304877238828406,0.2781879746854642,0.4151326658177874,0.3375716603076989,0.2472956738750079,0.12380836438584511,draw,home,True,0-0,1,0.3155941311814213,1-0,0,0.0968789918411419,1-0,0,0.07281274641684365,1-0,0,0.048746500992544406,1-0,0,0.024680255568243825,1-0,0,0.0006140101439423562,0-0,1,0.023452235280360667,0-0,1,0.047518480704665356,0-0,1,0.07158472612897027,0-0,1,0.09565097155327651,0-0,1,0.11971721697758453,0-0,1,0.14378346240189332,0-0,1,0.16784970782620334,0-0,1,0.19191595325051425,0-0,1,0.2159821986748267,0-0,1,0.24004844409913995,0-0,1,0.2641146895234553,0-0,1,0.2881809349477713,0-0,1,0.3053767717042214,0-0,1,0.30878265168520447,0-0,1,0.31218853166618765,0-0,1,0.31559441164717095
African Cup of Nations,2019,2019-06-26,Nigeria,Guinea,1,0,0.48389110938842306,0.31108235618412344,0.20502653442745344,0.4636777116397591,0.299888987570948,0.2364333007897858,0.031406766362085864,home,home,False,2-0,1,0.019696835361110443,2-0,1,0.018875790324345165,2-0,1,0.018916933541721415,2-0,1,0.018958076759097775,2-0,1,0.018999219976474135,2-0,1,0.019040363193850496,2-0,1,0.019081506411226634,2-0,1,0.019122649628602884,2-0,1,0.019163792845979133,2-0,1,0.019204936063355604,2-0,1,0.019246079280731854,2-0,1,0.019287222498107992,2-0,1,0.019328365715484352,2-0,1,0.019369508932860713,2-0,1,0.019410652150237073,2-0,1,0.019451795367613434,2-0,1,0.019492938584989794,2-0,1,0.019534081802366043,2-0,1,0.019575225019742293,2-0,1,0.019616368237118764,2-0,1,0.019657511454495014,2-0,1,0.019698654671871152
African Cup of Nations,2019,2019-06-25,Ghana,Benin,2,2,0.5910157996077892,0.28251006932377337,0.1264741310684374,0.5782537003470991,0.2726135486857349,0.14913275096670395,0.02265861989849753,home,home,False,2-0,0,0.025770873486615886,2-0,0,0.025219415191931716,2-0,0,0.02524724490402641,2-0,0,0.02527507461612144,2-0,0,0.025302904328216247,2-0,0,0.025330734040311165,2-0,0,0.025358563752406083,2-0,0,0.02538639346450089,2-0,0,0.025414223176595918,2-0,0,0.025442052888690503,2-0,0,0.02546988260078553,2-0,0,0.02549771231288034,2-0,0,0.025525542024975256,2-0,0,0.025553371737070174,2-0,0,0.02558120144916498,2-0,0,0.025609031161259788,2-0,0,0.025636860873354816,2-0,0,0.025664690585449623,2-0,0,0.02569252029754443,2-0,0,0.025720350009639348,2-0,0,0.025748179721734044,2-0,0,0.025776009433829183
African Cup of Nations,2019,2019-06-25,Cameroon,Guinea-Bissau,2,0,0.6032249971374212,0.28074073831666524,0.11603426454591355,0.6501521516039243,0.24254302249339693,0.10730482590218189,0.046927154466751525,home,home,False,2-0,3,0.01767163884505296,2-0,3,0.019050135800814383,2-0,3,0.018981385073532087,2-0,3,0.018912634346249346,2-0,3,0.018843883618967272,2-0,3,0.018775132891684754,2-0,3,0.018706382164402457,2-0,3,0.018637631437120383,2-0,3,0.018568880709837865,2-0,3,0.01850012998255579,2-0,3,0.018431379255273495,2-0,3,0.01836262852799042,2-0,3,0.018293877800708458,2-0,3,0.01822512707342594,2-0,3,0.01815637634614442,2-0,3,0.018087625618862235,2-0,3,0.018018874891579717,2-0,3,0.01795012416429731,2-0,3,0.017881373437015124,2-0,3,0.017812622709732828,2-0,3,0.017743871982450643,2-0,3,0.017675121255168236
African Cup of Nations,2019,2019-06-24,Mali,Mauritania,4,1,0.45035775754930363,0.3445448680722389,0.2050973743784575,0.5543495440396106,0.27887197353624843,0.1667784824246392,0.10399178649005784,home,home,False,1-0,1,0.04891981085600139,1-0,1,0.06021756391021049,1-0,1,0.05965274590716252,1-0,1,0.059087927904114323,1-0,1,0.05852310990106635,1-0,1,0.057958291898018266,1-0,1,0.05739347389497018,1-0,1,0.0568286558919221,1-0,1,0.0562638378888739,1-0,1,0.05569901988582571,1-0,1,0.0551342018827774,1-0,1,0.05456938387972898,1-0,1,0.05400456587668079,1-0,1,0.05343974787363237,1-0,1,0.052874929870584175,1-0,1,0.05231011186753587,1-0,1,0.05174529386448723,1-0,1,0.051180475861439034,1-0,1,0.050615657858390506,1-0,1,0.05005083985534209,1-0,1,0.04948602185229345,1-0,1,0.04892120384924492
African Cup of Nations,2019,2019-06-24,Tunisia,Angola,1,1,0.4626239162679838,0.3207493228406588,0.21662676089135732,0.5298226652956687,0.27761835739130997,0.1925589773125595,0.06719874902791577,home,home,False,2-0,0,0.0043301083689680775,2-0,0,0.004959400842661776,2-0,0,0.004927950174883122,2-0,0,0.004896499507104579,2-0,0,0.004865048839326147,2-0,0,0.004833598171547493,2-0,0,0.004802147503769061,2-0,0,0.004770696835990518,2-0,0,0.004739246168211975,2-0,0,0.0047077955004335426,2-0,0,0.004676344832654888,2-0,0,0.004644894164876345,2-0,0,0.004613443497098135,2-0,0,0.004581992829319592,2-0,0,0.004550542161541049,2-0,0,0.004519091493762506,2-0,0,0.004487640825984074,2-0,0,0.00445619015820542,2-0,0,0.004424739490426877,2-0,0,0.0043932888226484446,2-0,0,0.0043618381548700125,2-0,0,0.004330387487091469
African Cup of Nations,2019,2019-06-24,Ivory Coast,South Africa,1,0,0.42211862829873054,0.33937128395904115,0.23851008774222834,0.4916503423094669,0.3027635469458367,0.2055861107441862,0.0695317140109915,home,home,False,1-0,3,0.027221131344640548,1-0,3,0.031705993055500925,1-0,3,0.03148179184461464,1-0,3,0.03125759063372813,1-0,3,0.03103338942284206,1-0,3,0.030809188211955663,1-0,3,0.030584987001069264,1-0,3,0.030360785790182976,1-0,3,0.030136584579296688,1-0,3,0.0299123833684104,1-0,3,0.029688182157524112,1-0,3,0.029463980946637935,1-0,3,0.029239779735751648,1-0,3,0.02901557852486536,1-0,3,0.028791377313979294,1-0,3,0.028567176103093006,1-0,3,0.02834297489220683,1-0,3,0.028118773681320652,1-0,3,0.027894572470434587,1-0,3,0.027670371259548188,1-0,3,0.027446170048662122,1-0,3,0.027221968837776167
African Cup of Nations,2019,2019-06-23,Algeria,Kenya,2,0,0.4936421564663697,0.33259027694765303,0.17376756658597714,0.5848441888466964,0.26403428292020953,0.1511215282326166,0.09120203238056537,home,home,False,1-0,1,0.04124211426975477,1-0,1,0.048863934784428076,1-0,1,0.04848293671285231,1-0,1,0.048101938641276876,1-0,1,0.047720940569701775,1-0,1,0.04733994249812634,1-0,1,0.0469589444265508,1-0,1,0.04657794635497581,1-0,1,0.046196948283400485,1-0,1,0.04581595021182516,1-0,1,0.04543495214024995,1-0,1,0.04505395406867496,1-0,1,0.04467295599709975,1-0,1,0.04429195792552432,1-0,1,0.043910959853949216,1-0,1,0.043529961782374116,1-0,1,0.043148963710798904,1-0,1,0.042767965639223915,1-0,1,0.042386967567648925,1-0,1,0.042005969496073714,1-0,1,0.04162497142449895,1-0,1,0.041243973352923735
African Cup of Nations,2019,2019-06-23,Senegal,Tanzania,2,0,0.6407524101976119,0.2633416060099681,0.09590598379242019,0.7600831530648858,0.18389021869703215,0.056026628238501276,0.11933074286706441,home,home,False,2-0,3,0.02849977369776946,2-0,3,0.033817023800460255,2-0,3,0.033551565307176734,2-0,3,0.033286106813892546,2-0,3,0.033020648320609025,2-0,3,0.032755189827325504,2-0,3,0.03248973133404154,2-0,3,0.03222427284075802,2-0,3,0.03195881434747405,2-0,3,0.031693355854190086,2-0,3,0.031427897360906565,2-0,3,0.03116243886762282,2-0,3,0.030896980374338856,2-0,3,0.030631521881055113,2-0,3,0.03036606338777137,2-0,3,0.030100604894487404,2-0,3,0.02983514640120344,2-0,3,0.029569687907919473,2-0,3,0.02930422941463595,2-0,3,0.02903877092135221,2-0,3,0.028773312428068243,2-0,3,0.028507853934784277
African Cup of Nations,2019,2019-06-23,Morocco,Namibia,1,0,0.6159211317941733,0.29850580323828163,0.08557306496754508,0.7413957454699434,0.1884306068606929,0.07017364766976739,0.12547461367556823,home,home,False,1-0,3,0.06816264259221927,1-0,3,0.08205631355682463,1-0,3,0.08136194861704138,1-0,3,0.08066758367725768,1-0,3,0.07997321873747465,1-0,3,0.07927885379769095,1-0,3,0.07858448885790814,1-0,3,0.07789012391812444,1-0,3,0.07719575897834119,1-0,3,0.07650139403855771,1-0,3,0.07580702909877379,1-0,3,0.07511266415899076,1-0,3,0.07441829921920706,1-0,3,0.07372393427942359,1-0,3,0.07302956933963989,1-0,3,0.07233520439985619,1-0,3,0.07164083946007271,1-0,3,0.0709464745202888,1-0,3,0.07025210958050532,1-0,3,0.0695577446407214,1-0,3,0.06886337970093748,1-0,3,0.068169014761154
African Cup of Nations,2019,2019-06-22,Guinea,Madagascar,2,2,0.5654924385095713,0.2532379472269133,0.18126961426351546,0.5411053606360466,0.28630371071656985,0.17259092864785253,0.033065763489422084,home,home,False,2-0,0,0.002798634698914504,2-0,0,0.0026797618459503125,2-0,0,0.0026858005553751507,2-0,0,0.002691839264799656,2-0,0,0.002697877974224383,2-0,0,0.00270391668364911,2-0,0,0.0027099553930737263,2-0,0,0.0027159941024984535,2-0,0,0.0027220328119230697,2-0,0,0.002728071521347797,2-0,0,0.002734110230772524,2-0,0,0.00274014894019714,2-0,0,0.0027461876496217563,2-0,0,0.0027522263590464835,2-0,0,0.0027582650684712107,2-0,0,0.002764303777895938,2-0,0,0.002770342487320665,2-0,0,0.002776381196745281,2-0,0,0.0027824199061700083,2-0,0,0.0027884586155946245,2-0,0,0.0027944973250193517,2-0,0,0.002800536034443857
African Cup of Nations,2019,2019-06-22,Nigeria,Burundi,1,0,0.5951340002820664,0.2813766528216217,0.12348934689631176,0.6552556209756437,0.23263739445644793,0.11210698456837001,0.060121620693346416,home,home,False,2-0,1,0.02497254342601607,2-0,1,0.027500895903606493,2-0,1,0.027374731519866913,2-0,1,0.027248567136127777,2-0,1,0.02712240275238864,2-0,1,0.02699623836864906,2-0,1,0.026870073984909704,2-0,1,0.026743909601170568,2-0,1,0.026617745217431765,2-0,1,0.026491580833691186,2-0,1,0.02636541644995316,2-0,1,0.02623925206621358,2-0,1,0.026113087682473668,2-0,1,0.025986923298734754,2-0,1,0.025860758914995174,2-0,1,0.025734594531255928,2-0,1,0.02560843014751657,2-0,1,0.02548226576377699,2-0,1,0.025356101380037632,2-0,1,0.025229936996298385,2-0,1,0.02510377261255914,2-0,1,0.02497760822881956
African Cup of Nations,2019,2019-06-22,DR Congo,Uganda,0,2,0.35834148842793434,0.39859445452721304,0.24306405704485268,0.43023960436769004,0.3288669132172137,0.2408934824155789,0.07189811593951442,draw,home,True,0-0,0,0.17594170425886613,1-0,0,0.1204145289351316,1-0,0,0.10559668761713392,1-0,0,0.09077884629913546,1-0,0,0.07596100498113634,1-0,0,0.06114316366313677,1-0,0,0.04632532234513642,1-0,0,0.03150748102713519,1-0,0,0.016689639709132842,1-0,0,0.001871798391130497,0-0,0,0.01294604292687318,0-0,0,0.0277638842448773,0-0,0,0.04258172556288187,0-0,0,0.05739956688088699,0-0,0,0.07221740819889366,0-0,0,0.08703524951690034,0-0,0,0.10185309083490801,0-0,0,0.11667093215291613,0-0,0,0.1314887734709258,0-0,0,0.14630661478893525,0-0,0,0.1611244561069457,0-0,0,0.17594229742495726
African Cup of Nations,2019,2019-06-21,Egypt,Zimbabwe,1,0,0.5359277117519523,0.2988716073458288,0.1652006809022189,0.7787696399029922,0.15942550403092176,0.0618048560665394,0.2428419281508132,home,home,False,2-0,1,0.0241975230572119,2-0,1,0.03516682524397097,2-0,1,0.03461852577185409,2-0,1,0.03407022629973788,2-0,1,0.03352192682762123,2-0,1,0.032973627355504354,2-0,1,0.0324253278833877,2-0,1,0.03187702841127105,2-0,1,0.03132872893915439,2-0,1,0.030780429467037518,2-0,1,0.030232129994920864,2-0,1,0.02968383052280399,2-0,1,0.029135531050687336,2-0,1,0.02858723157857057,2-0,1,0.028038932106453363,2-0,1,0.02749063263433682,2-0,1,0.02694233316221961,2-0,1,0.026394033690102847,2-0,1,0.02584573421798586,2-0,1,0.025297434745868985,2-0,1,0.024749135273751888,2-0,1,0.024200835801635012
African Cup of Nations,2022,2022-02-06,Senegal,Egypt,0,0,0.3535690840325435,0.3757716517902465,0.27065926417721003,0.43526202036985284,0.3490172451897726,0.21572073443987336,0.08169293633755996,draw,home,True,0-0,3,0.12146191524430283,1-0,0,0.0993646354972696,1-0,0,0.08832328654199106,1-0,0,0.07728193758671342,1-0,0,0.06624058863143578,1-0,0,0.05519923967615903,1-0,0,0.044157890720883164,1-0,0,0.03311654176560752,1-0,0,0.022075192810332656,1-0,0,0.011033843855057679,0-0,3,7.505100216409488e-06,0-0,3,0.011048854055489277,0-0,3,0.022090203010762588,0-0,3,0.03313155196603523,0-0,3,0.04417290092130699,0-0,3,0.05521424987657808,0-0,3,0.06625559883184906,0-0,3,0.07729694778711915,0-0,3,0.08833829674238813,0-0,3,0.09937964569765723,0-0,3,0.11042099465292554,0-0,3,0.12146234360819375
African Cup of Nations,2022,2022-02-05,Burkina Faso,Cameroon,3,3,0.29743227900614116,0.37418228802861236,0.32838543296524636,0.21696763959230342,0.27004389232423154,0.5129884680839326,0.1846030351184524,draw,away,True,0-0,1,0.15833843745166643,0-1,0,0.21675761772513613,0-1,0,0.2128575189308528,0-1,0,0.2089574201365696,0-1,0,0.20505732134228627,0-1,0,0.2011572225480025,0-1,0,0.19725712375371884,0-1,0,0.19335702495943496,0-1,0,0.18945692616515086,0-1,0,0.18555682737086643,0-1,0,0.16848455271479523,0-1,0,0.1387733237681077,0-1,0,0.10906209482141804,0-1,0,0.07935086587472762,0-1,0,0.04963963692803541,0-1,0,0.019928407981342322,0-0,1,0.009782820965352768,0-0,1,0.03949404991204919,0-0,1,0.06920527885874672,0-0,1,0.09891650780544581,0-0,1,0.12862773675214612,0-0,1,0.15833896569884787
African Cup of Nations,2022,2022-02-03,Cameroon,Egypt,0,0,0.268371004895083,0.3742974878107834,0.3573315072941336,0.4158075581825294,0.3458234404239761,0.23836900139301462,0.14743655328768634,draw,home,True,0-0,3,0.11140908304015884,1-0,0,0.09916688069337831,1-0,0,0.08089499525750232,1-0,0,0.06262310982162589,1-0,0,0.04435122438575112,1-0,0,0.026079338949876907,1-0,0,0.00780745351400447,0-0,3,0.010464431921867745,0-0,3,0.02873631735773896,0-0,3,0.047008202793610177,0-0,3,0.0652800882294795,0-0,3,0.08355197366534795,0-0,3,0.1018238591012155,0-0,3,0.1200957445370825,0-0,3,0.13836762997294882,0-0,3,0.15663951540881393,0-0,3,0.15467247066619583,0-0,3,0.1460198771187502,0-0,3,0.13736728357130545,0-0,3,0.1287146900238606,0-0,3,0.12006209647641686,0-0,3,0.11140950292897245
African Cup of Nations,2022,2022-02-02,Burkina Faso,Senegal,1,3,0.21839445242893515,0.3608114510816696,0.4207940964893952,0.1678183834003471,0.32504047682318843,0.5071411397769324,0.08634704328730324,away,away,False,0-1,1,0.01957780529798403,0-1,1,0.16012659518402939,0-1,1,0.1587634186478204,0-1,1,0.1574002421116113,0-1,1,0.1560370655754022,0-1,1,0.1546738890391932,0-1,1,0.153310712502984,0-1,1,0.15194753596677468,0-1,1,0.15058435943056536,0-1,1,0.14922118289435593,0-1,1,0.1478580063581464,0-1,1,0.1411746969343053,0-1,1,0.12901502422087863,0-1,1,0.11685535150745197,0-1,1,0.10469567879402464,0-1,1,0.0925360060805962,0-1,1,0.08037633336716787,0-1,1,0.06821666065373899,0-1,1,0.056056987940309,0-1,1,0.043897315226878786,0-1,1,0.031737642513447795,0-1,1,0.01957796980001658
African Cup of Nations,2022,2022-01-30,Senegal,Equatorial Guinea,3,1,0.5724162315868114,0.31123270217248095,0.11635106624070772,0.6311587134838991,0.2648237512330075,0.10401753528359675,0.05874248189683603,home,home,False,1-0,1,0.10521713081275297,1-0,1,0.11602048603748272,1-0,1,0.11548057973855097,1-0,1,0.11494067343961967,1-0,1,0.11440076714068748,1-0,1,0.11386086084175595,1-0,1,0.1133209545428242,1-0,1,0.11278104824389268,1-0,1,0.11224114194496027,1-0,1,0.11170123564602785,1-0,1,0.111161329347097,1-0,1,0.11062142304816547,1-0,1,0.11008151674923217,1-0,1,0.10954161045030109,1-0,1,0.109001704151369,1-0,1,0.10846179785243626,1-0,1,0.10792189155350529,1-0,1,0.10738198525457254,1-0,1,0.10684207895564068,1-0,1,0.10630217265670816,1-0,1,0.10576226635777553,1-0,1,0.10522236005884389
African Cup of Nations,2022,2022-01-30,Egypt,Morocco,2,1,0.24705599168917713,0.3891222746672295,0.36382173364359344,0.25018844473235125,0.3301757846823878,0.4196357705857489,0.05894648998508564,draw,away,True,0-0,0,0.14257202157179738,0-1,0,0.1046718859468101,0-1,0,0.09230967227519993,0-1,0,0.07994745860358876,0-1,0,0.06758524493197737,0-1,0,0.05522303126036521,0-1,0,0.04286081758875271,0-1,0,0.030498603917139322,0-1,0,0.01813639024552538,0-1,0,0.005774176573910439,0-0,0,0.006588037097704058,0-0,0,0.01895025076932011,0-0,0,0.031312464440936716,0-0,0,0.043674678112553766,0-0,0,0.05603689178417082,0-0,0,0.06839910545578953,0-0,0,0.08076131912740814,0-0,0,0.09312353279902752,0-0,0,0.10548574647064757,0-0,0,0.11784796014226784,0-0,0,0.13021017381388933,0-0,0,0.14257238748551104
African Cup of Nations,2022,2022-01-29,Burkina Faso,Tunisia,1,0,0.30512658577613744,0.34112006241853804,0.3537533518053245,0.2442596138889576,0.33985798616642454,0.4158823999441223,0.06212904813904556,away,away,False,0-0,0,0.031879625257748345,0-1,0,0.08449827113183361,0-1,0,0.07867935882871657,0-1,0,0.07286044652559986,0-1,0,0.06704153422248327,0-1,0,0.061222621919367004,0-1,0,0.055403709616251184,0-1,0,0.04958479731313559,0-1,0,0.0437658850100201,0-1,0,0.037946972706904614,0-1,0,0.03212806040379024,0-1,0,0.02630914810067575,0-1,0,0.020490235797561485,0-1,0,0.014671323494447774,0-1,0,0.008852411191333731,0-1,0,0.003033498888220576,0-0,0,0.002785413414892468,0-0,0,0.008604325718005179,0-0,0,0.014423238021117335,0-0,0,0.020242150324229713,0-0,0,0.02606106262734187,0-0,0,0.03187997493045325
African Cup of Nations,2022,2022-01-29,Gambia,Cameroon,2,0,0.16364780813393345,0.3428511516572856,0.49350104020878094,0.10593057581985563,0.273522311342907,0.6205471128377194,0.1270460726286974,away,away,False,0-1,0,0.1271079019679071,0-1,0,0.15983342132653622,0-1,0,0.15819726767806663,0-1,0,0.15656111402959716,0-1,0,0.15492496038112735,0-1,0,0.1532888067326572,0-1,0,0.15165265308418763,0-1,0,0.15001649943571682,0-1,0,0.14838034578724713,0-1,0,0.1467441921387762,0-1,0,0.1451080384903064,0-1,0,0.14347188484183637,0-1,0,0.14183573119336534,0-1,0,0.1401995775448952,0-1,0,0.13856342389642384,0-1,0,0.1369272702479536,0-1,0,0.13529111659948256,0-1,0,0.13365496295101176,0-1,0,0.13201880930254062,0-1,0,0.1303826556540696,0-1,0,0.12874650200559834,0-1,0,0.1271103483571272
African Cup of Nations,2022,2022-01-26,Mali,Equatorial Guinea,0,0,0.5048942951261683,0.3216982725385154,0.17340743233531614,0.5617490352095802,0.29082509320204936,0.14742587158786366,0.05685474008366519,home,home,False,1-0,0,0.07906359566465238,1-0,0,0.08796993500171424,1-0,0,0.08752476220423566,1-0,0,0.08707958940675731,1-0,0,0.08663441660927862,1-0,0,0.08618924381180026,1-0,0,0.08574407101432191,1-0,0,0.08529889821684344,1-0,0,0.08485372541936498,1-0,0,0.08440855262188685,1-0,0,0.0839633798244086,1-0,0,0.08351820702692991,1-0,0,0.08307303422945189,1-0,0,0.08262786143197354,1-0,0,0.0821826886344953,1-0,0,0.08173751583701716,1-0,0,0.08129234303953892,1-0,0,0.08084717024206067,1-0,0,0.08040199744458276,1-0,0,0.07995682464710441,1-0,0,0.07951165184962639,1-0,0,0.07906647905214836
African Cup of Nations,2022,2022-01-26,Ivory Coast,Egypt,0,0,0.3435330238463679,0.3486146627391591,0.3078523134144731,0.4248603570129384,0.32702534586474075,0.24811429712182345,0.08132733316681924,draw,home,True,0-0,3,0.06602846714507304,1-0,0,0.1192670986589437,1-0,0,0.11812558534658524,1-0,0,0.11063105206115997,1-0,0,0.10081660412654159,1-0,0,0.09100215619192287,1-0,0,0.08118770825730559,1-0,0,0.07137326032268787,1-0,0,0.06155881238807137,1-0,0,0.05174436445345443,1-0,0,0.04192991651883893,1-0,0,0.03211546858422354,1-0,0,0.022301020649608705,1-0,0,0.01248657271499487,1-0,0,0.0026721247803804804,0-0,3,0.007142323154232799,0-0,3,0.016956771088845413,0-0,3,0.026771219023458248,0-0,3,0.036585666958070084,0-0,3,0.04640011489268103,0-0,3,0.05621456282729198,0-0,3,0.06602901076190226
African Cup of Nations,2022,2022-01-25,Morocco,Malawi,2,1,0.7125002679880692,0.2362461913790766,0.05125354063285421,0.7407127754810453,0.19365551440809262,0.0656317101103661,0.042590676970735986,home,home,False,1-0,1,0.04673655511214658,1-0,1,0.04859916153228361,1-0,1,0.04850660850401933,1-0,1,0.048414055475754836,1-0,1,0.04832150244749012,1-0,1,0.04822894941922584,1-0,1,0.04813639639096112,1-0,1,0.048043843362696625,1-0,1,0.04795129033443235,1-0,1,0.04785873730616741,1-0,1,0.047766184277903134,1-0,1,0.04767363124963886,1-0,1,0.04758107822137414,1-0,1,0.04748852519310964,1-0,1,0.04739597216484537,1-0,1,0.04730341913658087,1-0,1,0.047210866108316374,1-0,1,0.04711831308005188,1-0,1,0.04702576005178738,1-0,1,0.04693320702352333,1-0,1,0.046840653995258386,1-0,1,0.04674810096699411
African Cup of Nations,2022,2022-01-25,Senegal,Cape Verde,2,0,0.5533740506830629,0.3056163372347827,0.14100961208215432,0.6057748114322631,0.28047740342496197,0.11374778514227335,0.05240076074945095,home,home,False,1-0,1,0.06935100642303849,1-0,1,0.07592268074921038,1-0,1,0.07559430738716899,1-0,1,0.07526593402512727,1-0,1,0.07493756066308599,1-0,1,0.07460918730104449,1-0,1,0.07428081393900332,1-0,1,0.07395244057696226,1-0,1,0.07362406721492065,1-0,1,0.07329569385287904,1-0,1,0.07296732049083798,1-0,1,0.07263894712879637,1-0,1,0.07231057376675476,1-0,1,0.07198220040471337,1-0,1,0.07165382704267309,1-0,1,0.0713254536806317,1-0,1,0.07099708031859064,1-0,1,0.0706687069565497,1-0,1,0.07034033359450831,1-0,1,0.07001196023246725,1-0,1,0.0696835868704262,1-0,1,0.06935521350838514
African Cup of Nations,2022,2022-01-24,Cameroon,Comoros,2,1,0.5899310318181967,0.28693686689876685,0.12313210128303652,0.9280763696341966,0.06270898108660115,0.00921464927883162,0.3381453378161852,home,home,False,1-0,1,0.04633719266811065,1-0,1,0.07290485522385604,1-0,1,0.07157670822514328,1-0,1,0.07024856122643008,1-0,1,0.06892041422771733,1-0,1,0.06759226722900458,1-0,1,0.0662641202302916,1-0,1,0.06493597323157863,1-0,1,0.06360782623286632,1-0,1,0.062279679234153784,1-0,1,0.06095153223544103,1-0,1,0.0596233852367285,1-0,1,0.058295238238015745,1-0,1,0.056967091239303436,1-0,1,0.055638944240591126,1-0,1,0.054310797241878817,1-0,1,0.05298265024316673,1-0,1,0.0516545032444542,1-0,1,0.05032635624574211,1-0,1,0.048998209247029356,1-0,1,0.047670062248317824,1-0,1,0.04634191524960607
African Cup of Nations,2022,2022-01-24,Guinea,Gambia,0,1,0.353928926844331,0.33108593100980055,0.3149851421458685,0.3801345325084182,0.3345377329577437,0.2853277345333532,0.029657407612272813,home,home,False,0-0,0,0.008391445494018712,1-0,0,0.031686475968915384,1-0,0,0.029682573305986892,1-0,0,0.027678670643059178,1-0,0,0.02567476798013113,1-0,0,0.02367086531720375,1-0,0,0.021666962654276034,1-0,0,0.01966305999134832,1-0,0,0.017659157328420827,1-0,0,0.015655254665493556,1-0,0,0.013651352002566286,1-0,0,0.011647449339639016,1-0,0,0.009643546676711856,1-0,0,0.007639644013784919,1-0,0,0.005635741350858314,1-0,0,0.003631838687931377,1-0,0,0.0016279360250047725,0-0,0,0.00037596663792205387,0-0,0,0.002379869300848547,0-0,0,0.0043837719637747075,0-0,0,0.006387674626701201,0-0,0,0.008391577289627028
African Cup of Nations,2022,2022-01-23,Nigeria,Tunisia,0,1,0.32371146385174926,0.3272563560432074,0.3490321801050433,0.5368092856772565,0.29519691370782314,0.16799380061440966,0.21309782182576256,away,home,True,0-0,0,0.007229487127668244,1-0,0,0.10077807408021555,1-0,0,0.09877777447220903,1-0,0,0.0967774748642023,1-0,0,0.094777175256196,1-0,0,0.0927768756481897,1-0,0,0.09077657604018352,1-0,0,0.08877627643217734,1-0,0,0.08677597682417126,1-0,0,0.08477567721616541,1-0,0,0.08277537760815978,1-0,0,0.08077507800015404,1-0,0,0.0787747783921483,1-0,0,0.07677447878414279,1-0,0,0.07477417917613749,1-0,0,0.07277387956813208,1-0,0,0.06435707551855441,1-0,0,0.04227260961232482,1-0,0,0.020188143706095896,0-0,0,0.0018963222001313618,0-0,0,0.01139980648753558,0-0,0,0.007229616866734179
African Cup of Nations,2022,2022-01-23,Burkina Faso,Gabon,1,1,0.4397274388941991,0.34883423013756903,0.211438330968232,0.4134125144934376,0.3381212946830347,0.2484661908240076,0.03702785985553571,home,home,False,1-0,0,0.07566107138393874,1-0,0,0.049445452079049934,1-0,0,0.05075628267877297,1-0,0,0.05206711327849611,1-0,0,0.05337794387821937,1-0,0,0.05468877447794229,1-0,0,0.05599960507766566,1-0,0,0.057310435677388694,1-0,0,0.05862126627711206,1-0,0,0.05993209687683554,1-0,0,0.06124292747655902,1-0,0,0.0625537580762826,1-0,0,0.06386458867600608,1-0,0,0.06517541927573,1-0,0,0.06648624987545393,1-0,0,0.06779708047517741,1-0,0,0.06910791107490111,1-0,0,0.07041874167462525,1-0,0,0.07172957227434906,1-0,0,0.0730404028740731,1-0,0,0.07435123347379735,1-0,0,0.0756620640735215
African Cup of Nations,2022,2022-01-20,Gambia,Tunisia,1,0,0.16081327100507975,0.30390561412443895,0.5352811148704814,0.16784761074049928,0.2931827180397512,0.5389696712202536,0.010722896084939773,away,away,False,0-1,0,0.050137027808186185,0-1,0,0.050485785692600205,0-1,0,0.05046851016901166,0-1,0,0.050451234645423004,0-1,0,0.05043395912183413,0-1,0,0.05041668359824525,0-1,0,0.05039940807465659,0-1,0,0.050382132551067826,0-1,0,0.05036485702747906,0-1,0,0.05034758150389029,0-1,0,0.050330305980301526,0-1,0,0.05031303045671265,0-1,0,0.05029575493312388,0-1,0,0.050278479409535115,0-1,0,0.05026120388594624,0-1,0,0.05024392836235758,0-1,0,0.050226652838768704,0-1,0,0.050209377315179826,0-1,0,0.05019210179159128,0-1,0,0.050174826268002404,0-1,0,0.05015755074441375,0-1,0,0.05014027522082476
African Cup of Nations,2022,2022-01-20,Mali,Mauritania,2,0,0.5942269110018294,0.2779327200742317,0.12784036892393882,0.7672941395219703,0.17610381001226674,0.05660205046625433,0.17306722851989514,home,home,False,1-0,1,0.021752821005480927,1-0,1,0.028092095950969842,1-0,1,0.027775279951789855,1-0,1,0.027458463952610312,1-0,1,0.027141647953430548,1-0,1,0.026824831954251227,1-0,1,0.026508015955071684,1-0,1,0.02619119995589214,1-0,1,0.025874383956712155,1-0,1,0.025557567957532612,1-0,1,0.02524075195835307,1-0,1,0.024923935959173082,1-0,1,0.02460711995999354,1-0,1,0.024290303960813553,1-0,1,0.023973487961633788,1-0,1,0.023656671962454245,1-0,1,0.02333985596327448,1-0,1,0.023023039964094494,1-0,1,0.02270622396491473,1-0,1,0.022389407965734964,1-0,1,0.022072591966554977,1-0,1,0.0217557759673751
African Cup of Nations,2022,2022-01-20,Ivory Coast,Algeria,3,1,0.32334366131641684,0.28872283988021447,0.3879334988033686,0.31117177226898735,0.29983545676422135,0.3889927709673074,0.012171889047687595,away,away,False,1-2,0,0.010484319641248407,1-2,0,0.010513830296161375,1-2,0,0.01051239877755783,1-2,0,0.010510967258954063,1-2,0,0.010509535740350406,1-2,0,0.010508104221746528,1-2,0,0.010506672703142983,1-2,0,0.010505241184539327,1-2,0,0.01050380966593556,1-2,0,0.010502378147331792,1-2,0,0.010500946628728025,1-2,0,0.010499515110124369,1-2,0,0.010498083591520713,1-2,0,0.010496652072916945,1-2,0,0.010495220554313178,1-2,0,0.010493789035709633,1-2,0,0.010492357517105755,1-2,0,0.010490925998501988,1-2,0,0.010489494479898331,1-2,0,0.010488062961294675,1-2,0,0.010486631442691019,1-2,0,0.010485199924087252
African Cup of Nations,2022,2022-01-20,Sierra Leone,Equatorial Guinea,0,1,0.2594598564485593,0.3777672627466669,0.3627728808047739,0.2550373072963179,0.35658394729995707,0.38837874540420875,0.025605864599193034,draw,away,True,0-0,0,0.11232200911151069,0-0,0,0.01458879661427015,0-0,0,0.01947547699280583,0-0,0,0.02436215737134162,0-0,0,0.029248837749877854,0-0,0,0.0341355181284142,0-0,0,0.03902219850695121,0-0,0,0.04390887888548778,0-0,0,0.04879555926402479,0-0,0,0.053682239642562135,0-0,0,0.05856892002110026,0-0,0,0.0634556003996376,0-0,0,0.06834228077817572,0-0,0,0.07322896115671362,0-0,0,0.07811564153525263,0-0,0,0.08300232191379087,0-0,0,0.08788900229233043,0-0,0,0.09277568267086966,0-0,0,0.09766236304940867,0-0,0,0.10254904342794868,0-0,0,0.10743572380648869,0-0,0,0.1123224041850287
African Cup of Nations,2022,2022-01-19,Egypt,Sudan,1,0,0.6977332192675182,0.21733679066767872,0.08492999006480312,0.7779963299275096,0.15905503464221163,0.06294863543068273,0.08026311065978942,home,home,False,2-0,1,0.058913503813059265,2-0,1,0.06573175776514284,2-0,1,0.0653926921973238,2-0,1,0.06505362662950498,2-0,1,0.06471456106168616,2-0,1,0.06437549549386712,2-0,1,0.06403642992604808,2-0,1,0.06369736435822881,2-0,1,0.06335829879040955,2-0,1,0.06301923322259118,2-0,1,0.06268016765477213,2-0,1,0.06234110208695265,2-0,1,0.062002036519133386,2-0,1,0.06166297095131412,2-0,1,0.0613239053834953,2-0,1,0.06098483981567604,2-0,1,0.060645774247856776,2-0,1,0.06030670868003796,2-0,1,0.059967643112218916,2-0,1,0.05962857754439943,2-0,1,0.05928951197658017,2-0,1,0.058950446408760904
African Cup of Nations,2022,2022-01-19,Guinea-Bissau,Nigeria,0,2,0.1235284913548595,0.25974167927274533,0.6167298293723952,0.17944647286047466,0.2656726392777393,0.5548808878612768,0.061848941510863786,away,away,False,0-2,3,0.013877528303289033,0-2,3,0.01248872782406485,0-2,3,0.012558329662372247,0-2,3,0.012627931500679423,0-2,3,0.012697533338986822,0-2,3,0.01276713517729422,0-2,3,0.012836737015601618,0-2,3,0.012906338853909016,0-2,3,0.012975940692216303,0-2,3,0.01304554253052359,0-2,3,0.013115144368830989,0-2,3,0.013184746207138165,0-2,3,0.013254348045445452,0-2,3,0.01332394988375285,0-2,3,0.013393551722060137,0-2,3,0.013463153560367536,0-2,3,0.013532755398674712,0-2,3,0.01360235723698211,0-2,3,0.013671959075289286,0-2,3,0.013741560913596795,0-2,3,0.013811162751904194,0-2,3,0.01388076459021137
African Cup of Nations,2022,2022-01-18,Ghana,Comoros,2,3,0.6260927036141637,0.2635285429923018,0.11037875339353456,0.7527786871159081,0.17666094530645848,0.07056036757813026,0.126685983501496,home,home,False,1-0,0,0.009026063768756254,1-0,0,0.010854523451063303,1-0,0,0.010763187444719602,1-0,0,0.010671851438375901,1-0,0,0.010580515432032422,1-0,0,0.010489179425688722,1-0,0,0.010397843419344799,1-0,0,0.010306507413000876,1-0,0,0.010215171406657397,1-0,0,0.010123835400313475,1-0,0,0.010032499393969552,1-0,0,0.009941163387626073,1-0,0,0.009849827381282372,1-0,0,0.009758491374938671,1-0,0,0.009667155368594749,1-0,0,0.009575819362251048,1-0,0,0.009484483355907125,1-0,0,0.009393147349563202,1-0,0,0.009301811343219502,1-0,0,0.009210475336875579,1-0,0,0.0091191393305321,1-0,0,0.009027803324188177
African Cup of Nations,2022,2022-01-18,Gabon,Morocco,2,2,0.12419446937530819,0.3226899449468094,0.5531155856778824,0.13734519927267771,0.33160533223034433,0.5310494684964856,0.02206611718115064,away,away,False,0-1,0,0.12017770196314581,0-1,0,0.1153874963372492,0-1,0,0.11562722485280752,0-1,0,0.11586695336836583,0-1,0,0.11610668188392448,0-1,0,0.1163464103994829,0-1,0,0.11658613891504133,0-1,0,0.11682586743059975,0-1,0,0.11706559594615806,0-1,0,0.11730532446171649,0-1,0,0.11754505297727469,0-1,0,0.11778478149283322,0-1,0,0.11802451000839154,0-1,0,0.11826423852394963,0-1,0,0.1185039670395086,0-1,0,0.11874369555506659,0-1,0,0.1189834240706249,0-1,0,0.11922315258618321,0-1,0,0.1194628811017413,0-1,0,0.11970260961729984,0-1,0,0.11994233813285826,0-1,0,0.12018206664841646
African Cup of Nations,2022,2022-01-18,Zimbabwe,Guinea,2,1,0.30426728859275837,0.31979733821405926,0.37593537319318227,0.12982163723434242,0.2572729247009156,0.6129054380652127,0.236970064871795,away,away,False,0-1,0,0.041663710335541504,0-1,0,0.06944506157280428,0-1,0,0.0681025705681656,0-1,0,0.06676007956352792,0-1,0,0.06541758855888957,0-1,0,0.06407509755425089,0-1,0,0.0627326065496121,0-1,0,0.06139011554497342,0-1,0,0.060047624540334854,0-1,0,0.05870513353569584,0-1,0,0.05736264253105705,0-1,0,0.05602015152641793,0-1,0,0.05467766052177914,0-1,0,0.0533351695171399,0-1,0,0.05199267851250078,0-1,0,0.050650187507861544,0-1,0,0.04930769650322242,0-1,0,0.04796520549858274,0-1,0,0.04662271449394351,0-1,0,0.04528022348930383,0-1,0,0.04393773248466459,0-1,0,0.04166475056212526
African Cup of Nations,2022,2022-01-18,Malawi,Senegal,0,0,0.055791140456033256,0.23087206207432262,0.7133367974696441,0.06730684758684384,0.20404228743668304,0.7286508649768569,0.026829774637831517,away,away,False,0-1,0,0.02458961061945364,0-1,0,0.025125040259436293,0-1,0,0.02509863758971176,0-1,0,0.025072234919987668,0-1,0,0.025045832250263356,0-1,0,0.0250194295805386,0-1,0,0.02499302691081473,0-1,0,0.024966624241090196,0-1,0,0.02494022157136566,0-1,0,0.024913818901641793,0-1,0,0.02488741623191726,0-1,0,0.024861013562192502,0-1,0,0.024834610892467968,0-1,0,0.024808208222743877,0-1,0,0.024781805553019565,0-1,0,0.02475540288329503,0-1,0,0.024729000213570274,0-1,0,0.024702597543846405,0-1,0,0.02467619487412165,0-1,0,0.02464979220439778,0-1,0,0.024623389534673024,0-1,0,0.024596986864948267
African Cup of Nations,2022,2022-01-17,Burkina Faso,Ethiopia,1,1,0.5763458498483488,0.27446587545504575,0.14918827469660537,0.6142363986217138,0.24230783803380643,0.14345576334397722,0.03789054877361621,home,home,False,2-0,0,0.004667074746306454,2-0,0,0.004974710935378046,2-0,0,0.0049593671257506244,2-0,0,0.004944023316123425,2-0,0,0.004928679506496336,2-0,0,0.004913335696869137,2-0,0,0.004897991887241826,2-0,0,0.004882648077614182,2-0,0,0.004867304267986983,2-0,0,0.004851960458359783,2-0,0,0.0048366166487324724,2-0,0,0.004821272839105273,2-0,0,0.004805929029478184,2-0,0,0.0047905852198506516,2-0,0,0.004775241410223341,2-0,0,0.004759897600596474,2-0,0,0.004744553790968942,2-0,0,0.004729209981341631,2-0,0,0.0047138661717144315,2-0,0,0.004698522362087121,2-0,0,0.004683178552459921,2-0,0,0.004667834742832833
African Cup of Nations,2022,2022-01-17,Cape Verde,Cameroon,1,1,0.2053775994680653,0.34268457478897174,0.451937825742963,0.12998121973881838,0.2684093320751838,0.6016094481854902,0.14967162244278104,away,away,False,0-1,0,0.10450896372619856,0-1,0,0.13912228910594338,0-1,0,0.13739170967511427,0-1,0,0.13566113024428583,0-1,0,0.13393055081345617,0-1,0,0.13219997138262707,0-1,0,0.13046939195179874,0-1,0,0.12873881252097052,0-1,0,0.12700823309014098,0-1,0,0.1252776536593122,0-1,0,0.12354707422848354,0-1,0,0.1218164947976551,0-1,0,0.12008591536682689,0-1,0,0.11835533593599856,0-1,0,0.11662475650517046,0-1,0,0.11489417707434224,0-1,0,0.11316359764351414,0-1,0,0.11143301821268625,0-1,0,0.10970243878185837,0-1,0,0.10797185935103082,0-1,0,0.10624127992020316,0-1,0,0.10451070048937561
African Cup of Nations,2022,2022-01-16,Algeria,Equatorial Guinea,0,1,0.658877704024372,0.23006113131312217,0.11106116466250587,0.7409124143741086,0.1885618577551669,0.07052572787118368,0.08203471034950705,home,home,False,2-0,0,0.060469490388442626,2-0,0,0.06803557803556437,2-0,0,0.06765892899923287,2-0,0,0.06728227996290137,2-0,0,0.06690563092656943,2-0,0,0.06652898189023815,2-0,0,0.06615233285390643,2-0,0,0.0657756838175747,2-0,0,0.06539903478124298,2-0,0,0.0650223857449117,2-0,0,0.06464573670857976,2-0,0,0.06426908767224848,2-0,0,0.06389243863591632,2-0,0,0.06351578959958504,2-0,0,0.06313914056325332,2-0,0,0.06276249152692137,2-0,0,0.062385842490589205,2-0,0,0.062009193454257705,2-0,0,0.06163254441792643,2-0,0,0.06125589538159448,2-0,0,0.06087924634526232,2-0,0,0.06050259730893093
African Cup of Nations,2022,2022-01-16,Ivory Coast,Sierra Leone,2,2,0.6546611157523057,0.2466297381070026,0.09870914614069175,0.7536594916173973,0.19033093680366892,0.05600957157849549,0.09899837586531078,home,home,False,2-0,0,0.013859569290254559,2-0,0,0.015960124432176537,2-0,0,0.015855300807252393,2-0,0,0.01575047718232825,2-0,0,0.015645653557404327,2-0,0,0.015540829932480404,2-0,0,0.015436006307556482,2-0,0,0.015331182682631894,2-0,0,0.015226359057707972,2-0,0,0.01512153543278405,2-0,0,0.015016711807860128,2-0,0,0.014911888182935984,2-0,0,0.01480706455801184,2-0,0,0.01470224093308814,2-0,0,0.014597417308163996,2-0,0,0.01449259368323963,2-0,0,0.01438777005831593,2-0,0,0.014282946433391563,2-0,0,0.014178122808467863,2-0,0,0.01407329918354372,2-0,0,0.013968475558619797,2-0,0,0.013863651933695875
African Cup of Nations,2022,2022-01-16,Tunisia,Mauritania,4,0,0.6064703820360969,0.27034003643299837,0.12318958153090472,0.6728986937680215,0.22738237322801166,0.09971893300447653,0.06642831173166971,home,home,False,1-0,1,0.009780232597062621,1-0,1,0.010853309164449376,1-0,1,0.010799737429865175,1-0,1,0.010746165695280085,1-0,1,0.010692593960696106,1-0,1,0.01063902222611146,1-0,1,0.010585450491527038,1-0,1,0.010531878756942836,1-0,1,0.010478307022357969,1-0,1,0.010424735287773768,1-0,1,0.010371163553189122,1-0,1,0.010317591818604699,1-0,1,0.010264020084020276,1-0,1,0.010210448349435408,1-0,1,0.010156876614850985,1-0,1,0.010103304880266561,1-0,1,0.010049733145682138,1-0,1,0.009996161411097493,1-0,1,0.009942589676513403,1-0,1,0.00988901794192898,1-0,1,0.009835446207344223,1-0,1,0.009781874472759688
African Cup of Nations,2022,2022-01-16,Gambia,Mali,1,1,0.1659198005227635,0.3107031318543505,0.5233770676228859,0.12257287433550915,0.30084170399741195,0.5765854216675518,0.053208354044429376,away,away,False,0-1,0,0.06101405230985513,0-1,0,0.06722046227712286,0-1,0,0.06691030093576211,0-1,0,0.06660013959440136,0-1,0,0.06628997825304062,0-1,0,0.06597981691167987,0-1,0,0.06566965557031912,0-1,0,0.06535949422895837,0-1,0,0.0650493328875974,0-1,0,0.06473917154623665,0-1,0,0.06442901020487579,0-1,0,0.06411884886351504,0-1,0,0.06380868752215396,0-1,0,0.06349852618079299,0-1,0,0.06318836483943224,0-1,0,0.06287820349807127,0-1,0,0.06256804215671041,0-1,0,0.06225788081534955,0-1,0,0.06194771947398858,0-1,0,0.06163755813262761,0-1,0,0.06132739679126653,0-1,0,0.06101723544990545
African Cup of Nations,2022,2022-01-15,Guinea-Bissau,Egypt,0,1,0.09656084309448644,0.24893693735055097,0.6545022195549626,0.12165965836091491,0.23788460595063102,0.6404557356888924,0.025098815266209322,away,away,False,0-2,1,0.005792069063473404,0-2,1,0.0056692958179092034,0-2,1,0.00567551277154088,0-2,1,0.005681729725172779,0-2,1,0.005687946678804456,0-2,1,0.005694163632436355,0-2,1,0.00570038058606781,0-2,1,0.005706597539699931,0-2,1,0.00571281449333183,0-2,1,0.005719031446963507,0-2,1,0.005725248400595184,0-2,1,0.005731465354227305,0-2,1,0.005737682307859204,0-2,1,0.005743899261490881,0-2,1,0.005750116215122336,0-2,1,0.005756333168754235,0-2,1,0.005762550122386134,0-2,1,0.005768767076018033,0-2,1,0.00577498402964971,0-2,1,0.005781200983281609,0-2,1,0.005787417936913286,0-2,1,0.005793634890545185
African Cup of Nations,2022,2022-01-15,Nigeria,Sudan,3,1,0.6599606218030093,0.23002721367106801,0.11001216452592266,0.8105854492122376,0.15515750945280785,0.03425704133534759,0.15062482740903177,home,home,False,2-0,1,0.061662928178778165,2-0,1,0.07577757601149893,2-0,1,0.07507351795572648,2-0,1,0.0743694598999538,2-0,1,0.07366540184418158,2-0,1,0.07296134378840846,2-0,1,0.07225728573263601,2-0,1,0.07155322767686334,2-0,1,0.07084916962109067,2-0,1,0.07014511156531777,2-0,1,0.06944105350954488,2-0,1,0.06873699545377221,2-0,1,0.06803293739799932,2-0,1,0.06732887934222642,2-0,1,0.06662482128645353,2-0,1,0.06592076323068063,2-0,1,0.06521670517490774,2-0,1,0.06451264711913485,2-0,1,0.06380858906336173,2-0,1,0.06310453100758906,2-0,1,0.06240047295181572,2-0,1,0.06169641489604227
African Cup of Nations,2022,2022-01-14,Gabon,Ghana,1,1,0.1828347915539538,0.3349154419845126,0.48224976646153367,0.1423016314710451,0.28834529717751606,0.569353071351951,0.0871033048901613,away,away,False,0-1,0,0.10018368393702126,0-1,0,0.11828148968503238,0-1,0,0.11737671642769076,0-1,0,0.11647194317034859,0-1,0,0.11556716991300564,0-1,0,0.11466239665566547,0-1,0,0.11375762339832285,0-1,0,0.1128528501409809,0-1,0,0.11194807688363884,0-1,0,0.11104330362629666,0-1,0,0.11013853036895427,0-1,0,0.1092337571116121,0-1,0,0.10832898385426981,0-1,0,0.1074242105969273,0-1,0,0.10651943733958491,0-1,0,0.10561466408224252,0-1,0,0.10470989082490001,0-1,0,0.1038051175675575,0-1,0,0.10290034431021478,0-1,0,0.10199557105287205,0-1,0,0.10109079779552954,0-1,0,0.1001860245381867
African Cup of Nations,2022,2022-01-14,Morocco,Comoros,2,0,0.6908180471469595,0.23786840379785043,0.07131354905519009,0.7599589056953032,0.18321542450804493,0.05682566979615072,0.06914085854859431,home,home,False,1-0,1,0.009440383148423326,1-0,1,0.01038829118492468,1-0,1,0.010341034986859565,1-0,1,0.010293778788794228,1-0,1,0.01024652259072889,1-0,1,0.010199266392663997,1-0,1,0.010152010194598438,1-0,1,0.010104753996533322,1-0,1,0.010057497798468207,1-0,1,0.01001024160040287,1-0,1,0.009962985402337532,1-0,1,0.009915729204272195,1-0,1,0.009868473006207079,1-0,1,0.009821216808141964,1-0,1,0.009773960610076404,1-0,1,0.009726704412011511,1-0,1,0.009679448213946173,1-0,1,0.009632192015881058,1-0,1,0.009584935817815499,1-0,1,0.009537679619750605,1-0,1,0.009490423421685268,1-0,1,0.009443167223620152
African Cup of Nations,2022,2022-01-14,Malawi,Zimbabwe,2,1,0.2014159572318231,0.3689385476072354,0.42964549516094147,0.28288659508479924,0.3359026923724401,0.38121071254324296,0.08147063785273498,away,away,False,0-1,0,0.011360059597082084,0-0,0,0.009100746971876572,0-0,0,0.008077702603004111,0-0,0,0.007054658234132538,0-0,0,0.006031613865260188,0-0,0,0.005008569496387394,0-0,0,0.003985525127515599,0-0,0,0.002962480758643138,0-0,0,0.0019394363897702327,0-0,0,0.0009163920208981047,0-1,0,0.0001066523479748005,0-1,0,0.0011296967168470395,0-1,0,0.0021527410857200557,0-1,0,0.003175785454592517,0-1,0,0.004198829823465755,0-1,0,0.005221874192338327,0-1,0,0.006244918561210899,0-1,0,0.0072679629300840265,0-1,0,0.00829100729895671,0-1,0,0.009314051667830392,0-1,0,0.010337096036703408,0-1,0,0.011360140405576202
African Cup of Nations,2022,2022-01-14,Senegal,Guinea,0,0,0.6323552649556903,0.25079331393284093,0.11685142111146883,0.48642489930976934,0.30881662583130526,0.20475847485939602,0.14593036564615622,home,home,False,2-0,0,0.02643501977104401,2-0,0,0.020340559549898662,2-0,0,0.020645673997861325,2-0,0,0.02095078844582421,2-0,0,0.02125590289378687,2-0,0,0.021561017341749533,2-0,0,0.021866131789712306,2-0,0,0.02217124623767519,2-0,0,0.022476360685637853,2-0,0,0.022781475133600848,2-0,0,0.02308658958156351,2-0,0,0.023391704029526283,2-0,0,0.023696818477489168,2-0,0,0.02400193292545183,2-0,0,0.024307047373414825,2-0,0,0.024612161821377487,2-0,0,0.024917276269340483,2-0,0,0.025222390717303478,2-0,0,0.02552750516526625,2-0,0,0.025832619613229246,2-0,0,0.02613773406119213,2-0,0,0.02644284850915446
African Cup of Nations,2022,2022-01-13,Cape Verde,Burkina Faso,0,1,0.2202021319576842,0.3381178467510764,0.44168002129123934,0.2636632723635382,0.36413287530058075,0.3722038523353935,0.06947616895560209,away,away,False,0-1,3,0.09015678765545942,0-0,0,0.0769617830899556,0-0,0,0.06797117051949142,0-0,0,0.0589805579490279,0-0,0,0.049989945378564826,0-0,0,0.04099933280810175,0-0,0,0.03200872023763901,0-0,0,0.02301810766717749,0-0,0,0.01402749509671597,0-0,0,0.005036882526255004,0-1,3,0.003953730044205739,0-1,3,0.012944342614665816,0-1,3,0.02193495518512545,0-1,3,0.030925567755584527,0-1,3,0.039916180326043715,0-1,3,0.048906792896501905,0-1,3,0.05789740546695965,0-1,3,0.06688801803741806,0-1,3,0.07587863060787459,0-1,3,0.08486924317833155,0-1,3,0.08944932742406042,0-1,3,0.0901584224120976
African Cup of Nations,2022,2022-01-13,Cameroon,Ethiopia,4,1,0.5858006316019916,0.2756345327688562,0.1385648356291523,0.7794444763689931,0.17328789134556133,0.04726763228591672,0.19364384476676597,home,home,False,1-0,1,0.0066310839767188545,1-0,1,0.008824411010349031,1-0,1,0.008714794935846593,1-0,1,0.008605178861344154,1-0,1,0.008495562786841493,1-0,1,0.008385946712339054,1-0,1,0.008276330637836615,1-0,1,0.008166714563333954,1-0,1,0.008057098488831294,1-0,1,0.007947482414328855,1-0,1,0.007837866339825972,1-0,1,0.007728250265323755,1-0,1,0.007618634190820872,1-0,1,0.007509018116318211,1-0,1,0.0073994020418157724,1-0,1,0.007289785967313112,1-0,1,0.007180169892810895,1-0,1,0.007070553818308012,1-0,1,0.00696093774380524,1-0,1,0.006851321669302912,1-0,1,0.006741705594799918,1-0,1,0.006632089520297257
African Cup of Nations,2022,2022-01-12,Equatorial Guinea,Ivory Coast,0,1,0.13056195261203118,0.2922839619536347,0.5771540854343341,0.08930908874485322,0.23658623080172,0.6741046804529304,0.09695059501884447,away,away,False,0-1,3,0.05042261752530541,0-1,3,0.058897863269480766,0-1,3,0.058474324978255554,0-1,3,0.05805078668703034,0-1,3,0.05762724839580513,0-1,3,0.0572037101045797,0-1,3,0.056780171813354485,0-1,3,0.056356633522129496,0-1,3,0.055933095230904506,0-1,3,0.055509556939679294,0-1,3,0.05508601864845408,0-1,3,0.054662480357229315,0-1,3,0.05423894206600388,0-1,3,0.05381540377477889,0-1,3,0.05339186548355379,0-1,3,0.0529683271923288,0-1,3,0.05254478890110448,0-1,3,0.05212125060987949,0-1,3,0.051697712318654165,0-1,3,0.05127417402742873,0-1,3,0.0508506357362043,0-1,3,0.05042709744497953
African Cup of Nations,2022,2022-01-12,Mauritania,Gambia,0,1,0.25864964506694815,0.3742946518634914,0.3670557030695605,0.2698004139582444,0.35513621607581963,0.3750633699654488,0.01915843578742818,draw,away,True,0-0,0,0.0960718847368367,0-0,0,0.038248791636315005,0-0,0,0.04113996552851307,0-0,0,0.04403113942071035,0-0,0,0.04692231331290808,0-0,0,0.04981348720510592,0-0,0,0.05270466109730332,0-0,0,0.05559583498950027,0-0,0,0.058487008881697,0-0,0,0.06137818277389406,0-0,0,0.0642693566660909,0-0,0,0.06716053055828763,0-0,0,0.07005170445048403,0-0,0,0.07294287834268032,0-0,0,0.07583405223487649,0-0,0,0.07872522612707256,0-0,0,0.0816164000192684,0-0,0,0.08450757391146457,0-0,0,0.0873987478036603,0-0,0,0.09028992169585515,0-0,0,0.0931810955880511,0-0,0,0.09607226948024616
African Cup of Nations,2022,2022-01-12,Tunisia,Mali,0,1,0.34677154010026984,0.32287866107686525,0.33034979882286497,0.3239837384124168,0.34467908053515445,0.3313371810529369,0.022787801688107095,home,draw,True,1-1,0,0.0017407623671168437,1-1,0,0.0018583359833788116,1-1,0,0.0018524591393493939,1-1,0,0.0018465822953197542,1-1,0,0.0018407054512898924,1-1,0,0.0018348286072603637,1-1,0,0.001828951763230835,1-1,0,0.0018230749192010842,1-1,0,0.0018171980751714445,1-1,0,0.0018113212311416937,1-1,0,0.001805444387112054,1-1,0,0.0017995675430824143,1-1,0,0.0017936906990527746,1-1,0,0.0017878138550232459,1-1,0,0.001781937010993495,1-1,0,0.0017760601669636333,1-1,0,0.0017701833229342157,1-1,0,0.001764306478904465,1-1,0,0.0017584296348748252,1-1,0,0.0017525527908452965,1-1,0,0.0017466759468154347,1-1,0,0.001740799102785795
African Cup of Nations,2022,2022-01-11,Sudan,Guinea-Bissau,0,0,0.31894679833933726,0.31942555847074694,0.36162764318991575,0.26955440098910777,0.34716630056624825,0.3832792984441554,0.04939239734998524,away,away,False,0-1,0,0.017870457521226513,0-1,0,0.002633960180856376,0-1,0,0.003395806931457801,0-1,0,0.004157653682059781,0-1,0,0.004919500432660762,0-1,0,0.0056813471832624085,0-1,0,0.006443193933863167,0-1,0,0.007205040684464703,0-1,0,0.00796688743506635,0-1,0,0.008728734185666998,0-1,0,0.009490580936268533,0-1,0,0.010252427686869625,0-1,0,0.011014274437470384,0-1,0,0.011776121188071365,0-1,0,0.012537967938672123,0-1,0,0.013299814689273326,0-1,0,0.014061661439874418,0-1,0,0.014823508190475287,0-1,0,0.015585354941076046,0-1,0,0.01634720169167736,0-1,0,0.017109048442278008,0-1,0,0.017870895192878766
African Cup of Nations,2022,2022-01-11,Nigeria,Egypt,1,0,0.27314934466916035,0.3486177091135856,0.37823294621725406,0.31490711180527614,0.33642216910030565,0.3486707190949023,0.04175776713587373,away,away,False,0-0,0,0.012771038240158128,0-0,0,0.0426846529341357,0-0,0,0.041188978197148174,0-0,0,0.039693303460160534,0-0,0,0.038197628723173005,0-0,0,0.036701953986185254,0-0,0,0.03520627924919739,0-0,0,0.03371060451220964,0-0,0,0.03221492977522167,0-0,0,0.030719255038232918,0-0,0,0.029223580301245167,0-0,0,0.02772790556425675,0-0,0,0.026232230827268554,0-0,0,0.02473655609028058,0-0,0,0.023240881353292053,0-0,0,0.021745206616303192,0-0,0,0.020249531879315108,0-0,0,0.018753857142326136,0-0,0,0.01725818240533783,0-0,0,0.015762507668348857,0-0,0,0.014266832931359663,0-0,0,0.012771158194371024
African Cup of Nations,2022,2022-01-11,Algeria,Sierra Leone,0,0,0.7370766040897674,0.18405937178949497,0.07886402412073758,0.8546879618185277,0.12081302150488578,0.024499016676189735,0.11761135772895866,home,home,False,2-0,0,0.06789446156071932,2-0,0,0.07886123726782057,2-0,0,0.07831864291750779,2-0,0,0.07777604856719456,2-0,0,0.07723345421688155,2-0,0,0.07669085986656876,2-0,0,0.07614826551625642,2-0,0,0.07560567116594297,2-0,0,0.0750630768156304,2-0,0,0.07452048246531717,2-0,0,0.07397788811500439,2-0,0,0.0734352937646916,2-0,0,0.07289269941437904,2-0,0,0.07235010506406647,2-0,0,0.07180751071375369,2-0,0,0.0712649163634409,2-0,0,0.07072232201312789,2-0,0,0.07017972766281555,2-0,0,0.06963713331250299,2-0,0,0.06909453896219042,2-0,0,0.06855194461187786,2-0,0,0.0680093502615653
African Cup of Nations,2022,2022-01-10,Comoros,Gabon,0,1,0.21811188256935254,0.33778905854635916,0.44409905888428824,0.2564466657905958,0.33415946992753215,0.40939386428136526,0.03833478322149661,away,away,False,0-1,3,0.09022809984981539,0-1,3,0.05150189310914466,0-1,3,0.05427408750706897,0-1,3,0.05704628190499261,0-1,3,0.05981847630291659,0-1,3,0.06259067070084035,0-1,3,0.06536286509876366,0-1,3,0.06813505949668652,0-1,3,0.07090725389461006,0-1,3,0.07367944829253292,0-1,3,0.0764516426904559,0-1,3,0.07922383708837899,0-1,3,0.08199603148630086,0-1,3,0.08476822588422384,0-1,3,0.08754042028214604,0-1,3,0.08811440373751966,0-1,3,0.08846696491641726,0-1,3,0.08881952609531463,0-1,3,0.089172087274212,0-1,3,0.08952464845310959,0-1,3,0.08987720963200707,0-1,3,0.09022977081090444
African Cup of Nations,2022,2022-01-10,Morocco,Ghana,1,0,0.3918018304709404,0.380459696850128,0.2277384726789316,0.39709680073381054,0.3558129528667968,0.24709024639986524,0.024646743983567462,home,home,False,0-0,0,0.07494084735538187,0-0,0,0.00888633653567128,0-0,0,0.012189077155057682,0-0,0,0.01549181777444364,0-0,0,0.018794558393830374,0-0,0,0.022097299013216998,0-0,0,0.0254000396326044,0-0,0,0.028702780251991133,0-0,0,0.0320055208713782,0-0,0,0.03530826149076516,0-0,0,0.038611002110153114,0-0,0,0.04191374272954007,0-0,0,0.04521648334892825,0-0,0,0.048519223968316205,0-0,0,0.05182196458770438,0-0,0,0.055124705207092894,0-0,0,0.05842744582648107,0-0,0,0.061730186445869584,0-0,0,0.0650329270652581,0-0,0,0.06833566768464727,0-0,0,0.07163840830403656,0-0,0,0.0749411489234253
African Cup of Nations,2022,2022-01-10,Guinea,Malawi,1,0,0.5023292822149481,0.31453959486152533,0.18313112292352643,0.6438244865096499,0.24799754305659236,0.10817797043426716,0.141495204294447,home,home,False,1-0,3,0.058647607514225486,1-0,3,0.07517076099876285,1-0,3,0.07434473601778202,1-0,3,0.07351871103680119,1-0,3,0.0726926860558208,1-0,3,0.0718666610748393,1-0,3,0.07104063609385747,1-0,3,0.07021461111287675,1-0,3,0.06938858613189525,1-0,3,0.06856256115091475,1-0,3,0.06773653616993369,1-0,3,0.06691051118895186,1-0,3,0.06608448620797047,1-0,3,0.06525846122698908,1-0,3,0.06443243624600781,1-0,3,0.06360641126502631,1-0,3,0.0627803862840447,1-0,3,0.06195436130306309,1-0,3,0.0611283363220817,1-0,3,0.0603023113411002,1-0,3,0.05947628636011848,1-0,3,0.05865026137913654
African Cup of Nations,2022,2022-01-10,Senegal,Zimbabwe,1,0,0.6204686999692368,0.27665541083832124,0.102875889192442,0.7563171049619256,0.17799477449628517,0.06568812054222711,0.13584840499246986,home,home,False,1-0,3,0.04754529949216946,1-0,3,0.05796240127479213,1-0,3,0.05744184582846912,1-0,3,0.05692129038214566,1-0,3,0.05640073493582243,1-0,3,0.05588017948949897,1-0,3,0.05535962404317574,1-0,3,0.05483906859685184,1-0,3,0.0543185131505286,1-0,3,0.05379795770420537,1-0,3,0.05327740225788169,1-0,3,0.05275684681155868,1-0,3,0.05223629136523478,1-0,3,0.05171573591891132,1-0,3,0.051195180472587865,1-0,3,0.05067462502626441,1-0,3,0.05015406957994073,1-0,3,0.04963351413361683,1-0,3,0.04911295868729337,1-0,3,0.04859240324096992,1-0,3,0.04807184779464646,1-0,3,0.04755129234832234
African Cup of Nations,2022,2022-01-09,Ethiopia,Cape Verde,0,1,0.24167909797731807,0.30779243058012457,0.45052847144255737,0.23165260654116315,0.31839677600578475,0.4499506174535457,0.010604345425413386,away,away,False,0-1,3,0.023400105910077684,0-1,3,0.02337124645009081,0-1,3,0.023372747189001952,0-1,3,0.023374247927913094,0-1,3,0.023375748666824347,0-1,3,0.02337724940573549,0-1,3,0.02337875014464652,0-1,3,0.023380250883557774,0-1,3,0.023381751622469138,0-1,3,0.02338325236138017,0-1,3,0.023384753100291533,0-1,3,0.023386253839202786,0-1,3,0.023387754578113817,0-1,3,0.02338925531702496,0-1,3,0.023390756055936213,0-1,3,0.023392256794847577,0-1,3,0.02339375753375872,0-1,3,0.023395258272669972,0-1,3,0.02339675901158067,0-1,3,0.023398259750492367,0-1,3,0.0233997604894034,0-1,3,0.023401261228314874
African Cup of Nations,2022,2022-01-09,Cameroon,Burkina Faso,2,1,0.3283854329652464,0.37418228802861236,0.2974322790061412,0.5837300166304283,0.2664445528941182,0.14982543047590854,0.2553445836649544,draw,home,True,0-0,0,0.15833843745166643,1-0,1,0.24664867861857098,1-0,1,0.24125402677961783,1-0,1,0.23585937494066322,1-0,1,0.23046472310170885,1-0,1,0.2250700712627528,1-0,1,0.21967541942379765,1-0,1,0.21428076758484293,1-0,1,0.2088861157458869,1-0,1,0.20349146390693085,1-0,1,0.1980968120679747,1-0,1,0.1927021602290181,1-0,1,0.17603681635232005,1-0,1,0.13888395167997503,1-0,1,0.10173108700762812,1-0,1,0.06457822233527954,1-0,1,0.02742535766292864,0-0,0,0.009727507009423042,0-0,0,0.04688037168177672,0-0,0,0.08403323635413185,0-0,0,0.1211861010264893,0-0,0,0.15833896569884787
African Cup of Nations,2024,2024-02-11,Nigeria,Ivory Coast,2,1,0.25396361349350766,0.30540324742764813,0.4406331390788442,0.33418559978350126,0.3415938727614407,0.32422052745556623,0.11641261162353209,away,draw,True,0-1,0,0.036745239574303534,1-1,0,0.004315568929199376,1-1,0,0.004292707989546729,1-1,0,0.004269847049894193,1-1,0,0.004246986110241435,1-1,0,0.004224125170588788,1-1,0,0.0042012642309362525,1-1,0,0.0041784032912834945,1-1,0,0.0038567717035901117,0-1,0,0.009376685445000699,0-1,0,0.022610142593591953,0-1,0,0.03189261147114275,0-1,0,0.03237802487180952,0-1,0,0.0328634382724764,0-1,0,0.033348851673143054,0-1,0,0.03383426507380993,0-1,0,0.03431967847447659,0-1,0,0.03480509187514336,0-1,0,0.035290505275810236,0-1,0,0.03577591867647689,0-1,0,0.036261332077144104,0-1,0,0.03674674547781098
African Cup of Nations,2024,2024-02-10,South Africa,DR Congo,0,0,0.3134600882382481,0.3373153080925294,0.3492246036692225,0.29200490367412235,0.2902884952103019,0.4177066011150844,0.06848199744610758,away,away,False,0-0,3,0.027581742842537782,0-1,0,0.1135258161159497,0-1,0,0.11259520182489458,0-1,0,0.11166458753383945,0-1,0,0.11073397324278456,0-1,0,0.10980335895172955,0-1,0,0.10887274466067465,0-1,0,0.10794213036961986,0-1,0,0.10701151607856485,0-1,0,0.10558624654974613,0-1,0,0.09448889172898978,0-1,0,0.08339153690823486,0-1,0,0.0722941820874794,0-1,0,0.06119682726672471,0-1,0,0.050099472445971016,0-1,0,0.039002117625217325,0-1,0,0.027904762804464522,0-1,0,0.016807407983712164,0-1,0,0.005710053162960249,0-0,3,0.005387301657790444,0-0,3,0.01648465647854158,0-0,3,0.02758201129929183
African Cup of Nations,2024,2024-02-07,Ivory Coast,DR Congo,1,0,0.5303517926597296,0.27793384104447544,0.19171436629579494,0.457669120830074,0.32028363831726875,0.22204724085219268,0.07268267182942335,home,home,False,2-0,1,0.002483870087979567,2-0,1,0.0021437358637762527,2-0,1,0.0021607582543182735,2-0,1,0.0021777806448601833,2-0,1,0.002194803035402426,2-0,1,0.002211825425944336,2-0,1,0.002228847816486468,2-0,1,0.0022458702070283776,2-0,1,0.0022628925975702874,2-0,1,0.002279914988112308,2-0,1,0.002296937378654329,2-0,1,0.00231395976919635,2-0,1,0.0023309821597383706,2-0,1,0.0023480045502803915,2-0,1,0.0023650269408224123,2-0,1,0.002382049331364433,2-0,1,0.002399071721906454,2-0,1,0.0024160941124484747,2-0,1,0.0024331165029904955,2-0,1,0.0024501388935325163,2-0,1,0.002467161284074426,2-0,1,0.002484183674616558
African Cup of Nations,2024,2024-02-07,Nigeria,South Africa,1,1,0.42105063260851533,0.33332959204617857,0.24561977534530613,0.5766168839966952,0.27289368862229846,0.15048942738150478,0.15556625138793068,home,home,False,1-0,0,0.08812900742945406,1-0,0,0.1281472339168822,1-0,0,0.1264185831125565,1-0,0,0.124689932308231,1-0,0,0.12296128150390406,1-0,0,0.12123263069957801,1-0,0,0.1195039798952513,1-0,0,0.11777532909092481,1-0,0,0.11604667828659843,1-0,0,0.11431802748227193,1-0,0,0.112589376677945,1-0,0,0.11086072587361817,1-0,0,0.10913207506929135,1-0,0,0.1074034242649643,1-0,0,0.10567477346063725,1-0,0,0.10394612265631009,1-0,0,0.10221747185198293,1-0,0,0.10048882104765544,1-0,0,0.09876017024332806,1-0,0,0.09703151943900068,1-0,0,0.09530286863467308,1-0,0,0.0881303557396883
African Cup of Nations,2024,2024-02-03,Cape Verde,South Africa,0,0,0.2772809444369084,0.3623603264977005,0.36035872906539107,0.31350993290983187,0.32572471692833654,0.36076535016136047,0.0366356095691284,draw,away,True,0-0,3,0.07428086163871239,0-1,0,0.005584041273515972,0-1,0,0.0015907795449099371,0-0,3,0.0024024821836962085,0-0,3,0.006395743912301688,0-0,3,0.010389005640906612,0-0,3,0.014382267369511648,0-0,3,0.018375529098117127,0-0,3,0.02236879082672172,0-0,3,0.026362052555326754,0-0,3,0.030355314283931345,0-0,3,0.03434857601253527,0-0,3,0.03834183774113964,0-0,3,0.04233509946974312,0-0,3,0.04632836119834716,0-0,3,0.05032162292695008,0-0,3,0.054314884655553675,0-0,3,0.058308146384157156,0-0,3,0.06230140811275997,0-0,3,0.06629466984136256,0-0,3,0.07028793156996493,0-0,3,0.07428119329856753
African Cup of Nations,2024,2024-02-03,Mali,Ivory Coast,2,1,0.29626203078074004,0.3338904511188547,0.36984751810040534,0.2632101943312498,0.3299676143240789,0.40682219134418746,0.036974673244024064,away,away,False,0-1,0,0.012158398445212715,0-1,0,0.08784105688454169,0-1,0,0.08405693104432621,0-1,0,0.08027280520411118,0-1,0,0.0764886793638958,0-1,0,0.07270455352368077,0-1,0,0.06892042768346651,0-1,0,0.06513630184325214,0-1,0,0.06135217600303722,0-1,0,0.05756805016282296,0-1,0,0.0537839243226097,0-1,0,0.04999979848239555,0-1,0,0.04621567264218196,0-1,0,0.042431546801968145,0-1,0,0.03864742096175533,0-1,0,0.03486329512154285,0-1,0,0.031079169281329477,0-1,0,0.027295043441117106,0-1,0,0.023510917600904513,0-1,0,0.019726791760692253,0-1,0,0.015942665920479993,0-1,0,0.012158540080268065
African Cup of Nations,2024,2024-02-02,DR Congo,Guinea,3,1,0.4377409960774821,0.29236189150639447,0.26989711241612346,0.3713164012195749,0.33926104362961745,0.2894225551503102,0.06642459485765848,home,home,False,1-0,1,0.008558236571578837,1-1,0,0.05147648030382346,1-1,0,0.04210624731417878,1-1,0,0.032233002879517136,1-1,0,0.022359758444856492,1-1,0,0.012486514010195515,1-1,0,0.0026132695755355373,1-0,1,0.0072599748591236635,1-0,1,0.007714600338644462,1-0,1,0.007779537572021766,1-0,1,0.007844474805399071,1-0,1,0.007909412038776265,1-0,1,0.007974349272153458,1-0,1,0.008039286505530652,1-0,1,0.008104223738907845,1-0,1,0.008169160972285039,1-0,1,0.008234098205662232,1-0,1,0.008299035439039426,1-0,1,0.00836397267241673,1-0,1,0.008428909905793813,1-0,1,0.008493847139171007,1-0,1,0.0085587843725482
African Cup of Nations,2024,2024-02-02,Nigeria,Angola,1,0,0.4605676238917276,0.3371332223252352,0.20229915378303723,0.6448042178546877,0.2388531288755084,0.11634265326936408,0.18423659396317998,home,home,False,1-0,3,0.11415725670332721,1-0,3,0.1598252082414331,1-0,3,0.157541906490257,1-0,3,0.15525860473908137,1-0,3,0.15297530298790574,1-0,3,0.15069200123672888,1-0,3,0.14840869948555413,1-0,3,0.1461253977343785,1-0,3,0.1438420959832033,1-0,3,0.14155879423202744,1-0,3,0.13927549248085225,1-0,3,0.1369921907296765,1-0,3,0.13470888897850164,1-0,3,0.13242558722732645,1-0,3,0.13014228547615148,1-0,3,0.1278589837249765,1-0,3,0.12557568197380198,1-0,3,0.12329238022262723,1-0,3,0.12100907847145281,1-0,3,0.1187257767202784,1-0,3,0.11644247496910409,1-0,3,0.11415917321792968
African Cup of Nations,2024,2024-01-30,Morocco,South Africa,0,2,0.5316110519057143,0.3290367441850894,0.1393522039091964,0.6337652072767248,0.24540359678670887,0.12083119593705197,0.1021541553707677,home,home,False,1-0,0,0.1361846415299649,1-0,0,0.16235806188526047,1-0,0,0.1610495685750346,1-0,0,0.15974107526480807,1-0,0,0.1584325819545822,1-0,0,0.15712408864435645,1-0,0,0.15581559533412936,1-0,0,0.15450710202390305,1-0,0,0.15319860871367597,1-0,0,0.15189011540344943,1-0,0,0.1505816220932228,1-0,0,0.1492731287829957,1-0,0,0.14796463547276972,1-0,0,0.14665614216254252,1-0,0,0.14534764885231544,1-0,0,0.14403915554208868,1-0,0,0.1427306622318626,1-0,0,0.14142216892163484,1-0,0,0.1401136756114082,1-0,0,0.13880518230118044,1-0,0,0.13749668899095313,1-0,0,0.13618819568072582
African Cup of Nations,2024,2024-01-30,Mali,Burkina Faso,2,1,0.42564327741892466,0.3263937089219705,0.24796301365910484,0.4277141873038598,0.3337425865443503,0.23854322615225246,0.009419787507083652,home,home,False,1-0,1,0.07974767830398266,1-0,1,0.08013723474558443,1-0,1,0.08011783429120456,1-0,1,0.08009843383682425,1-0,1,0.08007903338244438,1-0,1,0.08005963292806428,1-0,1,0.08004023247368419,1-0,1,0.08002083201930399,1-0,1,0.08000143156492379,1-0,1,0.0799820311105438,1-0,1,0.07996263065616371,1-0,1,0.07994323020178362,1-0,1,0.07992382974740353,1-0,1,0.07990442929302333,1-0,1,0.07988502883864324,1-0,1,0.07986562838426314,1-0,1,0.07984622792988305,1-0,1,0.07982682747550296,1-0,1,0.07980742702112276,1-0,1,0.07978802656674278,1-0,1,0.07976862611236268,1-0,1,0.07974922565798248
African Cup of Nations,2024,2024-01-29,Senegal,Ivory Coast,1,1,0.3552411703222703,0.34217308654592576,0.3025857431318039,0.4229756097201716,0.3121230750545261,0.26490131522578264,0.06773443939766113,home,home,False,0-0,1,0.030153902107861286,1-0,0,0.12325685336367487,1-0,0,0.12226994848397787,1-0,0,0.12128304360428077,1-0,0,0.12029613872458367,1-0,0,0.11930923384488656,1-0,0,0.11132789868545057,1-0,0,0.10189576181990967,1-0,0,0.09246362495436833,1-0,0,0.08303148808882632,1-0,0,0.07359935122328387,1-0,0,0.06416721435774098,1-0,0,0.054735077492197526,1-0,0,0.04530294062665352,1-0,0,0.03587080376110918,1-0,0,0.026438666895564622,1-0,0,0.017006530030019507,1-0,0,0.007574393164473947,0-0,1,0.0018577437010722786,0-0,1,0.01128988056661917,0-0,1,0.02072201743216595,0-0,1,0.030154154297713176
African Cup of Nations,2024,2024-01-29,Cape Verde,Mauritania,1,0,0.4121486545669881,0.34786388708158333,0.2399874583514286,0.4468406870994651,0.32938649245844687,0.22377282044257887,0.03469203253223159,home,home,False,1-0,3,0.04112941881882737,1-0,3,0.13188693826488107,1-0,3,0.1313749631823784,1-0,3,0.13086298809987573,1-0,3,0.1302306763605956,1-0,3,0.12498944877632401,1-0,3,0.11974822119205253,1-0,3,0.11450699360778094,1-0,3,0.10926576602350846,1-0,3,0.10402453843923554,1-0,3,0.09878331085496306,1-0,3,0.09354208327069058,1-0,3,0.08830085568641699,1-0,3,0.08305962810214373,1-0,3,0.07781840051786981,1-0,3,0.07257717293359589,1-0,3,0.06733594534932141,1-0,3,0.06209471776504716,1-0,3,0.05685349018077279,1-0,3,0.05161226259649765,1-0,3,0.04637103501222217,1-0,3,0.04112980742794681
African Cup of Nations,2024,2024-01-28,Egypt,DR Congo,1,1,0.47702429410150005,0.33289539734445783,0.19008030855404207,0.3653756161754969,0.336093999476099,0.2985303843479104,0.11164867792575633,home,home,False,1-0,0,0.11152939217441882,0-0,1,0.045890995734362616,0-0,1,0.03525996997740599,0-0,1,0.02462894422044959,0-0,1,0.01399791846349363,0-0,1,0.003366892706538782,1-0,0,0.007264133050416288,1-0,0,0.01789515880737058,1-0,0,0.028526184564323764,1-0,0,0.039157210321277613,1-0,0,0.04978823607823002,1-0,0,0.06041926183518198,1-0,0,0.07105028759213328,1-0,0,0.08168131334908424,1-0,0,0.09231233910603498,1-0,0,0.10294336486298472,1-0,0,0.10500559343425087,1-0,0,0.10631080599020959,1-0,0,0.10761601854616831,1-0,0,0.10892123110212681,1-0,0,0.1102264436580851,1-0,0,0.1115316562140436
African Cup of Nations,2024,2024-01-28,Equatorial Guinea,Guinea,0,1,0.2889333756723083,0.331600513794116,0.3794661105335756,0.2562564448447994,0.3301326062979666,0.41361094885671734,0.03414483832340001,away,away,False,0-1,3,0.03182087710657322,0-1,3,0.09248669594665981,0-1,3,0.09210494308338468,0-1,3,0.09040296071092957,0-1,3,0.08714842363376885,0-1,3,0.08389388655660746,0-1,3,0.08063934947944651,0-1,3,0.07738481240228612,0-1,3,0.07413027532512573,0-1,3,0.07087573824796589,0-1,3,0.06762120117080583,0-1,3,0.06436666409364555,0-1,3,0.06111212701648594,0-1,3,0.05785758993932688,0-1,3,0.05460305286216727,0-1,3,0.051348515785007987,0-1,3,0.04809397870784893,0-1,3,0.04483944163068976,0-1,3,0.041584904553531366,0-1,3,0.038330367476372085,0-1,3,0.035075830399213914,0-1,3,0.03182129332205608
African Cup of Nations,2024,2024-01-27,Nigeria,Cameroon,2,0,0.30695930109020636,0.34483936569680645,0.3482013332129873,0.4793488122708192,0.30707525372359956,0.21357593400507469,0.17238951118086618,away,home,True,0-0,0,0.0478542884386981,1-0,1,0.17082329110067418,1-0,1,0.1677516089667761,1-0,1,0.16467992683287824,1-0,1,0.16160824469898072,1-0,1,0.15853656256508297,1-0,1,0.15546488043118578,1-0,1,0.1523931982972886,1-0,1,0.14932151616339173,1-0,1,0.13072189256023747,1-0,1,0.11020575439017943,1-0,1,0.08968961622012295,1-0,1,0.06917347805006757,1-0,1,0.04865733988001297,1-0,1,0.02814120170995893,1-0,1,0.0076250635399073285,0-0,0,0.012891074630144161,0-0,0,0.033407212800194874,0-0,0,0.05392335097024403,0-0,0,0.06562535363248767,0-0,0,0.056740000150126924,0-0,0,0.0478546466677654
African Cup of Nations,2024,2024-01-27,Angola,Namibia,3,0,0.35056856974502104,0.3686406428591175,0.28079078739586155,0.4242773518912927,0.3223770331779525,0.25334561493122576,0.07370878214603621,draw,home,True,0-0,0,0.10702857627383422,1-0,1,0.1411192802054726,1-0,1,0.12871186865259188,1-0,1,0.11630445709971027,1-0,1,0.10389704554682777,1-0,1,0.0914896339939455,1-0,1,0.079082222441062,1-0,1,0.06667481088817839,1-0,1,0.05426739933529423,1-0,1,0.04185998778240907,1-0,1,0.029452576229523353,1-0,1,0.017045164676637192,1-0,1,0.00463775312375081,0-0,0,0.007769658429136461,0-0,0,0.020177069982024065,0-0,0,0.032584481534913,0-0,0,0.04499189308780216,0-0,0,0.05739930464069176,0-0,0,0.06980671619358203,0-0,0,0.0822141277464723,0-0,0,0.09462153929936412,0-0,0,0.10702895085225572
African Cup of Nations,2024,2024-01-24,Zambia,Morocco,0,1,0.1397503513012711,0.2714662021773963,0.5887834465213326,0.13543256273666765,0.24035445665921937,0.624212980604586,0.035429534083016856,away,away,False,0-1,3,0.01621545652468903,0-1,3,0.01719369951349381,0-1,3,0.01714490488875442,0-1,3,0.017096110264013697,0-1,3,0.017047315639273974,0-1,3,0.016998521014534806,0-1,3,0.016949726389794972,0-1,3,0.016900931765054916,0-1,3,0.016852137140315082,0-1,3,0.016803342515575248,0-1,3,0.01675454789083597,0-1,3,0.016705753266095913,0-1,3,0.01665695864135619,0-1,3,0.01660816401661669,0-1,3,0.016559369391876633,0-1,3,0.01651057476713702,0-1,3,0.01646178014239741,0-1,3,0.016412985517657575,0-1,3,0.01636419089291774,0-1,3,0.016315396268177795,0-1,3,0.016266601643438294,0-1,3,0.01621780701869846
African Cup of Nations,2024,2024-01-24,Tanzania,DR Congo,0,0,0.1805039217782932,0.2992194225134975,0.5202766557082094,0.16337869156520562,0.23905178648959902,0.597569521944691,0.07729286623673386,away,away,False,0-1,0,0.04815591902684724,0-1,0,0.05531343766859642,0-1,0,0.05495571074463046,0-1,0,0.054597983820665164,0-1,0,0.05424025689669976,0-1,0,0.05388252997273424,0-1,0,0.053524803048769165,0-1,0,0.05316707612480376,0-1,0,0.05280934920083835,0-1,0,0.052451622276873056,0-1,0,0.05209389535290787,0-1,0,0.051736168428942575,0-1,0,0.05137844150497717,0-1,0,0.051020714581012094,0-1,0,0.05066298765704702,0-1,0,0.050305260733081725,0-1,0,0.04994753380911654,0-1,0,0.049589806885151244,0-1,0,0.04923207996118617,0-1,0,0.04887435303722121,0-1,0,0.04851662611325602,0-1,0,0.04815889918929095
African Cup of Nations,2024,2024-01-24,Namibia,Mali,0,0,0.1423448711089904,0.2907692212950422,0.5668859075959675,0.13141704876605156,0.2544088708253497,0.614174080409089,0.047288172812876464,away,away,False,0-1,0,0.05594068883421155,0-1,0,0.060611995767423266,0-1,0,0.06037865552873489,0-1,0,0.060145315290046075,0-1,0,0.0599119750513577,0-1,0,0.05967863481266922,0-1,0,0.05944529457398062,0-1,0,0.059211954335291916,0-1,0,0.058978614096602766,0-1,0,0.058745273857914615,0-1,0,0.058511933619225576,0-1,0,0.05827859338053665,0-1,0,0.05804525314184772,0-1,0,0.05781191290315957,0-1,0,0.05757857266447097,0-1,0,0.057345232425782156,0-1,0,0.05711189218709334,0-1,0,0.056878551948404854,0-1,0,0.05664521170971615,0-1,0,0.05641187147102711,0-1,0,0.05617853123233829,0-1,0,0.055945190993649696
African Cup of Nations,2024,2024-01-24,South Africa,Tunisia,0,0,0.19780362082846206,0.3395153568332767,0.4626810223382612,0.25431793337222086,0.2859329280158725,0.4597491386123847,0.056514312543519754,away,away,False,0-1,0,0.12053602210397296,0-1,0,0.11977411767009438,0-1,0,0.1198123084742646,0-1,0,0.11985049927843505,0-1,0,0.11988869008260539,0-1,0,0.11992688088677572,0-1,0,0.11996507169094617,0-1,0,0.1200032624951165,0-1,0,0.12004145329928673,0-1,0,0.12007964410345706,0-1,0,0.12011783490762729,0-1,0,0.12015602571179795,0-1,0,0.12019421651596807,0-1,0,0.12023240732013862,0-1,0,0.12027059812430863,0-1,0,0.12030878892847918,0-1,0,0.12034697973264963,0-1,0,0.12038517053681974,0-1,0,0.12042336134099041,0-1,0,0.12046155214516063,0-1,0,0.12049974294933097,0-1,0,0.12053793375350141
African Cup of Nations,2024,2024-01-23,Angola,Burkina Faso,2,0,0.2325011431353439,0.34282170693186975,0.4246771499327864,0.25092089849755117,0.3128554445932351,0.4362236569087207,0.02996626233838813,away,away,False,0-1,0,0.07129609400638459,0-1,0,0.11758217289050787,0-1,0,0.11742655737561669,0-1,0,0.11727094186072562,0-1,0,0.11711532634583455,0-1,0,0.11695971083094325,0-1,0,0.11680409531605196,0-1,0,0.116648479801161,0-1,0,0.11649286428626993,0-1,0,0.11633724877137885,0-1,0,0.11618163325648789,0-1,0,0.11367398519585348,0-1,0,0.1094362801452955,0-1,0,0.10519857509473707,0-1,0,0.10096087004417975,0-1,0,0.0967231649936221,0-1,0,0.0924854599430649,0-1,0,0.08824775489250791,0-1,0,0.08401004984195037,0-1,0,0.07977234479139383,0-1,0,0.07553463974083674,0-1,0,0.07129693469028053
African Cup of Nations,2024,2024-01-23,Mauritania,Algeria,1,0,0.08743435414429934,0.20097013488609547,0.7115955109696052,0.0970145971296004,0.20558646459576366,0.69739893827507,0.014196572694752177,away,away,False,0-2,0,0.0765180952714335,0-2,0,0.07506064025600612,0-2,0,0.0751370386972301,0-2,0,0.07521343713845452,0-2,0,0.07528983557967894,0-2,0,0.07536623402090337,0-2,0,0.07544263246212757,0-2,0,0.07551903090335244,0-2,0,0.07559542934457664,0-2,0,0.07567182778580084,0-2,0,0.0757482262270257,0-2,0,0.07582462466825013,0-2,0,0.07590102310947477,0-2,0,0.0759774215506992,0-2,0,0.07605381999192318,0-2,0,0.0761302184331476,0-2,0,0.07620661687437225,0-2,0,0.07628301531559667,0-2,0,0.07635941375682131,0-2,0,0.07643581219804552,0-2,0,0.07651221063926994,0-2,0,0.07658860908049436
African Cup of Nations,2024,2024-01-23,Gambia,Cameroon,2,3,0.17448954605948816,0.3278940769644598,0.49761637697605204,0.13615639003306657,0.2353299199213373,0.6285136900460492,0.13089731306977062,away,away,False,0-1,1,0.11002125235568516,0-1,1,0.13896567693171336,0-1,1,0.13751859359786134,0-1,1,0.13607151026400888,0-1,1,0.1346244269301563,0-1,1,0.13317734359630318,0-1,1,0.13173026026245072,0-1,1,0.13028317692859726,0-1,1,0.12883609359474502,0-1,1,0.12738901026089178,0-1,1,0.1259419269270381,0-1,1,0.12449484359318519,0-1,1,0.1230477602593325,0-1,1,0.12160067692547905,0-1,1,0.12015359359162603,0-1,1,0.11870651025777268,0-1,1,0.11725942692391922,0-1,1,0.11581234359006554,0-1,1,0.11436526025621219,0-1,1,0.1129181769223585,0-1,1,0.11147109358850471,0-1,1,0.11002401025465114
African Cup of Nations,2024,2024-01-23,Guinea,Senegal,0,2,0.1222612742643273,0.25347541259211837,0.6242633131435544,0.18616922417098958,0.3098846181409369,0.5039461576875768,0.12031715545572921,away,away,False,0-2,3,0.007234272540030617,0-2,3,0.005841358002080299,0-2,3,0.005911089219204135,0-2,3,0.005980820436328083,0-2,3,0.006050551653451808,0-2,3,0.006120282870575755,0-2,3,0.006190014087699369,0-2,3,0.0062597453048234275,0-2,3,0.006329476521947375,0-2,3,0.006399207739070878,0-2,3,0.006468938956194825,0-2,3,0.006538670173318439,0-2,3,0.006608401390442387,0-2,3,0.006678132607566334,0-2,3,0.006747863824689948,0-2,3,0.006817595041813895,0-2,3,0.0068873262589377315,0-2,3,0.006957057476061457,0-2,3,0.007026788693185182,0-2,3,0.007096519910309129,0-2,3,0.007166251127432854,0-2,3,0.007235982344556469
African Cup of Nations,2024,2024-01-22,Cape Verde,Egypt,2,2,0.1472612098508051,0.33824767685008805,0.5144911132991069,0.13930933470481213,0.23805115451837364,0.6226395107772931,0.10814839747794677,away,away,False,0-1,0,0.14734344145560863,0-1,0,0.17831922593379135,0-1,0,0.17677058195999662,0-1,0,0.17522193798620078,0-1,0,0.17367329401240628,0-1,0,0.17212465003861177,0-1,0,0.1705760060648155,0-1,0,0.16902736209102087,0-1,0,0.16747871811722626,0-1,0,0.16593007414342986,0-1,0,0.16438143016963502,0-1,0,0.16283278619583963,0-1,0,0.16128414222204335,0-1,0,0.1597354982482475,0-1,0,0.1581868542744519,0-1,0,0.15663821030065606,0-1,0,0.1550895663268601,0-1,0,0.15354092235306405,0-1,0,0.15199227837926832,0-1,0,0.15044363440547182,0-1,0,0.14889499043167542,0-1,0,0.14734634645787892
African Cup of Nations,2024,2024-01-22,Mozambique,Ghana,2,2,0.15849449406264182,0.26174593444592154,0.5797595714914366,0.13933534499136505,0.2332986435058299,0.6273660115033001,0.047606440011615916,away,away,False,0-2,0,0.018783287663097892,0-2,0,0.020329915110708474,0-2,0,0.020252780322848274,0-2,0,0.020175645534988296,0-2,0,0.020098510747128207,0-2,0,0.02002137595926823,0-2,0,0.01994424117140814,0-2,0,0.019867106383547828,0-2,0,0.019789971595688072,0-2,0,0.01971283680782787,0-2,0,0.019635702019967893,0-2,0,0.019558567232107915,0-2,0,0.019481432444247715,0-2,0,0.019404297656387737,0-2,0,0.019327162868527648,0-2,0,0.01925002808066778,0-2,0,0.01917289329280769,0-2,0,0.01909575850494727,0-2,0,0.019018623717087402,0-2,0,0.018941488929227313,0-2,0,0.018864354141367112,0-2,0,0.018787219353507023
African Cup of Nations,2024,2024-01-22,Equatorial Guinea,Ivory Coast,0,4,0.11350307865550444,0.2595457719915637,0.6269511493529318,0.09167072725573647,0.21198085934049307,0.6963484134042556,0.06939726405108117,away,away,False,0-1,1,0.015420689330412074,0-1,1,0.017130823662295125,0-1,1,0.017045461775183846,0-1,1,0.016960099888072344,0-1,1,0.016874738000960843,0-1,1,0.016789376113849785,0-1,1,0.016704014226738284,0-1,1,0.016618652339627005,0-1,1,0.016533290452515947,0-1,1,0.016447928565404224,0-1,1,0.016362566678293167,0-1,1,0.016277204791181887,0-1,1,0.016191842904070608,0-1,1,0.016106481016959107,0-1,1,0.016021119129847605,0-1,1,0.015935757242736326,0-1,1,0.015850395355624824,0-1,1,0.015765033468513545,0-1,1,0.015679671581402266,0-1,1,0.015594309694290764,0-1,1,0.015508947807179041,0-1,1,0.015423585920067984
African Cup of Nations,2024,2024-01-22,Guinea-Bissau,Nigeria,0,1,0.13262516300372296,0.26489247976704716,0.6024823572292298,0.05560169583647498,0.139862062532808,0.8045362416311578,0.20205388440170755,away,away,False,0-1,3,0.008027743315089042,0-1,3,0.010721861570891722,0-1,3,0.010587225387565624,0-1,3,0.010452589204239526,0-1,3,0.010317953020913873,0-1,3,0.01018331683758733,0-1,3,0.010048680654261233,0-1,3,0.009914044470935135,0-1,3,0.009779408287609037,0-1,3,0.00964477210428294,0-1,3,0.009510135920957064,0-1,3,0.0093754997376303,0-1,3,0.009240863554304646,0-1,3,0.009106227370978326,0-1,3,0.00897159118765245,0-1,3,0.008836955004325908,0-1,3,0.00870231882099981,0-1,3,0.008567682637673713,0-1,3,0.008433046454347615,0-1,3,0.008298410271021295,0-1,3,0.008163774087695197,0-1,3,0.008029137904368877
African Cup of Nations,2024,2024-01-21,South Africa,Namibia,4,0,0.4122581368055892,0.3436741901514931,0.2440676730429178,0.45870954785675366,0.2959102182915356,0.24538023385217222,0.0477639718601882,home,home,False,1-0,1,0.05145945886489678,1-0,1,0.12589842784123761,1-0,1,0.1252609700370947,1-0,1,0.12462351223295187,1-0,1,0.12398605442880895,1-0,1,0.12334859662466635,1-0,1,0.12271113882052331,1-0,1,0.12207368101638016,1-0,1,0.12143622321223724,1-0,1,0.12079876540809398,1-0,1,0.12016130760395116,1-0,1,0.11952384979980812,1-0,1,0.11888639199566486,1-0,1,0.11824893419152183,1-0,1,0.11694619908393333,1-0,1,0.10759102898872552,1-0,1,0.09823585889351694,1-0,1,0.08888068879830724,1-0,1,0.07952551870309787,1-0,1,0.07017034860788762,1-0,1,0.06081517851267715,1-0,1,0.05146000841746634
African Cup of Nations,2024,2024-01-21,Zambia,Tanzania,1,1,0.5213880388442248,0.28409521079822175,0.19451675035755348,0.5182716584720395,0.2845185133158873,0.19720982821160465,0.0031163803719510136,home,home,False,1-0,0,0.009284318092733113,1-0,0,0.00922976495777783,1-0,0,0.009232539898089587,1-0,0,0.009235314838401676,1-0,0,0.009238089778713543,1-0,0,0.00924086471902541,1-0,0,0.009243639659337166,1-0,0,0.009246414599649144,1-0,0,0.0092491895399609,1-0,0,0.009251964480272878,1-0,0,0.009254739420584746,1-0,0,0.009257514360896724,1-0,0,0.00926028930120848,1-0,0,0.009263064241520347,1-0,0,0.009265839181832436,1-0,0,0.009268614122144192,1-0,0,0.00927138906245617,1-0,0,0.009274164002768037,1-0,0,0.009276938943079904,1-0,0,0.009279713883391882,1-0,0,0.009282488823703527,1-0,0,0.009285263764015506
African Cup of Nations,2024,2024-01-21,Morocco,DR Congo,1,1,0.5459976841601488,0.3032318199046843,0.15077049593516686,0.5774363182108183,0.26787604203405563,0.15468763975558486,0.03535577787085807,home,home,False,1-0,0,0.07569891157473585,1-0,0,0.0800621035187824,1-0,0,0.07984415366921038,1-0,0,0.07962620381963781,1-0,0,0.0794082539700659,1-0,0,0.07919030412049288,1-0,0,0.07897235427092109,1-0,0,0.0787544044213484,1-0,0,0.07853645457177616,1-0,0,0.07831850472220392,1-0,0,0.07810055487263146,1-0,0,0.0778826050230591,1-0,0,0.07766465517348664,1-0,0,0.07744670532391407,1-0,0,0.07722875547434194,1-0,0,0.07701080562476925,1-0,0,0.07679285577519701,1-0,0,0.07657490592562444,1-0,0,0.07635695607605197,1-0,0,0.07613900622647951,1-0,0,0.07592105637690694,1-0,0,0.07570310652733447
African Cup of Nations,2024,2024-01-20,Tunisia,Mali,1,1,0.32325959499621615,0.361385706781537,0.315354698222247,0.3121237619079677,0.33078984520599153,0.35708639288554184,0.04173169466354437,draw,away,True,0-0,1,0.1322762550924611,0-1,0,0.002816594965864616,0-0,1,0.004612460663690809,0-0,1,0.012041516293246124,0-0,1,0.019470571922801327,0-0,1,0.0268996275523552,0-0,1,0.03432868318190918,0-0,1,0.04175773881146305,0-0,1,0.04918679444101648,0-0,1,0.05661585007056935,0-0,1,0.06404490570012167,0-0,1,0.07147396132967399,0-0,1,0.07890301695922575,0-0,1,0.0863320725887774,0-0,1,0.09376112821832805,0-0,1,0.10119018384787881,0-0,1,0.10861923947742891,0-0,1,0.11604829510697923,0-0,1,0.12347735073652844,0-0,1,0.1279364917634085,0-0,1,0.13010664346841383,0-0,1,0.13227679517341828
African Cup of Nations,2024,2024-01-20,Mauritania,Angola,2,3,0.23834134235439106,0.36970560400573077,0.39195305363987826,0.29155143844277176,0.3313690699653467,0.3770794915923799,0.053210096088131556,away,away,False,0-0,0,0.04524899407566474,0-1,1,0.0105753312871818,0-1,1,0.007784104898170829,0-1,1,0.004992878509159526,0-1,1,0.002201652120147557,0-0,0,0.0005895742688641903,0-0,0,0.0033808006578754934,0-0,0,0.006172027046887907,0-0,0,0.00896325343590032,0-0,0,0.0117544798249124,0-0,0,0.014545706213924925,0-0,0,0.01733693260293767,0-0,0,0.020128158991950862,0-0,0,0.022919385380963164,0-0,0,0.025710611769976577,0-0,0,0.028501838158989212,0-0,0,0.03129306454800307,0-0,0,0.03408429093701626,0-0,0,0.03687551732602978,0-0,0,0.03966674371504375,0-0,0,0.042457970104057274,0-0,0,0.04524919649307124
African Cup of Nations,2024,2024-01-20,Algeria,Burkina Faso,2,2,0.513278597109926,0.27216237788822306,0.21455902500185098,0.49181309905941756,0.3025725755912932,0.20561432534978036,0.030410197702824576,home,home,False,2-0,0,0.015268096377128448,2-0,0,0.014631839613031383,2-0,0,0.014663770414111377,2-0,0,0.014695701215191481,2-0,0,0.014727632016271475,2-0,0,0.01475956281735158,2-0,0,0.014791493618431684,2-0,0,0.014823424419511566,2-0,0,0.01485535522059167,2-0,0,0.014887286021671664,2-0,0,0.01491921682275188,2-0,0,0.014951147623831762,2-0,0,0.014983078424911755,2-0,0,0.01501500922599186,2-0,0,0.015046940027071964,2-0,0,0.015078870828151958,2-0,0,0.015110801629231951,2-0,0,0.015142732430312056,2-0,0,0.01517466323139216,2-0,0,0.015206594032472376,2-0,0,0.015238524833552258,2-0,0,0.015270455634632252
African Cup of Nations,2024,2024-01-19,Guinea,Gambia,1,0,0.350420251514106,0.3214608439862687,0.32811890449962533,0.47088402970049664,0.30509134675922145,0.22402462354075958,0.12046377818615181,home,home,False,1-0,3,0.011279502382053885,1-0,3,0.08960471894073507,1-0,3,0.08845856380421702,1-0,3,0.08731240866769885,1-0,3,0.0861662535311809,1-0,3,0.08502009839466274,1-0,3,0.08387394325814446,1-0,3,0.08272778812162607,1-0,3,0.08158163298510779,1-0,3,0.08043547784858918,1-0,3,0.07928932271207079,1-0,3,0.07814316757555229,1-0,3,0.07699701243903367,1-0,3,0.07585085730251506,1-0,3,0.07470470216599634,1-0,3,0.07355854702947773,1-0,3,0.072412391892959,1-0,3,0.06054780828974027,1-0,3,0.048230780539523566,1-0,3,0.035913752789305864,1-0,3,0.023596725039087274,1-0,3,0.011279697288867796
African Cup of Nations,2024,2024-01-19,Senegal,Cameroon,3,1,0.40045905597957876,0.3654422854288594,0.23409865859156176,0.5205808250585042,0.2974178409642151,0.1820013339777455,0.12012176907869303,home,home,False,0-0,0,0.021042590481688217,1-0,1,0.1989882153139364,1-0,1,0.19669243190252916,1-0,1,0.19439664849112137,1-0,1,0.1921008650797139,1-0,1,0.18980508166830634,1-0,1,0.18750929825689877,1-0,1,0.18521351484549076,1-0,1,0.18291773143408285,1-0,1,0.18062194802267484,1-0,1,0.1783261646112667,1-0,1,0.1722819895077694,1-0,1,0.1529495202611969,1-0,1,0.13361705101462307,1-0,1,0.1142845817680489,1-0,1,0.09495211252147384,1-0,1,0.07561964327489756,1-0,1,0.05628717402832073,1-0,1,0.0369547047817429,1-0,1,0.017622235535163955,0-0,0,0.001710233711415654,0-0,0,0.021042702957996262
African Cup of Nations,2024,2024-01-19,Cape Verde,Mozambique,3,0,0.4328686340778933,0.308298687730172,0.2588326781919347,0.4519756174103203,0.3167595647186403,0.2312648178705396,0.027567860321145193,home,home,False,1-0,1,0.04192948049395906,1-0,1,0.04378184178333466,1-0,1,0.04368929929995713,1-0,1,0.04359675681657926,1-0,1,0.04350421433320162,1-0,1,0.04341167184982364,1-0,1,0.043319129366445885,1-0,1,0.04322658688306835,1-0,1,0.043134044399690374,1-0,1,0.04304150191631273,1-0,1,0.042948959432935085,1-0,1,0.04285641694955733,1-0,1,0.042763874466179574,1-0,1,0.04267133198280182,1-0,1,0.042578789499424174,1-0,1,0.04248624701604642,1-0,1,0.042393704532668774,1-0,1,0.04230116204929102,1-0,1,0.042208619565913374,1-0,1,0.04211607708253562,1-0,1,0.042023534599157975,1-0,1,0.04193099211578044
African Cup of Nations,2024,2024-01-18,Egypt,Ghana,2,2,0.3986385238905556,0.37357853981295724,0.2277829362964872,0.435622274883536,0.3204129955903208,0.24396472952661788,0.053165544222873756,home,home,False,0-0,1,0.045750736995983754,1-0,0,0.14806441601096065,1-0,0,0.13837364864618762,1-0,0,0.12868288128141459,1-0,0,0.11899211391664011,1-0,0,0.10930134655186619,1-0,0,0.0996105791870916,1-0,0,0.08991981182231668,1-0,0,0.08022904445754064,1-0,0,0.07053827709276494,1-0,0,0.06084750972798836,1-0,0,0.051156742363211216,1-0,0,0.04146597499843374,1-0,0,0.0317752076336556,1-0,0,0.02208444026887768,1-0,0,0.012393672904099207,1-0,0,0.002702905539319622,0-0,1,0.00698786182545974,0-0,1,0.016678629190240435,0-0,1,0.026369396555020685,0-0,1,0.03606016391980238,0-0,1,0.04575093128458396
African Cup of Nations,2024,2024-01-18,Ivory Coast,Nigeria,0,1,0.44063313907884427,0.3054032474276481,0.2539636134935076,0.4467051545404847,0.3099928690871494,0.24330197637185977,0.010661637121394799,home,home,False,1-0,0,0.036745239574303756,1-0,0,0.037253123203237926,1-0,0,0.037227804316966706,1-0,0,0.037202485430695265,1-0,0,0.03717716654442371,1-0,0,0.03715184765815238,1-0,0,0.03712652877188116,1-0,0,0.03710120988560972,1-0,0,0.03707589099933839,1-0,0,0.03705057211306717,1-0,0,0.03702525322679573,1-0,0,0.03699993434052451,1-0,0,0.03697461545425307,1-0,0,0.03694929656798163,1-0,0,0.036923977681710296,1-0,0,0.036898658795438966,1-0,0,0.036873339909167635,1-0,0,0.036848021022896305,1-0,0,0.036822702136624974,1-0,0,0.036797383250353644,1-0,0,0.0367720643640822,1-0,0,0.03674674547781087
African Cup of Nations,2024,2024-01-18,Equatorial Guinea,Guinea-Bissau,4,2,0.36701904380515604,0.3625249088666666,0.2704560473281774,0.39626208947596486,0.31354332152959086,0.2901945889939432,0.04898158733682517,home,home,False,0-0,0,0.0642495417514708,1-0,1,0.09909184785009462,1-0,1,0.09092476353952905,1-0,1,0.08275767922896426,1-0,1,0.07459059491839981,1-0,1,0.06642351060783602,1-0,1,0.058256426297272124,1-0,1,0.050089341986709335,1-0,1,0.04192225767614621,1-0,1,0.03375517336558431,1-0,1,0.02558808905502219,1-0,1,0.0174210047444604,1-0,1,0.00925392043389961,1-0,1,0.00108683612333893,0-0,0,0.007080248187221416,0-0,0,0.015247332497781207,0-0,0,0.023414416808341,0-0,0,0.03158150111889979,0-0,0,0.03974858542945914,0-0,0,0.04791566974001693,0-0,0,0.056082754050574835,0-0,0,0.06424983836113252
African Cup of Nations,2024,2024-01-17,DR Congo,Zambia,1,1,0.3742032402703496,0.290878977053524,0.3349177826761264,0.3816160055319116,0.3214709348564652,0.29691305961110714,0.038004723064761214,home,home,False,1-0,0,0.0004343852922676916,1-1,3,0.007375469765541376,1-1,3,0.0050097371730758455,1-1,3,0.0026440045806112034,1-1,3,0.00027827198814645016,1-0,0,0.0004412947623870789,1-0,0,0.0004408644905360415,1-0,0,0.0004404342186851151,1-0,0,0.0004400039468339667,1-0,0,0.0004395736749829293,1-0,0,0.00043914340313189193,1-0,0,0.00043871313128085454,1-0,0,0.00043828285942981715,1-0,0,0.00043785258757877976,1-0,0,0.00043742231572763135,1-0,0,0.000436992043876705,1-0,0,0.00043656177202555657,1-0,0,0.0004361315001746302,1-0,0,0.00043570122832370384,1-0,0,0.0004352709564725554,1-0,0,0.00043484068462151804,1-0,0,0.0004344104127703696
African Cup of Nations,2024,2024-01-17,Morocco,Tanzania,3,0,0.6907606958223955,0.23957550198589267,0.06966380219171184,0.8139382827045325,0.14732278684435435,0.03873893045068918,0.12317758688234898,home,home,False,1-0,1,0.0323748069403349,1-0,1,0.03815725715726925,1-0,1,0.03786853017645475,1-0,1,0.037579803195640915,1-0,1,0.03729107621482708,1-0,1,0.03700234923401258,1-0,1,0.03671362225319852,1-0,1,0.03642489527238446,1-0,1,0.0361361682915704,1-0,1,0.035847441310756345,1-0,1,0.03555871432994251,1-0,1,0.03526998734912823,1-0,1,0.03498126036831417,1-0,1,0.034692533387500335,1-0,1,0.03440380640668628,1-0,1,0.03411507942587222,1-0,1,0.03382635244505838,1-0,1,0.03353762546424455,1-0,1,0.03324889848343027,1-0,1,0.03296017150261665,1-0,1,0.032671444521802595,1-0,1,0.03238271754098876
African Cup of Nations,2024,2024-01-16,Mali,South Africa,2,0,0.4572454365539833,0.34205432275729314,0.20070024068872352,0.5363399927617278,0.2893745596690592,0.1742854475697108,0.07909455620749561,home,home,False,1-0,1,0.11871032745241494,1-0,1,0.14546442319094932,1-0,1,0.14439183452037296,1-0,1,0.1433192458497965,1-0,1,0.14224665717921992,1-0,1,0.14117406850864356,1-0,1,0.14010147983806687,1-0,1,0.13902889116749018,1-0,1,0.1379563024969136,1-0,1,0.13688371382633668,1-0,1,0.13581112515575988,1-0,1,0.13473853648518286,1-0,1,0.13366594781460595,1-0,1,0.13259335914402903,1-0,1,0.131520770473452,1-0,1,0.13044818180287487,1-0,1,0.12937559313229785,1-0,1,0.1283030044617205,1-0,1,0.12723041579114336,1-0,1,0.1261578271205661,1-0,1,0.12508523844998864,1-0,1,0.1187120368707002
African Cup of Nations,2024,2024-01-16,Tunisia,Namibia,0,1,0.5727273554218949,0.28752483712691923,0.1397478074511858,0.6887685959931557,0.2230333868436949,0.08819801716365105,0.11604124057100992,home,home,False,1-0,0,0.051141664133275255,1-0,0,0.061509002556626724,1-0,0,0.06099086184837765,1-0,0,0.06047272114012903,1-0,0,0.059954580431879734,1-0,0,0.05943643972363066,1-0,0,0.05891829901538159,1-0,0,0.05840015830713252,1-0,0,0.05788201759888323,1-0,0,0.05736387689063438,1-0,0,0.05684573618238509,1-0,0,0.056327595474136016,1-0,0,0.0558094547658865,1-0,0,0.05529131405763765,1-0,0,0.05477317334938847,1-0,0,0.054255032641138734,1-0,0,0.05373689193288955,1-0,0,0.05321875122464048,1-0,0,0.05270061051639041,1-0,0,0.05218246980814145,1-0,0,0.05166432909989194,1-0,0,0.05114618839164253
African Cup of Nations,2024,2024-01-16,Burkina Faso,Mauritania,1,0,0.5415234456923788,0.28941898064451727,0.16905757366310392,0.49984637191164577,0.30384608164198634,0.19630754644588486,0.0416770737804915,home,home,False,1-0,3,0.03389998782715442,1-0,3,0.03129363409845076,1-0,3,0.03142409689366854,1-0,3,0.03155455968888632,1-0,3,0.0316850224841041,1-0,3,0.031815485279321765,1-0,3,0.03194594807453943,1-0,3,0.03207641086975732,1-0,3,0.03220687366497488,1-0,3,0.032337336460192434,1-0,3,0.03246779925541021,1-0,3,0.0325982620506281,1-0,3,0.03272872484584566,1-0,3,0.032859187641063325,1-0,3,0.032989650436281104,1-0,3,0.03312011323149866,1-0,3,0.03325057602671633,1-0,3,0.033381038821933884,1-0,3,0.033511501617151884,1-0,3,0.03364196441236933,1-0,3,0.033772427207587,1-0,3,0.033902890002804664
African Cup of Nations,2024,2024-01-15,Algeria,Angola,1,1,0.588973206865298,0.27288567891415244,0.1381411142205496,0.6268385819682574,0.2522258770532035,0.12093554097807437,0.03786537510319179,home,home,False,1-0,0,0.020688521059664566,1-0,0,0.02202163583541883,1-0,0,0.021955122898493773,1-0,0,0.021888609961568495,1-0,0,0.02182209702464344,1-0,0,0.021755584087717716,1-0,0,0.02168907115079255,1-0,0,0.021622558213867604,1-0,0,0.021556045276942326,1-0,0,0.021489532340016715,1-0,0,0.021423019403091548,1-0,0,0.02135650646616627,1-0,0,0.021289993529241213,1-0,0,0.021223480592316046,1-0,0,0.02115696765539099,1-0,0,0.021090454718465823,1-0,0,0.021023941781540434,1-0,0,0.020957428844615156,1-0,0,0.0208909159076901,1-0,0,0.02082440297076482,1-0,0,0.020757890033839654,1-0,0,0.020691377096914376
African Cup of Nations,2024,2024-01-15,Cameroon,Guinea,1,1,0.5213127187139399,0.29415274868922975,0.18453453259683042,0.393411077464037,0.33004129807867133,0.27654762445680064,0.12790164124965736,home,home,False,1-0,0,0.03531656111276471,1-0,0,0.01562898514541533,1-0,0,0.02708701944116121,1-0,0,0.027520288684335092,1-0,0,0.027953557927509087,1-0,0,0.028386827170683082,1-0,0,0.028820096413856966,1-0,0,0.02925336565703096,1-0,0,0.029686634900204845,1-0,0,0.03011990414337873,1-0,0,0.03055317338655228,1-0,0,0.030986442629726274,1-0,0,0.03141971187290005,1-0,0,0.03185298111607393,1-0,0,0.03228625035924759,1-0,0,0.03271951960242114,1-0,0,0.033152788845594916,1-0,0,0.0335860580887688,1-0,0,0.03401932733194246,1-0,0,0.03445259657511601,1-0,0,0.034885865818289674,1-0,0,0.035319135061463225
African Cup of Nations,2024,2024-01-15,Senegal,Gambia,3,0,0.5934439801848665,0.2877755462464586,0.11878047356867481,0.740047689755738,0.19293910767376105,0.0670132025710016,0.1466037095706211,home,home,False,1-0,1,0.07143099389754304,1-0,1,0.08908470909481947,1-0,1,0.08820232347291324,1-0,1,0.08731993785100678,1-0,1,0.08643755222910054,1-0,1,0.08555516660719364,1-0,1,0.08467278098528719,1-0,1,0.08379039536338073,1-0,1,0.08290800974147405,1-0,1,0.08202562411956738,1-0,1,0.08114323849766047,1-0,1,0.0802608528757538,1-0,1,0.07937846725384712,1-0,1,0.07849608163194022,1-0,1,0.07761369601003332,1-0,1,0.07673131038812597,1-0,1,0.0758489247662193,1-0,1,0.0749665391443124,1-0,1,0.0740841535224055,1-0,1,0.07320176790049726,1-0,1,0.07231938227859092,1-0,1,0.07143699665668335
African Cup of Nations,2024,2024-01-14,Ghana,Cape Verde,1,2,0.4433652883410211,0.3394369224194227,0.2171977892395562,0.49229320961047185,0.3090553633478075,0.19865142704125036,0.0489279212696859,home,home,False,1-0,0,0.10557893453114198,1-0,0,0.12534333926962138,1-0,0,0.12472045955934508,1-0,0,0.124097579849069,1-0,0,0.12347470013879258,1-0,0,0.1228518204285165,1-0,0,0.12222894071824042,1-0,0,0.12160606100796434,1-0,0,0.12098318129768804,1-0,0,0.12036030158741207,1-0,0,0.1197374218771361,1-0,0,0.11911454216686002,1-0,0,0.11849166245658416,1-0,0,0.11786878274630808,1-0,0,0.1172459030360321,1-0,0,0.11662302332575625,1-0,0,0.1160001436154805,1-0,0,0.11537726390520464,1-0,0,0.11475438419492867,1-0,0,0.11413150448465303,1-0,0,0.11334089161710803,1-0,0,0.10558045821400919
African Cup of Nations,2024,2024-01-14,Egypt,Mozambique,2,2,0.6553045642307288,0.24298886969122332,0.10170656607804789,0.6898004745816186,0.21479669346502894,0.09540283195384154,0.03449591035064528,home,home,False,2-0,0,0.007562631873552217,2-0,0,0.007963018198653637,2-0,0,0.007943107255415471,2-0,0,0.007923196312177083,2-0,0,0.007903285368939361,2-0,0,0.007883374425701195,2-0,0,0.007863463482463029,2-0,0,0.007843552539224863,2-0,0,0.007823641595986697,2-0,0,0.007803730652748531,2-0,0,0.0077838197095105865,2-0,0,0.0077639087662724204,2-0,0,0.007743997823034476,2-0,0,0.007724086879795866,2-0,0,0.0077041759365577,2-0,0,0.007684264993319534,2-0,0,0.00766435405008159,2-0,0,0.007644443106843202,2-0,0,0.007624532163605258,2-0,0,0.007604621220367314,2-0,0,0.0075847102771291475,2-0,0,0.007564799333890981
African Cup of Nations,2024,2024-01-14,Nigeria,Equatorial Guinea,1,1,0.5249943428079946,0.30843386893615,0.1665717882558554,0.6564120384562934,0.24138640615377205,0.10220155539036403,0.13141769564808403,home,home,False,1-0,0,0.07561466583786802,1-0,0,0.09454711088136536,1-0,0,0.09360066545423473,1-0,0,0.09265422002710477,1-0,0,0.09170777459997415,1-0,0,0.09076132917284352,1-0,0,0.08981488374571267,1-0,0,0.08886843831858249,1-0,0,0.08792199289145197,1-0,0,0.08697554746432123,1-0,0,0.08602910203718983,1-0,0,0.08508265661005898,1-0,0,0.08413621118292813,1-0,0,0.0831897657557974,1-0,0,0.08224332032866644,1-0,0,0.08129687490153514,1-0,0,0.0803504294744043,1-0,0,0.07940398404727333,1-0,0,0.07845753862014204,1-0,0,0.07751109319301097,1-0,0,0.07656464776587968,1-0,0,0.07561820233874861
African Cup of Nations,2024,2024-01-13,Ivory Coast,Guinea-Bissau,2,0,0.7042700367765123,0.21044926420516744,0.08528069901832025,0.8101308126760931,0.14779640674704822,0.042072780577210624,0.1058607758994048,home,home,False,2-0,3,0.05748496547715187,2-0,3,0.06616964039219808,2-0,3,0.06573731703384111,2-0,3,0.06530499367548392,2-0,3,0.06487267031712651,2-0,3,0.06444034695876932,2-0,3,0.06400802360041236,2-0,3,0.06357570024205472,2-0,3,0.06314337688369731,2-0,3,0.06271105352534034,2-0,3,0.06227873016698271,2-0,3,0.0618464068086253,2-0,3,0.06141408345026789,2-0,3,0.06098176009191092,2-0,3,0.06054943673355351,2-0,3,0.060117113375195874,2-0,3,0.059684790016838685,2-0,3,0.05925246665848105,2-0,3,0.05882014330012364,2-0,3,0.058387819941766006,2-0,3,0.057955496583408594,2-0,3,0.057523173225051405
African Cup of Nations,2025,2025-12-31,Mozambique,Cameroon,1,2,0.16248278584771847,0.2360158932633856,0.601501320888896,0.10898493956146842,0.2149784083784803,0.6760366520605592,0.07453533117140929,away,away,False,0-2,2,0.02691052028667129,0-2,2,0.030258951549966273,0-2,2,0.030092143953972972,0-2,2,0.02992533635797967,0-2,2,0.029758528761985703,0-2,2,0.029591721165992402,0-2,2,0.02942491356999899,0-2,2,0.029258105974005577,0-2,2,0.029091298378012276,0-2,2,0.02892449078201864,0-2,2,0.028757683186024896,0-2,2,0.028590875590031595,0-2,2,0.02842406799403785,0-2,2,0.028257260398044326,0-2,2,0.02809045280205069,0-2,2,0.02792364520605717,0-2,2,0.027756837610063534,0-2,2,0.02759003001407012,0-2,2,0.027423222418076376,0-2,2,0.02725641482208252,0-2,2,0.02708960722608933,0-2,2,0.026922799630095584
African Cup of Nations,2025,2025-12-31,Gabon,Ivory Coast,2,3,0.16271302544787605,0.257376272733384,0.5799107018187399,0.1552096385545096,0.24260066238903277,0.6021896990559894,0.02227899723748357,away,away,False,0-2,1,0.018841009260083252,0-2,1,0.019569094549246602,0-2,1,0.019532895009128026,0-2,1,0.019496695469009007,0-2,1,0.019460495928889987,0-2,1,0.01942429638877119,0-2,1,0.01938809684865228,0-2,1,0.01935189730853326,0-2,1,0.019315697768414353,0-2,1,0.019279498228295333,0-2,1,0.019243298688176425,0-2,1,0.019207099148057516,0-2,1,0.01917089960793883,0-2,1,0.019134700067819588,0-2,1,0.01909850052770079,0-2,1,0.019062300987582104,0-2,1,0.019026101447462973,0-2,1,0.018989901907344287,0-2,1,0.018953702367225267,0-2,1,0.01891750282710647,0-2,1,0.01888130328698745,0-2,1,0.01884510374686854
African Cup of Nations,2025,2025-12-31,Equatorial Guinea,Algeria,1,3,0.11959600710038143,0.21529651929947488,0.6651074736001437,0.1064813199549668,0.23315610554599997,0.6603625744985505,0.01785958624676643,away,away,False,0-2,1,0.050225097227964643,0-2,1,0.049902502927394954,0-2,1,0.04992043113459743,0-2,1,0.049938359341800354,0-2,1,0.04995628754900305,0-2,1,0.04997421575620542,0-2,1,0.049992143963408564,0-2,1,0.050010072170611264,0-2,1,0.0500280003778143,0-2,1,0.05004592858501744,0-2,1,0.05006385679222014,0-2,1,0.050081784999422174,0-2,1,0.050099713206626095,0-2,1,0.05011764141382857,0-2,1,0.05013556962103061,0-2,1,0.05015349782823353,0-2,1,0.05017142603543623,0-2,1,0.05018935424264015,0-2,1,0.05020728244984207,0-2,1,0.05022521065704455,0-2,1,0.05024313886424814,0-2,1,0.05026106707144973
African Cup of Nations,2025,2025-12-31,Sudan,Burkina Faso,0,2,0.14528751249406122,0.2715609699290034,0.5831515175769353,0.13735494126805065,0.2998526386781621,0.5627924200533361,0.028291668749384227,away,away,False,0-1,1,0.023900015121900764,0-1,1,0.023068646360080547,0-1,1,0.023110371941684082,0-1,1,0.02315209752328773,0-1,1,0.023193823104891265,0-1,1,0.0232355486864948,0-1,1,0.02327727426809867,0-1,1,0.023318999849702204,0-1,1,0.023360725431305962,0-1,1,0.023402451012909276,0-1,1,0.023444176594512922,0-1,1,0.02348590217611657,0-1,1,0.023527627757719993,0-1,1,0.02356935333932375,0-1,1,0.023611078920927064,0-1,1,0.023652804502530933,0-1,1,0.023694530084134358,0-1,1,0.023736255665738004,0-1,1,0.02377798124734143,0-1,1,0.023819706828945186,0-1,1,0.0238614324105485,0-1,1,0.023903157992152146
African Cup of Nations,2025,2025-12-30,Benin,Senegal,0,3,0.09217859112089087,0.227332573629262,0.6804888352498472,0.06471816986670272,0.15523400267850967,0.7800478274543186,0.09955899220470595,away,away,False,0-2,1,0.01941737356876816,0-2,1,0.022266840911802754,0-2,1,0.022124742942759346,0-2,1,0.021982644973715493,0-2,1,0.021840547004671862,0-2,1,0.02169844903562823,0-2,1,0.021556351066584156,0-2,1,0.021414253097540747,0-2,1,0.02127215512849734,0-2,1,0.021130057159453264,0-2,1,0.020987959190409855,0-2,1,0.020845861221366002,0-2,1,0.02070376325232237,0-2,1,0.02056166528327874,0-2,1,0.020419567314235332,0-2,1,0.02027746934519148,0-2,1,0.02013537137614807,0-2,1,0.01999327340710444,0-2,1,0.01985117543806081,0-2,1,0.019709077469016956,0-2,1,0.019566979499973547,0-2,1,0.019424881530930138
African Cup of Nations,2025,2025-12-30,Botswana,DR Congo,0,3,0.12354446614764536,0.26991055316305906,0.6065449806892956,0.06072740190268887,0.16514768383249087,0.7741249142653294,0.16757993357577922,away,away,False,0-1,1,0.039269144237961684,0-1,1,0.050125201678147935,0-1,1,0.04958265500299919,0-1,1,0.04904010832785066,0-1,1,0.04849756165270169,0-1,1,0.04795501497755272,0-1,1,0.047412468302403754,0-1,1,0.04686992162725523,0-1,1,0.04632737495210604,0-1,1,0.04578482827695707,0-1,1,0.04524228160180832,0-1,1,0.04469973492665891,0-1,1,0.04415718825151016,0-1,1,0.04361464157636097,0-1,1,0.04307209490121178,0-1,1,0.04252954822606281,0-1,1,0.041987001550913616,0-1,1,0.041444454875764425,0-1,1,0.04090190820061523,0-1,1,0.040359361525466264,0-1,1,0.03981681485031674,0-1,1,0.03927426817516699
African Cup of Nations,2025,2025-12-30,Uganda,Nigeria,1,3,0.17242544054537096,0.3168040625061088,0.5107704969485203,0.17047934805952453,0.2540767694445043,0.5754438824964256,0.06467338554767815,away,away,False,0-1,1,0.10080217903413713,0-1,1,0.11356931694340588,0-1,1,0.11293112159156748,0-1,1,0.11229292623972909,0-1,1,0.11165473088788946,0-1,1,0.1110165355360514,0-1,1,0.11037834018421255,0-1,1,0.10974014483237404,0-1,1,0.10910194948053542,0-1,1,0.10846375412869613,0-1,1,0.10782555877685751,0-1,1,0.10718736342501878,0-1,1,0.10654916807317971,0-1,1,0.10591097272134076,0-1,1,0.1052727773695018,0-1,1,0.10463458201766285,0-1,1,0.10399638666582378,0-1,1,0.10335819131398483,0-1,1,0.10271999596214565,0-1,1,0.10208180061030658,0-1,1,0.1014436052584674,0-1,1,0.10080540990662834
African Cup of Nations,2025,2025-12-30,Tanzania,Tunisia,1,1,0.10843503941328723,0.31437154847440285,0.5771934121123099,0.13210617248070802,0.259581394114317,0.6083124334054729,0.05479015436033482,away,away,False,0-1,0,0.14622638948708466,0-1,0,0.15411573647846666,0-1,0,0.15372153683518597,0-1,0,0.15332733719190517,0-1,0,0.15293313754862348,0-1,0,0.15253893790534323,0-1,0,0.15214473826206154,0-1,0,0.15175053861878018,0-1,0,0.15135633897549805,0-1,0,0.1509621393322178,0-1,0,0.15056793968893611,0-1,0,0.1501737400456551,0-1,0,0.14977954040237385,0-1,0,0.14938534075909204,0-1,0,0.1489911411158109,0-1,0,0.14859694147252944,0-1,0,0.14820274182924786,0-1,0,0.1478085421859665,0-1,0,0.1474143425426857,0-1,0,0.14702014289940413,0-1,0,0.14662594325612188,0-1,0,0.14623174361284053
African Cup of Nations,2025,2025-12-29,Comoros,Mali,0,0,0.15091990458538856,0.27371170896964064,0.5753683864449708,0.12087032496487872,0.25119272701439216,0.6279369480212131,0.05256856157600034,away,away,False,0-1,0,0.024341232754564457,0-1,0,0.026568471249697634,0-1,0,0.026457260536483007,0-1,0,0.02634604982326838,0-1,0,0.026234839110053754,0-1,0,0.026123628396839238,0-1,0,0.026012417683623612,0-1,0,0.025901206970408652,0-1,0,0.025789996257194248,0-1,0,0.0256787855439784,0-1,0,0.025567574830763884,0-1,0,0.025456364117548924,0-1,0,0.025345153404334075,0-1,0,0.025233942691119005,0-1,0,0.025122731977904267,0-1,0,0.025011521264689196,0-1,0,0.024900310551474236,0-1,0,0.0247890998382595,0-1,0,0.024677889125044317,0-1,0,0.024566678411829246,0-1,0,0.024455467698614175,0-1,0,0.024344256985399326
African Cup of Nations,2025,2025-12-29,Zambia,Morocco,3,0,0.08289925296883013,0.208787031923217,0.7083137151079529,0.04560385678209678,0.13560108304838706,0.8187950601690499,0.11048134506133013,away,away,False,0-2,0,0.04772634400024267,0-2,0,0.055204792953498005,0-2,0,0.05483234934238923,0-2,0,0.0544599057312809,0-2,0,0.05408746212017279,0-2,0,0.053715018509064016,0-2,0,0.053342574897955686,0-2,0,0.0529701312868478,0-2,0,0.052597687675739246,0-2,0,0.052225244064630694,0-2,0,0.05185280045352214,0-2,0,0.051480356842414254,0-2,0,0.0511079132313057,0-2,0,0.05073546962019737,0-2,0,0.05036302600908904,0-2,0,0.04999058239798093,0-2,0,0.04961813878687282,0-2,0,0.04924569517576449,0-2,0,0.04887325156465616,0-2,0,0.048500807953548275,0-2,0,0.048128364342440166,0-2,0,0.047755920731331614
African Cup of Nations,2025,2025-12-29,Angola,Egypt,0,0,0.20090051963776434,0.361531272267571,0.4375682080946647,0.32751385765634083,0.31958448504187775,0.3529016573012965,0.12661333801881894,away,away,False,0-1,0,0.04358754204544002,0-0,3,0.003670318033636044,0-0,3,0.022346419738409118,0-0,3,0.021109765912097234,0-0,3,0.01751545429695467,0-0,3,0.013921142681812104,0-0,3,0.010326831066670428,0-0,3,0.006732519451527974,0-0,3,0.0031382078363865196,0-1,0,0.0004561037787548239,0-1,0,0.004050415393896278,0-1,0,0.007644727009037733,0-1,0,0.011239038624178632,0-1,0,0.014833350239319754,0-1,0,0.01842766185446032,0-1,0,0.022021973469600886,0-1,0,0.02561628508474134,0-1,0,0.02921059669988113,0-1,0,0.0328049083150217,0-1,0,0.036399219930161375,0-1,0,0.03999353154530083,0-1,0,0.04358784316044029
African Cup of Nations,2025,2025-12-29,Zimbabwe,South Africa,2,3,0.1623357619298359,0.29801828329585883,0.5396459547743052,0.16277056745049434,0.2652044689452332,0.5720249636047741,0.032813814350876463,away,away,False,0-1,1,0.0685218048334244,0-1,1,0.07263738338947168,0-1,1,0.07243180438262675,0-1,1,0.07222622537578172,0-1,1,0.07202064636893657,0-1,1,0.07181506736209142,0-1,1,0.07160948835524639,0-1,1,0.07140390934840113,0-1,1,0.0711983303415562,0-1,1,0.07099275133471084,0-1,1,0.07078717232786591,0-1,1,0.07058159332102065,0-1,1,0.0703760143141755,0-1,1,0.07017043530733036,0-1,1,0.0699648563004851,0-1,1,0.06975927729363995,0-1,1,0.06955369828679459,0-1,1,0.06934811927994944,0-1,1,0.06914254027310429,0-1,1,0.06893696126625903,0-1,1,0.06873138225941378,0-1,1,0.06852580325256852
African Cup of Nations,2025,2025-12-28,Ivory Coast,Cameroon,1,1,0.3920602210735762,0.3337391391530157,0.27420063977340825,0.4688862325541175,0.3329089923905464,0.19820477505486558,0.07682601148077663,home,home,False,1-0,0,0.04719604378430664,1-0,0,0.12145614617560563,1-0,0,0.12046112962013245,1-0,0,0.11946611306465937,1-0,0,0.1184710965091863,1-0,0,0.11747607995371323,1-0,0,0.11648106339824016,1-0,0,0.1154860468427672,1-0,0,0.11449103028729435,1-0,0,0.11349601373182128,1-0,0,0.11250099717634854,1-0,0,0.11150598062087591,1-0,0,0.11051096406540328,1-0,0,0.10481320776215497,1-0,0,0.0976111287399617,1-0,0,0.0904090497177682,1-0,0,0.08320697069557526,1-0,0,0.07600489167338298,1-0,0,0.06880281265119093,1-0,0,0.06160073362899843,1-0,0,0.05439865460680704,1-0,0,0.04719657558461565
African Cup of Nations,2025,2025-12-28,Algeria,Burkina Faso,1,0,0.5253576964267362,0.2502732739271209,0.22436902964614283,0.5241609709930802,0.2860505152361576,0.18978851377028916,0.03577724130927319,home,home,False,2-0,1,0.0020391791684670757,2-0,1,0.002035164221542707,2-0,1,0.0020353965483392855,2-0,1,0.002035628875135753,2-0,1,0.002035861201932443,2-0,1,0.0020360935287289106,2-0,1,0.0020363258555253783,2-0,1,0.002036558182322068,2-0,1,0.0020367905091184246,2-0,1,0.0020370228359150033,2-0,1,0.002037255162711471,2-0,1,0.0020374874895079387,2-0,1,0.0020377198163045174,2-0,1,0.002037952143101096,2-0,1,0.0020381844698975637,2-0,1,0.0020384167966941424,2-0,1,0.00203864912349061,2-0,1,0.002038881450287189,2-0,1,0.0020391137770837675,2-0,1,0.002039346103880235,2-0,1,0.002039578430676703,2-0,1,0.0020398107574732816
African Cup of Nations,2025,2025-12-28,Equatorial Guinea,Sudan,0,1,0.40884446326937623,0.35040804292095146,0.2407474938096723,0.4319917927529409,0.3344690556080819,0.23353915163944522,0.023147329483330675,home,home,False,1-0,0,0.031028424418786615,1-0,0,0.10992899213569696,1-0,0,0.10598397557979078,1-0,0,0.10203895902388405,1-0,0,0.09809394246797754,1-0,0,0.09414892591207069,1-0,0,0.09020390935616307,1-0,0,0.08625889280025634,1-0,0,0.08231387624434905,1-0,0,0.07836885968844087,1-0,0,0.07442384313253358,1-0,0,0.07047882657662563,1-0,0,0.06653381002071768,1-0,0,0.06258879346480895,1-0,0,0.05864377690890055,1-0,0,0.054698760352991926,1-0,0,0.05075374379708286,1-0,0,0.046808727241173465,1-0,0,0.04286371068526462,1-0,0,0.038918694129355225,1-0,0,0.03497367757344538,1-0,0,0.03102866101753554
African Cup of Nations,2025,2025-12-28,Gabon,Mozambique,2,3,0.446617121286457,0.2541585162940467,0.2992243624194963,0.5212840208787913,0.2810421282044436,0.19767385091627881,0.10155051150297437,home,home,False,2-1,0,0.01675708338042936,2-1,0,0.019563519973910037,2-1,0,0.019423409465716412,2-1,0,0.01928329895752312,2-1,0,0.019143188449329607,2-1,0,0.019003077941136093,2-1,0,0.01886296743294258,2-1,0,0.018722856924749287,2-1,0,0.018582746416555773,2-1,0,0.01844263590836215,2-1,0,0.018302525400168745,2-1,0,0.018162414891975454,2-1,0,0.01802230438378205,2-1,0,0.017882193875588648,2-1,0,0.017742083367395134,2-1,0,0.01760197285920173,2-1,0,0.017461862351008328,2-1,0,0.017321751842814925,2-1,0,0.017181641334621522,2-1,0,0.01704153082642823,2-1,0,0.016901420318234717,2-1,0,0.016761309810041425
African Cup of Nations,2025,2025-12-27,Nigeria,Tunisia,3,2,0.2906232778422,0.3493090400644023,0.36006768209339773,0.45429384705436704,0.31620941026523214,0.22949674267990935,0.1636705692124128,away,home,True,0-0,0,0.04000445608904202,1-0,1,0.1985732261560179,1-0,1,0.19499618090589754,1-0,1,0.1914191356557774,1-0,1,0.18017481315951567,1-0,1,0.16036929394555743,1-0,1,0.1405637747316001,1-0,1,0.12075825551764396,1-0,1,0.10095273630368862,1-0,1,0.08114721708973449,1-0,1,0.061341697875781365,1-0,1,0.041536178661829015,1-0,1,0.021730659447877776,1-0,1,0.0019251402339273138,0-0,0,0.017880378980021594,0-0,0,0.037685898193969614,0-0,0,0.0574914174079173,0-0,0,0.07653579403732169,0-0,0,0.06740301821690764,0-0,0,0.05827024239649414,0-0,0,0.04913746657608109,0-0,0,0.040004690755668704
African Cup of Nations,2025,2025-12-27,Uganda,Tanzania,1,1,0.3607417993654684,0.4018301737821499,0.2374280268523817,0.3918087295556282,0.3505193651538035,0.2576719052900731,0.051310808628098795,draw,home,True,0-0,1,0.1872336408517824,1-0,0,0.0006626371093545469,0-0,1,0.00873218947364085,0-0,1,0.018127016056635692,0-0,1,0.027521842639630312,0-0,1,0.03691666922262393,0-0,1,0.04631149580561722,0-0,1,0.055706322388610174,0-0,1,0.06510114897160313,0-0,1,0.07449597555459508,0-0,1,0.08389080213758626,0-0,1,0.09328562872057766,0-0,1,0.10268045530356795,0-0,1,0.1120752818865578,0-0,1,0.12147010846954776,0-0,1,0.13086493505253738,0-0,1,0.1402597616355259,0-0,1,0.14965458821851485,0-0,1,0.15904941480150236,0-0,1,0.16844424138448966,0-0,1,0.17783906796747628,0-0,1,0.1872338945504627
African Cup of Nations,2025,2025-12-27,Senegal,DR Congo,1,1,0.5335199871828864,0.3093581522728293,0.15712186054428431,0.6018522267185777,0.26647071637666286,0.1316770569042786,0.06833223953593175,home,home,False,1-0,0,0.09535683899361935,1-0,0,0.10757441859107864,1-0,0,0.1069637370472728,1-0,0,0.10635305550346663,1-0,0,0.10574237395966035,1-0,0,0.10513169241585474,1-0,0,0.10452101087204957,1-0,0,0.10391032932824418,1-0,0,0.10329964778443823,1-0,0,0.1026889662406325,1-0,0,0.102078284696827,1-0,0,0.10146760315302183,1-0,0,0.10085692160921544,1-0,0,0.10024624006541061,1-0,0,0.099635558521605,1-0,0,0.0990248769777996,1-0,0,0.09841419543399421,1-0,0,0.09780351389018882,1-0,0,0.09719283234638354,1-0,0,0.09658215080257826,1-0,0,0.09597146925877287,1-0,0,0.09536078771496759
African Cup of Nations,2025,2025-12-27,Benin,Botswana,1,0,0.4980735013450232,0.3006573896019044,0.20126910905307235,0.5132460280520473,0.3049278884644672,0.18182608348394408,0.019443025569357605,home,home,False,1-0,3,0.05374756217256338,1-0,3,0.05538763734319996,1-0,3,0.05530576915904617,1-0,3,0.05522390097489216,1-0,3,0.05514203279073837,1-0,3,0.05506016460658458,1-0,3,0.054978296422430906,1-0,3,0.054896428238276895,1-0,3,0.054814560054122996,1-0,3,0.05473269186996932,1-0,3,0.05465082368581542,1-0,3,0.05456895550166152,1-0,3,0.05448708731750762,1-0,3,0.05440521913335372,1-0,3,0.054323350949200044,1-0,3,0.054241482765046145,1-0,3,0.054159614580892135,1-0,3,0.054077746396738235,1-0,3,0.05399587821258445,1-0,3,0.05391401002843055,1-0,3,0.05383214184427654,1-0,3,0.05375027366012264
African Cup of Nations,2025,2025-12-26,Morocco,Mali,1,1,0.4418805612544365,0.36144730967273786,0.19667212907282572,0.6506378323796485,0.23754389381473856,0.11181827380604419,0.2087572711249964,home,home,False,1-0,0,0.04989061003845252,1-0,0,0.2500935282214236,1-0,0,0.24608140043855564,1-0,0,0.24206927265568678,1-0,0,0.23805714487281837,1-0,0,0.23404501708994974,1-0,0,0.23003288930708032,1-0,0,0.22602076152421113,1-0,0,0.2220086337413425,1-0,0,0.2179965059584722,1-0,0,0.21398437817560356,1-0,0,0.20997225039273382,1-0,0,0.20596012260986296,1-0,0,0.2019479948269931,1-0,0,0.19793586704412214,1-0,0,0.19392373926125228,1-0,0,0.18991161147838154,1-0,0,0.18589948369551057,1-0,0,0.15388501601503868,1-0,0,0.1192203324655231,1-0,0,0.08455564891600609,1-0,0,0.04989096536648763
African Cup of Nations,2025,2025-12-26,Zambia,Comoros,0,0,0.3807820949924678,0.28296137796262505,0.3362565270449071,0.4298357930200731,0.3128190023988978,0.25734520458151094,0.0789113224636371,home,home,False,2-1,0,0.00468607968175172,2-1,0,0.005290117481356438,2-1,0,0.005259931555745667,2-1,0,0.0052297456301346745,2-1,0,0.005199559704523793,2-1,0,0.005169373778912911,2-1,0,0.005139187853302141,2-1,0,0.005109001927691148,2-1,0,0.005078816002080377,2-1,0,0.005048630076469274,2-1,0,0.005018444150858503,2-1,0,0.0049882582252475105,2-1,0,0.00495807229963674,2-1,0,0.004927886374025969,2-1,0,0.004897700448414866,2-1,0,0.004867514522804095,2-1,0,0.004837328597193213,2-1,0,0.004807142671582221,2-1,0,0.004776956745971339,2-1,0,0.0047467708203604575,2-1,0,0.004716584894749576,2-1,0,0.004686398969138583
African Cup of Nations,2025,2025-12-26,Egypt,South Africa,1,0,0.38980053973131124,0.3615149306221859,0.24868452964650287,0.48340954252221574,0.30746141572989166,0.20912904174839198,0.09360900279065483,home,home,False,0-0,0,0.026262569891117304,1-0,3,0.19011074840637376,1-0,3,0.18827006509205002,1-0,3,0.1864293817777264,1-0,3,0.18458869846340287,1-0,3,0.182748015149079,1-0,3,0.18090733183475527,1-0,3,0.17906664852043142,1-0,3,0.17099498704044291,1-0,3,0.155821318909791,1-0,3,0.1406476507791381,1-0,3,0.12547398264848442,1-0,3,0.11030031451783029,1-0,3,0.09512664638717516,1-0,3,0.0799529782565197,1-0,3,0.06477931012586291,1-0,3,0.049605641995205896,1-0,3,0.03443197386454777,1-0,3,0.01925830573388887,1-0,3,0.004084637603229413,0-0,0,0.011089030527430932,0-0,0,0.026262698658092165
African Cup of Nations,2025,2025-12-26,Angola,Zimbabwe,1,1,0.4629565037232654,0.3343139192992652,0.20272957697746938,0.5100677507667014,0.3005255922368547,0.18940665699694603,0.04711124704318491,home,home,False,1-0,0,0.12003160409835956,1-0,0,0.13224839870131277,1-0,0,0.13163765758183243,1-0,0,0.13102691646235198,1-0,0,0.13041617534287153,1-0,0,0.12980543422339097,1-0,0,0.1291946931039104,1-0,0,0.12858395198442973,1-0,0,0.12797321086494906,1-0,0,0.1273624697454684,1-0,0,0.12675172862598771,1-0,0,0.12614098750650693,1-0,0,0.12553024638702626,1-0,0,0.12491950526754536,1-0,0,0.12430876414806447,1-0,0,0.12369802302858357,1-0,0,0.1230872819091029,1-0,0,0.12247654078962189,1-0,0,0.12186579967014088,1-0,0,0.12125505855065988,1-0,0,0.12064431743117887,1-0,0,0.12003357631169798
African Cup of Nations,2025,2025-12-24,Cameroon,Gabon,1,0,0.508524765989616,0.2811812323347011,0.21029400167568282,0.4848637532509391,0.301183200649287,0.21395304610024515,0.02366101273891258,home,home,False,1-0,3,0.00945887101021703,1-0,3,0.009019642344566758,1-0,3,0.009041649957115983,1-0,3,0.00906365756966554,1-0,3,0.009085665182214875,1-0,3,0.00910767279476421,1-0,3,0.009129680407313434,1-0,3,0.00915168801986288,1-0,3,0.009173695632412215,1-0,3,0.00919570324496155,1-0,3,0.009217710857510664,1-0,3,0.00923971847006011,1-0,3,0.009261726082609556,1-0,3,0.009283733695158891,1-0,3,0.009305741307708115,1-0,3,0.009327748920257561,1-0,3,0.009349756532806897,1-0,3,0.009371764145356343,1-0,3,0.009393771757905456,1-0,3,0.009415779370454902,1-0,3,0.009437786983004237,1-0,3,0.009459794595553572
African Cup of Nations,2025,2025-12-24,Ivory Coast,Mozambique,1,0,0.6737142209349202,0.2061601994885579,0.12012557957652191,0.7495082374129398,0.1826646002013346,0.0678271623861941,0.07579401647778539,home,home,False,2-0,1,0.04221562354881325,2-0,1,0.04701133884957853,2-0,1,0.0467736377801613,2-0,1,0.046535936710744075,2-0,1,0.046298235641326624,2-0,1,0.046060534571909395,2-0,1,0.045822833502492166,2-0,1,0.04558513243307449,2-0,1,0.045347431363657265,2-0,1,0.045109730294240036,2-0,1,0.044872029224822585,2-0,1,0.044634328155405134,2-0,1,0.04439662708598746,2-0,1,0.04415892601657023,2-0,1,0.043921224947153226,2-0,1,0.04368352387773555,2-0,1,0.0434458228083181,2-0,1,0.04320812173890065,2-0,1,0.04297042066948298,2-0,1,0.04273271960006553,2-0,1,0.042495018530647855,2-0,1,0.042257317461230515
African Cup of Nations,2025,2025-12-24,Algeria,Sudan,3,0,0.7260913050375059,0.1963680075248561,0.07754068743763806,0.750937014225996,0.17391341643917282,0.07514956933529045,0.02484570918826052,home,home,False,2-0,1,0.06686543810019785,2-0,1,0.0692125990610779,2-0,1,0.06909809970388503,2-0,1,0.06898360034669193,2-0,1,0.06886910098949839,2-0,1,0.06875460163230551,2-0,1,0.06864010227511264,2-0,1,0.06852560291791931,2-0,1,0.06841110356072644,2-0,1,0.06829660420353334,2-0,1,0.06818210484634024,2-0,1,0.0680676054891467,2-0,1,0.06795310613195382,2-0,1,0.06783860677476095,2-0,1,0.0677241074175674,2-0,1,0.0676096080603743,2-0,1,0.06749510870318165,2-0,1,0.06738060934598811,2-0,1,0.06726610998879501,2-0,1,0.06715161063160169,2-0,1,0.06703711127440881,2-0,1,0.06692261191721549
African Cup of Nations,2025,2025-12-24,Burkina Faso,Equatorial Guinea,2,1,0.5082069605445493,0.27749671629158834,0.21429632316386235,0.4991752943997853,0.3133764661828568,0.18744823941784647,0.03587974989102416,home,home,False,1-0,1,0.00045417535380853913,1-0,1,0.00044615341150855414,1-0,1,0.00044655702810481035,1-0,1,0.0004469606447004004,1-0,1,0.0004473642612965456,1-0,1,0.00044776787789246875,1-0,1,0.0004481714944885029,1-0,1,0.00044857511108453707,1-0,1,0.00044897872768023817,1-0,1,0.0004493823442761613,1-0,1,0.00044978596087219547,1-0,1,0.00045018957746822963,1-0,1,0.00045059319406415277,1-0,1,0.0004509968106600759,1-0,1,0.00045140042725611007,1-0,1,0.0004518040438520332,1-0,1,0.00045220766044806737,1-0,1,0.00045261127704376847,1-0,1,0.00045301489363991365,1-0,1,0.0004534185102358368,1-0,1,0.00045382212683175993,1-0,1,0.00045422574342768307
African Cup of Nations,2025,2025-12-23,Tunisia,Uganda,3,1,0.5062091975683727,0.34694335498666234,0.14684744744496503,0.5617944654730934,0.29767861866909257,0.14052691585731808,0.05558526790496873,home,home,False,1-0,1,0.17291469450656582,1-0,1,0.19190463054856666,1-0,1,0.19095525573652883,1-0,1,0.19000588092449133,1-0,1,0.1890565061124525,1-0,1,0.1881071313004149,1-0,1,0.1871577564883775,1-0,1,0.18620838167633913,1-0,1,0.1852590068643012,1-0,1,0.18430963205226303,1-0,1,0.18336025724022476,1-0,1,0.18241088242818748,1-0,1,0.18146150761614976,1-0,1,0.1805121328041126,1-0,1,0.17956275799207477,1-0,1,0.1786133831800365,1-0,1,0.1776640083679999,1-0,1,0.1767146335559624,1-0,1,0.1757652587439249,1-0,1,0.17481588393188785,1-0,1,0.17386650911985047,1-0,1,0.1729171343078132
African Cup of Nations,2025,2025-12-23,Nigeria,Tanzania,2,1,0.5879665107281189,0.28613036484743537,0.12590312442444582,0.6988622799919576,0.20527145598754928,0.0958662640209838,0.1108957692635934,home,home,False,1-0,1,0.0720357286370159,1-0,1,0.08562930370654986,1-0,1,0.08494991895665693,1-0,1,0.084270534206764,1-0,1,0.0835911494568713,1-0,1,0.08291176470697859,1-0,1,0.08223237995708588,1-0,1,0.08155299520719317,1-0,1,0.0808736104572998,1-0,1,0.08019422570740686,1-0,1,0.07951484095751393,1-0,1,0.07883545620762122,1-0,1,0.07815607145772807,1-0,1,0.07747668670783536,1-0,1,0.07679730195794199,1-0,1,0.07611791720804884,1-0,1,0.07543853245815568,1-0,1,0.07475914770826253,1-0,1,0.07407976295836971,1-0,1,0.07340037820847578,1-0,1,0.07272099345858207,1-0,1,0.07204160870868925
African Cup of Nations,2025,2025-12-23,Senegal,Botswana,3,0,0.7831646417065234,0.1728401407191414,0.04399521757433515,0.8775111281558675,0.09860593394431447,0.0238829378995366,0.09434648644948478,home,home,False,2-0,1,0.05768698979675402,2-0,1,0.06470440524581766,2-0,1,0.06435656730411665,2-0,1,0.0640087293624152,2-0,1,0.06366089142071418,2-0,1,0.06331305347901273,2-0,1,0.06296521553731149,2-0,1,0.06261737759561048,2-0,1,0.062269539653909245,2-0,1,0.06192170171220823,2-0,1,0.06157386377050722,2-0,1,0.061226025828805986,2-0,1,0.06087818788710475,2-0,1,0.06053034994540352,2-0,1,0.06018251200370228,2-0,1,0.05983467406200127,2-0,1,0.05948683612030026,2-0,1,0.059138998178599245,2-0,1,0.05879116023689823,2-0,1,0.05844332229519722,2-0,1,0.058095484353495985,2-0,1,0.057747646411795195
African Cup of Nations,2025,2025-12-23,DR Congo,Benin,1,0,0.4700438182236438,0.3007080228448788,0.22924815893147737,0.5915217534147461,0.28870209959918136,0.11977614698655174,0.1214779351908627,home,home,False,1-0,3,0.04460162075981766,1-0,3,0.05613105093867954,1-0,3,0.05555468294132693,1-0,3,0.054978314943974316,1-0,3,0.054401946946621704,1-0,3,0.053825578949269315,1-0,3,0.053249210951916925,1-0,3,0.05267284295456409,1-0,3,0.05209647495721137,1-0,3,0.05152010695985876,1-0,3,0.050943738962506147,1-0,3,0.05036737096515331,1-0,3,0.0497910029678007,1-0,3,0.04921463497044776,1-0,3,0.048638266973095146,1-0,3,0.0480618989757422,1-0,3,0.047485530978389257,1-0,3,0.046909162981036645,1-0,3,0.04633279498368359,1-0,3,0.045756426986330645,1-0,3,0.0451800589889777,1-0,3,0.044603690991624645
African Cup of Nations,2025,2025-12-22,Egypt,Zimbabwe,2,1,0.5995072564620271,0.28384288434505084,0.11664985919292213,0.7328288552881341,0.19766708234879177,0.0695040623635661,0.1333215988258611,home,home,False,1-0,1,0.07624811568804324,1-0,1,0.09321254401764056,1-0,1,0.09236464854318083,1-0,1,0.09151675306872109,1-0,1,0.09066885759426113,1-0,1,0.08982096211980117,1-0,1,0.08897306664534099,1-0,1,0.08812517117088081,1-0,1,0.08727727569642085,1-0,1,0.0864293802219609,1-0,1,0.08558148474750071,1-0,1,0.08473358927304075,1-0,1,0.08388569379858057,1-0,1,0.08303779832411995,1-0,1,0.08218990284965999,1-0,1,0.08134200737519937,1-0,1,0.08049411190073896,1-0,1,0.07964621642627856,1-0,1,0.07879832095181771,1-0,1,0.07795042547735764,1-0,1,0.0771025300028968,1-0,1,0.07625463452843673
African Cup of Nations,2025,2025-12-22,South Africa,Angola,2,1,0.3770281629015065,0.3555688190724906,0.26740301802600286,0.3379336375402449,0.35712231407890943,0.30494404838131484,0.039094525361496185,home,draw,True,0-0,0,0.029996751079159223,0-0,0,0.10964440581117618,0-0,0,0.10566203105089522,0-0,0,0.10167965629061415,0-0,0,0.0976972815303333,0-0,0,0.09371490677005234,0-0,0,0.0897325320097706,0-0,0,0.08575015724948931,0-0,0,0.08176778248920791,0-0,0,0.07778540772892573,0-0,0,0.07380303296864366,0-0,0,0.06982065820836103,0-0,0,0.06583828344807896,0-0,0,0.061855908687796,0-0,0,0.05787353392751293,0-0,0,0.05389115916723031,0-0,0,0.04990878440694679,0-0,0,0.04592640964666317,0-0,0,0.0419440348863801,0-0,0,0.03796166012609625,0-0,0,0.03397928536581185,0-0,0,0.029996910605527893
African Cup of Nations,2025,2025-12-22,Mali,Zambia,1,1,0.555863995274676,0.2803880856520518,0.1637479190732722,0.5441864725353542,0.2842497317702974,0.17156379569485897,0.011677522739577048,home,home,False,1-0,0,0.030047249282841193,1-0,0,0.029419019153739012,1-0,0,0.02945058381791965,1-0,0,0.0294821484821004,1-0,0,0.02951371314628093,1-0,0,0.02954527781046179,1-0,0,0.029576842474642318,1-0,0,0.029608407138822845,1-0,0,0.029639971803003595,1-0,0,0.029671536467184123,1-0,0,0.029703101131364873,1-0,0,0.029734665795545623,1-0,0,0.02976623045972615,1-0,0,0.02979779512390679,1-0,0,0.02982935978808743,1-0,0,0.029860924452267956,1-0,0,0.029892489116448706,1-0,0,0.029924053780629345,1-0,0,0.029955618444810206,1-0,0,0.029987183108990845,1-0,0,0.030018747773171595,1-0,0,0.030050312437352122
African Cup of Nations,2025,2025-12-21,Morocco,Comoros,2,0,0.725155829619126,0.19970874403873687,0.07513542634213707,0.8547964143315331,0.11398085298619337,0.031222732681790953,0.1296405847126484,home,home,False,2-0,3,0.05616068123432294,2-0,3,0.06625038781227865,2-0,3,0.06574800274903869,2-0,3,0.06524561768579784,2-0,3,0.06474323262255743,2-0,3,0.06424084755931725,2-0,3,0.06373846249607662,2-0,3,0.06323607743283621,2-0,3,0.0627336923695958,2-0,3,0.06223130730635518,2-0,3,0.061728922243115214,2-0,3,0.06122653717987503,2-0,3,0.0607241521166344,2-0,3,0.060221767053394215,2-0,3,0.05971938199015403,2-0,3,0.0592169969269134,2-0,3,0.05871461186367344,2-0,3,0.05821222680043303,2-0,3,0.05770984173719329,2-0,3,0.05720745667395288,2-0,3,0.0567050716107127,2-0,3,0.05620268654747296
African Cup of Nations,2026,2026-01-18,Senegal,Morocco,3,0,0.29277487489302795,0.38410620481873897,0.3231189202882331,0.22960157648020446,0.3421557241572084,0.4282426993620779,0.10512377907409945,draw,away,True,0-0,0,0.1953102476044819,0-1,0,0.1116770663348331,0-1,0,0.09632767715691593,0-1,0,0.08097828797899886,0-1,0,0.06562889880108325,0-1,0,0.050279509623168406,0-1,0,0.0349301204452539,0-1,0,0.01958073126734039,0-1,0,0.004231342089428214,0-0,0,0.011118047088484073,0-0,0,0.026467436266394584,0-0,0,0.04181682544430543,0-0,0,0.05716621462221472,0-0,0,0.07251560380012356,0-0,0,0.08786499297803196,0-0,0,0.10321438215593892,0-0,0,0.11856377133384499,0-0,0,0.1339131605117514,0-0,0,0.14926254968965558,0-0,0,0.16461193886755943,0-0,0,0.17996132804546316,0-0,0,0.19531071722336546
African Cup of Nations,2026,2026-01-17,Egypt,Nigeria,0,0,0.36635088907200847,0.34747030741722074,0.28617880351077085,0.2807749002795971,0.2985218822929059,0.420703217426983,0.1345244139164692,home,away,True,0-0,3,0.028019331793124103,0-1,0,0.14366122236542045,0-1,0,0.14136436071322978,0-1,0,0.1390674990610392,0-1,0,0.13677063740884865,0-1,0,0.12790381107722748,0-1,0,0.11001067179486124,0-1,0,0.09211753251249677,0-1,0,0.07422439323013241,0-1,0,0.0563312539477695,0-1,0,0.038438114665407364,0-1,0,0.020544975383046116,0-1,0,0.002651836100685423,0-0,3,0.015241303181673937,0-0,3,0.03313444246403163,0-0,3,0.04573913693828224,0-0,3,0.04278587966280145,0-0,3,0.03983262238732155,0-0,3,0.03687936511184131,0-0,3,0.03392610783636152,0-0,3,0.030972850560881837,0-0,3,0.028019593285401823
African Cup of Nations,2026,2026-01-14,Nigeria,Morocco,0,0,0.16709945433598464,0.29532907932897523,0.53757146633504,0.24334968811966676,0.3179087732137142,0.4387415386671033,0.09882992766817891,away,away,False,0-1,0,0.02652670167254545,0-1,0,0.021651763995174433,0-1,0,0.021895625366955218,0-1,0,0.022139486738735892,0-1,0,0.022383348110516676,0-1,0,0.022627209482297572,0-1,0,0.022871070854078246,0-1,0,0.02311493222585914,0-1,0,0.023358793597639815,0-1,0,0.02360265496942071,0-1,0,0.023846516341201607,0-1,0,0.02409037771298239,0-1,0,0.024334239084763287,0-1,0,0.024578100456544183,0-1,0,0.024821961828324968,0-1,0,0.025065823200105863,0-1,0,0.02530968457188676,0-1,0,0.025553545943667655,0-1,0,0.02579740731544844,0-1,0,0.02604126868722967,0-1,0,0.026285130059010564,0-1,0,0.02652899143079135
African Cup of Nations,2026,2026-01-14,Senegal,Egypt,1,0,0.4212592263846298,0.377786259615151,0.20095451400021921,0.487353337664533,0.31229624661889704,0.2003504157170459,0.06609411127966522,home,home,False,0-0,0,0.024234060581106665,1-0,3,0.19366807164862565,1-0,3,0.19235482332450382,1-0,3,0.19104157500038166,1-0,3,0.1897283266762596,1-0,3,0.18841507835213767,1-0,3,0.18601966371751644,1-0,3,0.17200274006160188,1-0,3,0.1579858164056861,1-0,3,0.14396889274976976,1-0,3,0.12995196909385276,1-0,3,0.11593504543793476,1-0,3,0.10191812178201642,1-0,3,0.08790119812609687,1-0,3,0.07388427447017754,1-0,3,0.059867350814257425,1-0,3,0.045850427158336315,1-0,3,0.031833503502414984,1-0,3,0.017816579846492098,1-0,3,0.0037996561905692117,0-0,0,0.010217267465354785,0-0,0,0.02423419112127878
African Cup of Nations,2026,2026-01-10,Egypt,Ivory Coast,3,2,0.33178156559769467,0.3742717601889672,0.29394667421333814,0.2581711754767691,0.35044532016847285,0.3913835043552526,0.09743683014166718,draw,away,True,0-0,0,0.15287322303247441,0-1,0,0.03039845421105336,0-1,0,0.017957198181608902,0-1,0,0.005515942152163222,0-0,0,0.006925313877282013,0-0,0,0.019366569906729247,0-0,0,0.03180782593617637,0-0,0,0.04424908196562383,0-0,0,0.056690337995072504,0-0,0,0.06913159402452185,0-0,0,0.08157285005397141,0-0,0,0.09401410608342176,0-0,0,0.10645536211287265,0-0,0,0.11889661814232422,0-0,0,0.131337874171776,0-0,0,0.1437791302012289,0-0,0,0.1562203862306818,0-0,0,0.16748999921828067,0-0,0,0.16707790312482573,0-0,0,0.16234318271788462,0-0,0,0.15760846231094316,0-0,0,0.1528737419040016
African Cup of Nations,2026,2026-01-10,Algeria,Nigeria,0,2,0.4518285548901229,0.27822604171676385,0.26994540339311324,0.30167690050201273,0.32329266282287156,0.3750304366756159,0.15015165438836028,home,away,True,2-1,0,0.004964899956029778,1-1,0,0.007917735008098004,1-1,0,0.012248266266961405,1-1,0,0.016578797525824696,1-1,0,0.020909328784688874,1-1,0,0.025239860043553164,1-1,0,0.029570391302417454,1-1,0,0.03390092256128241,1-1,0,0.03731715014846548,1-1,0,0.020992668123123837,1-1,0,0.004668186097781302,2-1,0,0.004140535528175726,2-1,0,0.004223044321597258,2-1,0,0.004305553115018679,2-1,0,0.004388061908440322,2-1,0,0.0044705707018617424,2-1,0,0.004553079495283274,2-1,0,0.004635588288704806,2-1,0,0.004718097082126338,2-1,0,0.00480060587554787,2-1,0,0.004883114668969291,2-1,0,0.004965623462390822
African Cup of Nations,2026,2026-01-09,Cameroon,Morocco,2,0,0.15065861406755557,0.3164414023943235,0.532899983538121,0.12165532352444092,0.23072809353531423,0.6476165829398086,0.11471659940190579,away,away,False,0-1,0,0.08306701587410947,0-1,0,0.10095319874010511,0-1,0,0.10005907342249509,0-1,0,0.09916494810488485,0-1,0,0.09827082278727461,0-1,0,0.09737669746966438,0-1,0,0.09648257215205414,0-1,0,0.0955884468344439,0-1,0,0.0946943215168341,0-1,0,0.0938001961992242,0-1,0,0.0929060708816134,0-1,0,0.0920119455640035,0-1,0,0.0911178202463937,0-1,0,0.09022369492878379,0-1,0,0.08932956961117433,0-1,0,0.08843544429356431,0-1,0,0.08754131897595407,0-1,0,0.08664719365834428,0-1,0,0.0857530683407347,0-1,0,0.0848589430231248,0-1,0,0.08396481770551523,0-1,0,0.08307069238790543
African Cup of Nations,2026,2026-01-09,Mali,Senegal,0,1,0.19626956493122344,0.3658781959688336,0.43785223909994303,0.1570367547754694,0.30300510746708686,0.5399581377569408,0.10210589865724926,away,away,False,0-1,3,0.03085295765241325,0-1,3,0.18468971400045742,0-1,3,0.18294347592178928,0-1,3,0.1811972378431197,0-1,3,0.17945099976445034,0-1,3,0.17770476168578164,0-1,3,0.1759585236071124,0-1,3,0.1742122855284437,0-1,3,0.17246604744977512,0-1,3,0.1707198093711063,0-1,3,0.16897357129243762,0-1,3,0.16722733321376926,0-1,3,0.1654810951351009,0-1,3,0.16373485705643265,0-1,3,0.1493859808906458,0-1,3,0.13245272789594775,0-1,3,0.11551947490125125,0-1,3,0.09858622190655497,0-1,3,0.08165296891185947,0-1,3,0.06471971591716552,0-1,3,0.04778646292247213,0-1,3,0.0308532099277794
African Cup of Nations,2026,2026-01-06,Ivory Coast,Burkina Faso,3,0,0.43197535905320134,0.30611646684595967,0.26190817410083905,0.4795904563024043,0.3140447588905218,0.20636478480758622,0.05554338929350898,home,home,False,1-0,1,0.015892855296760766,1-0,1,0.017645545492908865,1-0,1,0.01755795050914566,1-0,1,0.017470355525382675,1-0,1,0.017382760541619247,1-0,1,0.01729516555785604,1-0,1,0.017207570574092834,1-0,1,0.01711997559032974,1-0,1,0.017032380606566533,1-0,1,0.016944785622803327,1-0,1,0.01685719063904001,1-0,1,0.016769595655276803,1-0,1,0.016682000671513597,1-0,1,0.01659440568775039,1-0,1,0.016506810703987296,1-0,1,0.016419215720223868,1-0,1,0.01633162073646055,1-0,1,0.016244025752697233,1-0,1,0.016156430768934138,1-0,1,0.01606883578517082,1-0,1,0.015981240801407615,1-0,1,0.015893645817644297
African Cup of Nations,2026,2026-01-06,Algeria,DR Congo,1,0,0.45708235438173306,0.3023517517153968,0.24056589390287011,0.45164436642508393,0.3151375719532713,0.23321806162116554,0.012785820238114101,home,home,False,1-0,3,0.01151204168612685,1-0,3,0.011375778971585815,1-0,3,0.01138262742953644,1-0,3,0.011389475887487066,1-0,3,0.011396324345437803,1-0,3,0.01140317280338854,1-0,3,0.011410021261339276,1-0,3,0.011416869719290013,1-0,3,0.01142371817724075,1-0,3,0.011430566635191264,1-0,3,0.01143741509314189,1-0,3,0.011444263551092626,1-0,3,0.011451112009043474,1-0,3,0.011457960466993766,1-0,3,0.011464808924944503,1-0,3,0.01147165738289524,1-0,3,0.011478505840845976,1-0,3,0.011485354298796713,1-0,3,0.011492202756747338,1-0,3,0.011499051214697853,1-0,3,0.0115058996726487,1-0,3,0.011512748130599437
African Cup of Nations,2026,2026-01-05,Nigeria,Mozambique,4,0,0.6628434378002469,0.20165985045328508,0.13549671174646796,0.7475016771807043,0.17130068605349957,0.08119763676629457,0.08465823938020813,home,home,False,2-0,1,0.012859461399474803,2-0,1,0.01452872531133198,2-0,1,0.014446452833366541,2-0,1,0.014364180355401546,2-0,1,0.014281907877436328,2-0,1,0.014199635399471333,2-0,1,0.014117362921506338,2-0,1,0.01403509044354112,2-0,1,0.013952817965576125,2-0,1,0.01387054548761113,2-0,1,0.01378827300964569,2-0,1,0.013706000531680917,2-0,1,0.013623728053715478,2-0,1,0.013541455575750483,2-0,1,0.013459183097785488,2-0,1,0.01337691061982027,2-0,1,0.013294638141854831,2-0,1,0.013212365663889947,2-0,1,0.01313009318592473,2-0,1,0.013047820707959623,2-0,1,0.012965548229994517,2-0,1,0.012883275752029189
African Cup of Nations,2026,2026-01-05,Egypt,Benin,3,1,0.5448578707835943,0.3148223762615343,0.14031975295487156,0.6847498355724264,0.22430554308156309,0.09094462134554553,0.1398919647890647,home,home,False,1-0,1,0.08826661932556235,1-0,1,0.11093417328019606,1-0,1,0.10980100035657991,1-0,1,0.10866782743296377,1-0,1,0.1075346545093474,1-0,1,0.1064014815857317,1-0,1,0.10526830866211578,1-0,1,0.10413513573850008,1-0,1,0.10300196281488372,1-0,1,0.10186878989126802,1-0,1,0.10073561696765276,1-0,1,0.0996024440440364,1-0,1,0.09846927112042037,1-0,1,0.09733609819680489,1-0,1,0.09620292527318985,1-0,1,0.09506975234957449,1-0,1,0.0939365794259589,1-0,1,0.0928034065023432,1-0,1,0.09167023357872783,1-0,1,0.09053706065511258,1-0,1,0.08940388773149721,1-0,1,0.08827071480788207
African Cup of Nations,2026,2026-01-04,South Africa,Cameroon,1,2,0.3107313478697716,0.3406217177329659,0.34864693439726263,0.2841814746430235,0.33487855337304284,0.3809399719844386,0.032293037586923534,away,away,False,0-0,0,0.03866281666315907,0-1,1,0.03186987228175242,0-1,1,0.028343216247677105,0-1,1,0.024816560213602568,0-1,1,0.021289904179527253,0-1,1,0.01776324814545227,0-1,1,0.01423659211137629,0-1,1,0.010709936077300308,0-1,1,0.007183280043225215,0-1,1,0.00365662400914879,0-1,1,0.0001299679750723648,0-0,0,0.0033966880590040605,0-0,0,0.006923344093080486,0-0,0,0.010450000127157355,0-0,0,0.013976656161234113,0-0,0,0.017503312195311427,0-0,0,0.02102996822938863,0-0,0,0.024556624263466387,0-0,0,0.0280832802975437,0-0,0,0.0316099363316219,0-0,0,0.03513659236569999,0-0,0,0.038663248399778194
African Cup of Nations,2026,2026-01-04,Morocco,Tanzania,1,0,0.7193907239304906,0.22559126681333214,0.0550180092561773,0.8432803852488907,0.11962194595551205,0.037097668795164455,0.12388966131861649,home,home,False,1-0,3,0.013555511589087743,1-0,3,0.015895438723994015,1-0,3,0.015778675631048733,1-0,3,0.015661912538103895,1-0,3,0.015545149445159057,1-0,3,0.015428386352214218,1-0,3,0.015311623259269602,1-0,3,0.01519486016632432,1-0,3,0.015078097073379482,1-0,3,0.014961333980434866,1-0,3,0.014844570887489805,1-0,3,0.014727807794544967,1-0,3,0.014611044701600129,1-0,3,0.01449428160865529,1-0,3,0.014377518515710452,1-0,3,0.014260755422765836,1-0,3,0.014143992329820554,1-0,3,0.014027229236875716,1-0,3,0.013910466143930877,1-0,3,0.013793703050986261,1-0,3,0.013676939958041423,1-0,3,0.013560176865096807
African Cup of Nations,2026,2026-01-03,Mali,Tunisia,1,1,0.33822662095583433,0.37013933684064876,0.2916340422035169,0.3684780571607607,0.3527833414829637,0.2787386013567683,0.030251436204680016,draw,home,True,0-0,1,0.13085879630912067,0-0,1,0.03395654593993436,0-0,1,0.03880168440848464,0-0,1,0.04364682287703492,0-0,1,0.0484919613455862,0-0,1,0.053337099814137146,0-0,1,0.05818223828268865,0-0,1,0.06302737675123982,0-0,1,0.06787251521979165,0-0,1,0.07271765368834382,0-0,1,0.07756279215689599,0-0,1,0.08240793062544827,0-0,1,0.0872530690940011,0-0,1,0.09209820756255438,0-0,1,0.09694334603110732,0-0,1,0.10178848449966105,0-0,1,0.10663362296821444,0-0,1,0.11147876143676849,0-0,1,0.11632389990532299,0-0,1,0.12116903837387716,0-0,1,0.12601417684243155,0-0,1,0.1308593153109867
African Cup of Nations,2026,2026-01-03,Senegal,Sudan,3,1,0.7742435581172801,0.18502436970491662,0.04073207217780331,0.8518888988961232,0.11555639567022989,0.03255470543321352,0.07764534077905982,home,home,False,2-0,1,0.044159698743483355,2-0,1,0.048629045915543845,2-0,1,0.04840743140414672,2-0,1,0.04818581689274848,2-0,1,0.04796420238135091,2-0,1,0.04774258786995311,2-0,1,0.04752097335855554,2-0,1,0.047299358847157524,2-0,1,0.047077744335760396,2-0,1,0.0468561298243626,2-0,1,0.04663451531296503,2-0,1,0.046412900801567236,2-0,1,0.046191286290169664,2-0,1,0.04596967177877187,2-0,1,0.04574805726737452,2-0,1,0.045526442755976726,2-0,1,0.045304828244579154,2-0,1,0.04508321373318158,2-0,1,0.04486159922178401,2-0,1,0.04463998471038644,2-0,1,0.044418370198988866,2-0,1,0.044196755687591294
Copa América,2011,2011-07-24,Uruguay,Paraguay,3,0,0.41143994302434855,0.30249664743631566,0.2860634095393358,0.4488071042408719,0.3063601871631998,0.2448327085954222,0.041230700943660534,home,home,False,1-0,1,0.04238956889838552,1-0,1,0.0462409845354812,1-0,1,0.04604848598681388,1-0,1,0.04585598743814656,1-0,1,0.04566348888947935,1-0,1,0.045470990340812145,1-0,1,0.04527849179214494,1-0,1,0.04508599324347762,1-0,1,0.04489349469481052,1-0,1,0.04470099614614331,1-0,1,0.04450849759747599,1-0,1,0.04431599904880901,1-0,1,0.04412350050014191,1-0,1,0.04393100195147448,1-0,1,0.043738503402807494,1-0,1,0.043546004854140286,1-0,1,0.04335350630547308,1-0,1,0.04316100775680609,1-0,1,0.04296850920813888,1-0,1,0.042776010659471786,1-0,1,0.0425835121108048,1-0,1,0.0423910135621377
Copa América,2011,2011-07-23,Peru,Venezuela,4,1,0.3413863497801825,0.2995806692999291,0.35903298091988844,0.3144961038167199,0.29005378108833973,0.3954501150954135,0.036417134175288524,away,away,False,0-1,0,0.025798376329665196,0-1,0,0.039991177229864006,0-1,0,0.0398070371814212,0-1,0,0.03962289713297795,0-1,0,0.039438757084534815,0-1,0,0.03925461703609179,0-1,0,0.03907047698764876,0-1,0,0.038886336939205624,0-1,0,0.038702196890762375,0-1,0,0.03851805684231946,0-1,0,0.0383339167938761,0-1,0,0.03814977674543307,0-1,0,0.037965636696989824,0-1,0,0.0377814966485468,0-1,0,0.03759735660010355,0-1,0,0.03741321655166041,0-1,0,0.03722907650321716,0-1,0,0.037044936454774025,0-1,0,0.036860796406330776,0-1,0,0.03661252540745741,0-1,0,0.031205881122185142,0-1,0,0.02579923683691121
Copa América,2011,2011-07-20,Paraguay,Venezuela,0,0,0.45347462381058556,0.30491426170043034,0.241611114488984,0.48352193323828596,0.2925794774624142,0.22389858929880938,0.03004730942794559,home,home,False,1-0,0,0.05236874539757952,1-0,0,0.05584078857902974,1-0,0,0.05566728399342635,1-0,0,0.05549377940782274,1-0,0,0.05532027482221935,1-0,0,0.05514677023661585,1-0,0,0.05497326565101246,1-0,0,0.05479976106540896,1-0,0,0.05462625647980546,1-0,0,0.05445275189420207,1-0,0,0.05427924730859868,1-0,0,0.05410574272299529,1-0,0,0.053932238137391786,1-0,0,0.053758733551788396,1-0,0,0.053585228966184895,1-0,0,0.05341172438058173,1-0,0,0.05323821979497845,1-0,0,0.053064715209374946,1-0,0,0.05289121062377178,1-0,0,0.05271770603816828,1-0,0,0.052544201452565,1-0,0,0.0523706968669615
Copa América,2011,2011-07-19,Peru,Uruguay,0,2,0.18671593404896067,0.25287647708449745,0.5604075888665419,0.18949073428000893,0.2955221700181357,0.5149870957023264,0.04542049316445099,away,away,False,0-2,3,0.022319921996469816,0-2,3,0.02051629985569825,0-2,3,0.02060677401176303,0-2,3,0.020697248167827476,0-2,3,0.020787722323892144,0-2,3,0.02087819647995648,0-2,3,0.020968670636021147,0-2,3,0.02105914479208537,0-2,3,0.02114961894815015,0-2,3,0.021240093104214708,0-2,3,0.021330567260279154,0-2,3,0.021421041416343822,0-2,3,0.02151151557240827,0-2,3,0.021601989728473048,0-2,3,0.021692463884537494,0-2,3,0.021782938040602162,0-2,3,0.02187341219666672,0-2,3,0.021963886352731166,0-2,3,0.022054360508795945,0-2,3,0.022144834664860613,0-2,3,0.02223530882092506,0-2,3,0.022325782976989506
Copa América,2011,2011-07-17,Chile,Venezuela,1,2,0.4659935955798908,0.29055462355344724,0.24345178086666203,0.5939842119770412,0.2567867726386052,0.14922901538481242,0.12799061639692103,home,home,False,1-0,0,0.022456453854157954,1-0,0,0.028626184157492074,1-0,0,0.028317768303877555,1-0,0,0.02800935245026326,1-0,0,0.02770093659664863,1-0,0,0.02739252074303422,1-0,0,0.027084104889419924,1-0,0,0.026775689035805073,1-0,0,0.026467273182190776,1-0,0,0.026158857328576146,1-0,0,0.025850441474961627,1-0,0,0.025542025621346998,1-0,0,0.025233609767732368,1-0,0,0.024925193914117738,1-0,0,0.02461677806050322,1-0,0,0.02430836220688848,1-0,0,0.02399994635327396,1-0,0,0.02369153049965922,1-0,0,0.0233831146460447,1-0,0,0.02307469879242985,1-0,0,0.02276628293881522,1-0,0,0.022457867085200478
Copa América,2011,2011-07-17,Brazil,Paraguay,0,0,0.6221108871762464,0.24542367838433904,0.13246543443941444,0.5869910905787584,0.25811500678411137,0.1548939026366259,0.03511979659723588,home,home,False,2-0,0,0.020807054574564998,2-0,0,0.019637996378663036,2-0,0,0.01969674364497287,2-0,0,0.019755490911282814,2-0,0,0.019814238177592647,2-0,0,0.01987298544390248,2-0,0,0.019931732710212535,2-0,0,0.01999047997652237,2-0,0,0.02004922724283209,2-0,0,0.020107974509142035,2-0,0,0.020166721775451757,2-0,0,0.02022546904176159,2-0,0,0.020284216308071534,2-0,0,0.020342963574381367,2-0,0,0.020401710840690868,2-0,0,0.020460458107001145,2-0,0,0.020519205373310756,2-0,0,0.020577952639620478,2-0,0,0.0206366999059302,2-0,0,0.020695447172240256,2-0,0,0.02075419443855009,2-0,0,0.020812941704860033
Copa América,2011,2011-07-16,Argentina,Uruguay,1,1,0.4918485699874325,0.24998568853753741,0.25816574147503,0.6081089812884918,0.24825493720138833,0.1436360815096208,0.1162604113013088,home,home,False,2-1,0,0.00916927903886322,2-1,0,0.011340134560672732,2-1,0,0.011231732222539037,2-1,0,0.01112332988440523,2-1,0,0.011014927546271425,2-1,0,0.01090652520813773,2-1,0,0.010798122870003923,2-1,0,0.010689720531870117,2-1,0,0.010581318193736422,2-1,0,0.010472915855602727,2-1,0,0.01036451351746881,2-1,0,0.010256111179335115,2-1,0,0.01014770884120142,2-1,0,0.010039306503067724,2-1,0,0.009930904164933918,2-1,0,0.009822501826800223,2-1,0,0.009714099488666528,2-1,0,0.009605697150532833,2-1,0,0.009497294812399248,2-1,0,0.009388892474265442,2-1,0,0.009280490136131747,2-1,0,0.009172087797998052
Copa América,2011,2011-07-16,Colombia,Peru,0,2,0.4577953200701095,0.308078224365855,0.23412645556403547,0.5017929904929852,0.29073589893343565,0.2074711105730901,0.043997670423120236,home,home,False,1-0,0,0.06048848350492686,1-0,0,0.06630416601129252,1-0,0,0.06601348550168873,1-0,0,0.06572280499208438,1-0,0,0.06543212448248048,1-0,0,0.06514144397287658,1-0,0,0.06485076346327245,1-0,0,0.06456008295366844,1-0,0,0.06426940244406465,1-0,0,0.06397872193446053,1-0,0,0.06368804142485662,1-0,0,0.06339736091525283,1-0,0,0.06310668040564882,1-0,0,0.06281599989604503,1-0,0,0.06252531938644124,1-0,0,0.062234638876837445,1-0,0,0.061943958367233654,1-0,0,0.06165327785762964,1-0,0,0.06136259734802585,1-0,0,0.06107191683842206,1-0,0,0.06078123632881827,1-0,0,0.060490555819214475
Copa América,2011,2011-07-13,Brazil,Ecuador,4,2,0.6927578406249236,0.1996943236700752,0.10754783570500122,0.75967859487902,0.16880015498834697,0.0715212501322657,0.06692075425428007,home,home,False,2-0,1,0.05217110017966564,2-0,1,0.05727213738883141,2-0,1,0.0570198797460828,2-0,1,0.05676762210333397,2-0,1,0.056515364460584694,2-0,1,0.05626310681783586,2-0,1,0.05601084917508681,2-0,1,0.055758591532337975,2-0,1,0.0555063338895887,2-0,1,0.05525407624684031,2-0,1,0.05500181860409148,2-0,1,0.0547495609613422,2-0,1,0.05449730331859337,2-0,1,0.05424504567584432,2-0,1,0.053992788033095485,2-0,1,0.053740530390346875,2-0,1,0.05348827274759782,2-0,1,0.05323601510484899,2-0,1,0.052983757462100156,2-0,1,0.05273149981935177,2-0,1,0.052479242176602714,2-0,1,0.05222698453385388
Copa América,2011,2011-07-13,Paraguay,Venezuela,3,3,0.45347462381058556,0.30491426170043034,0.241611114488984,0.5753692037180561,0.2681325076035927,0.15649828867784493,0.12189457990772364,home,home,False,1-0,0,0.05236874539757952,1-0,0,0.06644800959602293,1-0,0,0.06574414395956951,1-0,0,0.0650402783231161,1-0,0,0.0643364126866629,1-0,0,0.0636325470502096,1-0,0,0.0629286814137563,1-0,0,0.0622248157773031,1-0,0,0.061520950140849906,1-0,0,0.060817084504396934,1-0,0,0.06011321886794363,1-0,0,0.05940935323149055,1-0,0,0.058705487595037464,1-0,0,0.05800162195858438,1-0,0,0.05729775632213152,1-0,0,0.05659389068567855,1-0,0,0.05589002504922569,1-0,0,0.05518615941277272,1-0,0,0.05448229377631986,1-0,0,0.05377842813986722,1-0,0,0.05307456250341436,1-0,0,0.0523706968669615
Copa América,2011,2011-07-12,Uruguay,Mexico,1,0,0.3409788755005818,0.26636976490953407,0.3926513595898842,0.6859130613893288,0.21637079476704807,0.0977161438440903,0.34493418588851343,away,home,True,1-2,0,0.016863804729396192,2-1,1,0.04140929767710255,2-1,1,0.040368095578287466,2-1,1,0.0393268934794726,2-1,1,0.038285691380657516,2-1,1,0.03724448928184243,2-1,1,0.03620328718302723,2-1,1,0.035162085084212036,2-1,1,0.03412088298539673,2-1,1,0.03307968088658164,2-1,1,0.03203847878776611,2-1,1,0.030997276688950803,2-1,1,0.029956074590135384,2-1,1,0.028914872491319854,2-1,1,0.027873670392504435,2-1,1,0.026832468293688794,2-1,1,0.025791266194873264,2-1,1,0.0247500640960574,2-1,1,0.023708861997241648,2-1,1,0.022667659898425896,1-2,0,0.01623264572945915,1-2,0,0.01686608322737726
Copa América,2011,2011-07-12,Chile,Peru,1,0,0.4662000360899616,0.2992822506084853,0.23451771330155302,0.6005460403416814,0.25837381572977375,0.14108014392903015,0.13434600425147708,home,home,False,1-0,3,0.04237355404600518,1-0,3,0.054587008183389685,1-0,3,0.053976434976604426,1-0,3,0.05336586176981817,1-0,3,0.052755288563032465,1-0,3,0.05214471535624654,1-0,3,0.051534142149460505,1-0,3,0.05092356894267469,1-0,3,0.050312995735888544,1-0,3,0.04970242252910273,1-0,3,0.049091849322316694,1-0,3,0.04848127611553055,1-0,3,0.0478707029087444,1-0,3,0.047260129701958364,1-0,3,0.04664955649517222,1-0,3,0.04603898328838607,1-0,3,0.04542841008159981,1-0,3,0.044817836874813555,1-0,3,0.04420726366802741,1-0,3,0.04359669046124126,1-0,3,0.04298611725445478,1-0,3,0.04237554404766852
Copa América,2011,2011-07-11,Argentina,Costa Rica,3,0,0.717639345251649,0.1717682288677935,0.11059242588055744,0.8408514097542735,0.11921440420254881,0.03993418604287271,0.123212064502777,home,home,False,2-0,1,0.02093192864168736,2-0,1,0.024602739635160464,2-0,1,0.024422484580123305,2-0,1,0.02424222952508548,2-0,1,0.024061974470047875,2-0,1,0.02388171941501005,2-0,1,0.023701464359972446,2-0,1,0.023521209304934843,2-0,1,0.02334095424989724,2-0,1,0.023160699194859635,2-0,1,0.02298044413982181,2-0,1,0.022800189084784428,2-0,1,0.022619934029746824,2-0,1,0.02243967897470922,2-0,1,0.022259423919671617,2-0,1,0.02207916886463379,2-0,1,0.02189891380959641,2-0,1,0.021718658754558806,2-0,1,0.021538403699521202,2-0,1,0.02135814864448382,2-0,1,0.021177893589445995,2-0,1,0.020997638534409058
Copa América,2011,2011-07-10,Colombia,Bolivia,2,0,0.5095205388691985,0.2799334780386824,0.21054598309211914,0.592853281474854,0.25926684367963254,0.14787987484599363,0.08333274260541548,home,home,False,1-0,1,0.008753335158896869,1-0,1,0.010185971856445764,1-0,1,0.010114383742031885,1-0,1,0.010042795627617673,1-0,1,0.009971207513203684,1-0,1,0.009899619398789805,1-0,1,0.009828031284375705,1-0,1,0.009756443169961715,1-0,1,0.009684855055547725,1-0,1,0.009613266941133736,1-0,1,0.009541678826719746,1-0,1,0.009470090712305534,1-0,1,0.009398502597891767,1-0,1,0.009326914483477666,1-0,1,0.009255326369063566,1-0,1,0.009183738254649465,1-0,1,0.009112150140235364,1-0,1,0.009040562025821486,1-0,1,0.008968973911407385,1-0,1,0.008897385796993174,1-0,1,0.008825797682579184,1-0,1,0.008754209568165083
Copa América,2011,2011-07-09,Venezuela,Ecuador,1,0,0.28027993609928126,0.2871288179177765,0.43259124598294224,0.2989807440482342,0.28416137720368667,0.41685787874762165,0.01870080794918169,away,away,False,0-1,0,0.01155975944459331,0-1,0,0.011140042380048065,0-1,0,0.011161065177830887,0-1,0,0.011182087975613375,0-1,0,0.011203110773395974,0-1,0,0.011224133571178685,0-1,0,0.011245156368961062,0-1,0,0.011266179166743884,0-1,0,0.011287201964526483,0-1,0,0.011308224762309194,0-1,0,0.011329247560091682,0-1,0,0.011350270357874281,0-1,0,0.011371293155657103,0-1,0,0.011392315953439591,0-1,0,0.011413338751222302,0-1,0,0.01143436154900479,0-1,0,0.01145538434678739,0-1,0,0.0114764071445701,0-1,0,0.01149742994235281,0-1,0,0.01151845274013541,0-1,0,0.01153947553791812,0-1,0,0.011560498335700498
Copa América,2011,2011-07-09,Brazil,Paraguay,2,2,0.6221108871762464,0.24542367838433904,0.13246543443941444,0.6068841116969711,0.2580943310805845,0.1350215572219485,0.015226775479027413,home,home,False,2-0,0,0.020807054574564998,2-0,0,0.020303524498169745,2-0,0,0.02032899535850441,2-0,0,0.02035446621883885,2-0,0,0.020379937079173294,2-0,0,0.020405407939507736,2-0,0,0.02043087879984229,2-0,0,0.020456349660177064,2-0,0,0.020481820520511285,2-0,0,0.020507291380845727,2-0,0,0.02053276224118039,2-0,0,0.020558233101514944,2-0,0,0.020583703961849387,2-0,0,0.020609174822183718,2-0,0,0.020634645682518382,2-0,0,0.020660116542853046,2-0,0,0.020685587403187378,2-0,0,0.020711058263522042,2-0,0,0.020736529123856484,2-0,0,0.020761999984190926,2-0,0,0.020787470844525258,2-0,0,0.020812941704860033
Copa América,2011,2011-07-08,Peru,Mexico,1,0,0.16952370452227825,0.24040948866520434,0.5900668068125174,0.3923646049860308,0.289612710572881,0.3180226844405794,0.2720441223716836,away,home,True,0-2,0,0.025431288816859077,1-0,3,0.03333372888666297,1-0,3,0.032387145266921324,1-0,3,0.031440561647179455,1-0,3,0.030493978027437807,1-0,3,0.026270242622579265,0-2,0,0.014596474832050621,0-2,0,0.017230673123128204,0-2,0,0.017817144846458355,0-2,0,0.018403616569788728,0-2,0,0.01899008829311888,0-2,0,0.01957656001644892,0-2,0,0.02016303173977907,0-2,0,0.02074950346310933,0-2,0,0.02133597518643926,0-2,0,0.0219224469097693,0-2,0,0.02250891863309934,0-2,0,0.02309539035642927,0-2,0,0.023681862079759197,0-2,0,0.024268333803089237,0-2,0,0.024854805526418833,0-2,0,0.02544127724974876
Copa América,2011,2011-07-08,Uruguay,Chile,1,1,0.4200437849886466,0.28920586049180397,0.2907503545195495,0.3511568821800971,0.2887429268586767,0.36010019096171586,0.06934983644192155,home,away,True,1-0,0,0.015587567430431548,0-1,0,0.032596507603742886,0-1,0,0.03228262794918557,0-1,0,0.023145370714528934,0-1,0,0.011580304337171388,0-1,0,1.5237959813729773e-05,1-0,0,0.011549828417544705,1-0,0,0.01379890677665463,1-0,0,0.013926731584438024,1-0,0,0.014054556392221085,1-0,0,0.014182381200004368,1-0,0,0.014310206007787651,1-0,0,0.014438030815570713,1-0,0,0.014565855623353996,1-0,0,0.01469368043113728,1-0,0,0.014821505238920563,1-0,0,0.014949330046703846,1-0,0,0.015077154854487018,1-0,0,0.015204979662270413,1-0,0,0.015332804470053696,1-0,0,0.01546062927783698,1-0,0,0.015588454085620262
Copa América,2011,2011-07-07,Bolivia,Costa Rica,0,2,0.3290224799810306,0.2654461041278591,0.40553141589111025,0.46613970255717746,0.2839304947913033,0.24992980265101153,0.1556016132398449,away,home,True,1-2,2,0.015823882208847007,2-1,0,0.030206543285410503,2-1,0,0.02976227332769099,2-1,0,0.02931800336997159,2-1,0,0.02887373341225219,2-1,0,0.02842946345453279,2-1,0,0.0279851934968135,2-1,0,0.02754092353909421,2-1,0,0.02709665358137492,2-1,0,0.026652383623655518,2-1,0,0.02620811366593645,2-1,0,0.02576384370821705,2-1,0,0.02531957375049776,2-1,0,0.02487530379277869,2-1,0,0.02443103383505929,2-1,0,0.023986763877340334,2-1,0,0.005532033390330482,1-2,2,0.014611649450094522,1-2,2,0.014915272428628334,1-2,2,0.015218895407162036,1-2,2,0.015522518385695627,1-2,2,0.01582614136422933
Copa América,2011,2011-07-06,Argentina,Colombia,0,0,0.5370966751806483,0.26274982344320313,0.2001535013761486,0.6850041998527957,0.21705581490886586,0.09793998523874439,0.14790752467194446,home,home,False,2-0,0,0.02050327688935627,2-0,0,0.0261544142409027,2-0,0,0.02587204847800395,2-0,0,0.02558968271510409,2-0,0,0.025307316952204673,2-0,0,0.025024951189305478,2-0,0,0.02474258542640606,2-0,0,0.024460219663506422,2-0,0,0.024177853900607227,2-0,0,0.023895488137707366,2-0,0,0.023613122374807838,2-0,0,0.023330756611908532,2-0,0,0.023048390849008782,2-0,0,0.022766025086109365,2-0,0,0.022483659323209837,2-0,0,0.022201293560310198,2-0,0,0.02191892779741067,2-0,0,0.021636562034511142,2-0,0,0.021354196271611392,2-0,0,0.021071830508711864,2-0,0,0.020789464745812447,2-0,0,0.020507098982912586
Copa América,2011,2011-07-04,Chile,Mexico,2,1,0.2701419738517345,0.2820476741499589,0.4478103519983067,0.5951286777055624,0.2502368630609344,0.15463445923398667,0.32498670385358625,away,home,True,0-1,0,0.0017887127336793096,1-0,1,0.04501450524301176,1-0,1,0.043785433595773915,1-0,1,0.042556361948535626,1-0,1,0.04132729030129734,1-0,1,0.04009821865405905,1-0,1,0.03886914700682076,1-0,1,0.03764007535958225,1-0,1,0.03641100371234374,1-0,1,0.035181932065105226,1-0,1,0.03395286041786649,1-0,1,0.03272378877062776,1-0,1,0.03149471712338903,1-0,1,0.030265645476150405,1-0,1,0.02903657382891145,1-0,1,0.027807502181672605,1-0,1,0.0048366143589589905,0-1,0,0.0015546286488112848,0-1,0,0.001613185781065729,0-1,0,0.0016717429133201733,0-1,0,0.0017303000455747286,0-1,0,0.0017888571778291729
Copa América,2011,2011-07-04,Uruguay,Peru,1,1,0.5604075888665419,0.25287647708449745,0.18671593404896064,0.6523130603995808,0.2359802697418606,0.1117066698590556,0.09190547153279044,home,home,False,2-0,0,0.022319921996469816,2-0,0,0.02598715668534246,2-0,0,0.025804087999924508,2-0,0,0.025621019314507554,2-0,0,0.02543795062908949,2-0,0,0.025254881943672203,2-0,0,0.025071813258254583,2-0,0,0.024888744572837074,2-0,0,0.024705675887419343,2-0,0,0.024522607202001723,2-0,0,0.024339538516584325,2-0,0,0.02415646983116637,2-0,0,0.02397340114574875,2-0,0,0.02379033246033113,2-0,0,0.023607263774913623,2-0,0,0.02342419508949589,2-0,0,0.023241126404078383,2-0,0,0.02305805771866043,2-0,0,0.02287498903324281,2-0,0,0.0226919203478253,2-0,0,0.022508851662407348,2-0,0,0.022325782976989617
Copa América,2011,2011-07-03,Paraguay,Ecuador,0,0,0.37557960584222666,0.3204255615388957,0.30399483261887766,0.47802177185103956,0.2875846264673666,0.23439360168207898,0.10244216600857033,home,home,False,1-0,0,0.05368752893582007,1-0,0,0.0983014862541598,1-0,0,0.09724816423341309,1-0,0,0.09619484221266661,1-0,0,0.09514152019192013,1-0,0,0.09408819817117342,1-0,0,0.0930348761504266,1-0,0,0.09198155412968001,1-0,0,0.0909282321089332,1-0,0,0.08987491008818627,1-0,0,0.08882158806743945,1-0,0,0.08776826604669241,1-0,0,0.08671494402594548,1-0,0,0.08566162200519833,1-0,0,0.08460829998445141,1-0,0,0.08355497796370415,1-0,0,0.082501655942957,1-0,0,0.08144833392220974,1-0,0,0.08039501190146237,1-0,0,0.07850188654304613,1-0,0,0.06609513487120744,1-0,0,0.053688383199368195
Copa América,2011,2011-07-03,Brazil,Venezuela,0,0,0.7699955256575066,0.15793899632071795,0.07206547802177539,0.8407759375723342,0.12211671592914934,0.03710734649810969,0.07078041191503093,home,home,False,2-0,0,0.06512373671165816,2-0,0,0.07131126797046883,2-0,0,0.07101110233206365,2-0,0,0.07071093669365891,2-0,0,0.07041077105525373,2-0,0,0.07011060541684833,2-0,0,0.06981043977844315,2-0,0,0.06951027414003819,2-0,0,0.06921010850163278,2-0,0,0.0689099428632276,2-0,0,0.06860977722482287,2-0,0,0.06830961158641768,2-0,0,0.0680094459480125,2-0,0,0.06770928030960732,2-0,0,0.06740911467120214,2-0,0,0.06710894903279718,2-0,0,0.06680878339439245,2-0,0,0.06650861775598749,2-0,0,0.06620845211758208,2-0,0,0.0659082864791769,2-0,0,0.06560812084077217,2-0,0,0.06530795520236721
Copa América,2011,2011-07-02,Colombia,Costa Rica,1,0,0.48206447963982607,0.2786005208788694,0.23933499948130446,0.7123484045117117,0.20103804103288675,0.08661355445587705,0.2302839248716478,home,home,False,2-0,1,0.00143524021667929,2-0,1,0.0021210714325536895,2-0,1,0.0020867870394583043,2-0,1,0.0020525026463629192,2-0,1,0.002018218253267756,2-0,1,0.001983933860172593,2-0,1,0.001949649467077208,2-0,1,0.001915365073982045,2-0,1,0.0018810806808866598,2-0,1,0.0018467962877913857,2-0,1,0.0018125118946962226,2-0,1,0.0017782275016008375,2-0,1,0.0017439431085054524,2-0,1,0.0017096587154101783,2-0,1,0.0016753743223151263,2-0,1,0.0016410899292196302,2-0,1,0.001606805536124467,2-0,1,0.001572521143029082,2-0,1,0.0015382367499336969,2-0,1,0.0015039523568384228,2-0,1,0.0014696679637431487,2-0,1,0.0014353835706478746
Copa América,2011,2011-07-01,Argentina,Bolivia,1,1,0.7407306902449852,0.16494425613034086,0.09432505362467407,0.895157495299529,0.08455028366677893,0.02029222103327208,0.1544268050547539,home,home,False,2-0,0,0.03488493584241814,2-0,0,0.042293036142582174,2-0,0,0.04192823003405577,2-0,0,0.04156342392552914,2-0,0,0.04119861781700296,2-0,0,0.04083381170847655,2-0,0,0.04046900559995015,2-0,0,0.04010419949142374,2-0,0,0.03973939338289689,2-0,0,0.03937458727437071,2-0,0,0.039009781165844304,2-0,0,0.0386449750573179,2-0,0,0.038280168948791715,2-0,0,0.03791536284026531,2-0,0,0.037550556731738904,2-0,0,0.0371857506232125,2-0,0,0.036820944514686316,2-0,0,0.03645613840615991,2-0,0,0.03609133229763395,2-0,0,0.035726526189107766,2-0,0,0.03536172008058136,2-0,0,0.03499691397205518
Copa América,2015,2015-07-04,Chile,Argentina,0,0,0.20407686003318581,0.27713962970264777,0.5187835102641664,0.2820311878210536,0.2916694907774832,0.4262993214019566,0.09248418886245649,away,away,False,0-2,0,0.008836491531832302,0-2,0,0.007262137285924064,0-2,0,0.007340912085997298,0-2,0,0.007419686886070531,0-2,0,0.007498461686143876,0-2,0,0.00757723648621722,0-2,0,0.007656011286290454,0-2,0,0.0077347860863637985,0-2,0,0.007813560886437143,0-2,0,0.007892335686510266,0-2,0,0.00797111048658361,0-2,0,0.008049885286656955,0-2,0,0.00812866008673041,0-2,0,0.008207434886803533,0-2,0,0.008286209686876878,0-2,0,0.008364984486950111,0-2,0,0.008443759287023678,0-2,0,0.008522534087096911,0-2,0,0.008601308887170256,0-2,0,0.00868008368724349,0-2,0,0.008758858487316945,0-2,0,0.0088376332873904
Copa América,2015,2015-07-03,Peru,Paraguay,2,0,0.3226292507956953,0.32534420976892886,0.3520265394353758,0.3685755346278441,0.2771084658152092,0.3543159995574515,0.048235743953972066,away,home,True,0-1,0,0.004997779721733764,1-0,1,0.03406014859608153,1-0,1,0.030070816709540704,1-0,1,0.026081484822999434,1-0,1,0.022092152936458165,1-0,1,0.018102821049916784,1-0,1,0.01411348916337507,1-0,1,0.01012415727683269,1-0,1,0.006134825390290977,1-0,1,0.0021454935037482636,0-1,0,0.0018438383827944493,0-1,0,0.005833170269337384,0-1,0,0.00982250215588043,0-1,0,0.013811834042423254,0-1,0,0.017801165928966856,0-1,0,0.021790497815510346,0-1,0,0.02577982970205417,0-1,0,0.02450400222609217,0-1,0,0.01962746529943382,0-1,0,0.014750928372775696,0-1,0,0.009874391446117126,0-1,0,0.0049978545194582225
Copa América,2015,2015-06-29,Chile,Peru,2,1,0.479422645362791,0.2946637150701152,0.22591363956709382,0.6781941417864209,0.21237029388271694,0.10943556433040569,0.19877149642385813,home,home,False,1-0,1,0.02073123683437672,1-0,1,0.029328482669960465,1-0,1,0.028898689338747507,1-0,1,0.02846889600753455,1-0,1,0.02803910267632137,1-0,1,0.027609309345108413,1-0,1,0.027179516013895677,1-0,1,0.02674972268268272,1-0,1,0.02631992935146954,1-0,1,0.025890136020256582,1-0,1,0.025460342689043625,1-0,1,0.025030549357830667,1-0,1,0.02460075602661782,1-0,1,0.024170962695404974,1-0,1,0.023741169364192016,1-0,1,0.02331137603297928,1-0,1,0.022881582701766545,1-0,1,0.02245178937055381,1-0,1,0.022021996039340963,1-0,1,0.02159220270812834,1-0,1,0.021162409376915492,1-0,1,0.020732616045702867
Copa América,2015,2015-06-27,Brazil,Paraguay,1,1,0.6403177476515698,0.22664539117580462,0.13303686117262564,0.605979746380428,0.2493369112496146,0.14468334237043629,0.03433800127138123,home,home,False,2-0,0,0.04125015015063216,2-0,0,0.039061629961334,2-0,0,0.03917230183669673,2-0,0,0.03928297371205969,2-0,0,0.03939364558742253,2-0,0,0.03950431746278538,2-0,0,0.03961498933814833,2-0,0,0.039725661213511065,2-0,0,0.03983633308887391,2-0,0,0.039947004964236976,2-0,0,0.04005767683959993,2-0,0,0.040168348714962665,2-0,0,0.04027902059032562,2-0,0,0.040389692465688576,2-0,0,0.04050036434105142,2-0,0,0.040611036216414265,2-0,0,0.04072170809177722,2-0,0,0.040832379967140175,2-0,0,0.04094305184250302,2-0,0,0.041053723717866086,2-0,0,0.04116439559322893,2-0,0,0.04127506746859244
Copa América,2015,2015-06-26,Argentina,Colombia,0,0,0.4347770025236137,0.31698720076657944,0.24823579670980692,0.5363158632199778,0.2811023815768625,0.1825817552026707,0.10153886069660864,home,home,False,1-0,0,0.061347005381144015,1-0,0,0.07567619236475376,1-0,0,0.07495981654207695,1-0,0,0.07424344071940026,1-0,0,0.07352706489672378,1-0,0,0.07281068907404709,1-0,0,0.0720943132513705,1-0,0,0.07137793742869403,1-0,0,0.07066156160601744,1-0,0,0.06994518578334108,1-0,0,0.06922880996066472,1-0,0,0.06851243413798824,1-0,0,0.06779605831531188,1-0,0,0.0670796824926354,1-0,0,0.06636330666995927,1-0,0,0.06564693084728301,1-0,0,0.06493055502460676,1-0,0,0.06421417920193062,1-0,0,0.06349780337925426,1-0,0,0.06278142755657823,1-0,0,0.06206505173390231,1-0,0,0.06134867591122606
Copa América,2015,2015-06-25,Bolivia,Peru,1,3,0.25106303796575946,0.2972386973466901,0.4516982646875503,0.1821128464448473,0.29349954274833145,0.5243876108073228,0.07268934611952164,away,away,False,0-1,1,0.02076147231944636,0-1,1,0.02410385749965105,0-1,1,0.023936796569482333,0-1,1,0.023769735639313838,0-1,1,0.023602674709145233,0-1,1,0.023435613778976405,0-1,1,0.02326855284880769,0-1,1,0.023101491918639194,0-1,1,0.022934430988470478,0-1,1,0.02276737005830176,0-1,1,0.022600309128133156,0-1,1,0.02243324819796444,0-1,1,0.022266187267795723,0-1,1,0.022099126337627117,0-1,1,0.02193206540745818,0-1,1,0.021765004477289573,0-1,1,0.021597943547120746,0-1,1,0.02143088261695203,0-1,1,0.021263821686783313,0-1,1,0.021096760756614485,0-1,1,0.020929699826445547,0-1,1,0.020762638896277053
Copa América,2015,2015-06-24,Chile,Uruguay,1,0,0.3441113348803846,0.27941080688458764,0.3764778582350278,0.5603855588166416,0.26383975814029176,0.17577468304357144,0.21627422393600465,away,home,True,1-2,0,0.013797166831775787,2-1,1,0.026859893850509353,2-1,1,0.02634158082422533,2-1,1,0.02582326779794153,2-1,1,0.025304954771657395,2-1,1,0.02478664174537326,2-1,1,0.02426832871908924,2-1,1,0.023750015692805215,2-1,1,0.02323170266652097,2-1,1,0.022713389640236947,2-1,1,0.022195076613952702,2-1,1,0.021676763587668457,2-1,1,0.021158450561384212,2-1,1,0.020640137535099967,2-1,1,0.0201218245088155,2-1,1,0.019603511482531366,2-1,1,0.01908519845624701,2-1,1,0.018566885429962654,2-1,1,0.018048572403678298,2-1,1,0.017530259377393942,1-2,0,0.013430639697836866,1-2,0,0.013798442363310848
Copa América,2015,2015-06-21,Brazil,Venezuela,2,1,0.699385747967374,0.19500884077895234,0.10560541125367365,0.6211384553035783,0.24968510605453265,0.12917643864137815,0.07824729266354026,home,home,False,2-0,2,0.04552947163848242,2-0,2,0.04049238024857904,2-0,2,0.04074742959392996,2-0,2,0.041002478939281106,2-0,2,0.04125752828463214,2-0,2,0.041512577629983394,2-0,2,0.041767626975334315,2-0,2,0.04202267632068524,2-0,2,0.04227772566603638,2-0,2,0.0425327750113873,2-0,2,0.042787824356738,2-0,2,0.04304287370208948,2-0,2,0.043297923047439846,2-0,2,0.04355297239279121,2-0,2,0.04380802173814202,2-0,2,0.04406307108349283,2-0,2,0.04431812042884398,2-0,2,0.04457316977419534,2-0,2,0.04482821911954549,2-0,2,0.04508326846489674,2-0,2,0.04533831781024733,2-0,2,0.04559336715559836
Copa América,2015,2015-06-21,Colombia,Peru,0,0,0.5189947788265543,0.3006568919536343,0.18034832921981137,0.5938517710921692,0.25940359507117733,0.14674463383619132,0.07485699226584598,home,home,False,1-0,0,0.05150471713457383,1-0,0,0.05893695063070292,1-0,0,0.05856549069134531,1-0,0,0.05819403075198881,1-0,0,0.05782257081263187,1-0,0,0.0574511108732747,1-0,0,0.0570796509339182,1-0,0,0.05670819099456126,1-0,0,0.056336731055204536,1-0,0,0.0559652711158477,1-0,0,0.05559381117649098,1-0,0,0.05522235123713415,1-0,0,0.05485089129777754,1-0,0,0.05447943135842093,1-0,0,0.054107971419064094,1-0,0,0.05373651147970748,1-0,0,0.05336505154035087,1-0,0,0.05299359160099426,1-0,0,0.05262213166163765,1-0,0,0.05225067172228104,1-0,0,0.05187921178292454,1-0,0,0.05150775184356793
Copa América,2015,2015-06-20,Argentina,Jamaica,1,0,0.7852659316531417,0.16572823105326048,0.049005837293597726,0.8679845420752883,0.10199207875702769,0.030023379167323085,0.082718610422327,home,home,False,2-0,1,0.09128541632934017,2-0,1,0.10105677783226064,2-0,1,0.10057524412798124,2-0,1,0.1000937104237023,2-0,1,0.09961217671942268,2-0,1,0.09913064301514307,2-0,1,0.0986491093108639,2-0,1,0.09816757560658451,2-0,1,0.09768604190230534,2-0,1,0.09720450819802595,2-0,1,0.09672297449374678,2-0,1,0.09624144078946761,2-0,1,0.09575990708518844,2-0,1,0.09527837338090883,2-0,1,0.09479683967662944,2-0,1,0.09431530597235072,2-0,1,0.09383377226807132,2-0,1,0.09335223856379216,2-0,1,0.09287070485951321,2-0,1,0.09238917115523404,2-0,1,0.09190763745095465,2-0,1,0.09142610374667592
Copa América,2015,2015-06-20,Uruguay,Paraguay,1,1,0.499087660520399,0.27191292818247226,0.2289994112971288,0.4170411307170848,0.32529381863461126,0.25766505064780487,0.08204652980306462,home,home,False,2-0,0,0.009197038028536109,2-0,0,0.007686292327373501,2-0,0,0.0077619004108530065,2-0,0,0.007837508494332512,2-0,0,0.00791311657781213,2-0,0,0.007988724661291635,2-0,0,0.00806433274477103,2-0,0,0.008139940828250647,2-0,0,0.008215548911730153,2-0,0,0.008291156995209659,2-0,0,0.008366765078689165,2-0,0,0.008442373162168781,2-0,0,0.008517981245648287,2-0,0,0.008593589329127793,2-0,0,0.008669197412607188,2-0,0,0.008744805496086805,2-0,0,0.0088204135795662,2-0,0,0.008896021663045706,2-0,0,0.008971629746525212,2-0,0,0.009047237830004606,2-0,0,0.009122845913484112,2-0,0,0.00919845399696384
Copa América,2015,2015-06-19,Chile,Bolivia,5,0,0.6162286462461335,0.23346635604607077,0.15030499770779587,0.764541165163747,0.166827289783961,0.06863154505273898,0.1483125189173901,home,home,False,2-0,1,0.031016977567496662,2-0,1,0.03850251849112851,2-0,1,0.03812906538210892,2-0,1,0.03775561227308932,2-0,1,0.03738215916406973,2-0,1,0.03700870605504991,2-0,1,0.036635252946030095,2-0,1,0.03626179983701028,2-0,1,0.03588834672799068,2-0,1,0.035514893618970866,2-0,1,0.03514144050995083,2-0,1,0.03476798740093123,2-0,1,0.034394534291911194,2-0,1,0.03402108118289204,2-0,1,0.03364762807387156,2-0,1,0.033274174964851966,2-0,1,0.03290072185583204,2-0,1,0.03252726874681211,2-0,1,0.03215381563779229,2-0,1,0.031780362528772255,2-0,1,0.031406909419752216,2-0,1,0.031033456310732288
Copa América,2015,2015-06-19,Mexico,Ecuador,1,2,0.39475424812991444,0.29408360338683676,0.3111621484832487,0.3922155448922072,0.25881034923240304,0.34897410587586675,0.0378119573923795,home,home,False,1-0,0,0.009197053304057068,1-0,0,0.009138388274790077,1-0,0,0.009141345788356903,1-0,0,0.009144303301923618,1-0,0,0.009147260815490554,1-0,0,0.00915021832905727,1-0,0,0.009153175842623984,1-0,0,0.009156133356190699,1-0,0,0.009159090869757414,1-0,0,0.009162048383324128,1-0,0,0.009165005896891065,1-0,0,0.009167963410457891,1-0,0,0.009170920924024606,1-0,0,0.009173878437591432,1-0,0,0.009176835951158036,1-0,0,0.009179793464724861,1-0,0,0.009182750978291687,1-0,0,0.009185708491858291,1-0,0,0.009188666005425339,1-0,0,0.009191623518992165,1-0,0,0.009194581032558768,1-0,0,0.009197538546125483
Copa América,2015,2015-06-18,Peru,Venezuela,1,0,0.37082946796434946,0.31512835436271297,0.3140421776729376,0.34861588227167145,0.29607389769598913,0.3553102200328354,0.04126804235964984,home,away,True,1-0,3,0.053332356793099445,0-1,0,0.026477195399887243,0-1,0,0.020857359600702896,0-1,0,0.015237523801517994,0-1,0,0.009617688002333313,0-1,0,0.003997852203148078,1-0,3,0.0016219835960373796,1-0,3,0.007241819395223059,1-0,3,0.012861655194409183,1-0,3,0.01848149099359575,1-0,3,0.024101326792781763,1-0,3,0.02972116259196922,1-0,3,0.03534099839115579,1-0,3,0.0409608341903438,1-0,3,0.04658066998953159,1-0,3,0.05220050578871949,1-0,3,0.05261839021302139,1-0,3,0.05276142436511788,1-0,3,0.052904458517214925,1-0,3,0.0530474926693113,1-0,3,0.05319052682140779,1-0,3,0.05333356097350417
Copa América,2015,2015-06-17,Brazil,Colombia,0,1,0.4368935100950674,0.297780832185066,0.2653256577198666,0.47913773403948706,0.2790590859305445,0.24180318003044543,0.042244223944181175,home,home,False,1-0,0,0.020105581510480586,1-0,0,0.02205079222390527,1-0,0,0.021953584413011207,1-0,0,0.021856376602117367,1-0,0,0.021759168791223304,1-0,0,0.021661960980329353,1-0,0,0.021564753169435402,1-0,0,0.02146754535854145,1-0,0,0.02137033754764739,1-0,0,0.021273129736753327,1-0,0,0.021175921925859487,1-0,0,0.021078714114965313,1-0,0,0.020981506304071473,1-0,0,0.02088429849317741,1-0,0,0.020787090682283238,1-0,0,0.020689882871389287,1-0,0,0.020592675060495336,1-0,0,0.020495467249601163,1-0,0,0.0203982594387071,1-0,0,0.020301051627813038,1-0,0,0.020203843816919087,1-0,0,0.020106636006024692
Copa América,2015,2015-06-16,Argentina,Uruguay,1,0,0.5176985270548704,0.2656023574045057,0.21669911554062393,0.616327844333921,0.24107276493855548,0.14259939072801517,0.09862931727880478,home,home,False,2-0,1,0.01100270221504851,2-0,1,0.013101457677260342,2-0,1,0.012996628093626894,2-0,1,0.012891798509993446,2-0,1,0.012786968926359998,2-0,1,0.01268213934272644,2-0,1,0.01257730975909288,2-0,1,0.012472480175459544,2-0,1,0.012367650591825985,2-0,1,0.012262821008192537,2-0,1,0.012157991424558978,2-0,1,0.01205316184092553,2-0,1,0.011948332257291971,2-0,1,0.011843502673658524,2-0,1,0.011738673090024965,2-0,1,0.011633843506391406,2-0,1,0.011529013922757958,2-0,1,0.011424184339124399,2-0,1,0.01131935475549084,2-0,1,0.011214525171857392,2-0,1,0.011109695588223722,2-0,1,0.011004866004590053
Copa América,2015,2015-06-16,Paraguay,Jamaica,1,0,0.5238762369976313,0.30568636259299786,0.17043740040937086,0.5607109141579293,0.2656982493942374,0.1735908364473326,0.03998811319851009,home,home,False,1-0,3,0.067735908898787,1-0,3,0.07250221610723173,1-0,3,0.07226407238144505,1-0,3,0.07202592865565849,1-0,3,0.07178778492987181,1-0,3,0.07154964120408525,1-0,3,0.07131149747829846,1-0,3,0.071073353752512,1-0,3,0.07083521002672533,1-0,3,0.07059706630093887,1-0,3,0.0703589225751523,1-0,3,0.07012077884936563,1-0,3,0.06988263512357906,1-0,3,0.06964449139779272,1-0,3,0.06940634767200604,1-0,3,0.06916820394621959,1-0,3,0.06893006022043324,1-0,3,0.06869191649464668,1-0,3,0.06845377276886,1-0,3,0.06821562904307354,1-0,3,0.06797748531728731,1-0,3,0.06773934159150075
Copa América,2015,2015-06-15,Chile,Mexico,3,3,0.34924613577122315,0.2994113048836623,0.3513425593451146,0.6128731506103757,0.2528720406450747,0.1342548087450397,0.26362701483890755,away,home,True,0-1,0,0.003018972602861991,1-0,0,0.03700624710384348,1-0,0,0.036210336364022044,1-0,0,0.03541442562420083,1-0,0,0.034618514884379725,1-0,0,0.03382260414455862,1-0,0,0.033026693404737406,1-0,0,0.03223078266491619,1-0,0,0.031434871925094865,1-0,0,0.030638961185273428,1-0,0,0.02984305044545199,1-0,0,0.029047139705630665,1-0,0,0.028251228965809227,1-0,0,0.02745531822598779,1-0,0,0.02665940748616613,1-0,0,0.025863496746344694,1-0,0,0.025067586006523035,1-0,0,0.024271675266701376,1-0,0,0.023475764526879828,1-0,0,0.02267985378705817,1-0,0,0.021883943047236176,0-1,0,0.0030190943536867465
Copa América,2015,2015-06-15,Ecuador,Bolivia,2,3,0.5757092778007191,0.24630443842667885,0.177986283772602,0.6365467094714167,0.23212461738710882,0.13132867314196606,0.06083743167045176,home,home,False,2-0,0,0.019983023553368895,2-0,0,0.022103068766641476,2-0,0,0.021997444629732965,2-0,0,0.021891820492824454,2-0,0,0.021786196355916054,2-0,0,0.021680572219007543,2-0,0,0.021574948082099032,2-0,0,0.021469323945190633,2-0,0,0.021363699808282233,2-0,0,0.02125807567137361,2-0,0,0.021152451534465322,2-0,0,0.021046827397556922,2-0,0,0.0209412032606483,2-0,0,0.02083557912373979,2-0,0,0.020729954986831278,2-0,0,0.02062433084992299,2-0,0,0.020518706713014367,2-0,0,0.020413082576105857,2-0,0,0.020307458439197346,2-0,0,0.020201834302288835,2-0,0,0.020096210165380324,2-0,0,0.019990586028471924
Copa América,2015,2015-06-14,Brazil,Peru,2,1,0.6490232372888115,0.22621644784528053,0.12476031486590805,0.7139754232676286,0.19380935095743462,0.09221522577449597,0.06495218597903757,home,home,False,2-0,2,0.04911042121888931,2-0,2,0.05405640742643403,2-0,2,0.05381052488523563,2-0,2,0.05356464234403702,2-0,2,0.05331875980283862,2-0,2,0.05307287726164023,2-0,2,0.05282699472044183,2-0,2,0.05258111217924344,2-0,2,0.052335229638045044,2-0,2,0.05208934709684665,2-0,2,0.051843464555648255,2-0,2,0.05159758201445008,2-0,2,0.05135169947325191,2-0,2,0.05110581693205396,2-0,2,0.050859934390855344,2-0,2,0.05061405184965717,2-0,2,0.05036816930845878,2-0,2,0.05012228676726038,2-0,2,0.049876404226061544,2-0,2,0.049630521684863926,2-0,2,0.04938463914366542,2-0,2,0.04913875660246758
Copa América,2015,2015-06-13,Argentina,Paraguay,2,2,0.6294122988801683,0.24305257809981046,0.1275351230200212,0.726767989822939,0.18727638269059094,0.0859556274859744,0.09735569094301853,home,home,False,2-0,0,0.03466600029997857,2-0,0,0.04004155527907716,2-0,0,0.039773362861742934,2-0,0,0.039505170444409154,2-0,0,0.03923697802707493,2-0,0,0.03896878560974093,2-0,0,0.03870059319240737,2-0,0,0.03843240077507337,2-0,0,0.03816420835773915,2-0,0,0.03789601594040559,2-0,0,0.03762782352307115,2-0,0,0.03735963110573759,2-0,0,0.03709143868840359,2-0,0,0.03682324627106959,2-0,0,0.03655505385373581,2-0,0,0.03628686143640225,2-0,0,0.03601866901906803,2-0,0,0.035750476601733916,2-0,0,0.035482284184400914,2-0,0,0.03521409176706636,2-0,0,0.03494589934973291,2-0,0,0.03467770693239913
Copa América,2015,2015-06-13,Uruguay,Jamaica,1,0,0.691367849842899,0.21217370524659482,0.09645844491050616,0.7207895251585706,0.19489286376436907,0.08431761107662451,0.029421675315889517,home,home,False,2-0,1,0.06782511128535185,2-0,1,0.07076165478677154,2-0,1,0.07061723492776317,2-0,1,0.07047281506875525,2-0,1,0.07032839520974732,2-0,1,0.07018397535073917,2-0,1,0.07003955549173102,2-0,1,0.06989513563272287,2-0,1,0.06975071577371494,2-0,1,0.0696062959147068,2-0,1,0.06946187605569909,2-0,1,0.0693174561966905,2-0,1,0.06917303633768279,2-0,1,0.06902861647867442,2-0,1,0.06888419661966694,2-0,1,0.06873977676065879,2-0,1,0.06859535690165064,2-0,1,0.06845093704264293,2-0,1,0.06830651718363479,2-0,1,0.06816209732462641,2-0,1,0.06801767746561871,2-0,1,0.067873257606611
Copa América,2015,2015-06-12,Mexico,Bolivia,0,0,0.6115475118842236,0.23823260618982436,0.1502198819259521,0.6064539828606041,0.24607807260567924,0.14746794453417414,0.007845466415626154,home,home,False,2-0,0,0.03431461588378537,2-0,0,0.034044112361140355,2-0,0,0.03405840896725598,2-0,0,0.03407270557337183,2-0,0,0.03408700217948746,2-0,0,0.034101298785603085,2-0,0,0.03411559539171849,2-0,0,0.03412989199783423,2-0,0,0.03414418860394974,2-0,0,0.03415848521006559,2-0,0,0.03417278181618111,2-0,0,0.034187078422296624,2-0,0,0.03420137502841225,2-0,0,0.03421567163452799,2-0,0,0.034229968240643616,2-0,0,0.034244264846759354,2-0,0,0.03425856145287498,2-0,0,0.03427285805899061,2-0,0,0.034287154665106345,2-0,0,0.03430145127122186,2-0,0,0.0343157478773376,2-0,0,0.034330044483453115
Copa América,2015,2015-06-11,Chile,Ecuador,2,0,0.3966925888266141,0.28939411482308386,0.313913296350302,0.6235155703859065,0.23973872934118107,0.13674570027241603,0.22682298155954062,home,home,False,2-1,2,0.0020988897270963758,2-1,2,0.003299213710852733,2-1,2,0.003239204183726363,2-1,2,0.003179194656599771,2-1,2,0.0031191851294731787,2-1,2,0.0030591756023465866,2-1,2,0.0029991660752202165,2-1,2,0.0029391565480936244,2-1,2,0.0028791470209671433,2-1,2,0.002819137493840662,2-1,2,0.00275912796671407,2-1,2,0.002699118439587478,2-1,2,0.002639108912461108,2-1,2,0.0025790993853345157,2-1,2,0.0025190898582080345,2-1,2,0.0024590803310815534,2-1,2,0.0023990708039550723,2-1,2,0.00233906127682848,2-1,2,0.002279051749701999,2-1,2,0.002219042222575518,2-1,2,0.002159032695449037,2-1,2,0.0020990231683225558
Copa América,2015,2015-06-14,Colombia,Venezuela,0,1,0.5673015840171732,0.27137989206920704,0.16131852391361973,0.671504804387281,0.21709175739544434,0.11140343821771764,0.10420322036988627,home,home,False,1-0,0,0.00022135684652724308,1-0,0,0.0002620561882744621,1-0,0,0.0002600229117768471,1-0,0,0.00025798963527923213,1-0,0,0.00025595635878161715,1-0,0,0.0002539230822840022,1-0,0,0.0002518898057863872,1-0,0,0.0002498565292885502,1-0,0,0.0002478232527909352,1-0,0,0.0002457899762933202,1-0,0,0.0002437566997959273,1-0,0,0.00024172342329809027,1-0,0,0.00023969014680069733,1-0,0,0.0002376568703028603,1-0,0,0.00023562359380524533,1-0,0,0.00023359031730774138,1-0,0,0.0002315570408101264,1-0,0,0.00022952376431251142,1-0,0,0.00022749048781478542,1-0,0,0.00022545721131705942,1-0,0,0.00022342393481955547,1-0,0,0.0002213906583219405
Copa América,2016,2016-06-26,Argentina,Chile,0,0,0.493946064527783,0.27955582879848384,0.22649810667373316,0.548168239562108,0.26823721400207223,0.18359454643631595,0.05422217503407692,home,home,False,1-0,0,0.007094528215199292,1-0,0,0.007874064900702638,1-0,0,0.007835121662617905,1-0,0,0.007796178424533173,1-0,0,0.007757235186448441,1-0,0,0.007718291948363709,1-0,0,0.007679348710278977,1-0,0,0.007640405472194023,1-0,0,0.007601462234109513,1-0,0,0.007562518996024559,1-0,0,0.007523575757939827,1-0,0,0.0074846325198549835,1-0,0,0.007445689281770251,1-0,0,0.007406746043685408,1-0,0,0.007367802805600676,1-0,0,0.007328859567515944,1-0,0,0.007289916329431101,1-0,0,0.007250973091346258,1-0,0,0.007212029853261526,1-0,0,0.0071730866151766826,1-0,0,0.0071341433770919505,1-0,0,0.007095200139007107
Copa América,2016,2016-06-25,United States,Colombia,0,1,0.19209474785323447,0.2882711145781641,0.5196341375686014,0.28582456881419593,0.2707081238755458,0.4434673073097579,0.09372982096121164,away,away,False,0-1,3,0.03741566194004542,0-1,3,0.03193370791440897,0-1,3,0.03220794338455013,0-1,3,0.03248217885469107,0-1,3,0.032756414324832006,0-1,3,0.033030649794973166,0-1,3,0.033304885265114104,0-1,3,0.03357912073525493,0-1,3,0.03385335620539587,0-1,3,0.034127591675536806,0-1,3,0.03440182714567763,0-1,3,0.03467606261581857,0-1,3,0.0349502980859594,0-1,3,0.03522453355610011,0-1,3,0.03549876902624094,0-1,3,0.03577300449638188,0-1,3,0.03604723996652248,0-1,3,0.03632147543666342,0-1,3,0.03659571090680436,0-1,3,0.03686994637694496,0-1,3,0.03714418184708579,0-1,3,0.037418417317226504
Copa América,2016,2016-06-22,Colombia,Chile,0,2,0.37908204085640135,0.3167110081657936,0.304206950977805,0.31080987095371754,0.2982542752222876,0.39093585382349494,0.0867289028459399,home,away,True,1-0,0,0.06772459796426278,0-1,1,0.10258633317234112,0-1,1,0.10144839710994069,0-1,1,0.10031046104754071,0-1,1,0.09917252498514073,0-1,1,0.09803458892274064,0-1,1,0.09583421810698312,0-1,1,0.08171615200621674,0-1,1,0.0675980859054508,0-1,1,0.05348001980468586,0-1,1,0.03936195370392148,0-1,1,0.02524388760315799,0-1,1,0.011125821502395827,1-0,0,0.0029922445983660007,1-0,0,0.01711031069912705,1-0,0,0.031228376799887547,1-0,0,0.045346442900647155,1-0,0,0.050416721850884194,1-0,0,0.05474398732844521,1-0,0,0.059071252806006,1-0,0,0.06339851828356635,1-0,0,0.06772578376112703
Copa América,2016,2016-06-21,United States,Argentina,0,4,0.12943006467006274,0.22785380104669467,0.6427161342832426,0.10656291427100553,0.20596841346270345,0.6874686722658175,0.04475253798281169,away,away,False,0-2,1,0.05095246784402652,0-2,1,0.054526359298918026,0-2,1,0.054348882632413664,0-2,1,0.05417140596590975,0-2,1,0.053993929299406274,0-2,1,0.05381645263290169,0-2,1,0.05363897596639755,0-2,1,0.05346149929989363,0-2,1,0.05328402263338994,0-2,1,0.0531065459668858,0-2,1,0.0529290693003821,0-2,1,0.05275159263387785,0-2,1,0.052574115967373936,0-2,1,0.052396639300869574,0-2,1,0.05221916263436599,0-2,1,0.052041685967862183,0-2,1,0.051864209301357156,0-2,1,0.05168673263485457,0-2,1,0.0515092559683511,0-2,1,0.05133177930184629,0-2,1,0.051154302635342375,0-2,1,0.05097682596883879
Copa América,2016,2016-06-18,Mexico,Chile,0,7,0.3170374351864477,0.2738918075078322,0.4090707573057201,0.3725724420617881,0.3176648532388654,0.3097627046998235,0.0993080526061351,away,home,True,1-2,1,0.009710177054540026,1-1,0,0.010715788598658293,1-1,0,0.01098432194280552,1-1,0,0.011252855286952745,1-1,0,0.011521388631099971,1-1,0,0.011789921975246531,1-1,0,0.012058455319393646,1-1,0,0.01232698866354065,1-1,0,0.012595522007688098,1-1,0,0.012864055351835435,1-1,0,0.013132588695982217,1-1,0,0.0011438328902123596,1-2,1,0.008650224876583956,1-2,1,0.00876810071458578,1-2,1,0.008885976552587826,1-2,1,0.00900385239058965,1-2,1,0.009121728228591475,1-2,1,0.00923960406659341,1-2,1,0.009357479904595345,1-2,1,0.009475355742597169,1-2,1,0.009593231580599104,1-2,1,0.00971110741860104
Copa América,2016,2016-06-18,Argentina,Venezuela,4,1,0.7122677018660755,0.1965191355771871,0.09121316255673739,0.8021122686804241,0.14802816955715134,0.04985956176194131,0.08984456681459022,home,home,False,2-0,1,0.07322749722376853,2-0,1,0.08254352181182556,2-0,1,0.08208123696404801,2-0,1,0.08161895211627046,2-0,1,0.08115666726849335,2-0,1,0.0806943824207158,2-0,1,0.0802320975729387,2-0,1,0.07976981272516159,2-0,1,0.07930752787738427,2-0,1,0.07884524302960694,2-0,1,0.07838295818182961,2-0,1,0.07792067333405273,2-0,1,0.07745838848627518,2-0,1,0.07699610363849829,2-0,1,0.07653381879072119,2-0,1,0.0760715339429443,2-0,1,0.07560924909516697,2-0,1,0.07514696424738987,2-0,1,0.07468467939961299,2-0,1,0.07422239455183588,2-0,1,0.07376010970405855,2-0,1,0.07329782485628189
Copa América,2016,2016-06-17,Peru,Colombia,0,0,0.19733156373711516,0.31329790168276445,0.48937053458012036,0.14544696794782205,0.2545224074989365,0.6000306245527589,0.1106600899728798,away,away,False,0-1,0,0.08695870612295897,0-1,0,0.10662582927635822,0-1,0,0.10564261080563786,0-1,0,0.10465939233491794,0-1,0,0.10367617386419847,0-1,0,0.10269295539347834,0-1,0,0.10170973692275787,0-1,0,0.1007265184520384,0-1,0,0.09974329998131903,0-1,0,0.0987600815105989,0-1,0,0.09777686303987931,0-1,0,0.09679364456915951,0-1,0,0.09581042609844015,0-1,0,0.09482720762772034,0-1,0,0.09384398915700065,0-1,0,0.0928607706862814,0-1,0,0.09187755221556204,0-1,0,0.09089433374484257,0-1,0,0.08991111527412332,0-1,0,0.08892789680340396,0-1,0,0.08794467833268493,0-1,0,0.08696145986196546
Copa América,2016,2016-06-16,United States,Ecuador,2,1,0.2940038170146659,0.2653767828102695,0.4406194001750647,0.32912985474006623,0.314858145884678,0.35601199937477385,0.08460740080004983,away,away,False,1-2,0,0.009382960960608089,1-1,0,0.0491420255157079,1-1,0,0.03759950133440415,1-1,0,0.026056977153100847,1-1,0,0.014514452971798208,1-1,0,0.0029719287904959035,1-2,0,0.008032841764914922,1-2,0,0.008122940254408961,1-2,0,0.00821303874390289,1-2,0,0.008303137233396818,1-2,0,0.008393235722890413,1-2,0,0.008483334212384674,1-2,0,0.00857343270187838,1-2,0,0.008663531191372309,1-2,0,0.008753629680866237,1-2,0,0.008843728170360055,1-2,0,0.008933826659853872,1-2,0,0.0090239251493478,1-2,0,0.009114023638841617,1-2,0,0.009204122128335435,1-2,0,0.009294220617829474,1-2,0,0.009384319107323291
Copa América,2016,2016-06-14,Argentina,Bolivia,3,0,0.7893753842684986,0.14738182816587125,0.06324278756563015,0.8235801004637963,0.12851470850490898,0.04790519103173766,0.0342047161950762,home,home,False,2-0,1,0.05982204802932234,2-0,1,0.06262582478792678,2-0,1,0.062495776808249914,2-0,1,0.0623657288285735,2-0,1,0.06223568084889641,2-0,1,0.06210563286921977,2-0,1,0.06197558488954291,2-0,1,0.061845536909866716,2-0,1,0.06171548893018963,2-0,1,0.061585440950513215,2-0,1,0.06145539297083613,2-0,1,0.06132534499115949,2-0,1,0.061195297011483074,2-0,1,0.06106524903180621,2-0,1,0.06093520105212935,2-0,1,0.06080515307245249,2-0,1,0.06067510509277585,2-0,1,0.060545057113098766,2-0,1,0.060415009133422126,2-0,1,0.06028496115374549,2-0,1,0.06015491317406885,2-0,1,0.06002486519439176
Copa América,2016,2016-06-14,Chile,Panama,4,2,0.5983460669570178,0.248211927739897,0.15344200530308522,0.7356113700759387,0.18063677649417287,0.08375185342945145,0.13726530311913943,home,home,False,2-0,1,0.02696919469081971,2-0,1,0.03316516006069903,2-0,1,0.03285572861809771,2-0,1,0.03254629717549662,2-0,1,0.032236865732895525,2-0,1,0.031927434290293766,2-0,1,0.03161800284769267,2-0,1,0.03130857140509136,2-0,1,0.030999139962490485,2-0,1,0.03068970851988917,2-0,1,0.030380277077288076,2-0,1,0.030070845634686538,2-0,1,0.029761414192085667,2-0,1,0.029451982749484795,2-0,1,0.029142551306883036,2-0,1,0.02883311986428272,2-0,1,0.028523688421681292,2-0,1,0.0282142569790802,2-0,1,0.027904825536479216,2-0,1,0.027595394093878234,2-0,1,0.02728596265127714,2-0,1,0.026976531208676047
Copa América,2016,2016-06-13,Uruguay,Jamaica,3,0,0.6642659944189826,0.22836325685746073,0.10737074872355677,0.6551783168773071,0.21059758891955102,0.13422409420361966,0.02685334547982405,home,home,False,2-0,1,0.030346683148180453,2-0,1,0.029943595345189644,2-0,1,0.029964362038159997,2-0,1,0.02998512873113013,2-0,1,0.030005895424100038,2-0,1,0.030026662117069947,2-0,1,0.030047428810039856,2-0,1,0.03006819550301021,2-0,1,0.030088962195980562,2-0,1,0.03010972888895047,2-0,1,0.03013049558192038,2-0,1,0.030151262274890733,2-0,1,0.030172028967860642,2-0,1,0.03019279566083055,2-0,1,0.030213562353800683,2-0,1,0.030234329046770814,2-0,1,0.030255095739740945,2-0,1,0.030275862432711298,2-0,1,0.030296629125680985,2-0,1,0.030317395818651338,2-0,1,0.03033816251162147,2-0,1,0.0303589292045916
Copa América,2016,2016-06-13,Mexico,Venezuela,1,1,0.552286234432919,0.25062328520393556,0.19709048036314544,0.5806530898557706,0.2571930298828593,0.1621538802608882,0.03493660010201627,home,home,False,2-0,0,0.016220979043934602,2-0,0,0.017058880502389018,2-0,0,0.017017211319416803,2-0,0,0.016975542136444588,2-0,0,0.016933872953472373,2-0,0,0.016892203770500158,2-0,0,0.016850534587527832,2-0,0,0.01680886540455584,2-0,0,0.016767196221583403,2-0,0,0.01672552703861141,2-0,0,0.016683857855639195,2-0,0,0.01664218867266698,2-0,0,0.016600519489694765,2-0,0,0.01655885030672255,2-0,0,0.016517181123750335,2-0,0,0.01647551194077801,2-0,0,0.016433842757806016,2-0,0,0.0163921735748338,2-0,0,0.016350504391861698,2-0,0,0.01630883520888926,2-0,0,0.016267166025917046,2-0,0,0.016225496842944942
Copa América,2016,2016-06-12,Brazil,Peru,0,1,0.5924287361732071,0.2401735174470511,0.16739774637974175,0.6954627022171969,0.1965182488749929,0.10801904890731616,0.10303396604423676,home,home,False,2-0,0,0.027753646450377145,2-0,0,0.03259281733250874,2-0,0,0.0323513833042266,2-0,0,0.03210994927594424,2-0,0,0.03186851524766232,2-0,0,0.03162708121937996,2-0,0,0.0313856471910976,2-0,0,0.03114421316281568,2-0,0,0.030902779134533098,2-0,0,0.030661345106251292,2-0,0,0.030419911077968265,2-0,0,0.030178477049687125,2-0,0,0.029937043021405096,2-0,0,0.029695608993122957,2-0,0,0.029454174964840818,2-0,0,0.0292127409365589,2-0,0,0.028971306908276873,2-0,0,0.028729872879994733,2-0,0,0.028488438851712594,2-0,0,0.028247004823430677,2-0,0,0.02800557079514876,2-0,0,0.02776413676686662
Copa América,2016,2016-06-12,Ecuador,Haiti,4,0,0.6758227032880497,0.2285851607116275,0.09559213600032294,0.8906739734962542,0.08413742982642108,0.0251885966776826,0.21485127020802564,home,home,False,2-0,1,0.016043776643649643,2-0,1,0.021152014589219226,2-0,1,0.020896896704494905,2-0,1,0.020641778819770362,2-0,1,0.02038666093504582,2-0,1,0.0201315430503215,2-0,1,0.019876425165596956,2-0,1,0.019621307280872413,2-0,1,0.01936618939614787,2-0,1,0.01911107151142355,2-0,1,0.018855953626699007,2-0,1,0.018600835741974464,2-0,1,0.0183457178572497,2-0,1,0.0180905999725256,2-0,1,0.017835482087800614,2-0,1,0.017580364203076293,2-0,1,0.017325246318351528,2-0,1,0.017070128433626985,2-0,1,0.016815010548902665,2-0,1,0.016559892664178122,2-0,1,0.016304774779453357,2-0,1,0.016049656894728592
Copa América,2016,2016-06-11,Colombia,Costa Rica,2,3,0.530552348996175,0.30507792928631,0.16436972171751507,0.593178609678977,0.24612539840940395,0.16069599191112918,0.06262626068304696,home,home,False,1-0,0,0.08736571925033532,1-0,0,0.09768269649998329,1-0,0,0.0971670421999623,1-0,0,0.0966513878999401,1-0,0,0.0961357335999189,1-0,0,0.09562007929989735,1-0,0,0.09510442499987526,1-0,0,0.09458877069985461,1-0,0,0.0940731163998334,1-0,0,0.09355746209981186,1-0,0,0.09304180779979043,1-0,0,0.09252615349976911,1-0,0,0.09201049919974791,1-0,0,0.09149484489972659,1-0,0,0.0909791905997055,1-0,0,0.09046353629968429,1-0,0,0.08994788199966308,1-0,0,0.08943222769964188,1-0,0,0.08891657339962067,1-0,0,0.08840091909959946,1-0,0,0.0878852647995787,1-0,0,0.08736961049955749
Copa América,2016,2016-06-11,United States,Paraguay,1,0,0.37179504238183037,0.28526019401077257,0.342944763607397,0.49028744658789924,0.2747193980205305,0.23499315539204935,0.1184924042058293,home,home,False,1-0,3,0.007173131587634551,1-0,3,0.009459771678349327,1-0,3,0.009345460053892474,1-0,3,0.009231148429435398,1-0,3,0.009116836804978545,1-0,3,0.009002525180521692,1-0,3,0.008888213556064728,1-0,3,0.008773901931607764,1-0,3,0.00865959030715091,1-0,3,0.008545278682693724,1-0,3,0.008430967058236871,1-0,3,0.008316655433779907,1-0,3,0.008202343809323054,1-0,3,0.00808803218486609,1-0,3,0.007973720560409125,1-0,3,0.00785940893595205,1-0,3,0.007745097311494975,1-0,3,0.007630785687038122,1-0,3,0.007516474062581269,1-0,3,0.0074021624381240825,1-0,3,0.007287850813667118,1-0,3,0.007173539189210043
Copa América,2016,2016-06-10,Argentina,Panama,5,0,0.6996869123367073,0.2136035763533845,0.08670951130990812,0.7597108389876072,0.16037493645300543,0.07991422455986597,0.06002392665066053,home,home,False,2-0,1,0.03767453820765265,2-0,1,0.040928310837877735,2-0,1,0.040766625772877374,2-0,1,0.04060494070787701,2-0,1,0.04044325564287665,2-0,1,0.04028157057787629,2-0,1,0.04011988551287615,2-0,1,0.03995820044787579,2-0,1,0.03979651538287521,2-0,1,0.03963483031787485,2-0,1,0.03947314525287471,2-0,1,0.039311460187874125,2-0,1,0.039149775122873764,2-0,1,0.038988090057873404,2-0,1,0.03882640499287282,2-0,1,0.03866471992787268,2-0,1,0.0385030348628721,2-0,1,0.03834134979787174,2-0,1,0.03817966473287138,2-0,1,0.03801797966787035,2-0,1,0.03785629460287021,2-0,1,0.03769460953786963
Copa América,2016,2016-06-10,Chile,Bolivia,2,1,0.6891500536384183,0.18861904519586575,0.12223090116571582,0.8390621418747138,0.11752568441705888,0.04341217370780192,0.14991208823650815,home,home,False,2-0,2,0.025946042098124567,2-0,2,0.03164754595444208,2-0,2,0.03136482853311984,2-0,2,0.031082111111797817,2-0,2,0.030799393690475796,2-0,2,0.030516676269153775,2-0,2,0.030233958847831754,2-0,2,0.029951241426509734,2-0,2,0.029668524005188157,2-0,2,0.029385806583865914,2-0,2,0.02910308916254367,2-0,2,0.028820371741221873,2-0,2,0.028537654319899852,2-0,2,0.028254936898578054,2-0,2,0.027972219477256033,2-0,2,0.027689502055934234,2-0,2,0.027406784634612213,2-0,2,0.027124067213290415,2-0,2,0.026841349791968838,2-0,2,0.026558632370646595,2-0,2,0.02627591494932502,2-0,2,0.025993197528002998
Copa América,2016,2016-06-09,Mexico,Jamaica,2,0,0.6316392494906362,0.2415481104384391,0.12681264007092466,0.7645432592908299,0.16008959308985546,0.07536714761979754,0.1329040097999522,home,home,False,2-0,3,0.02078856350032854,2-0,3,0.025170285148647054,2-0,3,0.024951511927942427,2-0,3,0.0247327387072378,2-0,3,0.024513965486533174,2-0,3,0.024295192265828547,2-0,3,0.02407641904512392,2-0,3,0.023857645824419516,2-0,3,0.02363887260371489,2-0,3,0.02342009938301004,2-0,3,0.023201326162305413,2-0,3,0.022982552941600787,2-0,3,0.02276377972089616,2-0,3,0.02254500650019109,2-0,3,0.022326233279486907,2-0,3,0.022107460058782058,2-0,3,0.021888686838077653,2-0,3,0.021669913617372805,2-0,3,0.0214511403966684,2-0,3,0.02123236717596333,2-0,3,0.021013593955257592,2-0,3,0.020794820734553854
Copa América,2016,2016-06-09,Uruguay,Venezuela,0,1,0.5910857866936501,0.24076623894672455,0.16814797435962542,0.6010113435536558,0.2426929397411706,0.15629571670564849,0.011852257654214354,home,home,False,2-0,0,0.027616559816974307,2-0,0,0.028090718693051908,2-0,0,0.028067523122068838,2-0,0,0.0280443275510861,2-0,0,0.028021131980103142,2-0,0,0.027997936409120294,2-0,0,0.027974740838137446,2-0,0,0.0279515452671546,2-0,0,0.02792834969617153,2-0,0,0.02790515412518868,2-0,0,0.027881958554205832,2-0,0,0.027858762983222984,2-0,0,0.027835567412240136,2-0,0,0.02781237184125729,2-0,0,0.02778917627027422,2-0,0,0.02776598069929137,2-0,0,0.02774278512830841,2-0,0,0.027719589557325675,2-0,0,0.027696393986342716,2-0,0,0.027673198415359757,2-0,0,0.02765000284437702,2-0,0,0.02762680727339384
Copa América,2016,2016-06-08,Ecuador,Peru,2,2,0.4167427172310451,0.2840119794264753,0.29924530334247956,0.5465246234290798,0.2724562366887908,0.18101913988260204,0.12978190619779836,home,home,False,1-0,0,0.006906951652166926,1-0,0,0.009058504398131717,1-0,0,0.008950949320309931,1-0,0,0.008843394242487923,1-0,0,0.008735839164666026,1-0,0,0.008628284086843907,1-0,0,0.008520729009022121,1-0,0,0.008413173931200113,1-0,0,0.008305618853377994,1-0,0,0.008198063775556097,1-0,0,0.008090508697734089,1-0,0,0.00798295361991197,1-0,0,0.007875398542090184,1-0,0,0.007767843464268065,1-0,0,0.007660288386446057,1-0,0,0.007552733308624049,1-0,0,0.00744517823080193,1-0,0,0.007337623152980033,1-0,0,0.007230068075158025,1-0,0,0.007122512997335906,1-0,0,0.007014957919513898,1-0,0,0.006907402841691779
Copa América,2016,2016-06-08,Brazil,Haiti,7,1,0.8111092447528416,0.14569622670344096,0.043194528543717414,0.8891234937087533,0.08739636886696377,0.023480137424710567,0.07801424895569786,home,home,False,2-0,1,0.10115791483709824,2-0,1,0.11114356095046096,2-0,1,0.1106559581880131,2-0,1,0.11016835542556547,2-0,1,0.10968075266311739,2-0,1,0.10919314990066975,2-0,1,0.10870554713822167,2-0,1,0.10821794437577337,2-0,1,0.10773034161332573,2-0,1,0.10724273885087765,2-0,1,0.10675513608842935,2-0,1,0.10626753332598171,2-0,1,0.10577993056353363,2-0,1,0.1052923278010851,2-0,1,0.10480472503863703,2-0,1,0.10431712227618894,2-0,1,0.10382951951374064,2-0,1,0.10334191675129256,2-0,1,0.10285431398884448,2-0,1,0.10236671122639662,2-0,1,0.10187910846394788,2-0,1,0.1013915057014998
Copa América,2016,2016-06-07,Colombia,Paraguay,2,1,0.52350355416225,0.29432948267929443,0.18216696315845562,0.5153877738227592,0.2897093055004547,0.19490292067629572,0.012735957518085303,home,home,False,1-0,1,0.05498204072733892,1-0,1,0.054132968842373286,1-0,1,0.054175590272930174,1-0,1,0.05421821170348695,1-0,1,0.05426083313404362,1-0,1,0.054303454564600284,1-0,1,0.05434607599515695,1-0,1,0.05438869742571373,1-0,1,0.054431318856270394,1-0,1,0.05447394028682717,1-0,1,0.05451656171738395,1-0,1,0.054559183147940615,1-0,1,0.05460180457849739,1-0,1,0.05464442600905417,1-0,1,0.054687047439610836,1-0,1,0.05472966887016728,1-0,1,0.05477229030072417,1-0,1,0.05481491173128061,1-0,1,0.054857533161837724,1-0,1,0.05490015459239439,1-0,1,0.054942776022950945,1-0,1,0.05498539745350772
Copa América,2016,2016-06-07,United States,Costa Rica,4,0,0.39015153240263295,0.30026465862758267,0.30958380896978427,0.528269733360756,0.2759621306077767,0.1957681360309911,0.13811820095836108,home,home,False,1-0,1,0.04191986373736878,1-0,1,0.056761845508237596,1-0,1,0.05601981511262921,1-0,1,0.055277784717020606,1-0,1,0.054535754321412,1-0,1,0.053793723925803505,1-0,1,0.05305169353019501,1-0,1,0.05230966313458674,1-0,1,0.05156763273897813,1-0,1,0.05082560234336975,1-0,1,0.05008357194776125,1-0,1,0.04934154155215309,1-0,1,0.04859951115654493,1-0,1,0.047857480760936655,1-0,1,0.047115450365328604,1-0,1,0.04637341996972022,1-0,1,0.04563138957411228,1-0,1,0.04488935917850412,1-0,1,0.044147328782895956,1-0,1,0.04340529838728824,1-0,1,0.042663267991680076,1-0,1,0.041921237596072136
Copa América,2016,2016-06-06,Argentina,Chile,2,1,0.493946064527783,0.27955582879848384,0.22649810667373316,0.4350122861583791,0.3084021550743742,0.256585558766768,0.058933778369164525,home,home,False,1-0,1,0.007094528215199292,1-0,1,0.006248656391610208,1-0,1,0.006290983578979947,1-0,1,0.00633331076635002,1-0,1,0.006375637953719759,1-0,1,0.00641796514108961,1-0,1,0.0064602923284595715,1-0,1,0.006502619515829311,1-0,1,0.0065449467031992725,1-0,1,0.006587273890569012,1-0,1,0.006629601077938974,1-0,1,0.006671928265308824,1-0,1,0.006714255452678675,1-0,1,0.006756582640048414,1-0,1,0.006798909827418265,1-0,1,0.006841237014788337,1-0,1,0.006883564202157966,1-0,1,0.006925891389527816,1-0,1,0.006968218576897667,1-0,1,0.007010545764267628,1-0,1,0.007052872951637368,1-0,1,0.007095200139007107
Copa América,2016,2016-06-06,Panama,Bolivia,2,1,0.39402554244855875,0.29142224477105355,0.3145522127803877,0.4728045385820619,0.31510508793866776,0.2120903734787607,0.10246183930137218,home,home,False,1-0,1,0.022592282823305943,1-0,1,0.02711049545679889,1-0,1,0.026884637047827287,1-0,1,0.026658778638855685,1-0,1,0.02643292022988386,1-0,1,0.026207061820912037,1-0,1,0.025981203411940546,1-0,1,0.025755345002968832,1-0,1,0.02552948659399701,1-0,1,0.025303628185025517,1-0,1,0.025077769776054026,1-0,1,0.024851911367082202,1-0,1,0.02462605295811071,1-0,1,0.02440019454913922,1-0,1,0.024174336140167507,1-0,1,0.023948477731196016,1-0,1,0.023722619322224414,1-0,1,0.023496760913252923,1-0,1,0.02327090250428132,1-0,1,0.02304504409530983,1-0,1,0.022819185686338228,1-0,1,0.022593327277366848
Copa América,2016,2016-06-05,Mexico,Uruguay,3,1,0.3184536341588107,0.2806276906011365,0.400918675240053,0.38903138121381947,0.3198906430885172,0.29107797569715443,0.10984069954264403,away,home,True,1-2,0,0.0034782811165267047,1-0,1,0.006664694316107278,1-0,1,0.006604239153316094,1-0,1,0.006543783990525021,1-0,1,0.006483328827733947,1-0,1,0.006422873664942874,1-0,1,0.006362418502151801,1-0,1,0.006301963339360728,1-0,1,0.005036574947253736,1-0,1,0.0030429304008757763,1-0,1,0.0010492858544981498,1-1,0,0.0009443586918792546,1-1,0,0.002938003238256548,1-1,0,0.0036919731339162265,1-2,0,0.0031449729989416753,1-2,0,0.003192624088960039,1-2,0,0.0032402751789784023,1-2,0,0.003287926268996766,1-2,0,0.0033355773590149074,1-2,0,0.003383228449033271,1-2,0,0.0034308795390516345,1-2,0,0.003478530629069887
Copa América,2016,2016-06-05,Jamaica,Venezuela,0,1,0.2435140026084035,0.30945150529419463,0.44703449209740187,0.21623222662990468,0.2858086317563027,0.4979591416133179,0.05092464951615337,away,away,False,0-1,3,0.06496099829709445,0-1,3,0.07236331062691459,0-1,3,0.07199329269536647,0-1,3,0.07162327476381858,0-1,3,0.07125325683227057,0-1,3,0.07088323890072268,0-1,3,0.07051322096917467,0-1,3,0.07014320303762644,0-1,3,0.06977318510607844,0-1,3,0.06940316717453066,0-1,3,0.06903314924298276,0-1,3,0.0686631313114352,0-1,3,0.06829311337988697,0-1,3,0.0679230954483393,0-1,3,0.0675530775167914,0-1,3,0.06718305958524362,0-1,3,0.06681304165369573,0-1,3,0.06644302372214794,0-1,3,0.06607300579060016,0-1,3,0.0657029878590526,0-1,3,0.0653329699275047,0-1,3,0.06496295199595692
Copa América,2016,2016-06-04,Brazil,Ecuador,0,0,0.5535338103963524,0.23636999312671741,0.21009619647693026,0.5006356280693277,0.27560237974304835,0.22376199218712237,0.052898182326773874,home,home,False,2-0,0,0.0011015410924829494,2-0,0,0.0009967647477092667,2-0,0,0.0010020307575980825,2-0,0,0.0010072967674867872,2-0,0,0.001012562777375381,2-0,0,0.0010178287872641967,2-0,0,0.0010230947971529014,2-0,0,0.0010283608070418282,2-0,0,0.001033626816930422,2-0,0,0.0010388928268191266,2-0,0,0.0010441588367078314,2-0,0,0.0010494248465965361,2-0,0,0.0010546908564852409,2-0,0,0.0010599568663740566,2-0,0,0.0010652228762626503,2-0,0,0.001070488886151466,2-0,0,0.0010757548960401708,2-0,0,0.0010810209059288756,2-0,0,0.0010862869158175803,2-0,0,0.001091552925706507,2-0,0,0.0010968189355951008,2-0,0,0.0011020849454838055
Copa América,2016,2016-06-04,Haiti,Peru,0,1,0.12379924305061542,0.28994389854643066,0.5862568584029539,0.13793656398916437,0.25220885775384255,0.6098545782574748,0.03773504079282896,away,away,False,0-1,3,0.08720003447903946,0-1,3,0.09071630606531267,0-1,3,0.0905407971773704,0-1,3,0.09036528828942747,0-1,3,0.09018977940148332,0-1,3,0.09001427051354105,0-1,3,0.08983876162559812,0-1,3,0.08966325273765396,0-1,3,0.08948774384971125,0-1,3,0.08931223496176832,0-1,3,0.08913672607382472,0-1,3,0.0889612171858819,0-1,3,0.08878570829793841,0-1,3,0.08861019940999593,0-1,3,0.08843469052205233,0-1,3,0.08825918163410906,0-1,3,0.08808367274616513,0-1,3,0.08790816385822231,0-1,3,0.08773265497027982,0-1,3,0.08755714608233622,0-1,3,0.0873816371943924,0-1,3,0.08720612830645014
Copa América,2016,2016-06-04,Costa Rica,Paraguay,0,0,0.31869496122505664,0.3108857819399676,0.37041925683497573,0.2622315653451447,0.3206905938771063,0.41707784077824606,0.0564633958801605,away,away,False,0-1,0,0.06319021796146829,0-1,0,0.07115125259465138,0-1,0,0.07075326733060039,0-1,0,0.07035528206654906,0-1,0,0.06995729680249752,0-1,0,0.06955931153844619,0-1,0,0.06916132627439475,0-1,0,0.06876334101034332,0-1,0,0.06836535574629199,0-1,0,0.06796737048224033,0-1,0,0.067569385218189,0-1,0,0.06717139995413768,0-1,0,0.06677341469008591,0-1,0,0.06637542942603436,0-1,0,0.06597744416198315,0-1,0,0.06557945889793149,0-1,0,0.06518147363387983,0-1,0,0.06478348836982806,0-1,0,0.0643855031057764,0-1,0,0.06398751784172474,0-1,0,0.06358953257767297,0-1,0,0.06319154731362131
Copa América,2016,2016-06-03,United States,Colombia,0,2,0.19209474785323447,0.2882711145781641,0.5196341375686014,0.3010203102357288,0.305367538099662,0.39361215166511826,0.1260219859037377,away,away,False,0-1,1,0.03741566194004542,0-1,1,0.02834368007660959,0-1,1,0.02879741693864024,0-1,1,0.02925115380067078,0-1,1,0.029704890662701544,0-1,1,0.030158627524732307,0-1,1,0.030612364386762847,0-1,1,0.03106610124879372,0-1,1,0.03151983811082437,0-1,1,0.031973574972855356,0-1,1,0.03242731183488612,0-1,1,0.03288104869691688,0-1,1,0.033334785558947644,0-1,1,0.03378852242097863,0-1,1,0.03424225928300961,0-1,1,0.034695996145040486,0-1,1,0.03514973300707125,0-1,1,0.035603469869102344,0-1,1,0.03605720673113333,0-1,1,0.03651094359316431,0-1,1,0.03696468045519552,0-1,1,0.037418417317226504
Copa América,2019,2019-07-07,Brazil,Peru,3,1,0.5976898230494003,0.2574845056805135,0.14482567127008625,0.7612842086850986,0.1584733107485743,0.08024248056677204,0.16359438563547585,home,home,False,2-0,1,0.011767268769584449,2-0,1,0.014991342604220081,2-0,1,0.014830266132699332,2-0,1,0.014669189661178805,2-0,1,0.014508113189658056,2-0,1,0.014347036718137751,2-0,1,0.01418596024661678,2-0,1,0.014024883775096253,2-0,1,0.013863807303575726,2-0,1,0.013702730832055199,2-0,1,0.01354165436053445,2-0,1,0.013380577889014145,2-0,1,0.013219501417493174,2-0,1,0.013058424945972424,2-0,1,0.012897348474451897,2-0,1,0.012736272002931592,2-0,1,0.0125751955314104,2-0,1,0.012414119059890205,2-0,1,0.012253042588369234,2-0,1,0.012091966116848374,2-0,1,0.011930889645327847,2-0,1,0.011769813173806987
Copa América,2019,2019-07-06,Argentina,Chile,2,1,0.45745167900488226,0.27376963029877255,0.26877869069634525,0.49824098277897577,0.2656696627330808,0.2360893544874356,0.04078930377434746,home,home,False,2-1,3,0.0015301100342062224,2-1,3,0.001666751142153533,2-1,3,0.0016599285782735729,2-1,3,0.0016531060143936127,2-1,3,0.0016462834505134305,2-1,3,0.0016394608866333593,2-1,3,0.0016326383227532881,2-1,3,0.001625815758873217,2-1,3,0.0016189931949930347,2-1,3,0.0016121706311130746,2-1,3,0.0016053480672328924,2-1,3,0.0015985255033529322,2-1,3,0.001591702939472972,2-1,3,0.0015848803755929008,2-1,3,0.0015780578117128297,2-1,3,0.0015712352478325364,2-1,3,0.0015644126839526873,2-1,3,0.001557590120072616,2-1,3,0.001550767556192545,2-1,3,0.0015439449923124737,2-1,3,0.0015371224284324025,2-1,3,0.0015302998645523314
Copa América,2019,2019-07-03,Chile,Peru,0,3,0.42025460890898736,0.2977683327967167,0.28197705829429587,0.5410458965601437,0.27374310441919736,0.18521099902015062,0.12079128765141046,home,home,False,1-0,0,0.025524700315170845,1-0,0,0.032862615553265084,1-0,0,0.03249577813027471,1-0,0,0.03212894070728445,1-0,0,0.031762103284294074,1-0,0,0.0313952658613037,1-0,0,0.031028428438313438,1-0,0,0.030661591015323064,1-0,0,0.030294753592333024,1-0,0,0.029927916169342428,1-0,0,0.029561078746352387,1-0,0,0.029194241323362236,1-0,0,0.028827403900371973,1-0,0,0.02846056647738182,1-0,0,0.02809372905439167,1-0,0,0.02772689163140163,1-0,0,0.027360054208411477,1-0,0,0.026993216785421326,1-0,0,0.026626379362431285,1-0,0,0.026259541939441355,1-0,0,0.025892704516451204,1-0,0,0.025525867093461274
Copa América,2019,2019-07-02,Brazil,Argentina,2,0,0.4483244306042831,0.28726270721360025,0.2644128621821167,0.5429575481907952,0.2729221728882519,0.18412027892142643,0.09463311758627536,home,home,False,1-0,1,0.005370309836370546,1-0,1,0.006504360730036907,1-0,1,0.006447677851620259,1-0,1,0.006390994973203723,1-0,1,0.006334312094787187,1-0,1,0.006277629216370761,1-0,1,0.006220946337954114,1-0,1,0.006164263459537578,1-0,1,0.0061075805811208195,1-0,1,0.006050897702704394,1-0,1,0.005994214824287858,1-0,1,0.005937531945871211,1-0,1,0.005880849067454452,1-0,1,0.005824166189037916,1-0,1,0.005767483310621491,1-0,1,0.005710800432204732,1-0,1,0.005654117553788307,1-0,1,0.005597434675371549,1-0,1,0.005540751796955123,1-0,1,0.005484068918538476,1-0,1,0.005427386040121829,1-0,1,0.0053707031617051815
Copa América,2019,2019-06-29,Uruguay,Peru,0,0,0.4048319989420535,0.3024383255786983,0.29272967547924816,0.5538930832735118,0.26679099834898307,0.17931591837701738,0.14906108433170218,home,home,False,1-0,0,0.034700480449634696,1-0,0,0.047479101471587515,1-0,0,0.046840233920956154,1-0,0,0.046201366370325236,1-0,0,0.045562498819693875,1-0,0,0.044923631269062736,1-0,0,0.0442847637184316,1-0,0,0.04364589616780057,1-0,0,0.04300702861716932,1-0,0,0.0423681610665384,1-0,0,0.041729293515907484,1-0,0,0.041090425965276345,1-0,0,0.04045155841464554,1-0,0,0.03981269086401462,1-0,0,0.039173823313383704,1-0,0,0.03853495576275279,1-0,0,0.03789608821212198,1-0,0,0.037257220661491286,1-0,0,0.03661835311086037,1-0,0,0.035979485560229785,1-0,0,0.03534061800959909,1-0,0,0.034701750458968394
Copa América,2019,2019-06-28,Colombia,Chile,0,0,0.38829974655208815,0.30749050724433236,0.30420974620357955,0.4567814743666577,0.2723444279470511,0.2708740976867779,0.06848172781432624,home,home,False,1-0,0,0.04489141702744981,1-0,0,0.052810127951909536,1-0,0,0.05241425716782644,1-0,0,0.05201838638374312,1-0,0,0.051622515599660024,1-0,0,0.05122664481557693,1-0,0,0.05083077403149372,1-0,0,0.0504349032474104,1-0,0,0.05003903246332708,1-0,0,0.049643161679243875,1-0,0,0.04924729089516067,1-0,0,0.048851420111077126,1-0,0,0.04845554932699392,1-0,0,0.0480596785429106,1-0,0,0.04766380775882717,1-0,0,0.04726793697474385,1-0,0,0.04687206619066031,1-0,0,0.04647619540657699,1-0,0,0.04608032462249356,1-0,0,0.04568445383841002,1-0,0,0.04528858305432648,1-0,0,0.04489271227024316
Copa América,2019,2019-06-28,Venezuela,Argentina,0,2,0.1385416024302025,0.22392122648933893,0.6375371710804586,0.1167427596089279,0.21917718112480228,0.6640800592667815,0.026542888186067072,away,away,False,0-2,3,0.03613126701497915,0-2,3,0.037659907491571554,0-2,3,0.03758464527734784,0-2,3,0.037509383063124124,0-2,3,0.03743412084890063,0-2,3,0.03735885863467703,0-2,3,0.03728359642045298,0-2,3,0.03720833420622993,0-2,3,0.037133071992005884,0-2,3,0.03705780977778261,0-2,3,0.0369825475635589,0-2,3,0.03690728534933507,0-2,3,0.0368320231351118,0-2,3,0.03675676092088809,0-2,3,0.03668149870666404,0-2,3,0.036606236492440325,0-2,3,0.03653097427821672,0-2,3,0.03645571206399367,0-2,3,0.036380449849769625,0-2,3,0.0363051876355458,0-2,3,0.03622992542132242,0-2,3,0.03615466320709859
Copa América,2019,2019-06-27,Brazil,Paraguay,0,0,0.7361658622290871,0.18262287164524732,0.08121126612566558,0.8205190585618362,0.13355765385441268,0.045923287583379546,0.08435319633293487,home,home,False,2-0,0,0.07244429738935554,2-0,0,0.08086412454223613,2-0,0,0.08044846403425443,2-0,0,0.08003280352627251,2-0,0,0.07961714301829081,2-0,0,0.07920148251030912,2-0,0,0.0787858220023272,2-0,0,0.0783701614943455,2-0,0,0.07795450098636358,2-0,0,0.07753884047838189,2-0,0,0.07712317997040019,2-0,0,0.0767075194624185,2-0,0,0.07629185895443724,2-0,0,0.07587619844645532,2-0,0,0.07546053793847363,2-0,0,0.07504487743049193,2-0,0,0.07462921692251023,2-0,0,0.07421355641452898,2-0,0,0.07379789590654706,2-0,0,0.07338223539856559,2-0,0,0.07296657489058389,2-0,0,0.07255091438260242
Copa América,2019,2019-06-24,Chile,Uruguay,0,1,0.3729494692492249,0.28136516011842316,0.3456853706323519,0.2827473672964089,0.2801224434558863,0.43713018924818725,0.09144481861559409,home,away,True,2-1,0,0.012196424859925004,1-2,1,0.013353510423996684,1-2,1,0.013213837007628126,1-2,1,0.013074163591259236,1-2,1,0.012934490174890456,1-2,1,0.012794816758521677,1-2,1,0.012655143342153119,1-2,1,0.012515469925784228,1-2,1,0.012375796509415449,1-2,1,0.012236123093046558,1-2,1,0.012096449676677667,1-2,1,0.011956776260308999,1-2,1,0.01181710284394022,1-2,1,0.011677429427571329,1-2,1,0.011537756011202438,1-2,1,0.011398082594833658,1-2,1,0.011258409178464768,1-2,1,0.011118735762095988,1-2,1,0.0034242961569144192,2-1,0,0.011282205602772932,2-1,0,0.012049870174988708,2-1,0,0.012197373906104314
Copa América,2019,2019-06-24,Ecuador,Japan,1,1,0.46237628519123924,0.24261949792049373,0.29500421688826706,0.5217763970230244,0.2238948088800812,0.2543287940973702,0.05940011183154725,home,home,False,2-1,0,0.022292045741047595,2-1,0,0.025167284294398407,2-1,0,0.025024029491180544,2-1,0,0.024880774687962903,2-1,0,0.024737519884745263,2-1,0,0.02459426508152751,2-1,0,0.02445101027830976,2-1,0,0.024307755475092008,2-1,0,0.024164500671874367,2-1,0,0.024021245868656393,2-1,0,0.023877991065438753,2-1,0,0.023734736262221,2-1,0,0.02359148145900336,2-1,0,0.023448226655785498,2-1,0,0.023304971852567857,2-1,0,0.023161717049349995,2-1,0,0.023018462246132243,2-1,0,0.02287520744291449,2-1,0,0.022731952639696518,2-1,0,0.022588697836478766,2-1,0,0.022445443033261014,2-1,0,0.022302188230043263
Copa América,2019,2019-06-23,Qatar,Argentina,0,2,0.06661094091927226,0.12905876823774667,0.8043302908429811,0.048276497749637666,0.1276523336383931,0.8240711686115355,0.019740877768771276,away,away,False,0-3,1,0.007840066018933278,0-3,1,0.008100017772380008,0-3,1,0.008090315851789986,0-3,1,0.008080613931199743,0-3,1,0.008070912010609055,0-3,1,0.008061210090019477,0-3,1,0.008051508169429011,0-3,1,0.008041806248839212,0-3,1,0.008032104328248524,0-3,1,0.008022402407658724,0-3,1,0.008012700487068036,0-3,1,0.008002998566478237,0-3,1,0.007993296645887993,0-3,1,0.007983594725297749,0-3,1,0.007973892804707505,0-3,1,0.007964190884117706,0-3,1,0.00795448896352724,0-3,1,0.007944787042937218,0-3,1,0.007935085122347196,0-3,1,0.007925383201756953,0-3,1,0.007915681281166709,0-3,1,0.007905979360576687
Copa América,2019,2019-06-23,Colombia,Paraguay,1,0,0.5760092960745263,0.26863082044845976,0.15535988347701382,0.40719091105538946,0.2875651205607205,0.30524396838437656,0.16881838501938018,home,home,False,1-0,3,0.004715148749238174,1-0,3,0.003333737242869894,1-0,3,0.0034028444014702064,1-0,3,0.0034719515600707407,1-0,3,0.003541058718671386,1-0,3,0.0036101658772720313,1-0,3,0.0036792730358724546,1-0,3,0.003748380194472989,1-0,3,0.003817487353073523,1-0,3,0.0038865945116740575,1-0,3,0.003955701670274703,1-0,3,0.004024808828875348,1-0,3,0.004093915987475882,1-0,3,0.004163023146076528,1-0,3,0.004232130304676951,1-0,3,0.004301237463277596,1-0,3,0.0043703446218781306,1-0,3,0.004439451780478665,1-0,3,0.004508558939079421,1-0,3,0.0045776660976800665,1-0,3,0.00464677325628049,1-0,3,0.004715880414881357
Copa América,2019,2019-06-22,Bolivia,Venezuela,1,3,0.21179759938503856,0.2627444479764823,0.5254579526384793,0.1677911219832668,0.22802140597720516,0.6041874720390285,0.07872951940079903,away,away,False,0-2,1,0.01313656807335506,0-2,1,0.015107895581287112,0-2,1,0.015009462775798843,0-2,1,0.014911029970310463,0-2,1,0.014812597164822305,0-2,1,0.014714164359334148,0-2,1,0.014615731553845657,0-2,1,0.014517298748357721,0-2,1,0.014418865942869563,0-2,1,0.014320433137381294,0-2,1,0.014222000331893025,0-2,1,0.014123567526404868,0-2,1,0.01402513472091671,0-2,1,0.013926701915428552,0-2,1,0.013828269109940283,0-2,1,0.013729836304452236,0-2,1,0.013631403498963857,0-2,1,0.01353297069347592,0-2,1,0.013434537887987763,0-2,1,0.013336105082499494,0-2,1,0.013237672277011336,0-2,1,0.013139239471523179
Copa América,2019,2019-06-21,Ecuador,Chile,1,2,0.26069149731591235,0.2618928188787873,0.4774156838053003,0.205766683946397,0.2508480121413103,0.5433853039117973,0.06596962010674466,away,away,False,1-2,3,0.005142288122522265,1-2,3,0.005854048192259986,1-2,3,0.005818512695389688,1-2,3,0.00578297719851939,1-2,3,0.005747441701649203,1-2,3,0.005711906204779016,1-2,3,0.005676370707908718,1-2,3,0.005640835211038309,1-2,3,0.0056052997141681216,1-2,3,0.0055697642172979345,1-2,3,0.005534228720427636,1-2,3,0.005498693223557449,1-2,3,0.005463157726687151,1-2,3,0.005427622229816853,1-2,3,0.005392086732946666,1-2,3,0.00535655123607659,1-2,3,0.00532101573920607,1-2,3,0.005285480242335994,1-2,3,0.0052499447454656956,1-2,3,0.0052144092485955085,1-2,3,0.005178873751725321,1-2,3,0.005143338254855023
Copa América,2019,2019-06-20,Uruguay,Japan,2,2,0.5639293150395978,0.2277933396639671,0.20827734529643518,0.7842557148869383,0.14920258497125988,0.06654170014220942,0.22032639984713678,home,home,False,2-1,0,0.006048759451475538,2-1,0,0.008418622329524617,2-1,0,0.00830036723017824,2-1,0,0.008182112130832087,2-1,0,0.008063857031485933,2-1,0,0.007945601932139557,2-1,0,0.007827346832793403,2-1,0,0.007709091733447027,2-1,0,0.007590836634100873,2-1,0,0.007472581534754497,2-1,0,0.007354326435408343,2-1,0,0.007236071336062189,2-1,0,0.0071178162367153686,2-1,0,0.006999561137369437,2-1,0,0.006881306038023283,2-1,0,0.006763050938676907,2-1,0,0.006644795839330642,2-1,0,0.006526540739984377,2-1,0,0.006408285640638001,2-1,0,0.006290030541291847,2-1,0,0.006171775441945471,2-1,0,0.006053520342599095
Copa América,2019,2019-06-19,Argentina,Paraguay,1,1,0.6582453709446153,0.21720799857708017,0.12454663047830454,0.6624521160845793,0.22079011829877357,0.11675776561714307,0.007788864861409429,home,home,False,2-0,0,0.04464643636774479,2-0,0,0.044964838009384556,2-0,0,0.04495056108210438,2-0,0,0.044936284154825756,2-0,0,0.044922007227546246,2-0,0,0.04490773030026585,2-0,0,0.04489345337298645,2-0,0,0.04487917644570727,2-0,0,0.04486489951842776,2-0,0,0.04485062259114814,2-0,0,0.04483634566386896,2-0,0,0.04482206873658878,2-0,0,0.044807791809309716,2-0,0,0.04479351488202976,2-0,0,0.044779237954749695,2-0,0,0.04476496102747096,2-0,0,0.04475068410019101,2-0,0,0.044736407172911274,2-0,0,0.0447221302456321,2-0,0,0.04470785331835225,2-0,0,0.044693576391073186,2-0,0,0.044679299463793565
Copa América,2019,2019-06-19,Colombia,Qatar,1,0,0.7268492171098947,0.17844644310059796,0.09470433978950743,0.7294761773659902,0.18639573948009527,0.08412808315435867,0.01057625663537081,home,home,False,2-0,1,0.046490348580848107,2-0,1,0.04675528356539571,2-0,1,0.046746864903108865,2-0,1,0.046738446240821574,2-0,1,0.04673002757853473,2-0,1,0.04672160891624766,2-0,1,0.04671319025396037,2-0,1,0.0467047715916733,2-0,1,0.04669635292938623,2-0,1,0.04668793426709961,2-0,1,0.046679515604812316,2-0,1,0.04667109694252547,2-0,1,0.0466626782802384,2-0,1,0.04665425961795133,2-0,1,0.046645840955664264,2-0,1,0.04663742229337742,2-0,1,0.04662900363109013,2-0,1,0.0466205849688035,2-0,1,0.04661216630651599,2-0,1,0.04660374764422914,2-0,1,0.046595328981942075,2-0,1,0.04658691031965456
Copa América,2019,2019-06-18,Brazil,Venezuela,0,0,0.7186667118285298,0.19031788545848685,0.09101540271298336,0.8562580730339538,0.11141624083989995,0.03232568612581849,0.1375913612055879,home,home,False,2-0,0,0.06395699194166471,2-0,0,0.0763007391003514,2-0,0,0.07568770414719639,2-0,0,0.07507466919404093,2-0,0,0.07446163424088637,2-0,0,0.07384859928773135,2-0,0,0.07323556433457679,2-0,0,0.072622529381422,2-0,0,0.07200949442826676,2-0,0,0.07139645947511197,2-0,0,0.0707834245219574,2-0,0,0.07017038956880262,2-0,0,0.06955735461564783,2-0,0,0.06894431966249281,2-0,0,0.06833128470933825,2-0,0,0.06771824975618346,2-0,0,0.06710521480302911,2-0,0,0.06649217984987432,2-0,0,0.06587914489671975,2-0,0,0.06526610994356496,2-0,0,0.06465307499041018,2-0,0,0.06404004003725583
Copa América,2019,2019-06-18,Bolivia,Peru,1,3,0.14424979834125123,0.24517429827747758,0.6105759033812711,0.106827400885013,0.2147492845246497,0.6784233145898849,0.06784741120883997,away,away,False,0-2,1,0.037610221003012256,0-2,1,0.04180300054928998,0-2,1,0.04159396989637498,0-2,1,0.04138493924345932,0-2,1,0.04117590859054432,0-2,1,0.040966877937628876,0-2,1,0.04075784728471343,0-2,1,0.04054881663179821,0-2,1,0.04033978597888277,0-2,1,0.040130755325967216,0-2,1,0.039921724673052106,0-2,1,0.03971269402013655,0-2,1,0.039503663367221886,0-2,1,0.03929463271430711,0-2,1,0.03908560206139178,0-2,1,0.038876571408476335,0-2,1,0.03866754075556078,0-2,1,0.03845851010264567,0-2,1,0.03824947944973034,0-2,1,0.03804044879681523,0-2,1,0.03783141814390012,0-2,1,0.0376223874909849
Copa América,2019,2019-06-17,Japan,Chile,0,4,0.19679904617896016,0.22071727130557064,0.5824836825154692,0.11391147397394608,0.19959758311526196,0.6864909429112938,0.10400726039557365,away,away,False,1-2,1,0.00539972370798858,1-2,1,0.006370290470127715,1-2,1,0.0063220337184133335,1-2,1,0.006273776966699174,1-2,1,0.006225520214985014,1-2,1,0.0061772634632710766,1-2,1,0.006129006711556917,1-2,1,0.006080749959842757,1-2,1,0.0060324932081283755,1-2,1,0.005984236456414327,1-2,1,0.005935979704700167,1-2,1,0.00588772295298623,1-2,1,0.005839466201271848,1-2,1,0.005791209449557577,1-2,1,0.005742952697843529,1-2,1,0.00569469594612948,1-2,1,0.005646439194415098,1-2,1,0.00559818244270105,1-2,1,0.00554992569098689,1-2,1,0.00550166893927273,1-2,1,0.00545341218755846,1-2,1,0.0054051554358443
Copa América,2019,2019-06-16,Uruguay,Ecuador,4,0,0.46027374223872936,0.26722179874726343,0.2725044590140072,0.5341184106258008,0.2814855909838339,0.1843959983898706,0.08810846062388926,home,home,False,2-1,1,0.005650048128147733,2-1,1,0.00655757742602292,2-1,1,0.00651224645438675,2-1,1,0.00646691548275069,2-1,1,0.006421584511114409,2-1,1,0.006376253539478127,2-1,1,0.006330922567841957,2-1,1,0.006285591596205897,2-1,1,0.006240260624569616,2-1,1,0.006194929652933445,2-1,1,0.006149598681297275,2-1,1,0.006104267709661104,2-1,1,0.006058936738024823,2-1,1,0.006013605766388763,2-1,1,0.005968274794752704,2-1,1,0.005922943823116533,2-1,1,0.005877612851480252,2-1,1,0.005832281879844192,2-1,1,0.005786950908208022,2-1,1,0.005741619936571851,2-1,1,0.005696288964935681,2-1,1,0.00565095799329951
Copa América,2019,2019-06-16,Paraguay,Qatar,2,2,0.4829634000128806,0.25180445545613106,0.2652321445309883,0.498194518271438,0.28436623899083624,0.21743924273722656,0.047792901793512185,home,home,False,2-1,0,0.01155795196968401,2-1,0,0.011926144281750983,2-1,0,0.011907913600032738,2-1,0,0.011889682918314604,2-1,0,0.011871452236596247,2-1,0,0.011853221554878113,2-1,0,0.011834990873159978,2-1,0,0.011816760191441844,2-1,0,0.011798529509723599,2-1,0,0.011780298828005464,2-1,0,0.01176206814628733,2-1,0,0.011743837464569196,2-1,0,0.01172560678285095,2-1,0,0.011707376101132816,2-1,0,0.011689145419414793,2-1,0,0.011670914737696436,2-1,0,0.011652684055978302,2-1,0,0.011634453374260056,2-1,0,0.011616222692542033,2-1,0,0.011597992010823788,2-1,0,0.011579761329105542,2-1,0,0.011561530647387519
Copa América,2019,2019-06-15,Argentina,Colombia,0,2,0.3885133138238783,0.31150718340037786,0.2999795027757439,0.4819325849741895,0.2899657110784514,0.2281017039468589,0.09341927115056131,home,home,False,1-0,0,0.05269703762736022,1-0,0,0.06536984213445562,1-0,0,0.0647362677302935,1-0,0,0.06410269332613128,1-0,0,0.06346911892196916,1-0,0,0.06283554451780715,1-0,0,0.062201970113645144,1-0,0,0.06156839570948314,1-0,0,0.06093482130532102,1-0,0,0.06030124690115912,1-0,0,0.059667672496997115,1-0,0,0.05903409809283511,1-0,0,0.05840052368867332,1-0,0,0.057766949284511426,1-0,0,0.05713337488034964,1-0,0,0.056499800476187745,1-0,0,0.05586622607202607,1-0,0,0.055232651667864396,1-0,0,0.05459907726370272,1-0,0,0.05396550285954105,1-0,0,0.053331928455379374,1-0,0,0.05269835405121781
Copa América,2019,2019-06-15,Venezuela,Peru,0,0,0.2572479057354546,0.300252427629677,0.4424996666348684,0.2376192502301583,0.30524628888437955,0.4571344608859444,0.0196286555055374,away,away,False,0-1,0,0.03260370578294913,0-1,0,0.033683539133026796,0-1,0,0.033629621554389644,0-1,0,0.03357570397575227,0-1,0,0.033521786397114894,0-1,0,0.03346786881847763,0-1,0,0.03341395123984037,0-1,0,0.03336003366120299,0-1,0,0.03330611608256584,0-1,0,0.03325219850392869,0-1,0,0.03319828092529131,0-1,0,0.03314436334665394,0-1,0,0.03309044576801656,0-1,0,0.03303652818937963,0-1,0,0.03298261061074215,0-1,0,0.03292869303210466,0-1,0,0.03287477545346762,0-1,0,0.032820857874830134,0-1,0,0.03276694029619265,0-1,0,0.03271302271755561,0-1,0,0.03265910513891823,0-1,0,0.032605187560280635
Copa América,2019,2019-06-14,Brazil,Bolivia,3,0,0.8532123164164337,0.1096183708500698,0.037169312733496496,0.934504886547605,0.05713768906088547,0.008357424391432897,0.08129257013120962,home,home,False,2-0,1,0.01355466529939875,2-0,1,0.014962707365458794,2-0,1,0.01489762707773834,2-0,1,0.014832546790017442,2-0,1,0.014767466502296767,2-0,1,0.014702386214575647,2-0,1,0.014637305926855193,2-0,1,0.014572225639134295,2-0,1,0.014507145351413397,2-0,1,0.014442065063692722,2-0,1,0.014376984775972046,2-0,1,0.01431190448825137,2-0,1,0.014246824200530472,2-0,1,0.014181743912809797,2-0,1,0.014116663625088899,2-0,1,0.014051583337368001,2-0,1,0.013986503049647547,2-0,1,0.01392142276192665,2-0,1,0.013856342474205752,2-0,1,0.013791262186485076,2-0,1,0.013726181898764178,2-0,1,0.013661101611043502
Copa América,2019,2019-06-22,Peru,Brazil,5,0,0.14482567127008628,0.2574845056805135,0.5976898230494003,0.07810099450307723,0.17734363820403973,0.7445553672924374,0.14686554424325998,away,away,False,0-2,0,0.011767268769584449,0-2,0,0.014661915315675289,0-2,0,0.014517310208581602,0-2,0,0.014372705101488359,0-2,0,0.014228099994394672,0-2,0,0.014083494887301207,0-2,0,0.013938889780208186,0-2,0,0.013794284673114277,0-2,0,0.013649679566021033,0-2,0,0.013505074458927568,0-2,0,0.013360469351834103,0-2,0,0.01321586424474086,0-2,0,0.013071259137647173,0-2,0,0.01292665403055393,0-2,0,0.01278204892346091,0-2,0,0.012637443816367444,0-2,0,0.012492838709273757,0-2,0,0.012348233602179737,0-2,0,0.012203628495087049,0-2,0,0.012059023387993917,0-2,0,0.01191441828090034,0-2,0,0.011769813173807098
Copa América,2021,2021-07-10,Argentina,Brazil,0,1,0.21033672372984577,0.337274809172318,0.4523884670978363,0.23818176920285183,0.3052601262702802,0.45655810452735046,0.032014682902279004,away,away,False,0-1,3,0.0010415301751613981,0-1,3,0.0010511826917860567,0-1,3,0.0010507026816130027,0-1,3,0.0010502226714399487,0-1,3,0.0010497426612667837,0-1,3,0.0010492626510931746,0-1,3,0.0010487826409200096,0-1,3,0.0010483026307470666,0-1,3,0.0010478226205739016,0-1,3,0.0010473426104007366,0-1,3,0.0010468626002273496,0-1,3,0.0010463825900540735,0-1,3,0.0010459025798809085,0-1,3,0.0010454225697078545,0-1,3,0.0010449425595345785,0-1,3,0.0010444625493613025,0-1,3,0.0010439825391881374,0-1,3,0.0010435025290149724,0-1,3,0.0010430225188416964,0-1,3,0.0010425425086684204,0-1,3,0.0010420624984952553,0-1,3,0.0010415824883220903
Copa América,2021,2021-07-09,Colombia,Peru,2,3,0.4390278249251298,0.3480565433781257,0.21291563169674455,0.5335797794792971,0.26229879563568176,0.20412142488552473,0.09455195455391553,home,home,False,1-0,0,0.022115112671419634,1-0,0,0.026878883146673527,1-0,0,0.026640732167618197,1-0,0,0.026402581188562646,1-0,0,0.026164430209507317,1-0,0,0.025926279230451876,1-0,0,0.025688128251396103,1-0,0,0.025449977272340663,1-0,0,0.025211826293285444,1-0,0,0.02497367531422956,1-0,0,0.02473552433517401,1-0,0,0.024497373356118346,1-0,0,0.024259222377062795,1-0,0,0.024021071398007132,1-0,0,0.02378292041895147,1-0,0,0.02354476943989592,1-0,0,0.023306618460840256,1-0,0,0.023068467481784816,1-0,0,0.022830316502729042,1-0,0,0.02259216552367338,1-0,0,0.02235401454461783,1-0,0,0.022115863565562055
Copa América,2021,2021-07-06,Argentina,Colombia,1,1,0.36201937316956245,0.35613495434461956,0.28184567248581804,0.5175257623704185,0.2925307129205976,0.18994352470948486,0.15550638920060555,home,home,False,0-0,1,0.013400938353065661,1-0,0,0.035631578305893474,1-0,0,0.03509624861926208,1-0,0,0.03456091893263069,1-0,0,0.03402558924599952,1-0,0,0.03349025955936802,1-0,0,0.032954929872736516,1-0,0,0.032419600186105124,1-0,0,0.03188427049947362,1-0,0,0.03134894081284223,1-0,0,0.030813611126210505,1-0,0,0.03027828143957889,1-0,0,0.029742951752947278,1-0,0,0.029207622066315775,1-0,0,0.02867229237968405,1-0,0,0.028136962693052325,1-0,0,0.0276016330064206,1-0,0,0.008840244262270591,0-0,1,0.010469674463329248,0-0,1,0.013161865144472151,0-0,1,0.013281535157002367,0-0,1,0.013401205169532693
Copa América,2021,2021-07-05,Brazil,Peru,1,0,0.6206127666734638,0.27370258239228995,0.1056846509342464,0.8078102544133946,0.13963439718559223,0.052555348400544974,0.18719748774016498,home,home,False,2-0,1,0.048633039303040304,2-0,1,0.06332099068222519,2-0,1,0.06258730784568156,2-0,1,0.06185362500913816,2-0,1,0.061119942172594754,2-0,1,0.06038625933605113,2-0,1,0.059652576499507726,2-0,1,0.058918893662964544,2-0,1,0.05818521082642114,2-0,1,0.05745152798987774,2-0,1,0.056717845153334334,2-0,1,0.055984162316791375,2-0,1,0.05525047948024797,2-0,1,0.05451679664370479,2-0,1,0.05378311380716161,2-0,1,0.05304943097061865,2-0,1,0.05231574813407591,2-0,1,0.05158206529753295,2-0,1,0.05084838246099033,2-0,1,0.05011469962444648,2-0,1,0.04938101678790341,2-0,1,0.04864733395136034
Copa América,2021,2021-07-03,Argentina,Ecuador,3,0,0.5709300232392672,0.2630803267441304,0.16598965001660232,0.6274554189696807,0.24960415933754834,0.12294042169226835,0.05652539573066476,home,home,False,2-0,1,0.010072261050908304,2-0,1,0.011076240844231977,2-0,1,0.011026349738186614,2-0,1,0.010976458632141695,2-0,1,0.010926567526096331,2-0,1,0.010876676420051079,2-0,1,0.010826785314005938,2-0,1,0.010776894207960686,2-0,1,0.010727003101915544,2-0,1,0.010677111995870403,2-0,1,0.010627220889825262,2-0,1,0.010577329783779899,2-0,1,0.01052743867773498,2-0,1,0.010477547571689727,2-0,1,0.010427656465644475,2-0,1,0.010377765359599334,2-0,1,0.010327874253554192,2-0,1,0.010277983147509051,2-0,1,0.01022809204146391,2-0,1,0.010178200935418769,2-0,1,0.010128309829373516,2-0,1,0.010078418723328264
Copa América,2021,2021-07-03,Uruguay,Colombia,0,0,0.28635549075498806,0.3626396500718445,0.35100485917316737,0.4227892225756999,0.3155495400355165,0.26166123738929464,0.1364337318204563,draw,home,True,0-0,3,0.031344812598607,1-0,0,0.06369297837520627,1-0,0,0.06266529480778338,1-0,0,0.06163761124036016,1-0,0,0.06060992767293705,1-0,0,0.05958224410551405,1-0,0,0.05074120176956165,1-0,0,0.03404493262989472,1-0,0,0.017348663490227567,1-0,0,0.0006523943505590823,0-0,3,0.01604387478911018,0-0,3,0.02931013977661956,0-0,3,0.029513654920682475,0-0,3,0.02971717006474539,0-0,3,0.029920685208808306,0-0,3,0.030124200352871222,0-0,3,0.030327715496934138,0-0,3,0.030531230640997276,0-0,3,0.03073474578506019,0-0,3,0.03093826092912333,0-0,3,0.031141776073186245,0-0,3,0.03134529121724938
Copa América,2021,2021-07-02,Brazil,Chile,1,0,0.5673287232369234,0.29479641818369473,0.13787485857938186,0.7510117949699886,0.1804243639386542,0.06856384109090687,0.18368307173329038,home,home,False,2-0,1,0.04064872187712654,2-0,1,0.0538197317646365,2-0,1,0.05316156809020334,2-0,1,0.052503404415770616,2-0,1,0.05184524074133812,2-0,1,0.051187077066905395,2-0,1,0.050528913392472674,2-0,1,0.049870749718040175,2-0,1,0.049212586043607454,2-0,1,0.048554422369174954,2-0,1,0.047896258694742455,2-0,1,0.047238095020309956,2-0,1,0.04657993134587746,2-0,1,0.04592176767144496,2-0,1,0.04526360399701235,2-0,1,0.04460544032258007,2-0,1,0.04394727664814768,2-0,1,0.043289112973715516,2-0,1,0.042630949299283016,2-0,1,0.04197278562485085,2-0,1,0.041314621950418684,2-0,1,0.04065645827598641
Copa América,2021,2021-07-02,Peru,Paraguay,3,3,0.40787615660705306,0.35183538629341704,0.24028845709952984,0.334230728296568,0.3457874171626734,0.3199818545402532,0.079693397440976,home,draw,True,1-0,0,0.006095301650536289,0-0,1,0.02145606400887967,0-0,1,0.02147482779355603,0-0,1,0.021493591578232385,0-0,1,0.021512355362908964,0-0,1,0.02153111914758543,0-0,1,0.0215498829322619,0-0,1,0.021568646716938256,0-0,1,0.021587410501614723,0-0,1,0.02160617428629108,0-0,1,0.021624938070967437,0-0,1,0.021643701855643904,0-0,1,0.021662465640320372,0-0,1,0.02168122942499684,0-0,1,0.021699993209673307,0-0,1,0.021718756994349664,0-0,1,0.02173752077902602,0-0,1,0.016371913704266938,0-0,1,0.0107550685252773,0-0,1,0.005138223346288107,1-0,0,0.0004786218327007541,1-0,0,0.006095467011689393
Copa América,2021,2021-06-28,Bolivia,Argentina,4,1,0.059418038256914836,0.1645675194960075,0.7760144422470776,0.03191147055612987,0.10295232008293456,0.8651362093612504,0.08912176711401533,away,away,False,0-2,0,0.0329218475446198,0-2,0,0.0368728200409556,0-2,0,0.03668289787350032,0-2,0,0.03649297570604482,0-2,0,0.036303053538589314,0-2,0,0.03611313137113381,0-2,0,0.03592320920367831,0-2,0,0.03573328703622236,0-2,0,0.0355433648687673,0-2,0,0.035353442701311355,0-2,0,0.03516352053385585,0-2,0,0.03497359836640035,0-2,0,0.034783676198944846,0-2,0,0.03459375403148934,0-2,0,0.03440383186403362,0-2,0,0.034213909696578115,0-2,0,0.03402398752912239,0-2,0,0.03383406536166711,0-2,0,0.033644143194211384,0-2,0,0.03345422102675544,0-2,0,0.033264298859299934,0-2,0,0.03307437669184443
Copa América,2021,2021-06-28,Uruguay,Paraguay,1,0,0.5020505806587335,0.3241723171665199,0.17377710217474654,0.5209089732221908,0.29893192173957595,0.18015910503775243,0.025240395426703532,home,home,False,2-0,1,0.007480903856269316,2-0,1,0.007762533417775774,2-0,1,0.007748482123787204,2-0,1,0.007734430829798633,2-0,1,0.007720379535810062,2-0,1,0.007706328241821381,2-0,1,0.00769227694783281,2-0,1,0.0076782256538440175,2-0,1,0.007664174359855558,2-0,1,0.007650123065866765,2-0,1,0.0076360717718781945,2-0,1,0.007622020477889402,2-0,1,0.007607969183900942,2-0,1,0.007593917889912261,2-0,1,0.007579866595923468,2-0,1,0.007565815301934897,2-0,1,0.007551764007946438,2-0,1,0.007537712713957645,2-0,1,0.007523661419968963,2-0,1,0.007509610125980393,2-0,1,0.007495558831991822,2-0,1,0.0074815075380033624
Copa América,2021,2021-06-27,Brazil,Ecuador,1,1,0.6904067476746619,0.2202460852509791,0.08934716707435901,0.6896077066931768,0.21179266463753135,0.09859962866880471,0.009252461594689274,home,home,False,2-0,0,0.05182496773158163,2-0,0,0.05183189934438159,2-0,0,0.05183490219740272,2-0,0,0.051837905050423405,2-0,0,0.05184090790344409,2-0,0,0.05184391075646477,2-0,0,0.051846913609486345,2-0,0,0.051849916462507695,2-0,0,0.0518529193155286,2-0,0,0.05185592216854973,2-0,0,0.05185892502157019,2-0,0,0.05186192787459176,2-0,0,0.051864930727612446,2-0,0,0.051867933580633574,2-0,0,0.05187093643365426,2-0,0,0.051873939286675386,2-0,0,0.05187694213969629,2-0,0,0.051879944992716975,2-0,0,0.0518829478457381,2-0,0,0.05188595069875923,2-0,0,0.05188895355178036,2-0,0,0.05189195640480149
Copa América,2021,2021-06-27,Venezuela,Peru,0,1,0.2541204519068784,0.35421495014392795,0.3916645979491937,0.2523819526776324,0.3262960008624111,0.4213220464604462,0.029657448511007628,away,away,False,0-0,0,0.019948945377621374,0-1,3,0.02542820990945749,0-1,3,0.02533871354528039,0-1,3,0.025249217181103067,0-1,3,0.02515972081692608,0-1,3,0.025070224452748757,0-1,3,0.024980728088571658,0-1,3,0.024891231724394225,0-1,3,0.024801735360217014,0-1,3,0.024712238996039915,0-1,3,0.024622742631862815,0-1,3,0.024533246267685382,0-1,3,0.024443749903508172,0-1,3,0.019960361461035192,0-1,3,0.014756077034491222,0-1,3,0.00955179260794703,0-1,3,0.004347508181402393,0-0,0,0.0008567762451419103,0-0,0,0.006061060671686769,0-0,0,0.01126534509823185,0-0,0,0.016469629524777818,0-0,0,0.019949415732343767
Copa América,2021,2021-06-24,Chile,Paraguay,0,2,0.478451667701828,0.3268695431052604,0.1946787891929116,0.38349119034972684,0.326595671325958,0.28991313832380305,0.0952343491311475,home,home,False,2-0,0,0.013488765813133519,2-0,0,0.005201766427423982,2-0,0,0.010946256145711208,2-0,0,0.01108012486256793,2-0,0,0.01121399357942432,2-0,0,0.01134786229628082,2-0,0,0.011481731013137209,2-0,0,0.011615599729993709,2-0,0,0.011749468446850209,2-0,0,0.011883337163706709,2-0,0,0.012017205880563209,2-0,0,0.012151074597419487,2-0,0,0.012284943314275876,2-0,0,0.012418812031132376,2-0,0,0.012552680747988765,2-0,0,0.012686549464845154,2-0,0,0.012820418181701543,2-0,0,0.012954286898557932,2-0,0,0.013088155615414432,2-0,0,0.01322202433227071,2-0,0,0.013355893049127099,2-0,0,0.013489761765983599
Copa América,2021,2021-06-24,Bolivia,Uruguay,0,2,0.0944398440708937,0.2148589234419145,0.6907012324871918,0.04838738405598958,0.13871392176828498,0.8128986941753436,0.12219746168834268,away,away,False,0-2,3,0.040527493787914315,0-2,3,0.04777596244290239,0-2,3,0.047416870874538164,0-2,3,0.047057779306174385,0-2,3,0.04669868773781061,0-2,3,0.04633959616944727,0-2,3,0.04598050460108327,0-2,3,0.04562141303271949,0-2,3,0.04526232146435594,0-2,3,0.04490322989599216,0-2,3,0.04454413832762838,0-2,3,0.04418504675926482,0-2,3,0.04382595519090127,0-2,3,0.04346686362253749,0-2,3,0.043107772054174154,0-2,3,0.042748680485810375,0-2,3,0.04238958891744682,0-2,3,0.04203049734908304,0-2,3,0.041671405780719706,0-2,3,0.04131231421235615,0-2,3,0.04095322264399259,0-2,3,0.040594131075628814
Copa América,2021,2021-06-23,Brazil,Colombia,2,1,0.4738447634649924,0.3489549998056519,0.17720023672935567,0.6697543735008682,0.22128361715588998,0.10896200934368888,0.19590961003565227,home,home,False,1-0,1,0.0426003070347738,1-0,1,0.06021537820547773,1-0,1,0.059334699278312364,1-0,1,0.058454020351146996,1-0,1,0.05757334142398163,1-0,1,0.05669266249681648,1-0,1,0.05581198356965089,1-0,1,0.054931304642484524,1-0,1,0.054050625715319156,1-0,1,0.053169946788154565,1-0,1,0.052289267860987754,1-0,1,0.05140858893382305,1-0,1,0.05052791000665746,1-0,1,0.04964723107949176,1-0,1,0.04876655215232584,1-0,1,0.047885873225160025,1-0,1,0.047005194297994324,1-0,1,0.0461245153708284,1-0,1,0.04524383644366248,1-0,1,0.04436315751649633,1-0,1,0.04348247858933041,1-0,1,0.042601799662164264
Copa América,2021,2021-06-23,Ecuador,Peru,2,2,0.31676415281297304,0.3138653270697861,0.369370520117241,0.40746932782902734,0.3055834920778988,0.28694718009358405,0.09070517501579925,away,home,True,1-1,1,0.007890235982436544,2-1,0,0.022262104523186332,2-1,0,0.022014320463247694,2-1,0,0.0217665364033095,2-1,0,0.02151875234337086,2-1,0,0.021270968283432556,2-1,0,0.02102318422349403,2-1,0,0.020775400163555724,2-1,0,0.020527616103617197,2-1,0,0.014314986683733544,2-1,0,0.005948023804884794,1-1,1,0.002418939073964399,1-1,1,0.010785901952813925,1-1,1,0.01915286483166334,1-1,1,0.027519827710513978,1-1,1,0.035886790589364725,1-1,1,0.037648680809992174,1-1,1,0.03169714345946073,1-1,1,0.025745606108929175,1-1,1,0.019794068758396843,1-1,1,0.013842531407864178,1-1,1,0.007890994057331846
Copa América,2021,2021-06-21,Argentina,Paraguay,1,0,0.5912916457301574,0.2832796611128686,0.12542869315697394,0.6355952118065828,0.24935985778570346,0.1150449304072101,0.044303566076677244,home,home,False,2-0,1,0.051951132270507516,2-0,1,0.05585790878533181,2-0,1,0.055663232637147675,2-0,1,0.05546855648896398,2-0,1,0.055273880340778736,2-0,1,0.05507920419259427,2-0,1,0.05488452804441002,2-0,1,0.05468985189622555,2-0,1,0.054495175748041524,2-0,1,0.054300499599857055,2-0,1,0.054105823451672475,2-0,1,0.05391114730348823,2-0,1,0.05371647115530398,2-0,1,0.05352179500711951,2-0,1,0.05332711885893526,2-0,1,0.053132442710750905,2-0,1,0.052937766562566546,2-0,1,0.0527430904143823,2-0,1,0.05254841426619794,2-0,1,0.05235373811801347,2-0,1,0.052159061969829223,2-0,1,0.051964385821644976
Copa América,2021,2021-06-21,Uruguay,Chile,1,1,0.359516256471418,0.3382458727293289,0.3022378707992531,0.4164072165801234,0.32720471574067317,0.256388067679703,0.056890960108455624,home,home,False,1-1,3,0.03878712017623809,2-1,0,0.0022555305008042925,2-1,0,0.0022401225911145017,2-1,0,0.002224714681424822,2-1,0,0.002209306771735031,2-1,0,0.0021938988620452404,2-1,0,0.0021784909523553386,2-1,0,0.002163083042665548,2-1,0,0.002147675132975979,2-1,0,0.0021322672232861883,1-1,3,0.0017233735030875996,1-1,3,0.007428541952441137,1-1,3,0.013133710401794896,1-1,3,0.01883887885114921,1-1,3,0.024544047300503746,1-1,3,0.030249215749858505,1-1,3,0.03595438419921393,1-1,3,0.03853536578444894,1-1,3,0.03859867342783696,1-1,3,0.03866198107122476,1-1,3,0.038725288714613115,1-1,3,0.03878859635800114
Copa América,2021,2021-06-20,Colombia,Peru,1,2,0.4390278249251298,0.3480565433781257,0.21291563169674455,0.5575769121560225,0.28264203695720297,0.15978105088628827,0.11854908723113582,home,home,False,1-0,0,0.022115112671419634,1-0,0,0.028087729789470273,1-0,0,0.027789136478274967,1-0,0,0.02749054316707933,1-0,0,0.0271919498558838,1-0,0,0.026893356544688163,1-0,0,0.026594763233492746,1-0,0,0.02629616992229722,1-0,0,0.025997576611101914,1-0,0,0.025698983299906386,1-0,0,0.02540038998871086,1-0,0,0.025101796677515442,1-0,0,0.024803203366320137,1-0,0,0.0245046100551245,1-0,0,0.024206016743929193,1-0,0,0.023907423432733887,1-0,0,0.023608830121538582,1-0,0,0.023310236810343277,1-0,0,0.02301164349914786,1-0,0,0.022713050187952666,1-0,0,0.02241445687675725,1-0,0,0.022115863565562055
Copa América,2021,2021-06-20,Venezuela,Ecuador,2,2,0.28705549795214924,0.3229874248836081,0.3899570771642427,0.14163102897099117,0.24989420284427438,0.6084747681842656,0.21851769102025734,away,away,False,1-2,0,0.004853365765963735,1-2,0,0.007573552458871924,1-2,0,0.007437560361691742,1-2,0,0.007301568264511227,1-2,0,0.007165576167331045,1-2,0,0.007029584070150752,1-2,0,0.006893591972970459,1-2,0,0.006757599875790055,1-2,0,0.0066216077786096506,1-2,0,0.0064856156814294685,1-2,0,0.0063496235842492865,1-2,0,0.0062136314870688825,1-2,0,0.0060776393898888115,1-2,0,0.0059416472927085184,1-2,0,0.005805655195528336,1-2,0,0.005669663098348043,1-2,0,0.00553367100116775,1-2,0,0.005397678903987568,1-2,0,0.005261686806807275,1-2,0,0.005125694709626982,1-2,0,0.0049897026124468,1-2,0,0.004853710515266729
Copa América,2021,2021-06-18,Argentina,Uruguay,1,0,0.410260849780716,0.33326106563910635,0.25647808458017773,0.497574553842327,0.28214063448613674,0.2202848116710651,0.08731370406184664,home,home,False,2-0,1,0.0059435803150102995,2-0,1,0.007208895802068405,2-0,1,0.007145645441914983,2-0,1,0.007082395081761561,2-0,1,0.007019144721608139,2-0,1,0.0069558943614547175,2-0,1,0.006892644001301185,2-0,1,0.006829393641147763,2-0,1,0.00676614328099423,2-0,1,0.00670289292084103,2-0,1,0.0066396425606873866,2-0,1,0.006576392200534076,2-0,1,0.006513141840380543,2-0,1,0.006449891480227121,2-0,1,0.0063866411200738105,2-0,1,0.006323390759920389,2-0,1,0.006260140399766856,2-0,1,0.006196890039613434,2-0,1,0.006133639679460123,2-0,1,0.0060703893193067016,2-0,1,0.006007138959153169,2-0,1,0.005943888598999858
Copa América,2021,2021-06-18,Chile,Bolivia,1,0,0.6681563310961435,0.22298667729513139,0.10885699160872511,0.7367946145608539,0.17367485577085712,0.08953052966873716,0.06863828346448633,home,home,False,2-0,1,0.029743432304873307,2-0,1,0.03284823391202085,2-0,1,0.03269523018845932,2-0,1,0.032542226464898016,2-0,1,0.03238922274133604,2-0,1,0.032236219017774737,2-0,1,0.03208321529421343,2-0,1,0.03193021157065168,2-0,1,0.03177720784708993,2-0,1,0.03162420412352862,2-0,1,0.03147120039996687,2-0,1,0.03131819667640556,2-0,1,0.031165192952843812,2-0,1,0.03101218922928206,2-0,1,0.030859185505720754,2-0,1,0.030706181782159447,2-0,1,0.030553178058597252,2-0,1,0.030400174335035723,2-0,1,0.030247170611474417,2-0,1,0.030094166887912333,2-0,1,0.02994116316435136,2-0,1,0.029788159440789053
Copa América,2021,2021-06-17,Brazil,Peru,4,0,0.6206127666734638,0.27370258239228995,0.1056846509342464,0.7954292887970077,0.14002026013929836,0.06455045106322045,0.17481652212378074,home,home,False,2-0,1,0.048633039303040304,2-0,1,0.062350496678034606,2-0,1,0.06166533854170053,2-0,1,0.06098018040536646,2-0,1,0.06029502226903283,2-0,1,0.05960986413269875,2-0,1,0.0589247059963649,2-0,1,0.05823954786003105,2-0,1,0.05755438972369742,2-0,1,0.05686923158736357,2-0,1,0.05618407345102994,2-0,1,0.055498915314696085,2-0,1,0.05481375717836223,2-0,1,0.054128599042028824,2-0,1,0.053443440905695194,2-0,1,0.052758282769361564,2-0,1,0.052073124633027934,2-0,1,0.051387966496694304,2-0,1,0.05070280836036134,2-0,1,0.05001765022402749,2-0,1,0.0493324920876933,2-0,1,0.04864733395136034
Copa América,2021,2021-06-17,Colombia,Venezuela,0,0,0.5031830475963542,0.3359211128412565,0.16089583956238915,0.7007200603622011,0.20650362922979967,0.09277631040751111,0.19753701276609087,home,home,False,1-0,0,0.02682670837708978,1-0,0,0.03736021470710371,1-0,0,0.036833611743451566,1-0,0,0.03630700877979942,1-0,0,0.035780405816147054,1-0,0,0.03525380285249535,1-0,0,0.03472719988884343,1-0,0,0.03420059692519173,1-0,0,0.03367399396153936,1-0,0,0.033147390997887216,1-0,0,0.03262078803423618,1-0,0,0.032094185070583925,1-0,0,0.03156758210693167,1-0,0,0.031040979143279857,1-0,0,0.030514376179628266,1-0,0,0.029987773215976343,1-0,0,0.029461170252324642,1-0,0,0.02893456728867283,1-0,0,0.02840796432502113,1-0,0,0.027881361361369428,1-0,0,0.027354758397717727,1-0,0,0.026828155434066137
Copa América,2021,2021-06-14,Paraguay,Bolivia,3,1,0.472962985105662,0.3110033895896016,0.21603362530473638,0.630472144621503,0.24008806469828828,0.12943979067970066,0.15750915951609507,home,home,False,2-0,1,0.009997778984178862,2-0,1,0.01332900039290208,2-0,1,0.013162502977672741,2-0,1,0.012996005562442514,2-0,1,0.012829508147212954,2-0,1,0.01266301073198317,2-0,1,0.012496513316753388,2-0,1,0.012330015901523605,2-0,1,0.012163518486294045,2-0,1,0.011997021071064373,2-0,1,0.011830523655834702,2-0,1,0.011664026240605141,2-0,1,0.01149752882537547,2-0,1,0.011331031410145576,2-0,1,0.011164533994916126,2-0,1,0.010998036579686676,2-0,1,0.010831539164456894,2-0,1,0.010665041749227333,2-0,1,0.010498544333997661,2-0,1,0.01033204691876799,2-0,1,0.01016554950353854,2-0,1,0.009999052088308868
Copa América,2021,2021-06-14,Argentina,Chile,1,1,0.4471185753907068,0.31987866363725387,0.2330027609720392,0.5872522028793966,0.2592753835151414,0.15347241360497568,0.14013362748893288,home,home,False,2-0,0,0.007689615343921652,2-0,0,0.010100567858025489,2-0,0,0.009980054967081653,2-0,0,0.009859542076137706,2-0,0,0.009739029185193537,2-0,0,0.009618516294249813,2-0,0,0.009498003403305866,2-0,0,0.00937749051236203,2-0,0,0.009256977621418194,2-0,0,0.009136464730474247,2-0,0,0.009015951839530523,2-0,0,0.008895438948586576,2-0,0,0.00877492605764274,2-0,0,0.008654413166698904,2-0,0,0.008533900275755069,2-0,0,0.008413387384811122,2-0,0,0.008292874493867175,2-0,0,0.00817236160292345,2-0,0,0.008051848711979837,2-0,0,0.007931335821035779,2-0,0,0.007810822930092165,2-0,0,0.007690310039148329
Copa América,2021,2021-06-13,Colombia,Ecuador,1,0,0.4972586892128586,0.3042320653526893,0.19850924543445211,0.4748361240519518,0.29398911374357595,0.23117476220496141,0.03266551677026473,home,home,False,2-0,1,0.014312618993357784,2-0,1,0.013669446911871441,2-0,1,0.013701721632408903,2-0,1,0.013733996352946476,2-0,1,0.013766271073484049,2-0,1,0.013798545794021733,2-0,1,0.013830820514559194,2-0,1,0.013863095235096878,2-0,1,0.01389536995563434,2-0,1,0.013927644676171913,2-0,1,0.013959919396709486,2-0,1,0.013992194117247059,2-0,1,0.014024468837784632,2-0,1,0.014056743558322093,2-0,1,0.014089018278859666,2-0,1,0.01412129299939735,2-0,1,0.014153567719934923,2-0,1,0.014185842440472385,2-0,1,0.014218117161010069,2-0,1,0.01425039188154753,2-0,1,0.014282666602085214,2-0,1,0.014314941322622676
Copa América,2021,2021-06-13,Brazil,Venezuela,3,0,0.6783872357862561,0.24640414597546573,0.07520861823827815,0.8898807359166384,0.0900741470581852,0.02004511702554805,0.21149350013019644,home,home,False,2-0,1,0.057726269324406054,2-0,1,0.07575846687367371,2-0,1,0.07485821009335925,2-0,1,0.073957953313045,2-0,1,0.07305769653273075,2-0,1,0.07215743975241629,2-0,1,0.07125718297210204,2-0,1,0.07035692619178757,2-0,1,0.06945666941147288,2-0,1,0.06855641263115841,2-0,1,0.06765615585084439,2-0,1,0.06675589907052926,2-0,1,0.06585564229021479,2-0,1,0.06495538550989988,2-0,1,0.06405512872958563,2-0,1,0.06315487194927072,2-0,1,0.06225461516895581,2-0,1,0.06135435838864156,2-0,1,0.06045410160832643,2-0,1,0.059553844828011515,2-0,1,0.05865358804769727,2-0,1,0.05775333126738191
Copa América,2024,2024-07-14,Argentina,Colombia,1,0,0.40030546150014074,0.33649415603000327,0.263200382469856,0.4559915529331132,0.32965579780276844,0.21435264926362183,0.055686091433220744,home,home,False,1-0,3,0.04980208336068426,1-0,3,0.10060491654423298,1-0,3,0.09999061847826274,1-0,3,0.09937632041229238,1-0,3,0.09876202234632225,1-0,3,0.09814772428035223,1-0,3,0.0975334262143821,1-0,3,0.09691912814841219,1-0,3,0.09630483008244206,1-0,3,0.09569053201647215,1-0,3,0.09507623395050224,1-0,3,0.094461935884532,1-0,3,0.0938476378185622,1-0,3,0.0932333397525924,1-0,3,0.09016242332139834,1-0,3,0.08439675721525153,1-0,3,0.07863109110910593,1-0,3,0.0728654250029599,1-0,3,0.06709975889681397,1-0,3,0.061334092790668815,1-0,3,0.05556842668452355,1-0,3,0.049802760578378735
Copa América,2024,2024-07-13,Canada,Uruguay,2,2,0.1481492053433932,0.2593341078574805,0.5925166867991263,0.13527057326594447,0.19450207104596165,0.6702273556885555,0.07771066888919842,away,away,False,0-2,0,0.024925153940287603,0-2,0,0.02820088295039258,0-2,0,0.028037392945192252,0-2,0,0.0278739029399917,0-2,0,0.027710412934791373,0-2,0,0.027546922929590822,0-2,0,0.02738343292439005,0-2,0,0.027219942919190165,0-2,0,0.027056452913989393,0-2,0,0.02689296290878951,0-2,0,0.026729472903588736,0-2,0,0.02656598289838863,0-2,0,0.026402492893188523,0-2,0,0.026239002887987528,0-2,0,0.02607551288278709,0-2,0,0.02591202287758676,0-2,0,0.02574853287238643,0-2,0,0.02558504286718577,0-2,0,0.02542155286198544,0-2,0,0.025258062856785002,0-2,0,0.02509457285158445,0-2,0,0.0249310828463839
Copa América,2024,2024-07-10,Uruguay,Colombia,0,1,0.27055626514117,0.3580028120299331,0.37144092282889685,0.34950868015937064,0.34752524902815024,0.30296607081197025,0.07895241501845507,away,home,True,0-0,0,0.0457352886542709,0-0,0,0.03517840781246584,0-0,0,0.0442391489210231,0-0,0,0.05329989002958002,0-0,0,0.06236063113813661,0-0,0,0.07142137224669243,0-0,0,0.08048211335524902,0-0,0,0.0895428544638035,0-0,0,0.09860359557235832,0-0,0,0.10766433668091246,0-0,0,0.10601300790478885,0-0,0,0.10053323993228169,0-0,0,0.09505347195977487,0-0,0,0.08957370398726838,0-0,0,0.08409393601476223,0-0,0,0.07861416804225618,0-0,0,0.07313440006975014,0-0,0,0.06765463209724487,0-0,0,0.06217486412473949,0-0,0,0.056695096152235,0-0,0,0.05121532817973018,0-0,0,0.04573556020722591
Copa América,2024,2024-07-09,Argentina,Canada,2,0,0.7522040185642164,0.17278636748830886,0.0750096139474747,0.7304577742507953,0.1828879464875308,0.08665427926120493,0.021746244313186627,home,home,False,2-0,3,0.06759005794918327,2-0,3,0.06577524639834809,2-0,3,0.06587315517749692,2-0,3,0.06597106395664531,2-0,3,0.06606897273579437,2-0,3,0.06616688151494277,2-0,3,0.0662647902940916,2-0,3,0.06636269907324022,2-0,3,0.06646060785238883,2-0,3,0.06655851663153745,2-0,3,0.06665642541068628,2-0,3,0.06675433418983467,2-0,3,0.06685224296898329,2-0,3,0.0669501517481319,2-0,3,0.06704806052728118,2-0,3,0.06714596930642935,2-0,3,0.06724387808557775,2-0,3,0.0673417868647268,2-0,3,0.0674396956438752,2-0,3,0.06753760442302359,2-0,3,0.06763551320217265,2-0,3,0.06773342198132082
Copa América,2024,2024-07-06,Uruguay,Brazil,0,0,0.1824386805214357,0.3122013364402098,0.5053599830383546,0.30950277804698756,0.33571476665042294,0.3547824553030748,0.1505775277355224,away,away,False,0-1,0,0.06581709322718865,0-0,3,0.06105489002256548,0-0,3,0.05003707438439031,0-0,3,0.03448987657474434,0-0,3,0.018942678765097587,0-0,3,0.0033954809554500587,0-1,0,0.01215171685419758,0-1,0,0.027698914663846774,0-1,0,0.04324611247349641,0-1,0,0.054052906003065004,0-1,0,0.05503349502147881,0-1,0,0.05601408403989294,0-1,0,0.05699467305830708,0-1,0,0.0579752620767211,0-1,0,0.05895585109513535,0-1,0,0.05993644011354948,0-1,0,0.06091702913196384,0-1,0,0.0618976181503782,0-1,0,0.06287820716879255,0-1,0,0.06385879618720702,0-1,0,0.06483938520562138,0-1,0,0.06581997422403585
Copa América,2024,2024-07-06,Colombia,Panama,5,0,0.7320347703378003,0.1951471310042057,0.07281809865799398,0.7452724224968592,0.17285642911476082,0.08187114838794102,0.02229070188922542,home,home,False,2-0,1,0.07832527985164539,2-0,1,0.07981953014222176,2-0,1,0.07974864175673635,2-0,1,0.07967775337125138,2-0,1,0.07960686498576619,2-0,1,0.079535976600281,2-0,1,0.07946508821479603,2-0,1,0.07939419982931062,2-0,1,0.07932331144382565,2-0,1,0.07925242305834046,2-0,1,0.07918153467285594,2-0,1,0.07911064628737052,2-0,1,0.07903975790188511,2-0,1,0.07896886951639992,2-0,1,0.07889798113091517,2-0,1,0.07882709274542998,2-0,1,0.07875620435994457,2-0,1,0.07868531597445938,2-0,1,0.07861442758897441,2-0,1,0.07854353920348922,2-0,1,0.07847265081800447,2-0,1,0.07840176243251928
Copa América,2024,2024-07-05,Venezuela,Canada,1,1,0.40593245653370574,0.3021839874336134,0.29188355603268085,0.34912802943087895,0.32659162803946057,0.3242803425301584,0.05680442710307576,home,home,False,1-0,0,0.019152507802992713,1-1,3,0.04057282236142323,1-1,3,0.040421213014836255,1-1,3,0.03676127575714738,1-1,3,0.02974488997231617,1-1,3,0.02272850418748562,1-1,3,0.01571211840265374,1-1,3,0.008695732617822083,1-1,3,0.0016793468329899808,1-0,0,0.005337038951842676,1-0,0,0.012353424736675667,1-0,0,0.0178132481249621,1-0,0,0.01794726008471792,1-0,0,0.01808127204447363,1-0,0,0.01821528400422945,1-0,0,0.018349295963985268,1-0,0,0.018483307923740755,1-0,0,0.018617319883496686,1-0,0,0.018751331843252395,1-0,0,0.018885343803008103,1-0,0,0.019019355762764034,1-0,0,0.019153367722519854
Copa América,2024,2024-07-04,Argentina,Ecuador,1,1,0.5839612875689868,0.26084067277328915,0.15519803965772397,0.6757605050968,0.23139291074421578,0.09284658415945882,0.09179921752757585,home,home,False,2-0,0,0.02668552837120286,2-0,0,0.030887680940535178,2-0,0,0.030677882874490248,2-0,0,0.030468084808444873,2-0,0,0.0302582867423995,2-0,0,0.030048488676354568,2-0,0,0.029838690610309637,2-0,0,0.029628892544264707,2-0,0,0.029419094478218666,2-0,0,0.029209296412173735,2-0,0,0.028999498346129027,2-0,0,0.028789700280083763,2-0,0,0.028579902214038166,2-0,0,0.028370104147992903,2-0,0,0.028160306081947417,2-0,0,0.027950508015902376,2-0,0,0.02774070994985689,2-0,0,0.02753091188381185,2-0,0,0.027321113817766363,2-0,0,0.0271113157517211,2-0,0,0.026901517685675613,2-0,0,0.02669171961963046
Copa América,2024,2024-07-02,Brazil,Colombia,1,1,0.4420724082577086,0.33491530577111095,0.2230122859711805,0.4841757115537119,0.29445013844241374,0.22137415000438235,0.042103303295749336,home,home,False,1-0,0,0.0943492749734891,1-0,0,0.10333700599347329,1-0,0,0.10288770327121799,1-0,0,0.10243840054896258,1-0,0,0.10198909782670751,1-0,0,0.10153979510445232,1-0,0,0.1010904923821968,1-0,0,0.10064118965994173,1-0,0,0.10019188693768644,1-0,0,0.09974258421543092,1-0,0,0.0992932814931754,1-0,0,0.0988439787709201,1-0,0,0.0983946760486647,1-0,0,0.09794537332640907,1-0,0,0.09749607060415377,1-0,0,0.09704676788189814,1-0,0,0.09659746515964263,1-0,0,0.096148162437387,1-0,0,0.09569885971513148,1-0,0,0.09524955699287574,1-0,0,0.09480025427062033,1-0,0,0.09435095154836437
Copa América,2024,2024-07-02,Costa Rica,Paraguay,2,1,0.2256050632041495,0.33768537889746836,0.43670955789838206,0.2019776578232438,0.2720459043026464,0.5259764378745809,0.08926687997596325,away,away,False,0-1,0,0.09886032229025765,0-1,0,0.11907004958481204,0-1,0,0.11805964198290797,0-1,0,0.11704923438100356,0-1,0,0.11603882677909971,0-1,0,0.11502841917719542,0-1,0,0.11401801157529101,0-1,0,0.11300760397338683,0-1,0,0.11199719637148242,0-1,0,0.11098678876957802,0-1,0,0.10997638116767339,0-1,0,0.10896597356576909,0-1,0,0.10795556596386435,0-1,0,0.10694515836195984,0-1,0,0.10593475076005521,0-1,0,0.10492434315815047,0-1,0,0.10391393555624573,0-1,0,0.10290352795434077,0-1,0,0.10189312035243603,0-1,0,0.10088271275053118,0-1,0,0.0998723051486261,0-1,0,0.09886189754672114
Copa América,2024,2024-07-01,Bolivia,Panama,1,3,0.3618525967352277,0.27667008828363954,0.3614773149811327,0.1399793432547158,0.23452190541110365,0.625498751333708,0.2640214363528115,home,away,True,2-1,0,0.0005547517519848277,1-2,1,0.030781654348122744,1-2,1,0.030132011437007833,1-2,1,0.02948236852589259,1-2,1,0.028832725614777233,1-2,1,0.02818308270366221,1-2,1,0.027533439792546743,1-2,1,0.02688379688143172,1-2,1,0.026234153970316476,1-2,1,0.025584511059201454,1-2,1,0.02493486814808632,1-2,1,0.024285225236971075,1-2,1,0.023635582325856275,1-2,1,0.02298593941474092,1-2,1,0.022336296503626007,1-2,1,0.021686653592511096,1-2,1,0.021037010681396184,1-2,1,0.020387367770281273,1-2,1,0.019737724859166472,1-2,1,0.01908808194805167,1-2,1,0.01843843903693687,2-1,0,0.0005548161162132192
Copa América,2024,2024-07-01,United States,Uruguay,0,1,0.21816650039209792,0.3254354952602798,0.4563980043476224,0.31692041053500086,0.3002362599000785,0.3828433295654307,0.09875391014264796,away,away,False,0-1,3,0.07732346770736465,0-1,3,0.05544779291194035,0-1,3,0.06548648807828561,0-1,3,0.0661095896101992,0-1,3,0.06673269114211311,0-1,3,0.0673557926740267,0-1,3,0.06797889420594039,0-1,3,0.0686019957378542,0-1,3,0.06922509726976811,0-1,3,0.06984819880168192,0-1,3,0.07047130033359583,0-1,3,0.07109440186550986,0-1,3,0.07171750339742367,0-1,3,0.07234060492933769,0-1,3,0.07296370646125194,0-1,3,0.07358680799316586,0-1,3,0.07420990952508,0-1,3,0.07483301105699403,0-1,3,0.07545611258890805,0-1,3,0.07607921412082241,0-1,3,0.07670231565273666,0-1,3,0.0773254171846508
Copa América,2024,2024-06-30,Mexico,Ecuador,0,0,0.30087477294385084,0.30692658740575407,0.39219863965039514,0.3319678898692268,0.30868799995904067,0.35934411017125895,0.032854529478899386,away,away,False,0-1,0,0.028701556416305896,0-1,0,0.012465187477444295,0-1,0,0.015383100128087634,0-1,0,0.018301012778730197,0-1,0,0.02121892542937298,0-1,0,0.024136838080015766,0-1,0,0.026899279136912924,0-1,0,0.027019500133110275,0-1,0,0.027139721129307515,0-1,0,0.027259942125504977,0-1,0,0.027380163121702106,0-1,0,0.027500384117899346,0-1,0,0.027620605114096808,0-1,0,0.027740826110294048,0-1,0,0.027861047106491177,0-1,0,0.02798126810268864,0-1,0,0.02810148909888588,0-1,0,0.02822171009508312,0-1,0,0.02834193109128047,0-1,0,0.02846215208747771,0-1,0,0.02858237308367506,0-1,0,0.0287025940798723
Copa América,2024,2024-06-30,Jamaica,Venezuela,0,3,0.1739271614109861,0.279528388487251,0.5465444501017629,0.2074769438190498,0.2860465882157924,0.506476467965654,0.04006798213635697,away,away,False,0-1,1,0.0013439666931587269,0-1,1,0.0012455994151228111,0-1,1,0.001250526460925716,0-1,1,0.001255453506728399,0-1,1,0.0012603805525311929,0-1,1,0.0012653075983340978,0-1,1,0.0012702346441368917,0-1,1,0.0012751616899397966,0-1,1,0.0012800887357424795,0-1,1,0.0012850157815451624,0-1,1,0.0012899428273480673,0-1,1,0.0012948698731508612,0-1,1,0.0012997969189536551,0-1,1,0.001304723964756449,0-1,1,0.001309651010559243,0-1,1,0.0013145780563622589,0-1,1,0.0013195051021651638,0-1,1,0.0013244321479677357,0-1,1,0.0013293591937705296,0-1,1,0.0013342862395735455,0-1,1,0.0013392132853761174,0-1,1,0.0013441403311789113
Copa América,2024,2024-06-29,Argentina,Peru,2,0,0.6128785196576999,0.2558253423230716,0.13129613801922846,0.624214343126299,0.24967195162142677,0.1261137052518106,0.011335823468830872,home,home,False,2-0,3,0.018710256007665294,2-0,3,0.019061040432042042,2-0,3,0.01904373286839489,2-0,3,0.01902642530474652,2-0,3,0.019009117741098813,2-0,3,0.018991810177450996,2-0,3,0.018974502613802846,2-0,3,0.01895719505015514,2-0,3,0.018939887486507434,2-0,3,0.018922579922859617,2-0,3,0.01890527235921191,2-0,3,0.018887964795563983,2-0,3,0.018870657231916277,2-0,3,0.018853349668268127,2-0,3,0.01883604210462042,2-0,3,0.018818734540972604,2-0,3,0.018801426977324676,2-0,3,0.01878411941367686,2-0,3,0.018766811850029264,2-0,3,0.018749504286381447,2-0,3,0.01873219672273363,2-0,3,0.0187148891590857
Copa América,2024,2024-06-29,Canada,Chile,0,0,0.2161830365607959,0.2762261445563633,0.5075908188828407,0.3156323474225728,0.29071344761245443,0.39365420496546105,0.11393661391762386,away,away,False,0-2,0,0.014725244925925196,0-2,0,0.011421604118712403,0-2,0,0.01158689371582311,0-2,0,0.011752183312933928,0-2,0,0.011917472910044413,0-2,0,0.01208276250715512,0-2,0,0.012248052104265827,0-2,0,0.012413341701376535,0-2,0,0.012578631298487242,0-2,0,0.012743920895597949,0-2,0,0.012909210492708656,0-2,0,0.013074500089819363,0-2,0,0.013239789686930181,0-2,0,0.013405079284040888,0-2,0,0.013570368881151595,0-2,0,0.013735658478262414,0-2,0,0.01390094807537312,0-2,0,0.014066237672483939,0-2,0,0.014231527269594646,0-2,0,0.014396816866705464,0-2,0,0.014562106463816282,0-2,0,0.0147273960609271
Copa América,2024,2024-06-28,Paraguay,Brazil,1,4,0.07671383918852849,0.22027563763305877,0.7030105231784127,0.07992667820267484,0.17684711117431898,0.7432262106234525,0.04342852645896296,away,away,False,0-2,1,0.030012586462816238,0-2,1,0.031744611549573865,0-2,1,0.031658727106998796,0-2,1,0.031572842664423506,0-2,1,0.03148695822184866,0-2,1,0.03140107377927337,0-2,1,0.031315189336698745,0-2,1,0.031229304894123233,0-2,1,0.031143420451548387,0-2,1,0.03105753600897332,0-2,1,0.03097165156639803,0-2,1,0.030885767123823182,0-2,1,0.030799882681248114,0-2,1,0.030713998238672824,0-2,1,0.030628113796097534,0-2,1,0.030542229353522687,0-2,1,0.03045634491094762,0-2,1,0.03037046046837255,0-2,1,0.03028457602579726,0-2,1,0.030198691583222192,0-2,1,0.030112807140647124,0-2,1,0.030026922698071834
Copa América,2024,2024-06-28,Colombia,Costa Rica,3,0,0.6995390069726622,0.22227926537538956,0.07818172765194824,0.7433278783862959,0.17180558920692074,0.0848665324072068,0.05047367616868051,home,home,False,2-0,1,0.02791049214364305,2-0,1,0.029671171884460668,2-0,1,0.029583776593088196,2-0,1,0.029496381301716612,2-0,1,0.02940898601034414,2-0,1,0.029321590718972335,2-0,1,0.029234195427600307,2-0,1,0.02914680013622828,2-0,1,0.02905940484485603,2-0,1,0.028972009553484,2-0,1,0.02888461426211153,2-0,1,0.028797218970739724,2-0,1,0.028709823679367474,2-0,1,0.028622428387995225,2-0,1,0.02853503309662342,2-0,1,0.02844763780525117,2-0,1,0.02836024251387892,2-0,1,0.02827284722250689,2-0,1,0.028185451931134642,2-0,1,0.028098056639762614,2-0,1,0.028010661348390364,2-0,1,0.027923266057018115
Copa América,2024,2024-06-27,Uruguay,Bolivia,5,0,0.7106401352921496,0.1965761650043469,0.0927836997035035,0.8389037713309714,0.11957298458222124,0.04152324408729157,0.12826363603857968,home,home,False,2-0,1,0.06162970978208282,2-0,1,0.0728424442518587,2-0,1,0.07228558439039645,2-0,1,0.07172872452893397,2-0,1,0.07117186466747172,2-0,1,0.07061500480600968,2-0,1,0.07005814494454743,2-0,1,0.06950128508308495,2-0,1,0.0689444252216227,2-0,1,0.06838756536016,2-0,1,0.06783070549869818,2-0,1,0.06727384563723526,2-0,1,0.06671698577577323,2-0,1,0.06616012591431075,2-0,1,0.06560326605284805,2-0,1,0.06504640619138535,2-0,1,0.0644895463299231,2-0,1,0.0639326864684604,2-0,1,0.0633758266069977,2-0,1,0.06281896674553522,2-0,1,0.06226210688407252,2-0,1,0.0617052470226096
Copa América,2024,2024-06-27,Panama,United States,1,2,0.1723362548229713,0.27151684291357525,0.5561469022634534,0.0959247481780758,0.1934899503169145,0.7105853015045376,0.15443839924132022,away,away,False,0-2,2,0.014731583825956851,0-2,2,0.018825629971168212,0-2,2,0.0186210521286978,0-2,2,0.018416474286227835,0-2,2,0.018211896443757425,0-2,2,0.018007318601287237,0-2,2,0.017802740758816826,0-2,2,0.017598162916346638,0-2,2,0.017393585073876228,0-2,2,0.01718900723140604,0-2,2,0.01698442938893585,0-2,2,0.01677985154646533,0-2,2,0.016575273703995363,0-2,2,0.016370695861525286,0-2,2,0.016166118019054876,0-2,2,0.015961540176584688,0-2,2,0.0157569623341145,0-2,2,0.015552384491644311,0-2,2,0.015347806649174123,0-2,2,0.015143228806703934,0-2,2,0.014938650964233968,0-2,2,0.014734073121763669
Copa América,2024,2024-06-26,Venezuela,Mexico,1,0,0.29724190398394207,0.31948364074060404,0.38327445527545384,0.24010082253679751,0.2992288086209074,0.46067036884277374,0.07739591356708055,away,away,False,0-1,0,0.053295520247021666,0-1,0,0.06405909573638435,0-1,0,0.06352097644631005,0-1,0,0.06298285715623564,0-1,0,0.062444737866161226,0-1,0,0.06190661857608659,0-1,0,0.06136849928601229,0-1,0,0.060830379995937545,0-1,0,0.06029226070586302,0-1,0,0.05975414141578839,0-1,0,0.059216022125713974,0-1,0,0.058677902835639006,0-1,0,0.058139783545564594,0-1,0,0.05760166425548974,0-1,0,0.05706354496541488,0-1,0,0.056525425675340246,0-1,0,0.05598730638526561,0-1,0,0.055449187095190755,0-1,0,0.05491106780511601,0-1,0,0.05437294851504104,0-1,0,0.053834829224966185,0-1,0,0.05329670993489133
Copa América,2024,2024-06-26,Ecuador,Jamaica,3,1,0.6575710141878063,0.2254170365485617,0.11701194926363204,0.6428689459224111,0.23556155337625256,0.1215695007008366,0.014702068265145314,home,home,False,2-0,1,0.05408700580195991,2-0,1,0.05290964375306195,2-0,1,0.05297014451291937,2-0,1,0.053030645272776566,2-0,1,0.05309114603263354,2-0,1,0.05315164679249085,2-0,1,0.05321214755234771,2-0,1,0.05327264831220513,2-0,1,0.053333149072062325,2-0,1,0.053393649831920076,2-0,1,0.05345415059177672,2-0,1,0.05351465135163391,2-0,1,0.05357515211149144,2-0,1,0.053635652871348305,2-0,1,0.053696153631206056,2-0,1,0.053756654391062364,2-0,1,0.05381715515091989,2-0,1,0.05387765591077709,2-0,1,0.05393815667063451,2-0,1,0.053998657430491925,2-0,1,0.05405915819034823,2-0,1,0.05411965895020565
Copa América,2024,2024-06-25,Chile,Argentina,0,1,0.15335781012935856,0.265300839252245,0.5813413506183964,0.11381407346422619,0.22561439345883408,0.6605715330773894,0.07923018245876812,away,away,False,0-2,1,0.015965964795709775,0-2,1,0.01814555271261553,0-2,1,0.01803673213980539,0-2,1,0.017927911566994803,0-2,1,0.01781909099418466,0-2,1,0.017710270421373853,0-2,1,0.01760144984856371,0-2,1,0.017492629275753124,0-2,1,0.017383808702942427,0-2,1,0.017274988130132507,0-2,1,0.017166167557321477,0-2,1,0.017057346984511446,0-2,1,0.01694852641170097,0-2,1,0.016839705838890606,0-2,1,0.01673088526608002,0-2,1,0.016622064693269434,0-2,1,0.01651324412045918,0-2,1,0.016404423547648594,0-2,1,0.01629560297483823,0-2,1,0.016186782402027644,0-2,1,0.01607796182921717,0-2,1,0.015969141256406805
Copa América,2024,2024-06-25,Peru,Canada,0,1,0.4596806829462002,0.29306069899012177,0.24725861806367794,0.2711949726846202,0.2968235558225241,0.43198147149236105,0.18848571026133273,home,away,True,1-0,0,0.004133541394076179,0-1,3,0.04795808377570632,0-1,3,0.04693269788942889,0-1,3,0.04590731200315168,0-1,3,0.04488192611687469,0-1,3,0.04385654023059771,0-1,3,0.04283115434432094,0-1,3,0.041805768458043735,0-1,3,0.04078038257176697,0-1,3,0.039754996685489985,0-1,3,0.03815637170972319,0-1,3,0.006821677248308178,1-0,0,0.0033710842815601882,1-0,0,0.003455835606456459,1-0,0,0.0035405869313528404,1-0,0,0.003625338256249222,1-0,0,0.0037100895811454926,1-0,0,0.003794840906041874,1-0,0,0.0038795922309381448,1-0,0,0.003964343555834526,1-0,0,0.004049094880731019,1-0,0,0.0041338462056272895
Copa América,2024,2024-06-24,Brazil,Costa Rica,0,0,0.8237289751604446,0.13806982693619832,0.03820119790335708,0.9040222408367901,0.07355513889840876,0.022422620264477822,0.08029326567650713,home,home,False,2-0,0,0.08175450597757195,2-0,0,0.09000354513400755,2-0,0,0.0896038492949649,2-0,0,0.08920415345592225,2-0,0,0.08880445761688027,2-0,0,0.08840476177783785,2-0,0,0.08800506593879587,2-0,0,0.08760537009975344,2-0,0,0.08720567426071102,2-0,0,0.08680597842166904,2-0,0,0.08640628258262661,2-0,0,0.08600658674358441,2-0,0,0.08560689090454243,2-0,0,0.08520719506550001,2-0,0,0.0848074992264578,2-0,0,0.0844078033874156,2-0,0,0.0840081075483734,2-0,0,0.08360841170933098,2-0,0,0.08320871587028922,2-0,0,0.0828090200312468,2-0,0,0.08240932419220504,2-0,0,0.08200962835316283
Copa América,2024,2024-06-24,Colombia,Paraguay,2,1,0.5645597441351158,0.3018735526259617,0.1335667032389225,0.5893498138340123,0.26299816722966946,0.1476520189368022,0.038875385396534234,home,home,False,1-0,1,0.07911677990757648,1-0,1,0.08259588795869122,1-0,1,0.0824221746757432,1-0,1,0.08224846139279629,1-0,1,0.08207474810984827,1-0,1,0.08190103482690025,1-0,1,0.08172732154395246,1-0,1,0.08155360826100455,1-0,1,0.08137989497805664,1-0,1,0.08120618169510996,1-0,1,0.08103246841216172,1-0,1,0.08085875512921348,1-0,1,0.08068504184626546,1-0,1,0.08051132856331777,1-0,1,0.08033761528037076,1-0,1,0.08016390199742218,1-0,1,0.07999018871447472,1-0,1,0.0798164754315267,1-0,1,0.0796427621485789,1-0,1,0.079469048865631,1-0,1,0.07929533558268331,1-0,1,0.0791216222997354
Copa América,2024,2024-06-23,Uruguay,Panama,3,1,0.6814068315546915,0.2218449056232491,0.09674826282205938,0.7903801543905212,0.15213870453061204,0.05748114107936861,0.10897332283557878,home,home,False,2-0,1,0.05518855324097993,2-0,1,0.06405056313074331,2-0,1,0.06360901594265544,2-0,1,0.06316746875456669,2-0,1,0.06272592156647838,2-0,1,0.06228437437839052,2-0,1,0.06184282719030176,2-0,1,0.061401280002213676,2-0,1,0.06095973281412537,2-0,1,0.060518185626036614,2-0,1,0.060076638437948304,2-0,1,0.05963509124985977,2-0,1,0.059193544061771464,2-0,1,0.05875199687368293,2-0,1,0.05831044968559418,2-0,1,0.05786890249750609,2-0,1,0.05742735530941756,2-0,1,0.056985808121328585,2-0,1,0.056544260933240276,2-0,1,0.0561027137451513,2-0,1,0.05566116655706255,2-0,1,0.05521961936897424
Copa América,2024,2024-06-23,United States,Bolivia,2,0,0.5804959184120467,0.24809429955162932,0.17140978203632395,0.8190522807744031,0.13048576237310294,0.050461956852969884,0.23855636236211838,home,home,False,2-0,3,0.02297812450819625,2-0,3,0.032433380943472034,2-0,3,0.03196105521051251,2-0,3,0.031488729477553434,2-0,3,0.031016403744593912,2-0,3,0.030544078011634834,2-0,3,0.030071752278675312,2-0,3,0.02959942654571579,2-0,3,0.029127100812756712,2-0,3,0.028654775079796968,2-0,3,0.028182449346837668,2-0,3,0.027710123613878146,2-0,3,0.027237797880918624,2-0,3,0.026765472147959102,2-0,3,0.02629314641499958,2-0,3,0.025820820682039947,2-0,3,0.025348494949080425,2-0,3,0.02487616921612079,2-0,3,0.024403843483161047,2-0,3,0.023931517750201525,2-0,3,0.02345919201724178,2-0,3,0.022986866284282037
Copa América,2024,2024-06-22,Mexico,Jamaica,1,0,0.6065183705803321,0.2494016054175917,0.14408002400207617,0.6627139388622801,0.20711266464978692,0.13017339648841447,0.05619556828170727,home,home,False,2-0,1,0.04277395572910314,2-0,1,0.04675226166400792,2-0,1,0.046554041152971015,2-0,1,0.046355820641932666,2-0,1,0.04615760013089554,2-0,1,0.04595937961985763,2-0,1,0.04576115910882017,2-0,1,0.04556293859778282,2-0,1,0.045364718086744804,2-0,1,0.045166497575706566,2-0,1,0.04496827706466944,2-0,1,0.044770056553631865,2-0,1,0.04457183604259429,2-0,1,0.044373615531556276,2-0,1,0.044175395020518704,2-0,1,0.04397717450948091,2-0,1,0.043778953998443115,2-0,1,0.04358073348740554,2-0,1,0.04338251297636786,2-0,1,0.04318429246532984,2-0,1,0.04298607195429227,2-0,1,0.04278785144325448
Copa América,2024,2024-06-22,Ecuador,Venezuela,1,2,0.4316839820914476,0.3107414540200271,0.2575745638885253,0.46895433516900126,0.32279959146906306,0.20824607336241932,0.04932849052634779,home,home,False,1-0,0,0.03850012990585927,1-0,0,0.04182564580042625,1-0,0,0.041659440216026855,1-0,0,0.04149323463162735,1-0,0,0.041327029047227626,1-0,0,0.04116082346282812,1-0,0,0.04099461787842873,1-0,0,0.040828412294029115,1-0,0,0.04066220670962961,1-0,0,0.040496001125229886,1-0,0,0.04032979554083016,1-0,0,0.040163589956430656,1-0,0,0.03999738437203104,1-0,0,0.03983117878763154,1-0,0,0.03966497320323181,1-0,0,0.03949876761883231,1-0,0,0.03933256203443247,1-0,0,0.03916635645003286,1-0,0,0.03900015086563324,1-0,0,0.03883394528123363,1-0,0,0.0386677396968339,1-0,0,0.03850153411243418
Copa América,2024,2024-06-21,Peru,Chile,0,0,0.30248758276848836,0.32326813752479194,0.37424427970671975,0.22035823620461648,0.3067958472410393,0.4728459165548328,0.0986016368478688,away,away,False,0-1,0,0.041115972517991706,0-1,0,0.07663941615383385,0-1,0,0.07584034275431173,0-1,0,0.07504126935478928,0-1,0,0.07424219595526682,0-1,0,0.07344312255574426,0-1,0,0.0726440491562218,0-1,0,0.07184497575669946,0-1,0,0.0710459023571769,0-1,0,0.07024682895765422,0-1,0,0.06944775555813165,0-1,0,0.06864868215860909,0-1,0,0.0678496087590863,0-1,0,0.06705053535956362,0-1,0,0.06625146196004073,0-1,0,0.06545238856051805,0-1,0,0.06465331516099515,0-1,0,0.06385424176147214,0-1,0,0.06305516836194947,0-1,0,0.061654193580865435,0-1,0,0.051385472585836145,0-1,0,0.04111675159080652
Copa América,2024,2024-06-20,Argentina,Canada,2,0,0.7522040185642164,0.17278636748830886,0.0750096139474747,0.7401565874612439,0.16948083135030084,0.09036258118803034,0.01535296724076806,home,home,False,2-0,3,0.06759005794918327,2-0,3,0.06664859165001702,2-0,3,0.06670283316658243,2-0,3,0.06675707468314784,2-0,3,0.06681131619971303,2-0,3,0.06686555771627778,2-0,3,0.06691979923284319,2-0,3,0.06697404074940838,2-0,3,0.06702828226597335,2-0,3,0.06708252378253898,2-0,3,0.06713676529910373,2-0,3,0.06719100681566914,2-0,3,0.06724524833223411,2-0,3,0.06729948984879974,2-0,3,0.06735373136536493,2-0,3,0.06740797288192968,2-0,3,0.06746221439849531,2-0,3,0.0675164559150605,2-0,3,0.06757069743162547,2-0,3,0.06762493894819088,2-0,3,0.06767918046475585,2-0,3,0.06773342198132082
Gold Cup,2015,2015-07-26,Jamaica,Mexico,1,3,0.14215072651570732,0.26129273951309945,0.5965565339711932,0.19634476387844296,0.28040237719471134,0.5232528589263902,0.0733036750445753,away,away,False,0-1,1,0.07076197222445846,0-1,1,0.06207305780445327,0-1,1,0.06250785554905192,0-1,1,0.06294265329365045,0-1,1,0.0633774510382491,0-1,1,0.06381224878284775,0-1,1,0.06424704652744628,0-1,1,0.06468184427204482,0-1,1,0.06511664201664336,0-1,1,0.065551439761242,0-1,1,0.06598623750584054,0-1,1,0.06642103525043885,0-1,1,0.06685583299503739,0-1,1,0.06729063073963581,0-1,1,0.06772542848423435,0-1,1,0.06816022622883278,0-1,1,0.0685950239734312,0-1,1,0.06902982171802963,0-1,1,0.06946461946262816,0-1,1,0.06989941720722637,0-1,1,0.07033421495182435,0-1,1,0.07076901269642255
Gold Cup,2015,2015-07-25,United States,Panama,1,1,0.4757939647908666,0.269119048107617,0.2550869871015165,0.5724726942396839,0.23954897469176384,0.1879783310690161,0.09667872944858545,home,home,False,1-0,0,0.04569664307363874,1-0,0,0.05498532455976157,1-0,0,0.05452103068424197,1-0,0,0.05405673680872247,1-0,0,0.053592442933202866,1-0,0,0.05312814905768304,1-0,0,0.05266385518216321,1-0,0,0.052199561306643494,1-0,0,0.051735267431123666,1-0,0,0.05127097355560406,1-0,0,0.05080667968008412,1-0,0,0.050342385804564405,1-0,0,0.049878091929044466,1-0,0,0.04941379805352475,1-0,0,0.0489495041780047,1-0,0,0.04848521030248476,1-0,0,0.04802091642696493,1-0,0,0.047556622551444994,1-0,0,0.04709232867592483,1-0,0,0.046628034800405116,1-0,0,0.046163740924885066,1-0,0,0.045699447049365016
Gold Cup,2015,2015-07-22,Panama,Mexico,1,2,0.20039651866466743,0.2531450625054032,0.5464584188299293,0.1657473458954644,0.26711336200885116,0.5671392920952218,0.03464917276897178,away,away,False,0-1,1,0.024133271238714338,0-1,1,0.025049757272595063,0-1,1,0.02500408499572171,0-1,1,0.024958412718848244,0-1,1,0.02491274044197478,0-1,1,0.024867068165101425,0-1,1,0.02482139588822807,0-1,1,0.024775723611354605,0-1,1,0.02473005133448125,0-1,1,0.024684379057607897,0-1,1,0.02463870678073432,0-1,1,0.024593034503860967,0-1,1,0.0245473622269875,0-1,1,0.024501689950114036,0-1,1,0.024456017673240793,0-1,1,0.02441034539636744,0-1,1,0.02436467311949375,0-1,1,0.02431900084262062,0-1,1,0.024273328565747154,0-1,1,0.0242276562888738,0-1,1,0.024181984012000224,0-1,1,0.02413631173512687
Gold Cup,2015,2015-07-22,United States,Jamaica,1,2,0.5330170208130472,0.2844958336788298,0.18248714550812298,0.673596295265983,0.22236029770781773,0.10404340702666061,0.14057927445270507,home,home,False,1-0,0,0.09744708582164385,1-0,0,0.12315374428981274,1-0,0,0.1218686374580158,1-0,0,0.12058353062621907,1-0,0,0.11929842379442213,1-0,0,0.11801331696262518,1-0,0,0.11672821013082779,1-0,0,0.11544310329903129,1-0,0,0.11415799646723412,1-0,0,0.11287288963543651,1-0,0,0.1115877828036389,1-0,0,0.1103026759718414,1-0,0,0.10901756914004412,1-0,0,0.10773246230824796,1-0,0,0.10644735547644935,1-0,0,0.10516224864465229,1-0,0,0.10387714181285479,1-0,0,0.10259203498105651,1-0,0,0.10130692814925935,1-0,0,0.10002182131746162,1-0,0,0.09873671448566368,1-0,0,0.09745160765386585
Gold Cup,2015,2015-07-19,Mexico,Costa Rica,1,0,0.47886546564173377,0.27090783238572935,0.2502267019725369,0.537020736963515,0.2787376882389909,0.18424157479796893,0.0659851271748054,home,home,False,1-0,3,0.05016831910185804,1-0,3,0.05626423900541355,1-0,3,0.05595958949564239,1-0,3,0.0556549399858709,1-0,3,0.05535029047609985,1-0,3,0.05504564096632836,1-0,3,0.054740991456556976,1-0,3,0.054436341946785594,1-0,3,0.05413169243701432,1-0,3,0.05382704292724294,1-0,3,0.05352239341747134,1-0,3,0.053217743907699955,1-0,3,0.05291309439792857,1-0,3,0.05260844488815708,1-0,3,0.05230379537838559,1-0,3,0.051999145868614205,1-0,3,0.05169449635884271,1-0,3,0.05138984684907111,1-0,3,0.051085197339299615,1-0,3,0.05078054782952812,1-0,3,0.05047589831975641,1-0,3,0.050171248809985025
Gold Cup,2015,2015-07-19,Trinidad and Tobago,Panama,1,1,0.1901560961569335,0.2672278859884138,0.5426160178546526,0.263995565179187,0.3053443698484741,0.4306600649718696,0.1119559528825484,away,away,False,0-1,0,0.05842966483028811,0-1,0,0.04637775747601769,0-1,0,0.046980583980388846,0-1,0,0.04758341048475989,0-1,0,0.04818623698913094,0-1,0,0.04878906349350198,0-1,0,0.04939188999787314,0-1,0,0.049994716502244074,0-1,0,0.0505975430066149,0-1,0,0.051200369510985944,0-1,0,0.05180319601535688,0-1,0,0.05240602251972781,0-1,0,0.053008849024098526,0-1,0,0.05361167552846935,0-1,0,0.05421450203284017,0-1,0,0.054817328537210774,0-1,0,0.05542015504158182,0-1,0,0.05602298154595242,0-1,0,0.05662580805032302,0-1,0,0.057228634554693625,0-1,0,0.057831461059064226,0-1,0,0.05843428756343494
Gold Cup,2015,2015-07-18,Haiti,Jamaica,0,1,0.2147949404621964,0.33322109423734786,0.45198396530045565,0.262529569266632,0.3103618083164865,0.42710862241735675,0.04773462880419792,away,away,False,0-1,3,0.14154114180424537,0-1,3,0.1438841879682201,0-1,3,0.14376709665366338,0-1,3,0.14365000533910677,0-1,3,0.14353291402455004,0-1,3,0.14341582270999298,0-1,3,0.14329873139543647,0-1,3,0.1431816400808794,0-1,3,0.14306454876632246,0-1,3,0.14294745745176518,0-1,3,0.14283036613720856,0-1,3,0.14271327482265128,0-1,3,0.14259618350809466,0-1,3,0.14247909219353805,0-1,3,0.14236200087898077,0-1,3,0.14224490956442393,0-1,3,0.1421278182498672,0-1,3,0.14201072693531036,0-1,3,0.14189363562075352,0-1,3,0.14177654430619635,0-1,3,0.1416594529916393,0-1,3,0.14154236167708223
Gold Cup,2015,2015-07-18,United States,Cuba,6,0,0.8785406256939153,0.08359954684655332,0.03785982745953133,0.9132377329544372,0.06451870738866511,0.022243559657351003,0.034697107260295214,home,home,False,3-0,1,0.031620095732576514,3-0,1,0.03336846542501615,3-0,1,0.03330507616818945,3-0,1,0.0332416869113632,3-0,1,0.033178297654536504,3-0,1,0.03311490839771025,3-0,1,0.033051519140883556,3-0,1,0.03298812988405708,3-0,1,0.03292474062723105,3-0,1,0.03286135137040436,3-0,1,0.032797962113578105,3-0,1,0.03273457285675141,3-0,1,0.032671183599924714,3-0,1,0.03260779434309824,3-0,1,0.03254440508627199,3-0,1,0.032481015829445736,3-0,1,0.03241762657261882,3-0,1,0.03235423731579279,3-0,1,0.03229084805896654,3-0,1,0.03222745880213962,3-0,1,0.032164069545313145,3-0,1,0.03210068028848623
Gold Cup,2015,2015-07-15,Mexico,Trinidad and Tobago,4,4,0.7395865670234228,0.17320282238927145,0.08721061058730567,0.7064204458924386,0.19662921630374994,0.09695033780426879,0.033166121131212936,home,home,False,2-0,0,0.07402149840191874,2-0,0,0.07078503931974,2-0,0,0.07095120560229984,2-0,0,0.07111737188485967,2-0,0,0.0712835381674195,2-0,0,0.07144970444997933,2-0,0,0.07161587073253917,2-0,0,0.07178203701509922,2-0,0,0.07194820329765839,2-0,0,0.07211436958021822,2-0,0,0.07228053586277783,2-0,0,0.0724467021453381,2-0,0,0.07261286842789771,2-0,0,0.07277903471045755,2-0,0,0.07294520099301738,2-0,0,0.07311136727557721,2-0,0,0.07327753355813726,2-0,0,0.0734436998406971,2-0,0,0.07360986612325715,2-0,0,0.07377603240581676,2-0,0,0.07394219868837704,2-0,0,0.07410836497093665
Gold Cup,2015,2015-07-15,Cuba,Guatemala,0,1,0.1761941702184856,0.21868354226375816,0.6051222875177562,0.13490781537478683,0.24173551852056893,0.623356666104174,0.041286354843463643,away,away,False,0-2,1,0.025401451861046365,0-2,1,0.026178178240850447,0-2,1,0.0261398901436255,0-2,1,0.02610160204640022,0-2,1,0.026063313949175382,0-2,1,0.0260250258519501,0-2,1,0.025986737754725042,0-2,1,0.025948449657499983,0-2,1,0.025910161560274814,0-2,1,0.025871873463049755,0-2,1,0.025833585365824807,0-2,1,0.02579529726859975,0-2,1,0.02575700917137458,0-2,1,0.02571872107414963,0-2,1,0.02568043297692435,0-2,1,0.025642144879699513,0-2,1,0.025603856782474343,0-2,1,0.02556556868524895,0-2,1,0.025527280588024337,0-2,1,0.025488992490799056,0-2,1,0.02545070439357422,0-2,1,0.02541241629634916
Gold Cup,2015,2015-07-14,Canada,Costa Rica,0,0,0.20134547896252272,0.3073429290857767,0.49131159195170054,0.24405325084731117,0.3059823741419627,0.44996437501119146,0.042707771884555754,away,away,False,0-1,0,0.1345417716071443,0-1,0,0.12322176066363333,0-1,0,0.12378790291321151,0-1,0,0.1243540451627897,0-1,0,0.12492018741236754,0-1,0,0.12548632966194584,0-1,0,0.1260524719115239,0-1,0,0.12661861416110232,0-1,0,0.1271847564106805,0-1,0,0.1277508986602588,0-1,0,0.1283170409098371,0-1,0,0.1288831831594156,0-1,0,0.12944932540899368,0-1,0,0.1300154676585722,0-1,0,0.1305816099081506,0-1,0,0.131147752157729,0-1,0,0.13171389440730752,0-1,0,0.1322800366568858,0-1,0,0.13284617890646444,0-1,0,0.13341232115604296,0-1,0,0.13397846340562147,0-1,0,0.1345446056552002
Gold Cup,2015,2015-07-14,Jamaica,El Salvador,1,0,0.4270407682685122,0.3048736244111925,0.2680856073202953,0.43857538890016745,0.31087137981013274,0.25055323128919516,0.017532376030847813,home,home,False,1-0,3,0.11571440359567986,1-0,3,0.11884175039253275,1-0,3,0.11868547229979232,1-0,3,0.11852919420705166,1-0,3,0.11837291611431122,1-0,3,0.11821663802157056,1-0,3,0.1180603599288299,1-0,3,0.11790408183608936,1-0,3,0.11774780374334859,1-0,3,0.11759152565060815,1-0,3,0.1174352475578675,1-0,3,0.11727896946512673,1-0,3,0.1171226913723864,1-0,3,0.11696641327964596,1-0,3,0.1168101351869053,1-0,3,0.11665385709416476,1-0,3,0.11649757900142432,1-0,3,0.11634130090868389,1-0,3,0.11618502281594323,1-0,3,0.11602874472320268,1-0,3,0.11587246663046236,1-0,3,0.11571618853772192
Gold Cup,2015,2015-07-13,Panama,United States,1,1,0.2550869871015165,0.269119048107617,0.4757939647908666,0.20943086400187166,0.2805974070227524,0.509971728974866,0.045656123099389795,away,away,False,0-1,0,0.04569664307363874,0-1,0,0.04898218083790884,0-1,0,0.048818044148481565,0-1,0,0.04865390745905429,0-1,0,0.04848977076962724,0-1,0,0.04832563408019985,0-1,0,0.04816149739077247,0-1,0,0.047997360701345304,0-1,0,0.04783322401191825,0-1,0,0.04766908732249098,0-1,0,0.047504950633063814,0-1,0,0.04734081394363643,0-1,0,0.047176677254209154,0-1,0,0.0470125405647821,0-1,0,0.04684840387535483,0-1,0,0.046684267185927775,0-1,0,0.04652013049650061,0-1,0,0.04635599380707345,0-1,0,0.046191857117646395,0-1,0,0.04602772042821901,0-1,0,0.04586358373879218,0-1,0,0.04569944704936513
Gold Cup,2015,2015-07-13,Haiti,Honduras,0,1,0.15222346413348484,0.2435435040837787,0.6042330317827365,0.1977912318636529,0.2636424000560283,0.5385663680808125,0.06566666370217082,away,away,False,0-1,3,0.02590779893821804,0-1,3,0.02309618101606259,0-1,3,0.023236985310711722,0-1,3,0.023377789605360633,0-1,3,0.023518593900009765,0-1,3,0.023659398194658787,0-1,3,0.02380020248930792,0-1,3,0.023941006783957164,0-1,3,0.024081811078606297,0-1,3,0.024222615373255207,0-1,3,0.024363419667904673,0-1,3,0.024504223962553473,0-1,3,0.024645028257202828,0-1,3,0.02478583255185207,0-1,3,0.024926636846501204,0-1,3,0.025067441141150226,0-1,3,0.02520824543579936,0-1,3,0.025349049730448603,0-1,3,0.025489854025097958,0-1,3,0.02563065831974698,0-1,3,0.025771462614396445,0-1,3,0.025912266909045578
Gold Cup,2015,2015-07-12,Guatemala,Mexico,0,0,0.09998994720937844,0.18274805702167543,0.7172619957689461,0.032376492787907406,0.08753487563009743,0.880088631582322,0.16282663581321244,away,away,False,0-2,0,0.0666585044250827,0-2,0,0.08186996826749904,0-2,0,0.08111262343717462,0-2,0,0.08035527860685021,0-2,0,0.0795979337765258,0-2,0,0.0788405889462016,0-2,0,0.07808324411587719,0-2,0,0.07732589928555278,0-2,0,0.07656855445522814,0-2,0,0.07581120962490373,0-2,0,0.0750538647945791,0-2,0,0.07429651996425468,0-2,0,0.07353917513393005,0-2,0,0.07278183030360563,0-2,0,0.072024485473281,0-2,0,0.07126714064295658,0-2,0,0.07050979581263173,0-2,0,0.06975245098230687,0-2,0,0.06899510615198245,0-2,0,0.0682377613216576,0-2,0,0.06748041649133296,0-2,0,0.0667230716610081
Gold Cup,2015,2015-07-12,Trinidad and Tobago,Cuba,2,0,0.5663554644871162,0.23402385672483872,0.19962067878804512,0.727158856372263,0.18374223127597966,0.08909891235218372,0.16080339188493364,home,home,False,2-0,3,0.017308874103646454,2-0,3,0.02222895627786281,2-0,3,0.021983171499460274,2-0,3,0.02173738672105796,2-0,3,0.021491601942655203,2-0,3,0.021245817164252,2-0,3,0.021000032385849465,2-0,3,0.020754247607446485,2-0,3,0.02050846282904395,2-0,3,0.020262678050641192,2-0,3,0.020016893272238656,2-0,3,0.0197711084938359,2-0,3,0.019525323715432807,2-0,3,0.01927953893703005,2-0,3,0.01903375415862718,2-0,3,0.018787969380224423,2-0,3,0.018542184601821443,2-0,3,0.018296399823418685,2-0,3,0.018050615045015928,2-0,3,0.01780483026661317,2-0,3,0.01755904548821008,2-0,3,0.0173132607098071
Gold Cup,2015,2015-07-11,Costa Rica,El Salvador,1,1,0.6261409627860864,0.2184769350663922,0.15538210214752124,0.6065278517337331,0.25309678463158924,0.14037536363418784,0.03461984956544187,home,home,False,2-0,0,0.031174063561357546,2-0,0,0.030209748901221967,2-0,0,0.030258593085240926,2-0,0,0.030307437269260107,2-0,0,0.030356281453279177,2-0,0,0.030405125637297914,2-0,0,0.030453969821316762,2-0,0,0.030502814005335943,2-0,0,0.03055165818935468,2-0,0,0.03060050237337375,2-0,0,0.03064934655739271,2-0,0,0.03069819074141167,2-0,0,0.03074703492543074,2-0,0,0.030795879109449698,2-0,0,0.030844723293468657,2-0,0,0.030893567477487616,2-0,0,0.030942411661506353,2-0,0,0.0309912558455252,2-0,0,0.031040100029544382,2-0,0,0.03108894421356334,2-0,0,0.03113778839758219,2-0,0,0.03118663258160126
Gold Cup,2015,2015-07-11,Jamaica,Canada,1,0,0.3226779120265111,0.3819510962656346,0.29537099170785436,0.39524557879524386,0.3168529155670902,0.287901505637191,0.07256766676897025,draw,home,True,0-0,0,0.20062914387567699,1-0,3,0.1122640431840779,1-0,3,0.0966193742149386,1-0,3,0.0809747052458002,1-0,3,0.06533003627666245,1-0,3,0.049685367307525374,1-0,3,0.034040698338389075,1-0,3,0.01839602936925322,1-0,3,0.0027513604001185854,0-0,0,0.012893308569015716,0-0,0,0.02853797753814913,0-0,0,0.044182646507281764,0-0,0,0.0598273154764134,0-0,0,0.07547198444554493,0-0,0,0.09111665341467479,0-0,0,0.10676132238380487,0-0,0,0.12240599135293384,0-0,0,0.13805066032206192,0-0,0,0.15369532929118945,0-0,0,0.16933999826031587,0-0,0,0.18498466722944173,0-0,0,0.20062933619856704
Gold Cup,2015,2015-07-10,United States,Haiti,1,0,0.7158489498902852,0.1866035448190782,0.09754750529063667,0.8622666892256297,0.10116053933874727,0.03657277143512817,0.14641773933559193,home,home,False,2-0,1,0.056201467080470247,2-0,1,0.06775306230675127,2-0,1,0.06717781973157222,2-0,1,0.06660257715639273,2-0,1,0.06602733458121368,2-0,1,0.06545209200603441,2-0,1,0.06487684943085514,2-0,1,0.0643016068556761,2-0,1,0.06372636428049683,2-0,1,0.06315112170531778,2-0,1,0.06257587913013851,2-0,1,0.06200063655495969,2-0,1,0.06142539397978064,2-0,1,0.06085015140460115,2-0,1,0.060274908829422325,2-0,1,0.05969966625424372,2-0,1,0.059124423679064675,2-0,1,0.05854918110388585,2-0,1,0.05797393852870658,2-0,1,0.05739869595352798,2-0,1,0.056823453378349376,2-0,1,0.05624821080317055
Gold Cup,2015,2015-07-10,Honduras,Panama,1,1,0.3661123547336076,0.2918190857041556,0.34206855956223675,0.3909392850554944,0.3110114794796948,0.2980492354652946,0.04401932409718409,home,home,False,1-0,0,0.03679002476259563,1-0,0,0.09743722169997504,1-0,0,0.09712783003656855,1-0,0,0.09681843837316195,1-0,0,0.09650904670975557,1-0,0,0.09619965504634909,1-0,0,0.09589026338294249,1-0,0,0.09558087171953578,1-0,0,0.0952714800561294,1-0,0,0.09496208839272291,1-0,0,0.09465269672931631,1-0,0,0.0943433050659096,1-0,0,0.09364667457148301,1-0,0,0.08732934460480146,1-0,0,0.08101201463811925,1-0,0,0.07469468467143747,1-0,0,0.06837735470475459,1-0,0,0.06206002473807248,1-0,0,0.055742694771390267,1-0,0,0.04942536480470616,1-0,0,0.043108034838022946,1-0,0,0.03679070487133884
Gold Cup,2015,2015-07-09,Mexico,Cuba,6,0,0.915454882789125,0.06077483282186053,0.023770284389014407,0.9338061752665942,0.049353223819825286,0.01684060091339308,0.018351292477562856,home,home,False,3-0,1,0.04211532627852588,3-0,1,0.04414074775101584,3-0,1,0.04409737473670039,3-0,1,0.044054001722384495,3-0,1,0.04401062870806838,3-0,1,0.04396725569375226,3-0,1,0.04392388267943703,3-0,1,0.04388050966512114,3-0,1,0.04383713665080524,3-0,1,0.04379376363648935,3-0,1,0.04375039062217345,3-0,1,0.04370701760785778,3-0,1,0.043663644593542106,3-0,1,0.04362027157922643,3-0,1,0.043576898564910316,3-0,1,0.04353352555059464,3-0,1,0.04349015253627919,3-0,1,0.04344677952196285,3-0,1,0.04340340650764718,3-0,1,0.04336003349333151,3-0,1,0.04331666047901539,3-0,1,0.04327328746469994
Gold Cup,2015,2015-07-09,Trinidad and Tobago,Guatemala,3,1,0.3219250535961498,0.299298128478996,0.3787768179248541,0.3644240466604032,0.3144987447274796,0.3210772086116271,0.057699609312981986,away,home,True,0-1,0,0.08896023564342304,1-0,1,0.07975873187788518,1-0,1,0.07720399385754462,1-0,1,0.07464925583720439,1-0,1,0.0702592548620039,1-0,1,0.060893326419039995,1-0,1,0.05152739797607697,1-0,1,0.04216146953311428,1-0,1,0.03279554109015226,1-0,1,0.023429612647190567,1-0,1,0.014063684204229432,1-0,1,0.004697755761268518,0-1,0,0.004668172681692284,0-1,0,0.014034101124651865,0-1,0,0.023400029567611225,0-1,0,0.032765958010569474,0-1,0,0.04213188645352872,0-1,0,0.05149781489648653,0-1,0,0.06086374333944422,0-1,0,0.07022967178240125,0-1,0,0.07959560022535817,0-1,0,0.08896152866831408
Gold Cup,2015,2015-07-08,El Salvador,Canada,0,0,0.2854056144792494,0.3000893785958405,0.41450500692491005,0.23645270858527356,0.30401147098604314,0.4595358204282084,0.04895290589373841,away,away,False,0-1,0,0.10543044756985143,0-1,0,0.11688609446220322,0-1,0,0.11631339961591503,0-1,0,0.11574070476962672,0-1,0,0.11516800992333842,0-1,0,0.11459531507705023,0-1,0,0.11402262023076215,0-1,0,0.11344992538447385,0-1,0,0.11287723053818588,0-1,0,0.11230453569189802,0-1,0,0.11173184084560983,0-1,0,0.11115914599932164,0-1,0,0.11058645115303356,0-1,0,0.11001375630674559,0-1,0,0.10944106146045773,0-1,0,0.10886836661416976,0-1,0,0.10829567176788202,0-1,0,0.10772297692159416,0-1,0,0.10715028207530652,0-1,0,0.10657758722901867,0-1,0,0.1060048923827307,0-1,0,0.10543219753644273
Gold Cup,2015,2015-07-08,Costa Rica,Jamaica,2,2,0.46684011359438565,0.3210237731155481,0.21213611329006637,0.48527513670986117,0.2967604300644382,0.2179644332252402,0.024263343050879613,home,home,False,1-0,0,0.1555353579239137,1-0,0,0.1616793662633148,1-0,0,0.16137226595784648,1-0,0,0.16106516565237827,1-0,0,0.16075806534690995,1-0,0,0.16045096504144163,1-0,0,0.1601438647359733,1-0,0,0.1598367644305051,1-0,0,0.159529664125037,1-0,0,0.15922256381956867,1-0,0,0.15891546351410057,1-0,0,0.15860836320863214,1-0,0,0.15830126290316404,1-0,0,0.15799416259769594,1-0,0,0.15768706229222773,1-0,0,0.1573799619867594,1-0,0,0.1570728616812913,1-0,0,0.15676576137582332,1-0,0,0.15645866107035522,1-0,0,0.15615156076488712,1-0,0,0.15584446045941913,1-0,0,0.15553736015395103
Gold Cup,2015,2015-07-07,United States,Honduras,2,1,0.4676467919025618,0.2652900782863916,0.2670631298110466,0.734613493284393,0.18281575542889747,0.08257075128722755,0.2669667013815722,home,home,False,1-0,1,0.03624265826918316,1-0,1,0.05693647689618131,1-0,1,0.05590190949684737,1-0,1,0.05486734209751365,1-0,1,0.05383277469817993,1-0,1,0.05279820729884577,1-0,1,0.05176363989951205,1-0,1,0.050729072500177885,1-0,1,0.049694505100843944,1-0,1,0.048659937701509226,1-0,1,0.047625370302175174,1-0,1,0.04659080290284079,1-0,1,0.04555623550350674,1-0,1,0.04452166810417202,1-0,1,0.043487100704837744,1-0,1,0.04245253330550314,1-0,1,0.04141796590616875,1-0,1,0.040383398506834034,1-0,1,0.03934883110749954,1-0,1,0.03831426370816482,1-0,1,0.03727969630882999,1-0,1,0.03624512890949516
Gold Cup,2015,2015-07-07,Panama,Haiti,1,1,0.5836676755663524,0.25618432326909485,0.16014800116455286,0.5106537568778804,0.2986581561826985,0.1906880869398902,0.07301391868870646,home,home,False,1-0,0,0.048929072214004776,1-0,0,0.04281326336380642,1-0,0,0.04311933808546886,1-0,0,0.04342541280713097,1-0,0,0.04373148752879308,1-0,0,0.04403756225045541,1-0,0,0.04434363697211785,1-0,0,0.04464971169378018,1-0,0,0.0449557864154424,1-0,0,0.04526186113710473,1-0,0,0.04556793585876728,1-0,0,0.045874010580429614,1-0,0,0.046180085302091944,1-0,0,0.046486160023754386,1-0,0,0.046792234745416605,1-0,0,0.04709830946707905,1-0,0,0.04740438418874138,1-0,0,0.04771045891040382,1-0,0,0.048016533632066594,1-0,0,0.048322608353728924,1-0,0,0.04862868307539148,1-0,0,0.04893475779705381
Gold Cup,2017,2017-07-26,United States,Jamaica,2,1,0.5937016586753071,0.26340891556671864,0.1428894257579742,0.6385564485899071,0.24682804430216257,0.11461550710747562,0.04485478991482733,home,home,False,1-0,1,0.025170033400897407,1-0,1,0.027075564928167983,1-0,1,0.02698047006385651,1-0,1,0.02688537519954437,1-0,1,0.026790280335232675,1-0,1,0.026695185470921423,1-0,1,0.026600090606609506,1-0,1,0.026504995742298254,1-0,1,0.02640990087798656,1-0,1,0.026314806013674308,1-0,1,0.02621971114936361,1-0,1,0.026124616285051583,1-0,1,0.02602952142074033,1-0,1,0.025934426556427748,1-0,1,0.025839331692116496,1-0,1,0.02574423682780491,1-0,1,0.025649141963493438,1-0,1,0.025554047099181743,1-0,1,0.02545895223487027,1-0,1,0.025363857370558796,1-0,1,0.02526876250624699,1-0,1,0.025173667641935404
Gold Cup,2017,2017-07-23,Mexico,Jamaica,0,1,0.6622716440597581,0.23086244299155684,0.10686591294868497,0.615224750084458,0.25236354069377587,0.13241170922223272,0.047046893975533466,home,home,False,2-0,0,0.01358905405689903,2-0,0,0.012627966654177203,2-0,0,0.012676250359296648,2-0,0,0.012724534064416315,2-0,0,0.01277281776953565,2-0,0,0.012821101474654983,2-0,0,0.01286938517977454,2-0,0,0.01291766888489454,2-0,0,0.012965952590013319,2-0,0,0.013014236295133541,2-0,0,0.01306252000025343,2-0,0,0.013110803705372653,2-0,0,0.013159087410492099,2-0,0,0.013207371115611766,2-0,0,0.013255654820731433,2-0,0,0.013303938525850878,2-0,0,0.013352222230969879,2-0,0,0.013400505936090212,2-0,0,0.013448789641209435,2-0,0,0.013497073346329325,2-0,0,0.013545357051448548,2-0,0,0.013593640756568437
Gold Cup,2017,2017-07-22,Costa Rica,United States,2,0,0.30967962168800356,0.3020839189155689,0.3882364593964275,0.1720847796890707,0.283224979362689,0.5446902409477631,0.1564537815515742,away,away,False,0-1,0,0.05737333969138947,0-1,0,0.08049608620515769,0-1,0,0.07934002390220685,0-1,0,0.07818396159925578,0-1,0,0.07702789929630494,0-1,0,0.0758718369933542,0-1,0,0.07471577469040336,0-1,0,0.07355971238745274,0-1,0,0.07240365008450189,0-1,0,0.07124758778155149,0-1,0,0.07009152547860098,0-1,0,0.06893546317565047,0-1,0,0.06777940087270018,0-1,0,0.06662333856974956,0-1,0,0.06546727626679938,0-1,0,0.06431121396384931,0-1,0,0.06315515166089891,0-1,0,0.061999089357948844,0-1,0,0.060843027054998666,0-1,0,0.05968696475204849,0-1,0,0.05853090244909864,0-1,0,0.0573748401461488
Gold Cup,2017,2017-07-20,Mexico,Honduras,1,0,0.5857220690626174,0.2474790251668292,0.1667989057705535,0.5783523074877137,0.270957470535313,0.15069022197650542,0.023478445368717765,home,home,False,2-0,1,0.025115503829992836,2-0,1,0.024805888764779516,2-0,1,0.02482169344675944,2-0,1,0.024837498128739255,2-0,1,0.02485330281071907,2-0,1,0.024869107492698994,2-0,1,0.02488491217467914,2-0,1,0.024900716856658844,2-0,1,0.02491652153863877,2-0,1,0.024932326220618584,2-0,1,0.024948130902598287,2-0,1,0.024963935584578212,2-0,1,0.024979740266557915,2-0,1,0.024995544948538062,2-0,1,0.025011349630517654,2-0,1,0.02502715431249769,2-0,1,0.025042958994477504,2-0,1,0.02505876367645743,2-0,1,0.02507456835843702,2-0,1,0.025090373040416947,2-0,1,0.025106177722396983,2-0,1,0.025121982404376908
Gold Cup,2017,2017-07-20,Jamaica,Canada,2,1,0.29748381377090544,0.3906634188831624,0.3118527673459321,0.2854274076526116,0.32901623343693087,0.3855563589109531,0.07370359156477319,draw,away,True,0-0,0,0.23993573067487128,0-1,0,0.06197215028287151,0-1,0,0.04687674236593442,0-1,0,0.03178133444899689,0-1,0,0.01668592653205836,0-1,0,0.001590518615118941,0-0,0,0.013504889301820922,0-0,0,0.028600297218762005,0-0,0,0.04369570513570342,0-0,0,0.05879111305264584,0-0,0,0.07388652096958848,0-0,0,0.08898192888653234,0-0,0,0.10407733680347675,0-0,0,0.11917274472042239,0-0,0,0.1342681526373679,0-0,0,0.149363560554315,0-0,0,0.16445896847126285,0-0,0,0.1795543763882108,0-0,0,0.19464978430516022,0-0,0,0.20974519222210974,0-0,0,0.22484060013906038,0-0,0,0.23993600805601145
Gold Cup,2017,2017-07-19,United States,El Salvador,2,0,0.6844859735549308,0.19891054193897129,0.11660348450609798,0.7203807248553263,0.18345092143070904,0.09616835371442495,0.03589475130016541,home,home,False,2-0,3,0.04589766881545265,2-0,3,0.04835498988418352,2-0,3,0.048234519535926834,2-0,3,0.04811404918767037,2-0,3,0.04799357883941391,2-0,3,0.04787310849115767,2-0,3,0.047752638142901205,2-0,3,0.047632167794644964,2-0,3,0.04751169744638872,2-0,3,0.047391227098131816,2-0,3,0.047270756749875575,2-0,3,0.04715028640161978,2-0,3,0.04702981605336287,2-0,3,0.04690934570510663,2-0,3,0.04678887535685017,2-0,3,0.04666840500859393,2-0,3,0.04654793466033702,2-0,3,0.04642746431208078,2-0,3,0.04630699396382454,2-0,3,0.046186523615568076,2-0,3,0.04606605326731095,2-0,3,0.04594558291905493
Gold Cup,2017,2017-07-19,Costa Rica,Panama,1,0,0.4118673876742052,0.31361541895115314,0.27451719337464175,0.3396164928853277,0.3274454597102463,0.3329380474049026,0.07225089478911578,home,home,False,1-0,3,0.08071376523466056,0-0,0,0.006606189956905539,0-0,0,0.010816561994834717,0-0,0,0.015026934032765005,0-0,0,0.008859051110229665,0-0,0,0.0010344201724734603,1-0,3,0.006790210765283189,1-0,3,0.014614841703039949,1-0,3,0.022439472640797486,1-0,3,0.03026410357855469,1-0,3,0.038088734516313005,1-0,3,0.04591336545407143,1-0,3,0.05373799639183041,1-0,3,0.06156262732958928,1-0,3,0.06938725826734948,1-0,3,0.07646754106728026,1-0,3,0.07717550619420621,1-0,3,0.07788347132113249,1-0,3,0.07859143644805822,1-0,3,0.07929940157498439,1-0,3,0.08000736670191044,1-0,3,0.08071533182883672
Gold Cup,2017,2017-07-16,Curaçao,Mexico,0,2,0.01895543013215694,0.07243198515205129,0.9086125847157918,0.030980275163820903,0.08675704061636352,0.8822626842193709,0.026349900496198512,away,away,False,0-3,1,0.025402321038054287,0-3,1,0.02504874455682593,0-3,1,0.025086150192269674,0-3,1,0.02512355582771275,0-3,1,0.02516096146315605,0-3,1,0.02519836709859935,0-3,1,0.025235772734043094,0-3,1,0.02527317836948595,0-3,1,0.02531058400492925,0-3,1,0.025347989640372104,0-3,1,0.02538539527581607,0-3,1,0.025422800911259147,0-3,1,0.025460206546702224,0-3,1,0.0254976121821453,0-3,1,0.0255350178175886,0-3,1,0.025572423453032123,0-3,1,0.025609829088475644,0-3,1,0.02564723472391872,0-3,1,0.02568464035936202,0-3,1,0.02572204599480532,0-3,1,0.02575945163024862,0-3,1,0.025796857265691697
Gold Cup,2017,2017-07-16,Jamaica,El Salvador,1,1,0.37480706255596197,0.31721956956479297,0.307973367879245,0.3790281507787083,0.32856152250578485,0.2924103267159772,0.015563041163502989,home,home,False,1-0,0,0.0624524552712421,1-0,0,0.047985186899272,1-0,0,0.04870859605174649,1-0,0,0.04943200520422175,1-0,0,0.05015541435669624,1-0,0,0.05087882350917072,1-0,0,0.051602232661645986,1-0,0,0.052325641814120916,1-0,0,0.05304905096659562,1-0,0,0.053772460119070886,1-0,0,0.054495869271545705,1-0,0,0.05521927842402108,1-0,0,0.05594268757649601,1-0,0,0.05666609672897116,1-0,0,0.05738950588144642,1-0,0,0.058112915033921686,1-0,0,0.05883632418639673,1-0,0,0.05955973333887188,1-0,0,0.06028314249134736,1-0,0,0.061006551643822626,1-0,0,0.061729960796298,1-0,0,0.06245336994877371
Gold Cup,2017,2017-07-15,Nicaragua,United States,3,0,0.03690702271309694,0.10526215187478012,0.857830825412123,0.03352926137700495,0.10227326311607597,0.8641974755064696,0.006366650094571404,away,away,False,0-2,0,0.01432061964617759,0-2,0,0.014540598165632801,0-2,0,0.014535242046035401,0-2,0,0.014529885926438002,0-2,0,0.014524529806840825,0-2,0,0.014519173687243647,0-2,0,0.014513817567646692,0-2,0,0.014508461448049514,0-2,0,0.014503105328451671,0-2,0,0.014497749208854716,0-2,0,0.014492393089257538,0-2,0,0.014487036969660139,0-2,0,0.014481680850063405,0-2,0,0.014476324730465784,0-2,0,0.014470968610868606,0-2,0,0.014465612491271429,0-2,0,0.014460256371674474,0-2,0,0.014454900252077296,0-2,0,0.014449544132479675,0-2,0,0.014444188012882497,0-2,0,0.014438831893285542,0-2,0,0.014433475773688142
Gold Cup,2017,2017-07-15,Panama,Martinique,3,0,0.653401329634108,0.25279288258549426,0.09380578778039776,0.5117024552741912,0.3392541799725149,0.14904336475280658,0.14169887435967313,home,home,False,1-0,1,0.05032621908793855,1-0,1,0.03941884431448206,1-0,1,0.0399646308170043,1-0,1,0.040510417319526315,1-0,1,0.04105620382204833,1-0,1,0.04160199032457046,1-0,1,0.04214777682709214,1-0,1,0.04269356332961416,1-0,1,0.043239349832135954,1-0,1,0.04378513633465797,1-0,1,0.044330922837179765,1-0,1,0.04487670933970156,1-0,1,0.0454224958422238,1-0,1,0.04596828234474515,1-0,1,0.04651406884726761,1-0,1,0.047059855349788515,1-0,1,0.04760564185231031,1-0,1,0.04815142835483188,1-0,1,0.048697214857353455,1-0,1,0.04924300135987525,1-0,1,0.0497887878623966,1-0,1,0.050334574364918616
Gold Cup,2017,2017-07-14,Canada,Honduras,0,0,0.24365850133215308,0.3444075193004943,0.41193397936735276,0.25408068492487124,0.38847647219909603,0.35744284287649947,0.0544911364910866,away,draw,True,0-1,0,0.05204779405772764,0-0,3,0.1480892008820751,0-0,3,0.1380823309791085,0-0,3,0.1280754610761411,0-0,3,0.11806859117317325,0-0,3,0.10806172127020519,0-0,3,0.09805485136723668,0-0,3,0.08804798146426729,0-0,3,0.078041111561298,0-0,3,0.06803424165832772,0-0,3,0.05802737175535688,0-0,3,0.04802050185238571,0-0,3,0.03801363194941465,0-0,3,0.02800676204644259,0-0,3,0.01799989214347031,0-0,3,0.00799302224049725,0-1,0,0.0020138476624764756,0-1,0,0.012020717565449979,0-1,0,0.022027587468424703,0-1,0,0.03203445737139898,0-1,0,0.04204132727437471,0-1,0,0.05204819717735032
Gold Cup,2017,2017-07-14,Costa Rica,French Guiana,3,0,0.8679488582150029,0.09638397172908392,0.03566717005591311,0.8098240011672707,0.13405852676176594,0.056117472070573896,0.05812485704753749,home,home,False,3-0,3,0.01016165822225168,3-0,3,0.009586317355038343,3-0,3,0.009620720097181845,3-0,3,0.009655122839325125,3-0,3,0.009689525581468406,3-0,3,0.009723928323611908,3-0,3,0.009758331065754966,3-0,3,0.009792733807898024,3-0,3,0.009827136550041748,3-0,3,0.009861539292185029,3-0,3,0.009895942034328753,3-0,3,0.009930344776471811,3-0,3,0.009964747518615091,3-0,3,0.009999150260758594,3-0,3,0.010033553002901652,3-0,3,0.010067955745044932,3-0,3,0.010102358487188212,3-0,3,0.010136761229331714,3-0,3,0.010171163971474995,3-0,3,0.010205566713618053,3-0,3,0.010239969455761333,3-0,3,0.010274372197904835
Gold Cup,2017,2017-07-11,Costa Rica,Canada,1,1,0.5031064287575286,0.32606051661344665,0.1708330546290246,0.5618409785009957,0.26924004286188696,0.1689189786376277,0.05873454974321181,home,home,False,1-0,0,0.13557907700572058,1-0,0,0.15141026700977367,1-0,0,0.1506188496693155,1-0,0,0.14982743232885753,1-0,0,0.14903601498839936,1-0,0,0.1482445976479405,1-0,0,0.1474531803074819,1-0,0,0.1466617629670237,1-0,0,0.14587034562656542,1-0,0,0.1450789282861069,1-0,0,0.14428751094564818,1-0,0,0.14349609360518967,1-0,0,0.14270467626473105,1-0,0,0.1419132589242723,1-0,0,0.1411218415838137,1-0,0,0.14033042424335496,1-0,0,0.139539006902896,1-0,0,0.1387475895624375,1-0,0,0.13795617222197842,1-0,0,0.13716475488151947,1-0,0,0.13637333754106074,1-0,0,0.13558192020060167
Gold Cup,2017,2017-07-09,Mexico,El Salvador,3,1,0.7533316029195414,0.16467125970565702,0.08199713737480163,0.7686511991900844,0.15405365153190015,0.0772951492775204,0.015319596270790561,home,home,False,2-0,1,0.060718124444177235,2-0,1,0.06209548627320527,2-0,1,0.06203360659481838,2-0,1,0.06197172691643149,2-0,1,0.06190984723804438,2-0,1,0.06184796755965749,2-0,1,0.06178608788127038,2-0,1,0.06172420820288371,2-0,1,0.06166232852449682,2-0,1,0.06160044884610971,2-0,1,0.06153856916772282,2-0,1,0.061476689489335934,2-0,1,0.061414809810949045,2-0,1,0.061352930132562156,2-0,1,0.06129105045417527,2-0,1,0.0612291707757886,2-0,1,0.06116729109740171,2-0,1,0.06110541141901482,2-0,1,0.06104353174062771,2-0,1,0.06098165206224104,2-0,1,0.060919772383854154,2-0,1,0.06085789270546749
Gold Cup,2017,2017-07-08,United States,Panama,1,1,0.4670108025401675,0.28826789280637394,0.24472130465345845,0.5624696318723771,0.26234870396070586,0.17518166416736988,0.0954588293319831,home,home,False,1-0,0,0.033493115361354686,1-0,0,0.04034153665241458,1-0,0,0.03999921098325154,1-0,0,0.03965688531408851,1-0,0,0.039314559644925584,1-0,0,0.03897223397576244,1-0,0,0.0386299083065994,1-0,0,0.038287582637436035,1-0,0,0.03794525696827322,1-0,0,0.03760293129911019,1-0,0,0.03726060562994682,1-0,0,0.03691827996078356,1-0,0,0.036575954291620416,1-0,0,0.03623362862245738,1-0,0,0.035891302953294124,1-0,0,0.03554897728413098,1-0,0,0.03520665161496772,1-0,0,0.034864325945804575,1-0,0,0.03452200027664121,1-0,0,0.03417967460747806,1-0,0,0.03383734893831458,1-0,0,0.033495023269151325
Gold Cup,2017,2017-07-07,Honduras,Costa Rica,0,1,0.24827378659300303,0.2996498842440223,0.45207632916297474,0.27923519694088234,0.3202927903526097,0.400472012706988,0.051604316456226734,away,away,False,0-1,3,0.05631548162188171,0-1,3,0.049888933426471826,0-1,3,0.05021036466592366,0-1,3,0.050531795905375154,0-1,3,0.05085322714482654,0-1,3,0.05117465838427815,0-1,3,0.05149608962372987,0-1,3,0.05181752086318148,0-1,3,0.052138952102632974,0-1,3,0.05246038334208458,0-1,3,0.05278181458153619,0-1,3,0.05310324582098802,0-1,3,0.05342467706043941,0-1,3,0.05374610829989124,0-1,3,0.05406753953934307,0-1,3,0.054388970778794565,0-1,3,0.054710402018246285,0-1,3,0.055031833257698226,0-1,3,0.055353264497150056,0-1,3,0.055674695736601665,0-1,3,0.055996126976053495,0-1,3,0.056317558215505104
Gold Cup,2017,2017-07-07,French Guiana,Canada,2,4,0.12451093113233525,0.23833061220607046,0.6371584566615942,0.14818742028793785,0.24361085106348013,0.6082017286490874,0.028956728012759544,away,away,False,0-2,1,0.014610567947610953,0-2,1,0.013950701365770368,0-2,1,0.01398391128988008,0-2,1,0.01401712121398968,0-2,1,0.014050331138099614,0-2,1,0.014083541062209104,0-2,1,0.014116750986318816,0-2,1,0.014149960910428305,0-2,1,0.01418317083453835,0-2,1,0.01421638075864795,0-2,1,0.014249590682757773,0-2,1,0.014282800606867596,0-2,1,0.014316010530977197,0-2,1,0.014349220455087242,0-2,1,0.014382430379196176,0-2,1,0.014415640303306665,0-2,1,0.014448850227416488,0-2,1,0.014482060151525977,0-2,1,0.014515270075635356,0-2,1,0.014548479999745512,0-2,1,0.014581689923855334,0-2,1,0.014614899847964713
Gold Cup,2017,2017-07-13,Mexico,Jamaica,0,0,0.6622716440597581,0.23086244299155684,0.10686591294868497,0.6844862580585093,0.2027179572880711,0.11279578465388794,0.02814448570371992,home,home,False,2-0,0,0.01358905405689903,2-0,0,0.014049612992355742,2-0,0,0.01402681438056641,2-0,0,0.014004015768776856,2-0,0,0.013981217156987746,2-0,0,0.013958418545198192,2-0,0,0.01393561993340886,2-0,0,0.013912821321619306,2-0,0,0.013890022709830196,2-0,0,0.013867224098040865,2-0,0,0.01384442548625131,2-0,0,0.0138216268744622,2-0,0,0.013798828262672647,2-0,0,0.013776029650883315,2-0,0,0.013753231039093983,2-0,0,0.01373043242730465,2-0,0,0.013707633815515319,2-0,0,0.013684835203725765,2-0,0,0.013662036591936433,2-0,0,0.013639237980146879,2-0,0,0.013616439368357547,2-0,0,0.013593640756568437
Gold Cup,2017,2017-07-13,El Salvador,Curaçao,2,0,0.6198848581224462,0.23738005668576728,0.1427350851917865,0.43343302976163817,0.3036046636561739,0.26296230658268904,0.1864518283610586,home,home,False,2-0,3,0.03140492271356199,2-0,3,0.021966136684573367,2-0,3,0.02243860025629507,2-0,3,0.022911063828016887,2-0,3,0.023383527399738813,2-0,3,0.023855990971460406,2-0,3,0.02432845454318211,2-0,3,0.024800918114904258,2-0,3,0.025273381686625962,2-0,3,0.025745845258347777,2-0,3,0.026218308830069814,2-0,3,0.02669077240179174,2-0,3,0.027163235973513777,2-0,3,0.027635699545235703,2-0,3,0.02810816311695763,2-0,3,0.028580626688679778,2-0,3,0.029053090260401593,2-0,3,0.029525553832123852,2-0,3,0.02999801740384611,2-0,3,0.030470480975567926,2-0,3,0.030942944547290074,2-0,3,0.031415408119012334
Gold Cup,2017,2017-07-12,United States,Martinique,3,2,0.7740529754910553,0.17272509654359278,0.053221927965351926,0.804285201391032,0.13574064688219914,0.059974151727199,0.03698444966160868,home,home,False,2-0,1,0.0651163814147504,2-0,1,0.0677346106375063,2-0,1,0.06760730703634121,2-0,1,0.0674800034351759,2-0,1,0.06735269983401126,2-0,1,0.0672253962328464,2-0,1,0.06709809263168065,2-0,1,0.06697078903051579,2-0,1,0.0668434854293507,2-0,1,0.06671618182818562,2-0,1,0.06658887822702053,2-0,1,0.06646157462585522,2-0,1,0.06633427102469058,2-0,1,0.06620696742352528,2-0,1,0.06607966382235997,2-0,1,0.06595236022119488,2-0,1,0.0658250566200298,2-0,1,0.06569775301886494,2-0,1,0.0655704494176994,2-0,1,0.0654431458165341,2-0,1,0.06531584221536924,2-0,1,0.06518853861420437
Gold Cup,2017,2017-07-12,Panama,Nicaragua,2,1,0.747456002715793,0.17654416212661242,0.07599983515759447,0.7661137239713631,0.16453149426042601,0.0693547817677846,0.018657721255783175,home,home,False,2-0,2,0.08436689640328066,2-0,2,0.08659257550543731,2-0,2,0.08648713292647958,2-0,2,0.08638169034752208,2-0,2,0.08627624776856413,2-0,2,0.08617080518960618,2-0,2,0.08606536261064801,2-0,2,0.0859599200316905,2-0,2,0.08585447745273256,2-0,2,0.08574903487377483,2-0,2,0.0856435922948171,2-0,2,0.08553814971585938,2-0,2,0.08543270713690165,2-0,2,0.08532726455794348,2-0,2,0.08522182197898576,2-0,2,0.08511637940002803,2-0,2,0.08501093682107053,2-0,2,0.08490549424211236,2-0,2,0.08480005166315485,2-0,2,0.0846946090841969,2-0,2,0.08458916650523918,2-0,2,0.08448372392628167
Gold Cup,2017,2017-07-11,Honduras,French Guiana,0,0,0.7943957541523986,0.13835597884957887,0.06724826699802249,0.7625185331410753,0.15891662055333225,0.07856484630600268,0.03187722101152843,home,home,False,2-0,0,0.03336444970220476,2-0,0,0.03217784969881676,2-0,0,0.03224510973132366,2-0,0,0.032312369763830784,2-0,0,0.03237962979633835,2-0,0,0.03244688982884503,2-0,0,0.032514149861352815,2-0,0,0.032581409893859714,2-0,0,0.032648669926366614,2-0,0,0.0327159299588744,2-0,0,0.0327831899913813,2-0,0,0.032850450023888866,2-0,0,0.03291771005639621,2-0,0,0.03298497008890333,2-0,0,0.03305223012141045,2-0,0,0.03311949015391802,2-0,0,0.03318675018642492,2-0,0,0.033254010218932484,2-0,0,0.033321270251439605,2-0,0,0.03338853028394673,2-0,0,0.03345579031645407,2-0,0,0.03352305034896119
Gold Cup,2017,2017-07-09,Curaçao,Jamaica,0,2,0.12648171649545442,0.27236242337894034,0.6011558601256053,0.25822136049752353,0.3018945571079583,0.43988408239503146,0.16127177773083046,away,away,False,0-1,1,0.0582874966512027,0-1,1,0.04265528090698667,0-1,1,0.04343720201493195,0-1,1,0.044219123122877235,0-1,1,0.04500104423082274,0-1,1,0.04578296533876802,0-1,1,0.04656488644671364,0-1,1,0.04734680755465914,0-1,1,0.04812872866260465,0-1,1,0.04891064977055026,0-1,1,0.04969257087849588,0-1,1,0.050474491986441494,0-1,1,0.05125641309438722,0-1,1,0.05203833420233295,0-1,1,0.052820255310278785,0-1,1,0.05360217641822451,0-1,1,0.05438409752617046,0-1,1,0.05516601863411641,0-1,1,0.05594793974206236,0-1,1,0.05672986085000831,0-1,1,0.05751178195795437,0-1,1,0.058293703065900315
Gold Cup,2017,2017-07-08,Martinique,Nicaragua,2,0,0.3466044282390475,0.3483513096971161,0.3050442620638364,0.4511791692242292,0.31060498273669446,0.23821584803860804,0.10457474098541582,draw,home,True,0-0,0,0.058615663329356305,1-0,1,0.18194162240931278,1-0,1,0.17983309221379973,1-0,1,0.17772456201828657,1-0,1,0.17561603182277385,1-0,1,0.17057563273575593,1-0,1,0.15625115940207357,1-0,1,0.14192668606839154,1-0,1,0.1276022127347104,1-0,1,0.11327773940103025,1-0,1,0.09895326606735033,1-0,1,0.0846287927336713,1-0,1,0.07030431939999304,1-0,1,0.05597984606631523,1-0,1,0.041655372732638085,1-0,1,0.027330899398961717,1-0,1,0.013006426065285903,0-0,0,0.001318047268389022,0-0,0,0.015642520602063503,0-0,0,0.029966993935737207,0-0,0,0.044291467269410134,0-0,0,0.058615940603082395
Gold Cup,2019,2019-07-07,Mexico,United States,0,1,0.4242708832423924,0.2806197582833484,0.295109358474259,0.39577305938974955,0.30644525031112224,0.297781690299627,0.028497823852892346,home,home,False,1-0,0,0.0329734475827026,1-0,0,0.03076021869048895,1-0,0,0.030870963885635483,1-0,0,0.030981709080782016,1-0,0,0.031092454275928327,1-0,0,0.03120319947107486,1-0,0,0.031313944666221394,1-0,0,0.031424689861367816,1-0,0,0.03153543505651424,1-0,0,0.03164618025166077,1-0,0,0.031756925446807305,1-0,0,0.03186767064195373,1-0,0,0.03197841583710026,1-0,0,0.03208916103224657,1-0,0,0.032199906227393216,1-0,0,0.03231065142253975,1-0,0,0.03242139661768617,1-0,0,0.032532141812832815,1-0,0,0.03264288700797924,1-0,0,0.03275363220312588,1-0,0,0.032864377398272526,1-0,0,0.03297512259341884
Gold Cup,2019,2019-07-03,Jamaica,United States,3,1,0.18007755258518246,0.28652444857640413,0.5333979988384134,0.1479013360902965,0.25638113792628514,0.5957175259838957,0.06231952714524362,away,away,False,0-1,0,0.07046865725842966,0-1,0,0.07870650074594987,0-1,0,0.07829481637409597,0-1,0,0.0778831320022424,0-1,0,0.07747144763038827,0-1,0,0.0770597632585337,0-1,0,0.07664807888667957,0-1,0,0.076236394514826,0-1,0,0.0758247101429721,0-1,0,0.07541302577111808,0-1,0,0.07500134139926384,0-1,0,0.07458965702740994,0-1,0,0.0741779726555557,0-1,0,0.07376628828370158,0-1,0,0.07335460391184745,0-1,0,0.07294291953999332,0-1,0,0.07253123516813931,0-1,0,0.07211955079628485,0-1,0,0.07170786642443061,0-1,0,0.07129618205257637,0-1,0,0.07088449768072214,0-1,0,0.0704728133088679
Gold Cup,2019,2019-07-02,Haiti,Mexico,0,1,0.07767354288510736,0.20054334367922322,0.7217831134356695,0.08362957109386127,0.17535247203077203,0.7410179568758469,0.02519087164869127,away,away,False,0-2,1,0.02908567639703219,0-2,1,0.029878003216342597,0-2,1,0.02983922556535412,0-2,1,0.029800447914365424,0-2,1,0.029761670263376727,0-2,1,0.029722892612388252,0-2,1,0.029684114961399333,0-2,1,0.029645337310410858,0-2,1,0.029606559659422382,0-2,1,0.029567782008433685,0-2,1,0.029529004357444988,0-2,1,0.02949022670645629,0-2,1,0.029451449055467815,0-2,1,0.029412671404478896,0-2,1,0.029373893753489977,0-2,1,0.0293351161025015,0-2,1,0.029296338451513027,0-2,1,0.029257560800524107,0-2,1,0.029218783149535632,0-2,1,0.029180005498547157,0-2,1,0.02914122784755846,0-2,1,0.02910245019656954
Gold Cup,2019,2019-06-30,United States,Curaçao,1,0,0.8491802144883116,0.11841392445606724,0.032405861055621175,0.8547132758269428,0.11267698736566063,0.03260973680772846,0.00573693709057254,home,home,False,2-0,1,0.07615690479993598,2-0,1,0.07693542769309625,2-0,1,0.07691052528122566,2-0,1,0.07688562286935507,2-0,1,0.07686072045748449,2-0,1,0.0768358180456139,2-0,1,0.07681091563374354,2-0,1,0.0767860132218725,2-0,1,0.07676111081000236,2-0,1,0.076736208398132,2-0,1,0.07671130598626097,2-0,1,0.0766864035743906,2-0,1,0.07666150116252002,2-0,1,0.07663659875064921,2-0,1,0.07661169633877885,2-0,1,0.07658679392690804,2-0,1,0.07656189151503767,2-0,1,0.07653698910316709,2-0,1,0.07651208669129606,2-0,1,0.07648718427942569,2-0,1,0.07646228186755488,2-0,1,0.07643737945568452
Gold Cup,2019,2019-06-30,Jamaica,Panama,1,0,0.2851612348093181,0.3218905159742623,0.3929482492164195,0.3070202009542035,0.33281420204054046,0.3601655970047612,0.03278265221141094,away,away,False,0-1,0,0.08133028026635747,0-0,0,0.0022878273471187427,0-1,0,0.0018931222645170998,0-1,0,0.006074071876153053,0-1,0,0.01025502148778823,0-1,0,0.01443597109942385,0-1,0,0.018616920711058915,0-1,0,0.022797870322694203,0-1,0,0.02697881993432849,0-1,0,0.031159769545963,0-1,0,0.03534071915759707,0-1,0,0.039521668769231244,0-1,0,0.04370261838086531,0-1,0,0.04788356799249893,0-1,0,0.05206451760413244,0-1,0,0.0562454672157654,0-1,0,0.0604264168273988,0-1,0,0.06460736643903142,0-1,0,0.06878831605066438,0-1,0,0.07296926566229645,0-1,0,0.0771502152739284,0-1,0,0.08133116488556058
Gold Cup,2019,2019-06-29,Mexico,Costa Rica,1,1,0.44316501754009785,0.2926692447641347,0.2641657376957675,0.637926534671833,0.23624880199509604,0.1258246633335586,0.19476151713149137,home,home,False,1-0,0,0.059259396326211466,1-0,0,0.08530568771763014,1-0,0,0.0840034793709925,1-0,0,0.08270127102435554,1-0,0,0.08139906267771702,1-0,0,0.08009685433107938,1-0,0,0.07879464598444175,1-0,0,0.07749243763780356,1-0,0,0.07619022929116515,1-0,0,0.0748880209445274,1-0,0,0.07358581259788921,1-0,0,0.07228360425125091,1-0,0,0.07098139590461272,1-0,0,0.06967918755797442,1-0,0,0.06837697921133612,1-0,0,0.0670747708646976,1-0,0,0.06577256251805907,1-0,0,0.06447035417142055,1-0,0,0.06316814582478181,1-0,0,0.061865937478143174,1-0,0,0.06056372913150432,1-0,0,0.05926152078486557
Gold Cup,2019,2019-06-29,Haiti,Canada,3,2,0.23597630622402885,0.35917429894480346,0.4048493948311677,0.1676341603412033,0.2535591661729626,0.5788066734853722,0.17395727865443544,away,away,False,0-1,0,0.003178275410232967,0-1,0,0.26070114077825146,0-1,0,0.2567835234571847,0-1,0,0.2528659061361186,0-1,0,0.24894828881505282,0-1,0,0.24503067149398716,0-1,0,0.24111305417292184,0-1,0,0.23719543685185684,0-1,0,0.23327781953079219,0-1,0,0.22936020220972597,0-1,0,0.22544258488866176,0-1,0,0.22152496756759743,0-1,0,0.217607350246533,0-1,0,0.2136897329254689,0-1,0,0.2097473926732336,0-1,0,0.18023752068136967,0-1,0,0.15072764868950694,0-1,0,0.12121777669764566,0-1,0,0.09170790470578538,0-1,0,0.062198032713926654,0-1,0,0.03268816072206926,0-1,0,0.003178288730213308
Gold Cup,2019,2019-06-26,Panama,United States,1,0,0.2258519933913864,0.27097892027227505,0.5031690863363385,0.14596913982073748,0.23007300619306983,0.623957853986706,0.12078876765011082,away,away,False,0-1,0,0.020759566298709453,0-1,0,0.025745384665806115,0-1,0,0.025496188885466675,0-1,0,0.02524699310512757,0-1,0,0.024997797324788462,0-1,0,0.024748601544449467,0-1,0,0.024499405764110027,0-1,0,0.0242502099837707,0-1,0,0.024001014203431703,0-1,0,0.023751818423092375,0-1,0,0.023502622642753046,0-1,0,0.02325342686241394,0-1,0,0.0230042310820745,0-1,0,0.02275503530173517,0-1,0,0.022505839521395954,0-1,0,0.022256643741056736,0-1,0,0.02200744796071752,0-1,0,0.02175825218037797,0-1,0,0.02150905640003853,0-1,0,0.02125986061969931,0-1,0,0.02101066483935987,0-1,0,0.020761469059020432
Gold Cup,2019,2019-06-26,Trinidad and Tobago,Guyana,1,1,0.6588130642516914,0.21664609622448394,0.1245408395238246,0.5433638331490125,0.24176773367382964,0.21486843317667956,0.11544923110243979,home,home,False,2-0,0,0.0443156200345074,2-0,0,0.03656829818818608,2-0,0,0.036956783918279945,2-0,0,0.03734526964837381,2-0,0,0.03773375537846779,2-0,0,0.03812224110856155,2-0,0,0.038510726838655085,2-0,0,0.038899212568749064,2-0,0,0.03928769829884282,2-0,0,0.03967618402893647,2-0,0,0.040064669759030225,2-0,0,0.04045315548912398,2-0,0,0.04084164121921763,2-0,0,0.04123012694931116,2-0,0,0.04161861267940481,2-0,0,0.04200709840949857,2-0,0,0.0423955841395921,2-0,0,0.04278406986968575,2-0,0,0.04317255559977928,2-0,0,0.043561041329872485,2-0,0,0.043949527059966575,2-0,0,0.044338012790060444
Gold Cup,2019,2019-06-25,Honduras,El Salvador,4,0,0.42720956054995574,0.29863138127978955,0.27415905817025477,0.397960873563937,0.30133344106986837,0.30070568536669795,0.029248686986270367,home,home,False,1-0,1,0.07033223314472337,1-0,1,0.06551876331491424,1-0,1,0.06575953293916914,1-0,1,0.06600030256342404,1-0,1,0.06624107218767894,1-0,1,0.06648184181193362,1-0,1,0.06672261143618852,1-0,1,0.06696338106044353,1-0,1,0.0672041506846982,1-0,1,0.06744492030895333,1-0,1,0.06768568993320812,1-0,1,0.06792645955746313,1-0,1,0.06816722918171814,1-0,1,0.06840799880597304,1-0,1,0.06864876843022794,1-0,1,0.06888953805448284,1-0,1,0.06913030767873785,1-0,1,0.06937107730299275,1-0,1,0.06961184692724787,1-0,1,0.06985261655150288,1-0,1,0.070093386175758,1-0,1,0.07033415580001301
Gold Cup,2019,2019-06-25,Jamaica,Curaçao,1,1,0.6406066018148837,0.2638710300422937,0.09552236814282246,0.49677998163028003,0.2874480102631544,0.21577200810609978,0.14382662018437087,home,home,False,1-0,0,0.087596132189115,1-0,0,0.06793682440919502,1-0,0,0.0689202702204339,1-0,0,0.06990371603167278,1-0,0,0.07088716184291166,1-0,0,0.07187060765415054,1-0,0,0.07285405346538942,1-0,0,0.07383749927662797,1-0,0,0.07482094508786696,1-0,0,0.0758043908991054,1-0,0,0.07678783671034406,1-0,0,0.07777128252158272,1-0,0,0.07875472833282171,1-0,0,0.07973817414405926,1-0,0,0.08072161995529803,1-0,0,0.08170506576653669,1-0,0,0.08268851157777557,1-0,0,0.08367195738901279,1-0,0,0.08465540320025133,1-0,0,0.08563884901148944,1-0,0,0.08662229482272754,1-0,0,0.08760574063396587
Gold Cup,2019,2019-06-24,Haiti,Costa Rica,2,1,0.1190411559810603,0.27679920070457364,0.6041596433143661,0.1437410070664924,0.2527898697023195,0.6034691232316864,0.024699851085182967,away,away,False,0-1,0,0.09130007970807452,0-1,0,0.09120308650186792,0-1,0,0.0912083044625257,0-1,0,0.09121352242318281,0-1,0,0.09121874038384026,0-1,0,0.09122395834449715,0-1,0,0.09122917630515504,0-1,0,0.09123439426581215,0-1,0,0.09123961222646959,0-1,0,0.09124483018712681,0-1,0,0.09125004814778437,0-1,0,0.09125526610844148,0-1,0,0.09126048406909892,0-1,0,0.09126570202975681,0-1,0,0.09127091999041437,0-1,0,0.09127613795107092,0-1,0,0.0912813559117287,0-1,0,0.09128657387238681,0-1,0,0.09129179183304348,0-1,0,0.09129700979370092,0-1,0,0.09130222775435815,0-1,0,0.09130744571501515
Gold Cup,2019,2019-06-24,Bermuda,Nicaragua,2,0,0.2575096521005464,0.26358910322342505,0.47890124467602857,0.4467755228266661,0.273653165671237,0.27957131150162007,0.19932993317417008,away,home,True,0-2,0,0.00045374864131886294,1-0,1,0.04585365877136749,1-0,1,0.044882417934532404,1-0,1,0.04391117709769765,1-0,1,0.042939936260862566,1-0,1,0.04196869542402781,1-0,1,0.04099745458719306,1-0,1,0.04002621375035842,1-0,1,0.03905497291352367,1-0,1,0.038083732076689136,1-0,1,0.037112491239854495,1-0,1,0.011944030673826544,0-2,0,0.00036880310103071245,0-2,0,0.00037824721374668524,0-2,0,0.00038769132646276905,0-2,0,0.0003971354391790749,0-2,0,0.0004065795518950477,0-2,0,0.0004160236646111315,0-2,0,0.0004254677773273263,0-2,0,0.00043491189004352115,0-2,0,0.00044435600275960496,0-2,0,0.00045380011547568877
Gold Cup,2019,2019-06-23,Martinique,Mexico,2,3,0.05178790447647846,0.13691891438743103,0.8112931811360905,0.01334601435177664,0.04677969041564969,0.9398742952327812,0.12858111409658693,away,away,False,0-2,1,0.07674623370277844,0-2,1,0.08918111942051277,0-2,1,0.08857109062466084,0-2,1,0.08796106182880892,0-2,1,0.08735103303295721,0-2,1,0.08674100423710485,0-2,1,0.08613097544125314,0-2,1,0.08552094664540055,0-2,1,0.08491091784954885,0-2,1,0.0843008890536967,0-2,1,0.08369086025784434,0-2,1,0.08308083146199263,0-2,1,0.08247080266614026,0-2,1,0.08186077387028812,0-2,1,0.08125074507443575,0-2,1,0.0806407162785836,0-2,1,0.08003068748273123,0-2,1,0.07942065868687909,0-2,1,0.07881062989102672,0-2,1,0.07820060109517457,0-2,1,0.07759057229932242,0-2,1,0.07698054350347028
Gold Cup,2019,2019-06-23,Canada,Cuba,7,0,0.6911791238945988,0.19877258636419612,0.1100482897412051,0.9583062547657676,0.03429222642315745,0.007401518811000727,0.26712713087120593,home,home,False,2-0,1,0.060197390539208584,2-0,1,0.0835314291810656,2-0,1,0.0823672131017199,2-0,1,0.08120299702237443,2-0,1,0.08003878094302896,2-0,1,0.0788745648636835,2-0,1,0.07771034878433825,2-0,1,0.076546132704993,2-0,1,0.07538191662564753,2-0,1,0.07421770054630228,2-0,1,0.07305348446695681,2-0,1,0.07188926838761156,2-0,1,0.07072505230826609,2-0,1,0.06956083622892084,2-0,1,0.0683966201495756,2-0,1,0.06723240407023034,2-0,1,0.06606818799088487,2-0,1,0.06490397191153963,2-0,1,0.06373975583219416,2-0,1,0.06257553975284891,2-0,1,0.06141132367350388,2-0,1,0.06024710759415819
Gold Cup,2019,2019-06-22,United States,Trinidad and Tobago,6,0,0.6712921211295305,0.20602863055378545,0.12267924831668406,0.8106277708924693,0.13252401281160564,0.05684821629632823,0.1393356497627372,home,home,False,2-0,1,0.0515018610964999,2-0,1,0.062236274349156684,2-0,1,0.06170139681123987,2-0,1,0.06116651927332284,2-0,1,0.060631641735405584,2-0,1,0.06009676419748833,2-0,1,0.05956188665957107,2-0,1,0.059027009121653595,2-0,1,0.05849213158373656,2-0,1,0.057957254045819306,2-0,1,0.05742237650790161,2-0,1,0.056887498969984795,2-0,1,0.05635262143206754,2-0,1,0.05581774389414984,2-0,1,0.055282866356232585,2-0,1,0.05474798881831511,2-0,1,0.05421311128039741,2-0,1,0.05367823374247993,2-0,1,0.0531433562045629,2-0,1,0.052608478666645864,2-0,1,0.05207360112872772,2-0,1,0.05153872359081069
Gold Cup,2019,2019-06-22,Guyana,Panama,2,4,0.06053426773625188,0.15083920839182577,0.7886265238719223,0.011193265038692286,0.06835017579848972,0.9204565591629181,0.13183003529094572,away,away,False,0-2,1,0.0933436033247661,0-2,1,0.10918977266470797,0-2,1,0.10840785137572895,0-2,1,0.10762593008675081,0-2,1,0.10684400879777156,0-2,1,0.1060620875087932,0-2,1,0.10528016621981395,0-2,1,0.10449824493083493,0-2,1,0.1037163236418559,0-2,1,0.10293440235287687,0-2,1,0.10215248106389829,0-2,1,0.10137055977491882,0-2,1,0.1005886384859398,0-2,1,0.09980671719696144,0-2,1,0.09902479590798241,0-2,1,0.09824287461900316,0-2,1,0.09746095333002414,0-2,1,0.09667903204104555,0-2,1,0.0958971107520663,0-2,1,0.0951151894630875,0-2,1,0.0943332681741087,0-2,1,0.09355134688512945
Gold Cup,2019,2019-06-21,Honduras,Curaçao,0,1,0.6693025308954511,0.24515177840152627,0.08554569070302256,0.6778677385296076,0.20443823104674508,0.11769403042313298,0.04071354735452404,home,home,False,1-0,0,0.059399389455635276,1-0,0,0.06017002073579025,1-0,0,0.0601320067773381,1-0,0,0.0600939928188855,1-0,0,0.060055978860433346,1-0,0,0.06001796490198075,1-0,0,0.05997995094352837,1-0,0,0.05994193698507555,1-0,0,0.05990392302662362,1-0,0,0.0598659090681708,1-0,0,0.05982789510971842,1-0,0,0.05978988115126582,1-0,0,0.05975186719281367,1-0,0,0.05971385323436129,1-0,0,0.05967583927590869,1-0,0,0.05963782531745654,1-0,0,0.05959981135900394,1-0,0,0.05956179740055134,1-0,0,0.059523783442098965,1-0,0,0.05948576948364659,1-0,0,0.05944775552519421,1-0,0,0.05940974156674206
Gold Cup,2019,2019-06-21,El Salvador,Jamaica,0,0,0.29529198946895463,0.30622045373743517,0.3984875567936102,0.29295453609505234,0.35691280539710873,0.35013265850830144,0.0506923516594423,away,draw,True,0-1,0,0.08414874744643497,0-0,3,0.03099964188791693,0-0,3,0.03077949781853373,0-0,3,0.030559353749150753,0-0,3,0.030339209679767554,0-0,3,0.023055514884746442,0-0,3,0.013804281052993361,0-0,3,0.004553047221238726,0-1,0,0.004698186610515909,0-1,0,0.013949420442270655,0-1,0,0.02320065427402629,0-1,0,0.032451888105782034,0-1,0,0.041703121937538445,0-1,0,0.05095435576929497,0-1,0,0.060205589601052156,0-1,0,0.06945682343280946,0-1,0,0.07870805726456764,0-1,0,0.08210804806245875,0-1,0,0.08261861352519184,0-1,0,0.08312917898792471,0-1,0,0.08363974445065814,0-1,0,0.08415030991339123
Gold Cup,2019,2019-06-20,Costa Rica,Bermuda,2,1,0.9032145974659072,0.07486343247360557,0.0219219700604873,0.9338161734690044,0.0511517446270754,0.015032081903543564,0.030601576003285558,home,home,False,3-0,1,0.02101482374309316,3-0,1,0.02203929946728933,3-0,1,0.02200318757948594,3-0,1,0.021967075691682103,3-0,1,0.02193096380387871,3-0,1,0.021894851916074654,3-0,1,0.021858740028271262,3-0,1,0.021822628140467648,3-0,1,0.021786516252663812,3-0,1,0.02175040436486042,3-0,1,0.021714292477056585,3-0,1,0.021678180589253415,3-0,1,0.021642068701449357,3-0,1,0.021605956813645744,3-0,1,0.021569844925842352,3-0,1,0.021533733038038294,3-0,1,0.021497621150234902,3-0,1,0.02146150926243129,3-0,1,0.02142539737462723,3-0,1,0.021389285486823617,3-0,1,0.021353173599020225,3-0,1,0.02131706171121661
Gold Cup,2019,2019-06-20,Nicaragua,Haiti,0,2,0.19417299552680953,0.3035456812837953,0.5022813231893952,0.15129558306616134,0.23490765649934675,0.6137967604349597,0.11151543724533058,away,away,False,0-1,1,0.09886908677487971,0-1,1,0.12082377170681025,0-1,1,0.11972620027926184,0-1,1,0.11862862885171266,0-1,1,0.11753105742416414,0-1,1,0.1164334859966144,0-1,1,0.11533591456906556,0-1,1,0.11423834314151737,0-1,1,0.11314077171396841,0-1,1,0.11204320028641812,0-1,1,0.11094562885886894,0-1,1,0.1098480574313202,0-1,1,0.10875048600377035,0-1,1,0.10765291457622139,0-1,1,0.10655534314867177,0-1,1,0.10545777172112225,0-1,1,0.10436020029357262,0-1,1,0.10326262886602311,0-1,1,0.10216505743847337,0-1,1,0.10106748601092364,0-1,1,0.09996991458337412,0-1,1,0.09887234315582405
Gold Cup,2019,2019-06-19,Mexico,Canada,3,1,0.6465972287039028,0.23106085975459975,0.12234191154149754,0.702251027194556,0.19342810010240102,0.10432087270261042,0.05565379849086953,home,home,False,2-0,1,0.011035121186380392,2-0,1,0.011988683208085105,2-0,1,0.011941177705522943,2-0,1,0.011893672202960559,2-0,1,0.011846166700398397,2-0,1,0.011798661197836013,2-0,1,0.011751155695273852,2-0,1,0.011703650192711468,2-0,1,0.011656144690149528,2-0,1,0.011608639187587144,2-0,1,0.011561133685024982,2-0,1,0.011513628182462377,2-0,1,0.011466122679900437,2-0,1,0.011418617177338275,2-0,1,0.011371111674775891,2-0,1,0.011323606172213951,2-0,1,0.011276100669651568,2-0,1,0.011228595167089184,2-0,1,0.011181089664527022,2-0,1,0.01113358416196486,2-0,1,0.011086078659402698,2-0,1,0.011038573156840092
Gold Cup,2019,2019-06-19,Cuba,Martinique,0,3,0.2223281455295621,0.25733067660886844,0.5203411778615694,0.1057575664741356,0.17311540298590064,0.7211270305404499,0.20078585267863738,away,away,False,0-2,1,0.007289631913869221,0-2,1,0.010104057362363639,0-2,1,0.009963392008889516,0-2,1,0.00982272665541517,0-2,1,0.009682061301941047,0-2,1,0.009541395948466702,0-2,1,0.009400730594992579,0-2,1,0.009260065241518234,0-2,1,0.009119399888044333,0-2,1,0.00897873453457021,0-2,1,0.008838069181095864,0-2,1,0.00869740382762152,0-2,1,0.008556738474147396,0-2,1,0.00841607312067294,0-2,1,0.008275407767198817,0-2,1,0.008134742413724472,0-2,1,0.007994077060250238,0-2,1,0.007853411706776114,0-2,1,0.007712746353301769,0-2,1,0.007572080999827535,0-2,1,0.007431415646353079,0-2,1,0.007290750292878734
Gold Cup,2019,2019-06-18,United States,Guyana,4,0,0.88915653071281,0.08532397884791405,0.025519490439275965,0.9638211493489304,0.03087237558382262,0.005306475066797548,0.07466461863634512,home,home,False,2-0,1,3.112739504440576e-05,2-0,1,3.409581720137389e-05,2-0,1,3.396375166220267e-05,2-0,1,3.383168612325349e-05,2-0,1,3.36996205847484e-05,2-0,1,3.3567555045799224e-05,2-0,1,3.343548950707209e-05,2-0,1,3.330342396790087e-05,2-0,1,3.3171358429617825e-05,2-0,1,3.303929289066865e-05,2-0,1,3.2907227351497426e-05,2-0,1,3.277516181277029e-05,2-0,1,3.2643096274265204e-05,2-0,1,3.251103073509398e-05,2-0,1,3.237896519636685e-05,2-0,1,3.224689965741767e-05,2-0,1,3.211483411869054e-05,2-0,1,3.1982768579963405e-05,2-0,1,3.185070304123627e-05,2-0,1,3.1718637502731184e-05,2-0,1,3.158657196355996e-05,2-0,1,3.145450642483283e-05
Gold Cup,2019,2019-06-18,Panama,Trinidad and Tobago,2,0,0.5172232962614226,0.26247641023550833,0.220300293503069,0.5394074817723702,0.2846282647053953,0.17596425352171688,0.04433603998109335,home,home,False,1-0,1,0.004121068168055908,1-0,1,0.004298369212826114,1-0,1,0.004289530271651132,1-0,1,0.004280691330476261,1-0,1,0.004271852389301611,1-0,1,0.004263013448126629,1-0,1,0.004254174506951869,1-0,1,0.0042453355657769976,1-0,1,0.004236496624602126,1-0,1,0.004227657683427255,1-0,1,0.004218818742252495,1-0,1,0.0042099798010777345,1-0,1,0.004201140859902863,1-0,1,0.004192301918727992,1-0,1,0.004183462977553232,1-0,1,0.0041746240363784715,1-0,1,0.004165785095203489,1-0,1,0.004156946154028729,1-0,1,0.004148107212853747,1-0,1,0.004139268271679097,1-0,1,0.004130429330504226,1-0,1,0.004121590389329355
Gold Cup,2019,2019-06-17,Jamaica,Honduras,3,2,0.3002309033032198,0.35749080973268155,0.3422782869640986,0.44914250877849643,0.3027096513921638,0.24814783982884517,0.1489116054755239,draw,home,True,0-0,0,0.0913258829631658,1-0,1,0.2475258839971759,1-0,1,0.24342256755948177,1-0,1,0.22307387531824463,1-0,1,0.20151022208157154,1-0,1,0.17994656884489968,1-0,1,0.15838291560822892,1-0,1,0.13681926237155884,1-0,1,0.1152556091348903,1-0,1,0.09369195589822277,1-0,1,0.07212830266155645,1-0,1,0.050564649424890695,1-0,1,0.02900099618822638,1-0,1,0.007437342951563286,0-0,0,0.014126310285099253,0-0,0,0.03568996352176057,0-0,0,0.05725361675842067,0-0,0,0.07881726999507932,0-0,0,0.10038092323173742,0-0,0,0.09843949443590239,0-0,0,0.09488281942450016,0-0,0,0.09132614441309828
Gold Cup,2019,2019-06-17,Curaçao,El Salvador,0,1,0.11504522299843341,0.23080464194992112,0.6541501350516454,0.32785037633010544,0.30291174003181204,0.36923788363758286,0.28491225141381277,away,away,False,0-2,1,0.004877054424895277,1-0,0,0.08385588913254194,1-0,0,0.0490077111268451,1-0,0,0.003981808307918611,0-2,1,0.00307243473622576,0-2,1,0.003178675999664371,0-2,1,0.003284917263103204,0-2,1,0.0033911585265418154,0-2,1,0.0034973997899805376,0-2,1,0.0036036410534192598,0-2,1,0.003709882316857982,0-2,1,0.003816123580296704,0-2,1,0.003922364843735204,0-2,1,0.0040286061071739265,0-2,1,0.004134847370612538,0-2,1,0.004241088634051482,0-2,1,0.004347329897489871,0-2,1,0.004453571160928815,0-2,1,0.0045598124243674265,0-2,1,0.004666053687806482,0-2,1,0.004772294951244538,0-2,1,0.00487853621468326
Gold Cup,2019,2019-06-16,Costa Rica,Nicaragua,4,0,0.8275317559385922,0.12715229914139825,0.04531594492000964,0.8444053115005352,0.11869996605508361,0.03689472244387129,0.016873555562198012,home,home,False,2-0,1,0.06602549093317878,2-0,1,0.06762412905117698,2-0,1,0.06755656318657621,2-0,1,0.06748899732197522,2-0,1,0.06742143145737445,2-0,1,0.06735386559277345,2-0,1,0.06728629972817268,2-0,1,0.06721873386357191,2-0,1,0.06715116799897092,2-0,1,0.06708360213437015,2-0,1,0.06701603626976937,2-0,1,0.06694847040516816,2-0,1,0.06688090454056761,2-0,1,0.06681333867596662,2-0,1,0.06674577281136584,2-0,1,0.06667820694676507,2-0,1,0.06661064108216408,2-0,1,0.06654307521756353,2-0,1,0.06647550935296231,2-0,1,0.06640794348836176,2-0,1,0.066340377623761,2-0,1,0.06627281175916
Gold Cup,2019,2019-06-16,Haiti,Bermuda,2,1,0.6166853009573862,0.2528398161796137,0.13047488286300005,0.8042555384008819,0.14768195268510925,0.04806250891435002,0.18757023744332513,home,home,False,1-0,1,0.03010229729142322,1-0,1,0.03926464702440202,1-0,1,0.038806777677295345,1-0,1,0.03834890833018845,1-0,1,0.03789103898308199,1-0,1,0.037433169635975094,1-0,1,0.03697530028886842,1-0,1,0.03651743094176174,1-0,1,0.03605956159465462,1-0,1,0.03560169224754817,1-0,1,0.03514382290044127,1-0,1,0.034685953553333926,1-0,1,0.03422808420622747,1-0,1,0.03377021485912057,1-0,1,0.03331234551201345,1-0,1,0.032854476164906554,1-0,1,0.032396606817799434,1-0,1,0.03193873747069276,1-0,1,0.031480868123585415,1-0,1,0.03102299877647896,1-0,1,0.030565129429371618,1-0,1,0.030107260082265164
Gold Cup,2019,2019-06-15,Mexico,Cuba,7,0,0.9414723869753931,0.044450888096452805,0.014076724928154013,0.966972138578898,0.029569665224039383,0.003458196196809466,0.02549975160363139,home,home,False,3-0,1,0.003273492393098598,3-0,1,0.003530837200853121,3-0,1,0.0035261816648772815,3-0,1,0.003521526128901664,3-0,1,0.0035168705929256028,3-0,1,0.0035122150569499855,3-0,1,0.003507559520974368,3-0,1,0.003502903984998307,3-0,1,0.0034982484490224675,3-0,1,0.003493592913046628,3-0,1,0.003488937377071011,3-0,1,0.0034842818410951715,3-0,1,0.00347962630511911,3-0,1,0.003474970769143493,3-0,1,0.0034703152331676534,3-0,1,0.003465659697191814,3-0,1,0.003461004161216197,3-0,1,0.0034563486252403575,3-0,1,0.003451693089264518,3-0,1,0.0034470375532884567,3-0,1,0.0034423820173130615,3-0,1,0.003437726481337222
Gold Cup,2019,2019-06-15,Canada,Martinique,4,0,0.4899635335415079,0.3087504409069867,0.20128602555150532,0.7059976064697077,0.20636204367387287,0.08764034985590603,0.21603407292845647,home,home,False,1-0,1,0.10632846599879109,1-0,1,0.15321482359286698,1-0,1,0.15087064975499032,1-0,1,0.14852647591711343,1-0,1,0.14618230207923721,1-0,1,0.14383812824136055,1-0,1,0.14149395440348433,1-0,1,0.13914978056560812,1-0,1,0.13680560672773234,1-0,1,0.13446143288985635,1-0,1,0.13211725905198035,1-0,1,0.12977308521410535,1-0,1,0.12742891137622914,1-0,1,0.12508473753835392,1-0,1,0.12274056370047881,1-0,1,0.12039638986260337,1-0,1,0.11805221602472882,1-0,1,0.11570804218685382,1-0,1,0.11336386834897905,1-0,1,0.1110196945111045,1-0,1,0.10867552067322983,1-0,1,0.10633134683535539
Gold Cup,2021,2021-08-01,United States,Mexico,1,0,0.3275159157261205,0.26048316562274815,0.41200091865113136,0.257419985128123,0.30335283585618733,0.4392271790161661,0.07009593059823571,away,away,False,0-1,0,0.03255328015147685,0-1,0,0.03470656630204971,0-1,0,0.034598998959265326,0-1,0,0.03449143161648094,0-1,0,0.03438386427369666,0-1,0,0.0342762969309125,0-1,0,0.03416872958812778,0-1,0,0.034061162245343723,0-1,0,0.033953594902559336,0-1,0,0.03384602755977473,0-1,0,0.03373846021699056,0-1,0,0.03363089287420584,0-1,0,0.033523325531421566,0-1,0,0.03341575818863718,0-1,0,0.03330819084585257,0-1,0,0.033200623503068405,0-1,0,0.03309305616028391,0-1,0,0.03298548881749963,0-1,0,0.032877921474715244,0-1,0,0.032770354131930635,0-1,0,0.03266278678914647,0-1,0,0.03255521944636164
Gold Cup,2021,2021-07-29,Mexico,Canada,2,1,0.5898447269177379,0.20997576727520842,0.20017950580705354,0.5997633675640718,0.25423864782572847,0.14599798460968827,0.05418152119710959,home,home,False,2-0,2,0.007224916093113043,2-0,2,0.007350748813221175,2-0,2,0.007344670629732097,2-0,2,0.007338592446242909,2-0,2,0.007332514262753831,2-0,2,0.007326436079264753,2-0,2,0.0073203578957757864,2-0,2,0.007314279712286487,2-0,2,0.00730820152879752,2-0,2,0.00730212334530822,2-0,2,0.007296045161819142,2-0,2,0.007289966978330065,2-0,2,0.007283888794840987,2-0,2,0.007277810611351909,2-0,2,0.0072717324278627204,2-0,2,0.007265654244373643,2-0,2,0.007259576060884454,2-0,2,0.007253497877395487,2-0,2,0.0072474196939062985,2-0,2,0.007241341510417221,2-0,2,0.007235263326928032,2-0,2,0.007229185143438954
Gold Cup,2021,2021-07-29,Qatar,United States,1,0,0.307436223530449,0.27319037137342667,0.41937340509612436,0.23726507288347595,0.2804697581071416,0.4822651690088728,0.07017115064671821,away,away,False,0-1,0,0.06248124637006669,0-1,0,0.07185398885891447,0-1,0,0.07138546817839253,0-1,0,0.07091694749787059,0-1,0,0.07044842681734897,0-1,0,0.0699799061368267,0-1,0,0.06951138545630497,0-1,0,0.06904286477578292,0-1,0,0.06857434409526131,0-1,0,0.06810582341473936,0-1,0,0.06763730273421764,0-1,0,0.06716878205369603,0-1,0,0.0667002613731742,0-1,0,0.06623174069265236,0-1,0,0.06576322001213086,0-1,0,0.06529469933160925,0-1,0,0.06482617865108731,0-1,0,0.06435765797056581,0-1,0,0.06388913729004408,0-1,0,0.0634206166095227,0-1,0,0.06295209592900108,0-1,0,0.06248357524847947
Gold Cup,2021,2021-07-25,United States,Jamaica,1,0,0.5967463116304772,0.23657464265760794,0.1666790457119148,0.6971952310773809,0.1986662561669632,0.10413851275522702,0.10044891944711812,home,home,False,1-0,3,0.012493122172103188,1-0,3,0.01459898364330825,1-0,3,0.014493815674091914,1-0,3,0.014388647704875135,1-0,3,0.014283479735658577,1-0,3,0.01417831176644202,1-0,3,0.014073143797225685,1-0,3,0.013967975828009127,1-0,3,0.013862807858792792,1-0,3,0.013757639889576234,1-0,3,0.013652471920359455,1-0,3,0.01354730395114312,1-0,3,0.013442135981926784,1-0,3,0.013336968012710004,1-0,3,0.013231800043493447,1-0,3,0.013126632074276778,1-0,3,0.01302146410506011,1-0,3,0.012916296135843885,1-0,3,0.012811128166627661,1-0,3,0.012705960197410882,1-0,3,0.012600792228194435,1-0,3,0.0124956242589781
Gold Cup,2021,2021-07-25,Costa Rica,Canada,0,2,0.40829090199575535,0.2606832197155832,0.3310258782886614,0.2753705901352095,0.3086237469595802,0.4160056629047101,0.13292031186029576,home,away,True,1-0,0,0.03282312627033235,0-1,1,0.050219416305960274,0-1,1,0.049706486367526725,0-1,1,0.04919355642909318,0-1,1,0.04868062649065963,0-1,1,0.04816769655222597,0-1,1,0.04765476661379253,0-1,1,0.047141836675359206,0-1,1,0.04662890673692577,0-1,1,0.04611597679849233,0-1,1,0.045603046860059004,0-1,1,0.04509011692162568,0-1,1,0.04457718698319246,0-1,1,0.03794085055427221,0-1,1,0.019584162101160096,0-1,1,0.0012274736480489823,1-0,0,0.017129214805061133,1-0,0,0.03068778994039001,1-0,0,0.031222104522387495,1-0,0,0.03175641910438498,1-0,0,0.032290733686382245,1-0,0,0.03282504826837962
Gold Cup,2021,2021-07-24,Mexico,Honduras,3,0,0.5902548260737532,0.23837704564281112,0.17136812828343564,0.6962448802381869,0.2106990399770433,0.0930560797851818,0.10599005416422765,home,home,False,1-0,1,0.014149544466128483,1-0,1,0.01669349005240428,1-0,1,0.01656642671843489,1-0,1,0.0164393633844655,1-0,1,0.016312300050495887,1-0,1,0.01618523671652672,1-0,1,0.01605817338255755,1-0,1,0.01593111004858816,1-0,1,0.015804046714618547,1-0,1,0.01567698338064938,1-0,1,0.015549920046679766,1-0,1,0.015422856712710376,1-0,1,0.015295793378740985,1-0,1,0.015168730044771594,1-0,1,0.015041666710802315,1-0,1,0.014914603376832702,1-0,1,0.014787540042863423,1-0,1,0.014660476708894143,1-0,1,0.014533413374924642,1-0,1,0.014406350040955251,1-0,1,0.014279286706985861,1-0,1,0.01415222337301636
Gold Cup,2021,2021-07-24,Qatar,El Salvador,3,2,0.6349305863506499,0.22019574114903645,0.14487367250031366,0.5274090354196829,0.28313429784573285,0.1894566667340866,0.10752155093071819,home,home,False,2-0,1,0.01140901872449962,2-0,1,0.00948010511222297,2-0,1,0.009576739369146603,2-0,1,0.009673373626070347,2-0,1,0.00977000788299398,2-0,1,0.009866642139917725,2-0,1,0.009963276396841358,2-0,1,0.01005991065376488,2-0,1,0.010156544910688736,2-0,1,0.010253179167612259,2-0,1,0.010349813424536003,2-0,1,0.010446447681459525,2-0,1,0.010543081938383048,2-0,1,0.010639716195306903,2-0,1,0.010736350452230425,2-0,1,0.010832984709153948,2-0,1,0.010929618966077581,2-0,1,0.011026253223001214,2-0,1,0.011122887479924848,2-0,1,0.01121952173684837,2-0,1,0.011316155993771893,2-0,1,0.011412790250695082
Gold Cup,2021,2021-07-20,Honduras,Qatar,0,2,0.24067631161987255,0.2850089991484163,0.4743146892317111,0.2907978491925317,0.3302441870871008,0.3789579637198922,0.09535672551158127,away,away,False,0-1,1,0.09140635008011577,0-1,1,0.025464263645473495,0-1,1,0.03841606210839721,0-1,1,0.051367860571320145,0-1,1,0.0643196590342422,0-1,1,0.07670770793184523,0-1,1,0.07762655934400942,0-1,1,0.07854541075617383,0-1,1,0.07946426216833802,0-1,1,0.08038311358050254,0-1,1,0.08130196499266673,0-1,1,0.0822208164048307,0-1,1,0.08313966781699511,0-1,1,0.08405851922915908,0-1,1,0.08497737064132305,0-1,1,0.08589622205348701,0-1,1,0.0868150734656511,0-1,1,0.08773392487781506,0-1,1,0.08865277628997881,0-1,1,0.08957162770214278,0-1,1,0.09049047911430652,0-1,1,0.09140933052647016
Gold Cup,2021,2021-07-20,Panama,Grenada,3,1,0.909101190679073,0.06891892424973659,0.021979885071190426,0.9259171296000052,0.05748489257664597,0.0165979778236363,0.01681593892078844,home,home,False,3-0,2,0.02189900137990808,3-0,2,0.022632679524246635,3-0,2,0.02261212748215158,3-0,2,0.022591575440055633,3-0,2,0.02257102339795991,3-0,2,0.02255047135586441,3-0,2,0.02252991931376913,3-0,2,0.02250936727167341,3-0,2,0.022488815229577908,3-0,2,0.022468263187482185,3-0,2,0.022447711145387128,3-0,2,0.022427159103291405,3-0,2,0.022406607061195682,3-0,2,0.02238605501909996,3-0,2,0.02236550297700446,3-0,2,0.022344950934908736,3-0,2,0.022324398892813457,3-0,2,0.022303846850717735,3-0,2,0.022283294808622234,3-0,2,0.022262742766526733,3-0,2,0.02224219072443101,3-0,2,0.022221638682335287
Gold Cup,2021,2021-07-20,Costa Rica,Jamaica,1,0,0.47048994917987635,0.29116384679772483,0.2383462040223988,0.3781615709255133,0.3054185386702995,0.3164198904046653,0.0923283782546021,home,home,False,1-0,3,0.10400464809516086,1-0,3,0.04343701739565642,1-0,3,0.05970837620898228,1-0,3,0.07597973502230848,1-0,3,0.0866586738251327,1-0,3,0.08767918834301613,1-0,3,0.08869970286089957,1-0,3,0.08972021737878288,1-0,3,0.09074073189666643,1-0,3,0.09176124641455008,1-0,3,0.09278176093243351,1-0,3,0.09380227545031727,1-0,3,0.09482278996820093,1-0,3,0.09584330448608447,1-0,3,0.09686381900396845,1-0,3,0.09788433352185233,1-0,3,0.09890484803973598,1-0,3,0.09992536255761997,1-0,3,0.10094587707550406,1-0,3,0.10196639159338805,1-0,3,0.10298690611127215,1-0,3,0.10400742062915624
Gold Cup,2021,2021-07-20,Suriname,Guadeloupe,2,1,0.532189784988379,0.22882404805293172,0.2389861669586893,0.6105983468388854,0.2287331479718346,0.16066850518880846,0.07840856185074216,home,home,False,2-0,2,0.002355529952408064,2-0,2,0.0027033363094804974,2-0,2,0.002685979178289166,2-0,2,0.002668622047097835,2-0,2,0.002651264915906504,2-0,2,0.0026339077847152836,2-0,2,0.0026165506535240635,2-0,2,0.0025991935223326212,2-0,2,0.002581836391141401,2-0,2,0.00256447925995007,2-0,2,0.0025471221287587387,2-0,2,0.0025297649975675185,2-0,2,0.0025124078663760763,2-0,2,0.002495050735184856,2-0,2,0.002477693603993636,2-0,2,0.0024603364728024157,2-0,2,0.0024429793416110845,2-0,2,0.0024256222104197533,2-0,2,0.002408265079228422,2-0,2,0.002390907948037202,2-0,2,0.0023735508168458708,2-0,2,0.0023561936856546506
Gold Cup,2021,2021-07-18,Mexico,El Salvador,1,0,0.7492341022845451,0.16049004771360612,0.09027585000184876,0.8219597014613408,0.13156721866600662,0.04647307987313263,0.07272559917655565,home,home,False,2-0,1,0.06679716935968982,2-0,1,0.073409109173032,2-0,1,0.07308435350434639,2-0,1,0.07275959783566055,2-0,1,0.07243484216697516,2-0,1,0.07211008649828976,2-0,1,0.07178533082960392,2-0,1,0.07146057516091808,2-0,1,0.07113581949223247,2-0,1,0.0708110638235464,2-0,1,0.07048630815486079,2-0,1,0.07016155248617517,2-0,1,0.06983679681748911,2-0,1,0.06951204114880305,2-0,1,0.06918728548011766,2-0,1,0.0688625298114316,2-0,1,0.06853777414274576,2-0,1,0.06821301847405992,2-0,1,0.06788826280537408,2-0,1,0.06756350713668824,2-0,1,0.0672387514680024,2-0,1,0.06691399579931612
Gold Cup,2021,2021-07-18,Guatemala,Trinidad and Tobago,1,1,0.4867833421392889,0.27439594060005745,0.23882071726065365,0.23872624064882456,0.27625647945943116,0.4850172798912867,0.24805710149023555,home,away,True,1-0,0,0.07006030913867689,0-1,0,0.18542562919627414,0-1,0,0.18071949248481312,0-1,0,0.17601335577335264,0-1,0,0.17130721906189228,0-1,0,0.16660108235043214,0-1,0,0.1618949456389719,0-1,0,0.1571888089275122,0-1,0,0.15248267221605294,0-1,0,0.14777653550459335,0-1,0,0.1235119553047268,0-1,0,0.07797138165280881,0-1,0,0.03243080800089315,1-0,0,0.013109765651020067,1-0,0,0.057567496180950695,1-0,0,0.05935266299766362,1-0,0,0.06113782981437654,1-0,0,0.06292299663108947,1-0,0,0.06470816344780239,1-0,0,0.06649333026451498,1-0,0,0.06827849708122768,1-0,0,0.07006366389794005
Gold Cup,2021,2021-07-18,United States,Canada,1,0,0.5391553074400147,0.22525345754800016,0.23559123501198515,0.5487671599015874,0.2512037352926926,0.20002910480527053,0.035562130206489864,home,home,False,2-0,1,0.0013971048155144716,2-0,1,0.0014224788979291247,2-0,1,0.001421233136676081,2-0,1,0.0014199873754228154,2-0,1,0.0014187416141695497,2-0,1,0.001417495852916284,2-0,1,0.0014162500916630183,2-0,1,0.0014150043304098636,2-0,1,0.001413758569156709,2-0,1,0.0014125128079033322,2-0,1,0.0014112670466501775,2-0,1,0.001410021285397134,2-0,1,0.0014087755241437572,2-0,1,0.0014075297628904915,2-0,1,0.0014062840016373368,2-0,1,0.001405038240384071,2-0,1,0.0014037924791310274,2-0,1,0.0014025467178775397,2-0,1,0.001401300956624274,2-0,1,0.0014000551953712304,2-0,1,0.0013988094341179647,2-0,1,0.001397563672864699
Gold Cup,2021,2021-07-18,Martinique,Haiti,1,2,0.2522976458180872,0.26368973531657186,0.4840126188653409,0.12435863371588286,0.1922421205329614,0.6833992457507341,0.199386626885604,away,away,False,0-1,1,0.045228362593756066,0-1,1,0.0638642751224534,0-1,1,0.06293263212794131,0-1,1,0.06200098913342966,0-1,1,0.06106934613891846,0-1,1,0.06013770314440636,0-1,1,0.0592060601498956,0-1,1,0.05827441715538384,0-1,1,0.057342774160871746,0-1,1,0.05641113116636054,0-1,1,0.055479488171849556,0-1,1,0.05454784517733824,0-1,1,0.05361620218282659,0-1,1,0.052684559188315494,0-1,1,0.0517529161938044,0-1,1,0.05082127319929308,0-1,1,0.04988963020478199,0-1,1,0.04895798721027078,0-1,1,0.0480263442157598,0-1,1,0.0470947012212487,0-1,1,0.04616305822673794,0-1,1,0.045231415232226735
Gold Cup,2021,2021-07-17,Panama,Honduras,2,3,0.32729666142884706,0.30056872600865137,0.3721346125625016,0.24676911230993664,0.2960246335378671,0.4572062541527127,0.0850716415899529,away,away,False,0-1,1,0.07102153545530376,0-1,1,0.1425068049993542,0-1,1,0.14118100425527813,0-1,1,0.13985520351120195,0-1,1,0.138529402767126,0-1,1,0.13720360202304938,0-1,1,0.1358778012789731,0-1,1,0.1345520005348968,0-1,1,0.1332261997908204,0-1,1,0.13190039904674378,0-1,1,0.13057459830266738,0-1,1,0.12924879755859042,0-1,1,0.1279229968145138,0-1,1,0.12659719607043707,0-1,1,0.1252713953263601,0-1,1,0.12394559458228316,0-1,1,0.12261979383820609,0-1,1,0.12129399309412892,0-1,1,0.11821529189301616,0-1,1,0.10248432479567682,0-1,1,0.08675335769833614,0-1,1,0.07102239060099447
Gold Cup,2021,2021-07-17,Grenada,Qatar,0,4,0.006844399195004953,0.028049643907688226,0.9651059568973068,0.01977605646391056,0.08023367303926152,0.8999902704969907,0.06511568640039753,away,away,False,0-4,3,0.01228735496489275,0-4,3,0.012190392249118887,0-4,3,0.012234491934683067,0-4,3,0.012278591620246804,0-4,3,0.01232269130581054,0-4,3,0.012366790991374943,0-4,3,0.012410890676938902,0-4,3,0.012454990362503082,0-4,3,0.01249909004806704,0-4,3,0.012543189733630777,0-4,3,0.012587289419194958,0-4,3,0.012631389104758917,0-4,3,0.01267548879032332,0-4,3,0.012719588475886834,0-4,3,0.012763688161451237,0-4,3,0.012807787847015195,0-4,3,0.01285188753257982,0-4,3,0.012895987218143334,0-4,3,0.012940086903707737,0-4,3,0.012984186589271474,0-4,3,0.01302828627483521,0-4,3,0.013072385960400057
Gold Cup,2021,2021-07-16,Suriname,Costa Rica,1,2,0.07392858166826911,0.13159004252110434,0.7944813758106265,0.05401065915927895,0.1187261815527519,0.8272631592883035,0.03278178347750982,away,away,False,0-2,2,0.04175783570159175,0-2,2,0.043662952607719685,0-2,2,0.04357644147505946,0-2,2,0.043489930342398564,0-2,2,0.043403419209738114,0-2,2,0.04331690807707722,0-2,2,0.04323039694441655,0-2,2,0.043143885811755656,0-2,2,0.043057374679094984,0-2,2,0.04297086354643409,0-2,2,0.04288435241377342,0-2,2,0.042797841281112525,0-2,2,0.042711330148452076,0-2,2,0.04262481901579096,0-2,2,0.04253830788313051,0-2,2,0.04245179675047006,0-2,2,0.042365285617808945,0-2,2,0.04227877448514805,0-2,2,0.0421922633524876,0-2,2,0.04210575221982649,0-2,2,0.04201924108716604,0-2,2,0.041932729954505366
Gold Cup,2021,2021-07-16,Guadeloupe,Jamaica,1,2,0.08326494849271439,0.1786747991498523,0.7380602523574333,0.05040871140514329,0.1483217732641548,0.8012695153301943,0.06320926297301478,away,away,False,0-2,2,0.05047807881811983,0-2,2,0.05484880142726478,0-2,2,0.05463246021829282,0-2,2,0.05441611900932064,0-2,2,0.0541997778003489,0-2,2,0.05398343659137694,0-2,2,0.053767095382404984,0-2,2,0.053550754173433024,0-2,2,0.053334412964461064,0-2,2,0.05311807175548933,0-2,2,0.05290173054651737,0-2,2,0.05268538933754496,0-2,2,0.052469048128573004,0-2,2,0.05225270691960171,0-2,2,0.05203636571062975,0-2,2,0.05182002450165779,0-2,2,0.05160368329268583,0-2,2,0.051387342083714094,0-2,2,0.051171000874742356,0-2,2,0.050954659665770397,0-2,2,0.05073831845679844,0-2,2,0.05052197724782692
Gold Cup,2021,2021-07-15,Martinique,United States,6,1,0.059293508885164374,0.11593621680173391,0.8247702743131017,0.015029033568592167,0.04349566066086642,0.9414753057704768,0.1167050314574074,away,away,False,0-2,0,0.025050249784436485,0-2,0,0.028763738142128403,0-2,0,0.028585460871119128,0-2,0,0.028407183600108965,0-2,0,0.028228906329100134,0-2,0,0.028050629058090637,0-2,0,0.02787235178708114,0-2,0,0.027694074516071865,0-2,0,0.027515797245062368,0-2,0,0.027337519974053315,0-2,0,0.027159242703043374,0-2,0,0.0269809654320341,0-2,0,0.026802688161024824,0-2,0,0.026624410890015326,0-2,0,0.02644613361900605,0-2,0,0.026267856347996776,0-2,0,0.02608957907698728,0-2,0,0.025911301805977782,0-2,0,0.025733024534968285,0-2,0,0.025554747263958788,0-2,0,0.02537646999294907,0-2,0,0.025198192721940016
Gold Cup,2021,2021-07-15,Haiti,Canada,1,4,0.20855241450270637,0.23733082051799642,0.5541167649792973,0.09351324299658785,0.1890417424868636,0.717445014517023,0.16332824953748853,away,away,False,0-2,1,0.002711224652075739,0-2,1,0.0035110702143739125,0-2,1,0.003471104994704488,0-2,1,0.0034311397750352857,0-2,1,0.003391174555365861,0-2,1,0.003351209335696659,0-2,1,0.0033112441160274564,0-2,1,0.00327127889635781,0-2,1,0.0032313136766886075,0-2,1,0.003191348457019405,0-2,1,0.0031513832373497586,0-2,1,0.003111418017680667,0-2,1,0.0030714527980111317,0-2,1,0.0030314875783417072,0-2,1,0.002991522358672727,0-2,1,0.0029515571390031914,0-2,1,0.0029115919193341,0-2,1,0.0028716266996645645,0-2,1,0.002831661479995251,0-2,1,0.0027916962603259377,0-2,1,0.002751731040656513,0-2,1,0.0027117658209873108
Gold Cup,2021,2021-07-14,Guatemala,Mexico,0,3,0.10629991871266381,0.19657510713029855,0.6971249741570377,0.012532255331875351,0.06419725296480766,0.923270491703507,0.2261455175463743,away,away,False,0-2,1,0.034290603766465644,0-2,1,0.04544122675690665,0-2,1,0.04488470893059082,0-2,1,0.04432819110427566,0-2,1,0.04377167327796028,0-2,1,0.04321515545164489,0-2,1,0.04265863762532951,0-2,1,0.042102119799014126,0-2,1,0.041545601972698964,0-2,1,0.040989084146382915,0-2,1,0.04043256632006775,0-2,1,0.03987604849375237,0-2,1,0.039319530667436764,0-2,1,0.03876301284112138,0-2,1,0.03820649501480555,0-2,1,0.03764997718849017,0-2,1,0.037093459362174785,0-2,1,0.0365369415358594,0-2,1,0.035980423709543574,0-2,1,0.03542390588322797,0-2,1,0.034867388056912585,0-2,1,0.03431087023059698
Gold Cup,2021,2021-07-14,Trinidad and Tobago,El Salvador,0,2,0.261430480547068,0.25562135572151107,0.48294816373142085,0.25723628279843647,0.30856106823502855,0.4342026489670005,0.05293971251328469,away,away,False,0-1,1,0.026724895010916794,0-1,1,0.024029621775546905,0-1,1,0.024164505370319445,0-1,1,0.02429938896509176,0-1,1,0.0244342725598643,0-1,1,0.02456915615463695,0-1,1,0.0247040397494096,0-1,1,0.024838923344181696,0-1,1,0.024973806938954235,0-1,1,0.025108690533726774,0-1,1,0.025243574128499535,0-1,1,0.025378457723271963,0-1,1,0.025513341318044835,0-1,1,0.025648224912817263,0-1,1,0.025783108507589914,0-1,1,0.02591799210236234,0-1,1,0.026052875697134992,0-1,1,0.02618775929190753,0-1,1,0.02632264288668007,0-1,1,0.02645752648145261,0-1,1,0.02659241007622548,0-1,1,0.02672729367099802
Gold Cup,2021,2021-07-13,Honduras,Grenada,4,0,0.9113487742718468,0.06851962955518773,0.02013159617296553,0.9038642174225667,0.07705629329000524,0.01907948928707464,0.008536663734994234,home,home,False,3-0,1,0.016393299914072568,3-0,1,0.01648309758661215,3-0,1,0.016489922100657584,3-0,1,0.016496746614702573,3-0,1,0.016503571128747563,3-0,1,0.016510395642792774,3-0,1,0.016517220156837764,3-0,1,0.016524044670882976,3-0,1,0.016530869184927965,3-0,1,0.0165376936989734,3-0,1,0.01654451821301861,3-0,1,0.016551342727063822,3-0,1,0.01655816724110859,3-0,1,0.0165649917551538,3-0,1,0.01657181626919879,3-0,1,0.016578640783244447,3-0,1,0.016585465297288993,3-0,1,0.016592289811334204,3-0,1,0.016599114325379638,3-0,1,0.016605938839424628,3-0,1,0.016612763353469617,3-0,1,0.01661958786751505
Gold Cup,2021,2021-07-13,Qatar,Panama,3,3,0.509204885613083,0.26741945094913816,0.22337566343777884,0.460274597806397,0.2935382014955212,0.24618720069761257,0.04893028780645135,home,home,False,1-0,0,0.058716589357759474,1-0,0,0.05307787017963317,1-0,0,0.053359996922714314,1-0,0,0.05364212366579568,1-0,0,0.05392425040887705,1-0,0,0.05420637715195842,1-0,0,0.054488503895039675,1-0,0,0.05477063063812104,1-0,0,0.05505275738120208,1-0,0,0.055334884124283445,1-0,0,0.05561701086736459,1-0,0,0.05589913761044585,1-0,0,0.056181264353527216,1-0,0,0.05646339109660836,1-0,0,0.05674551783968951,1-0,0,0.057027644582770654,1-0,0,0.0573097713258518,1-0,0,0.057591898068933056,1-0,0,0.0578740248120142,1-0,0,0.058156151555095126,1-0,0,0.05843827829817616,1-0,0,0.05872040504125742
Gold Cup,2021,2021-07-12,Costa Rica,Guadeloupe,3,1,0.8414078862475802,0.11652170242771254,0.042070411324707194,0.8909688806301083,0.08561899076176877,0.02341212860835429,0.049560994382412356,home,home,False,2-0,1,0.06844388386350264,2-0,1,0.07275329007506981,2-0,1,0.07255094151503028,2-0,1,0.07234859295499119,2-0,1,0.07214624439495165,2-0,1,0.07194389583491256,2-0,1,0.07174154727487325,2-0,1,0.07153919871483438,2-0,1,0.07133685015479463,2-0,1,0.07113450159475576,2-0,1,0.07093215303471623,2-0,1,0.07072980447467692,2-0,1,0.0705274559146376,2-0,1,0.07032510735459829,2-0,1,0.07012275879455898,2-0,1,0.06992041023451967,2-0,1,0.06971806167448014,2-0,1,0.06951571311444105,2-0,1,0.06931336455440174,2-0,1,0.06911101599436242,2-0,1,0.06890866743432311,2-0,1,0.06870631887428358
Gold Cup,2021,2021-07-12,Jamaica,Suriname,2,0,0.6665293862942403,0.19047751395172266,0.1429930997540371,0.725561550023887,0.18010140772728275,0.09433704224841832,0.05903216372985269,home,home,False,2-0,3,0.03224532625858989,2-0,3,0.035134779777916236,2-0,3,0.03499185034123409,2-0,3,0.03484892090455172,2-0,3,0.034705991467869346,2-0,3,0.034563062031186975,2-0,3,0.034420132594504604,2-0,3,0.034277203157822456,2-0,3,0.034134273721140085,2-0,3,0.033991344284457936,2-0,3,0.03384841484777534,2-0,3,0.03370548541109342,2-0,3,0.033562555974411046,2-0,3,0.03341962653772845,2-0,3,0.033276697101046526,2-0,3,0.0331337676643646,2-0,3,0.03299083822768134,2-0,3,0.03284790879099986,2-0,3,0.032704979354317265,2-0,3,0.03256204991763545,2-0,3,0.03241912048095286,2-0,3,0.032276191044271485
Gold Cup,2021,2021-07-11,El Salvador,Guatemala,2,0,0.3280917602088886,0.3015947381569704,0.370313501634141,0.46832103163514077,0.31702719465821405,0.21465177370619015,0.15566172792772334,away,home,True,0-1,0,0.0670514255738146,1-0,1,0.1727492678079161,1-0,1,0.17016295389846192,1-0,1,0.16757663998900796,1-0,1,0.16499032607955377,1-0,1,0.1624040121700997,1-0,1,0.15981769826064585,1-0,1,0.15723138435119244,1-0,1,0.1546450704417388,1-0,1,0.1520587565322854,1-0,1,0.14947244262283177,1-0,1,0.1468861287133787,1-0,1,0.14155485195462325,1-0,1,0.12959191566941852,1-0,1,0.11762897938421368,1-0,1,0.10196398546213836,1-0,1,0.07379462098928402,1-0,1,0.04562525651643046,1-0,1,0.017455892043579002,0-1,0,0.010713472429271786,0-1,0,0.0388828369021208,0-1,0,0.06705220137496859
Gold Cup,2021,2021-07-11,United States,Haiti,1,0,0.6730731974581006,0.20684570630115567,0.12008109624074367,0.8598879028268339,0.10240264089584684,0.03770945627693353,0.18681470536892616,home,home,False,2-0,1,0.023308563203223276,2-0,1,0.029791692178066764,2-0,1,0.029468072891273955,2-0,1,0.02914445360448137,2-0,1,0.028820834317688337,2-0,1,0.02849721503089553,2-0,1,0.02817359574410294,2-0,1,0.02784997645730991,2-0,1,0.027526357170517546,2-0,1,0.027202737883724737,2-0,1,0.02687911859693215,2-0,1,0.026555499310139563,2-0,1,0.026231880023346532,2-0,1,0.025908260736554167,2-0,1,0.02558464144976158,2-0,1,0.02526102216296877,2-0,1,0.024937402876176185,2-0,1,0.02461378358938382,2-0,1,0.024290164302591233,2-0,1,0.023966545015798424,2-0,1,0.02364292572900606,2-0,1,0.023319306442213472
Gold Cup,2021,2021-07-11,Canada,Martinique,4,1,0.7228032354520378,0.15877867587500247,0.11841808867295975,0.8513057206538938,0.11782201791215183,0.030872261433685294,0.1285024852019905,home,home,False,2-0,1,0.024475051373570533,2-0,1,0.02890598863374816,2-0,1,0.028687824272430218,2-0,1,0.028469659911111833,2-0,1,0.02825149554979345,2-0,1,0.028033331188475508,2-0,1,0.027815166827157123,2-0,1,0.02759700246583896,2-0,1,0.02737883810452102,2-0,1,0.027160673743202635,2-0,1,0.026942509381884472,2-0,1,0.02672434502056653,2-0,1,0.02650618065924837,2-0,1,0.026288016297930428,2-0,1,0.02606985193661182,2-0,1,0.025851687575293658,2-0,1,0.025633523213975495,2-0,1,0.025415358852657555,2-0,1,0.025197194491339392,2-0,1,0.02497903013002145,2-0,1,0.02476086576870329,2-0,1,0.024542701407385126
Gold Cup,2021,2021-07-10,Mexico,Trinidad and Tobago,0,0,0.8519411603861453,0.10122919918041152,0.04682964043344308,0.9163072043853333,0.06993620798449857,0.013756587630250809,0.06436604399914661,home,home,False,2-0,0,0.00892034670287023,2-0,0,0.009671830528390712,2-0,0,0.009637860618169958,2-0,0,0.009603890707950091,2-0,0,0.009569920797729559,2-0,0,0.009535950887509248,2-0,0,0.009501980977289382,2-0,0,0.009468011067068627,2-0,0,0.00943404115684876,2-0,0,0.00940007124662845,2-0,0,0.009366101336408361,2-0,0,0.00933213142618805,2-0,0,0.009298161515967518,2-0,0,0.00926419160574743,2-0,0,0.00923022169552734,2-0,0,0.00919625178530703,2-0,0,0.00916228187508672,2-0,0,0.009128311964866631,2-0,0,0.00909434205464632,2-0,0,0.009060372144426232,2-0,0,0.009026402234205921,2-0,0,0.008992432323985833
Gold Cup,2023,2023-07-16,Mexico,Panama,1,0,0.6027407274957164,0.24001319446683733,0.15724607803744625,0.5931113747236613,0.25937705144144585,0.14751157383443614,0.019363856974836877,home,home,False,2-0,1,0.02711199890621674,2-0,1,0.026686780071520477,2-0,1,0.026708443491799128,2-0,1,0.026730106912077556,2-0,1,0.026751770332355873,2-0,1,0.0267734337526343,2-0,1,0.02679509717291295,2-0,1,0.02681676059319149,2-0,1,0.026838424013469697,2-0,1,0.02686008743374846,2-0,1,0.026881750854026776,2-0,1,0.026903414274305315,2-0,1,0.026925077694583743,2-0,1,0.026946741114862283,2-0,1,0.026968404535140822,2-0,1,0.026990067955419028,2-0,1,0.027011731375697456,2-0,1,0.027033394795975996,2-0,1,0.027055058216254757,2-0,1,0.027076721636532852,2-0,1,0.02709838505681139,2-0,1,0.02712004847708982
Gold Cup,2023,2023-07-12,Jamaica,Mexico,0,3,0.12743867998316818,0.24155873177999013,0.6310025882368416,0.22507890514725323,0.300287355610896,0.4746337392423378,0.15636884899474734,away,away,False,0-2,1,0.0019169191488250803,0-2,1,0.0014422501332868043,0-2,1,0.001466007714623685,0-2,1,0.0014897652959603436,0-2,1,0.0015135228772971132,0-2,1,0.0015372804586339939,0-2,1,0.0015610380399707635,0-2,1,0.0015847956213075332,0-2,1,0.0016085532026441918,0-2,1,0.0016323107839811835,0-2,1,0.0016560683653180641,0-2,1,0.0016798259466547227,0-2,1,0.0017035835279913814,0-2,1,0.001727341109328262,0-2,1,0.0017510986906649206,0-2,1,0.0017748562720021344,0-2,1,0.001798613853338682,0-2,1,0.0018223714346754516,0-2,1,0.0018461290160123323,0-2,1,0.001869886597349102,0-2,1,0.0018936441786857605,0-2,1,0.0019174017600227522
Gold Cup,2023,2023-07-12,United States,Panama,1,1,0.6240075738589652,0.23701187463332643,0.13898055150770833,0.5510718561423913,0.26146227181929177,0.18746587203876355,0.07293571771679724,home,home,False,2-0,0,0.021232758006264008,2-0,0,0.018756754784732044,2-0,0,0.018880879919867755,2-0,0,0.019005005055003465,2-0,0,0.019129130190139065,2-0,0,0.019253255325274887,2-0,0,0.01937738046041071,2-0,0,0.01950150559554631,2-0,0,0.01962563073068191,2-0,0,0.01974975586581751,2-0,0,0.01987388100095344,2-0,0,0.019998006136089153,2-0,0,0.020122131271224752,2-0,0,0.020246256406360574,2-0,0,0.020370381541496507,2-0,0,0.020494506676631996,2-0,0,0.020618631811767818,2-0,0,0.02074275694690375,2-0,0,0.02086688208203924,2-0,0,0.02099100721717506,2-0,0,0.021115132352310884,2-0,0,0.021239257487446928
Gold Cup,2023,2023-07-09,United States,Canada,2,2,0.4411821162448841,0.2889397590279574,0.2698781247271585,0.5965423824807896,0.24361468278926382,0.15984293472948138,0.15536026623613808,home,home,False,1-0,0,0.04052842012120961,1-0,0,0.05480281923508301,1-0,0,0.05408919176812521,1-0,0,0.05337556430116763,1-0,0,0.05266193683420983,1-0,0,0.05194830936725181,1-0,0,0.05123468190029401,1-0,0,0.05052105443333643,1-0,0,0.049807426966378854,1-0,0,0.04909379949942094,1-0,0,0.048380172032463364,1-0,0,0.047666544565505786,1-0,0,0.04695291709854832,1-0,0,0.04623928963159085,1-0,0,0.04552566216463316,1-0,0,0.04481203469767592,1-0,0,0.04409840723071834,1-0,0,0.04338477976376098,1-0,0,0.042671152296803516,1-0,0,0.04195752482984627,1-0,0,0.04124389736288914,1-0,0,0.04053026989593189
Gold Cup,2023,2023-07-09,Guatemala,Jamaica,0,1,0.26136634801570907,0.3116893446490835,0.42694430733520755,0.18568881426376588,0.2771997554849803,0.5371114302507688,0.1101671229158038,away,away,False,0-1,3,0.0870642923177054,0-1,3,0.10953225111568288,0-1,3,0.10840894110101074,0-1,3,0.10728563108633893,0-1,3,0.10616232107166734,0-1,3,0.10503901105699587,0-1,3,0.10391570104232417,0-1,3,0.10279239102765259,0-1,3,0.101669081012981,0-1,3,0.10054577099830964,0-1,3,0.09942246098363816,0-1,3,0.09829915096896702,0-1,3,0.09717584095429566,0-1,3,0.0960525309396244,0-1,3,0.09492922092495326,0-1,3,0.09380591091028245,0-1,3,0.0926826008956112,0-1,3,0.09155929088094017,0-1,3,0.09043598086626925,0-1,3,0.08931267085159822,0-1,3,0.08818936083692741,0-1,3,0.08706605082225671
Gold Cup,2023,2023-07-08,Mexico,Costa Rica,2,0,0.4759412312335653,0.312926468712663,0.21113230005377176,0.73330163847485,0.1862819802335037,0.08041638129205866,0.2573604072410785,home,home,False,1-0,1,0.10108454396020194,1-0,1,0.1557488723979994,1-0,1,0.15301578200759458,1-0,1,0.15028269161718955,1-0,1,0.1475496012267845,1-0,1,0.14481651083637948,1-0,1,0.14208342044597422,1-0,1,0.13935033005556896,1-0,1,0.1366172396651637,1-0,1,0.13388414927475822,1-0,1,0.13115105888435197,1-0,1,0.12841796849394704,1-0,1,0.12568487810354045,1-0,1,0.12295178771313486,1-0,1,0.12021869732272883,1-0,1,0.11748560693232235,1-0,1,0.11475251654191598,1-0,1,0.11201942615150928,1-0,1,0.1092863357611028,1-0,1,0.10655324537069621,1-0,1,0.10382015498028929,1-0,1,0.10108706458988248
Gold Cup,2023,2023-07-08,Panama,Qatar,4,0,0.282946872613042,0.2804218780182888,0.43663124936866926,0.564347299850405,0.2634717543130951,0.1721809458360502,0.28140042723758785,away,home,True,0-1,0,0.02226356966612264,1-0,1,0.07326879774421347,1-0,1,0.07144209714744676,1-0,1,0.06961539655068016,1-0,1,0.06778869595391368,1-0,1,0.0659619953571472,1-0,1,0.06413529476038093,1-0,1,0.06230859416361467,1-0,1,0.06048189356684852,1-0,1,0.05865519297008237,1-0,1,0.05682849237331644,1-0,1,0.055001791776550624,1-0,1,0.053175091179784806,1-0,1,0.05134839058301899,1-0,1,0.04952168998625328,1-0,1,0.047694989389487685,1-0,1,0.010966488967143917,0-1,0,0.01956792877871305,0-1,0,0.020242178098035857,0-1,0,0.020916427417358663,0-1,0,0.021590676736681358,0-1,0,0.022264926056004275
Gold Cup,2023,2023-07-04,Costa Rica,Martinique,6,4,0.7208227772748488,0.1852399620200024,0.09393726070514884,0.5839488253787423,0.2372637520727036,0.17878742254808264,0.13687395189587076,home,home,False,2-0,1,0.0663526150988143,2-0,1,0.05381853172960516,2-0,1,0.0544492680889328,2-0,1,0.05508000444826067,2-0,1,0.05571074080758831,2-0,1,0.056341477166915954,2-0,1,0.05697221352624349,2-0,1,0.05760294988557113,2-0,1,0.058233686244898886,2-0,1,0.058864422604226196,2-0,1,0.05949515896355395,2-0,1,0.06012589532288082,2-0,1,0.06075663168220935,2-0,1,0.06138736804153622,2-0,1,0.06201810440086386,2-0,1,0.06264884076019028,2-0,1,0.06327957711951859,2-0,1,0.06391031347884546,2-0,1,0.06454104983817266,2-0,1,0.06517178619750008,2-0,1,0.06580252255682706,2-0,1,0.06643325891615426
Gold Cup,2023,2023-07-04,Panama,El Salvador,2,2,0.47408807772514067,0.29329914651632727,0.23261277575853206,0.49514040317288094,0.271957298616658,0.232902298209982,0.021341847899429736,home,home,False,1-0,0,0.05541249364626133,1-0,0,0.05787573317392036,1-0,0,0.05775269546961381,1-0,0,0.05762965776530715,1-0,0,0.05750662006100038,1-0,0,0.05738358235669372,1-0,0,0.05726054465238695,1-0,0,0.0571375069480804,1-0,0,0.057014469243773735,1-0,0,0.056891431539467185,1-0,0,0.056768393835160524,1-0,0,0.05664535613085386,1-0,0,0.05652231842654709,1-0,0,0.05639928072224043,1-0,0,0.05627624301793388,1-0,0,0.05615320531362733,1-0,0,0.05603016760932078,1-0,0,0.05590712990501412,1-0,0,0.05578409220070746,1-0,0,0.05566105449640091,1-0,0,0.05553801679209425,1-0,0,0.055414979087787586
Gold Cup,2023,2023-07-04,Canada,Cuba,4,2,0.9204143278107931,0.06019056223088818,0.01939510995831874,0.9133526817105134,0.06681823117765426,0.01982908711201633,0.007061646100371686,home,home,False,3-0,1,0.03940240169647802,3-0,1,0.040237156496322424,3-0,1,0.04025271130690955,3-0,1,0.04026826611749623,3-0,1,0.0402838209280838,3-0,1,0.04029937573867093,3-0,1,0.04031493054925783,3-0,1,0.04033048535984518,3-0,1,0.04034604017043231,3-0,1,0.040361594981019655,3-0,1,0.04037714979160678,3-0,1,0.04039270460219391,3-0,1,0.040408259412781256,3-0,1,0.04042381422336794,3-0,1,0.040439369033955286,3-0,1,0.04045492384454241,3-0,1,0.04047047865512976,3-0,1,0.040486033465716886,3-0,1,0.04050158827630357,3-0,1,0.04051714308689092,3-0,1,0.04053269789747804,3-0,1,0.04054825270806539
Gold Cup,2023,2023-07-04,Guadeloupe,Guatemala,2,3,0.0959190427260884,0.200133633001901,0.7039473242720106,0.24071965034365236,0.2804540313000959,0.47882631835575123,0.2251210059160091,away,away,False,0-2,1,0.060914707124191336,0-2,1,0.04146557865977185,0-2,1,0.042440334267487057,0-2,1,0.04341508987520226,0-2,1,0.044389845482917245,0-2,1,0.04536460109063212,0-2,1,0.04633935669834732,0-2,1,0.047314112306062195,0-2,1,0.04828886791377707,0-2,1,0.04926362352149183,0-2,1,0.05023837912920659,0-2,1,0.05121313473692135,0-2,1,0.052187890344636,0-2,1,0.05316264595235065,0-2,1,0.05413740156006519,0-2,1,0.055112157167779396,0-2,1,0.056086912775493714,0-2,1,0.057061668383208586,0-2,1,0.05803642399092268,0-2,1,0.059011179598637664,0-2,1,0.059985935206351426,0-2,1,0.060960690814065854
Gold Cup,2023,2023-07-02,Mexico,Qatar,0,1,0.5104651751094231,0.278627209370366,0.2109076155202108,0.7199830010629452,0.1816973842787281,0.09831961465873225,0.20951782595331928,home,home,False,1-0,0,0.03076825368027003,1-0,0,0.043400413562031614,1-0,0,0.04276892918798625,1-0,0,0.042137444813941105,1-0,0,0.04150596043989596,1-0,0,0.040874476065850596,1-0,0,0.04024299169180523,1-0,0,0.03961150731775964,1-0,0,0.038980022943714276,1-0,0,0.038348538569669355,1-0,0,0.03771705419562399,1-0,0,0.03708556982157807,1-0,0,0.036454085447533036,1-0,0,0.03582260107348745,1-0,0,0.03519111669944208,1-0,0,0.034559632325396716,1-0,0,0.03392814795135102,1-0,0,0.03329666357730543,1-0,0,0.03266517920325973,1-0,0,0.032033694829214365,1-0,0,0.031402210455168666,1-0,0,0.030770726081122857
Gold Cup,2023,2023-07-02,Honduras,Haiti,2,1,0.3724312024669553,0.28784008975322584,0.33972870777981884,0.3000812912411567,0.2823685508076815,0.4175501579507013,0.07782145017111272,home,away,True,1-0,1,0.036297696426313864,0-1,0,0.0471302543481692,0-1,0,0.046691056245801166,0-1,0,0.04625185814343369,0-1,0,0.04581266004106588,0-1,0,0.04537346193869807,0-1,0,0.0449342638363307,0-1,0,0.04449506573396289,0-1,0,0.04405586763159541,0-1,0,0.0436166695292276,0-1,0,0.043177471426860015,0-1,0,0.042738273324492315,0-1,0,0.04229907522212506,0-1,0,0.04185987711975736,0-1,0,0.04142067901738988,0-1,0,0.029523309354796856,0-1,0,0.01671669239068052,0-1,0,0.003910075426564408,1-0,1,0.008896541537551372,1-0,1,0.021703158501666153,1-0,1,0.03450977546578049,1-0,1,0.036299100417425345
Gold Cup,2023,2023-07-02,Jamaica,Saint Kitts and Nevis,5,0,0.8007273590957157,0.13728416618973371,0.06198847471455055,0.9558034074791104,0.03718256980251885,0.007014022718210969,0.15507604838347458,home,home,False,2-0,1,0.048039410877541266,2-0,1,0.05757769592724982,2-0,1,0.05711060606914953,2-0,1,0.056643516211049016,2-0,1,0.056176426352948505,2-0,1,0.055709336494847994,2-0,1,0.05524224663674748,2-0,1,0.054775156778647194,2-0,1,0.054308066920546905,2-0,1,0.053840977062446393,2-0,1,0.05337388720434566,2-0,1,0.05290679734624515,2-0,1,0.05243970748814508,2-0,1,0.05197261763004479,2-0,1,0.05150552777194406,2-0,1,0.051038437913844215,2-0,1,0.0505713480557437,2-0,1,0.05010425819764319,2-0,1,0.0496371683395429,2-0,1,0.049170078481442614,2-0,1,0.0487029886233421,2-0,1,0.048235898765241814
Gold Cup,2023,2023-07-02,United States,Trinidad and Tobago,6,0,0.8220301232831562,0.1365122192528613,0.04145765746398255,0.884807372318742,0.08647843479558004,0.02871419288523358,0.06277724903580802,home,home,False,2-0,1,0.09387408239510675,2-0,1,0.10131002980980086,2-0,1,0.1009506315288764,2-0,1,0.10059123324795194,2-0,1,0.1002318349670277,2-0,1,0.09987243668610346,2-0,1,0.09951303840517922,2-0,1,0.09915364012425476,2-0,1,0.0987942418433303,2-0,1,0.09843484356240628,2-0,1,0.09807544528148182,2-0,1,0.09771604700055758,2-0,1,0.09735664871963334,2-0,1,0.09699725043870888,2-0,1,0.09663785215778464,2-0,1,0.09627845387686063,2-0,1,0.09591905559593639,2-0,1,0.09555965731501281,2-0,1,0.09520025903408791,2-0,1,0.09484086075316389,2-0,1,0.09448146247223987,2-0,1,0.09412206419131564
Gold Cup,2023,2023-07-01,Guatemala,Canada,0,0,0.10545750340486278,0.19671487705956345,0.6978276195355738,0.15106613793212195,0.23351356119261812,0.615420300874771,0.08240731866055837,away,away,False,0-2,0,0.06072390256390792,0-2,0,0.05360277742967867,0-2,0,0.05396165908782824,0-2,0,0.054320540745977586,0-2,0,0.05467942240412704,0-2,0,0.05503830406227628,0-2,0,0.05539718572042607,0-2,0,0.05575606737857508,0-2,0,0.056114949036724315,0-2,0,0.056473830694873994,0-2,0,0.05683271235302334,0-2,0,0.05719159401117302,0-2,0,0.05755047566932214,0-2,0,0.05790935732747027,0-2,0,0.05826823898562028,0-2,0,0.05862712064376985,0-2,0,0.058986002301918306,0-2,0,0.05934488396006765,0-2,0,0.05970376561821711,0-2,0,0.06006264727636612,0-2,0,0.06042152893451558,0-2,0,0.06078041059266437
Gold Cup,2023,2023-07-01,Cuba,Guadeloupe,1,4,0.4525514870022245,0.2756619129432542,0.2717866000545213,0.21713185619326847,0.2898675898523187,0.4930005539539487,0.23541963080872394,home,away,True,1-0,0,0.012977147049235915,0-1,1,0.05803987142487732,0-1,1,0.05673771980062969,0-1,1,0.05543556817638173,0-1,1,0.05413341655213433,0-1,1,0.05283126492788648,0-1,1,0.05152911330363885,0-1,1,0.050226961679391335,0-1,1,0.04892481005514382,0-1,1,0.0476226584308963,0-1,1,0.04632050680664901,0-1,1,0.04501835518240149,0-1,1,0.0437162035581542,0-1,1,0.04241405193390724,0-1,1,0.01111790046770722,1-0,0,0.01095275086560743,1-0,0,0.011290315640035797,1-0,0,0.011627880414464165,1-0,0,0.01196544518889242,1-0,0,0.012303009963320566,1-0,0,0.012640574737748933,1-0,0,0.012978139512177078
Gold Cup,2023,2023-06-30,El Salvador,Costa Rica,0,0,0.17221316996177696,0.3150353089042075,0.5127515211340156,0.26172218751337856,0.3046443168754788,0.43363349561066017,0.08950901755184283,away,away,False,0-1,0,0.12185282191103952,0-1,0,0.10305361751445441,0-1,0,0.10399374308400677,0-1,0,0.10493386865355947,0-1,0,0.10587399422311172,0-1,0,0.10681411979266431,0-1,0,0.10775424536221667,0-1,0,0.10869437093176915,0-1,0,0.10963449650132129,0-1,0,0.11057462207087365,0-1,0,0.1115147476404258,0-1,0,0.11245487320997793,0-1,0,0.11339499877953019,0-1,0,0.11433512434908222,0-1,0,0.11527524991863425,0-1,0,0.11621537548818617,0-1,0,0.11715550105773809,0-1,0,0.11809562662729012,0-1,0,0.11903575219684204,0-1,0,0.11997587776639373,0-1,0,0.12091600333594554,0-1,0,0.12185612890549735
Gold Cup,2023,2023-06-30,Martinique,Panama,1,2,0.12965796779697228,0.18494816322165453,0.6853938689813732,0.07822829754196793,0.15174566326802794,0.7700260391895367,0.08463217020839722,away,away,False,0-2,2,0.021537405125582332,0-2,2,0.024241682687472732,0-2,2,0.024108464711005917,0-2,2,0.023975246734539324,0-2,2,0.023842028758072953,0-2,2,0.023708810781606138,0-2,2,0.023575592805139767,0-2,2,0.023442374828673618,0-2,2,0.023309156852206803,0-2,2,0.02317593887574021,0-2,2,0.02304272089927406,0-2,2,0.022909502922807468,0-2,2,0.022776284946340875,0-2,2,0.022643066969874504,0-2,2,0.022509848993408133,0-2,2,0.02237663101694154,0-2,2,0.022243413040475613,0-2,2,0.022110195064008797,0-2,2,0.021976977087542426,0-2,2,0.021843759111076055,0-2,2,0.021710541134609684,0-2,2,0.02157732315814309
Gold Cup,2023,2023-06-29,Haiti,Mexico,1,3,0.11669231613586181,0.2122690392957616,0.6710386445683766,0.08697055208135795,0.1581215669618402,0.7549078809571768,0.08386923638861271,away,away,False,0-2,1,0.05588468018649295,0-2,1,0.06290758703059285,0-2,1,0.06255813967281654,0-2,1,0.062208692315040226,0-2,1,0.06185924495726369,0-2,1,0.06150979759948738,0-2,1,0.06116035024171129,0-2,1,0.06081090288393476,0-2,1,0.06046145552615845,0-2,1,0.060112008168381914,0-2,1,0.05976256081060538,0-2,1,0.05941311345282907,0-2,1,0.059063666095052314,0-2,1,0.058714218737276225,0-2,1,0.05836477137949969,0-2,1,0.05801532402172338,0-2,1,0.05766587666394707,0-2,1,0.05731642930617031,0-2,1,0.05696698194839378,0-2,1,0.05661753459061725,0-2,1,0.05626808723284027,0-2,1,0.05591863987506429
Gold Cup,2023,2023-06-29,Qatar,Honduras,1,1,0.48648940418238024,0.27839259312448655,0.23511800269313324,0.33808402940458654,0.3072652429510486,0.3546507276438718,0.14840537477754717,home,away,True,1-0,0,0.023700149197402265,0-1,0,0.0674789692955935,0-1,0,0.0592519286454638,0-1,0,0.04914177568694622,0-1,0,0.025984796711337355,0-1,0,0.0028278177357302647,1-0,0,0.018279186559363003,1-0,0,0.01864070512144933,1-0,0,0.01900222368353577,1-0,0,0.019363742245622095,1-0,0,0.019725260807708422,1-0,0,0.02008677936979475,1-0,0,0.020448297931881187,1-0,0,0.020809816493967292,1-0,0,0.02117133505605351,1-0,0,0.021532853618139725,1-0,0,0.02189437218022594,1-0,0,0.022255890742312268,1-0,0,0.02261740930439826,1-0,0,0.022978927866484367,1-0,0,0.023340446428570694,1-0,0,0.023701964990656688
Gold Cup,2023,2023-06-28,Jamaica,Trinidad and Tobago,4,1,0.5362776077105091,0.28504137882495156,0.17868101346453938,0.6423084731556189,0.2335254147465747,0.12416611209829433,0.10603086544486584,home,home,False,1-0,1,0.05783238934112589,1-0,1,0.06927152395011005,1-0,1,0.068699764434077,1-0,1,0.0681280049180435,1-0,1,0.06755624540201022,1-0,1,0.06698448588597783,1-0,1,0.06641272636994366,1-0,1,0.06584096685390939,1-0,1,0.06526920733787644,1-0,1,0.06469744782184361,1-0,1,0.06412568830580989,1-0,1,0.06355392878977606,1-0,1,0.06298216927374245,1-0,1,0.062410409757709284,1-0,1,0.06183865024167556,1-0,1,0.061266890725641954,1-0,1,0.060695131209608455,1-0,1,0.06012337169357462,1-0,1,0.05955161217754101,1-0,1,0.058979852661507404,1-0,1,0.05840809314547357,1-0,1,0.05783633362943974
Gold Cup,2023,2023-06-27,Guatemala,Cuba,1,0,0.6276356776494542,0.23114178970508786,0.141222532645458,0.6231277540764381,0.2420003484464741,0.13487189747760006,0.010858558741130148,home,home,False,2-0,1,0.035502025208182575,2-0,1,0.035260288799559225,2-0,1,0.035273043061108456,2-0,1,0.03528579732265791,2-0,1,0.03529855158420714,2-0,1,0.03531130584575648,2-0,1,0.03532406010730571,2-0,1,0.03533681436885494,2-0,1,0.03534956863040417,2-0,1,0.03536232289195351,2-0,1,0.035375077153502854,2-0,1,0.035387831415052196,2-0,1,0.035400585676601315,2-0,1,0.035413339938150656,2-0,1,0.03542609419970011,2-0,1,0.03543884846124923,2-0,1,0.03545160272279846,2-0,1,0.03546435698434791,2-0,1,0.03547711124589725,2-0,1,0.03548986550744648,2-0,1,0.035502619768995936,2-0,1,0.035515374030545055
Gold Cup,2023,2023-06-27,Canada,Guadeloupe,2,2,0.9491017195058666,0.04037070494119851,0.010527575552934772,0.7949209878629563,0.1453505030955467,0.059728509041902536,0.15418073164311316,home,home,False,3-0,0,0.003968492701429183,3-0,0,0.003490721215330561,3-0,0,0.0035245737591151904,3-0,0,0.003558426302900264,3-0,0,0.003592278846685115,3-0,0,0.0036261313904701886,3-0,0,0.003659983934254818,3-0,0,0.0036938364780396693,3-0,0,0.0037276890218245207,3-0,0,0.003761541565609372,3-0,0,0.0037953941093942234,3-0,0,0.003829246653179297,3-0,0,0.003863099196964148,3-0,0,0.0038969517407485554,3-0,0,0.003930804284533629,3-0,0,0.00396465682831848,3-0,0,0.003998509372103332,3-0,0,0.004032361915887961,3-0,0,0.004066214459672812,3-0,0,0.004100067003457886,3-0,0,0.004133919547242737,3-0,0,0.004167772091027366
Gold Cup,2023,2023-06-26,Costa Rica,Panama,1,2,0.4201077420339065,0.3093854858123827,0.27050677215371083,0.25795306321149986,0.3231905387811063,0.41885639800692387,0.16215467882217166,home,away,True,1-0,0,0.08152806085986875,0-1,1,0.1414886440092007,0-1,1,0.13898303737394946,0-1,1,0.13647743073869867,0-1,1,0.13128979680409725,0-1,1,0.11844594228620997,0-1,1,0.10560208776832336,0-1,1,0.09275823325043753,0-1,1,0.07991437873255236,0-1,1,0.06707052421466753,0-1,1,0.05422666969678369,0-1,1,0.041382815178899746,0-1,1,0.024461882470497187,1-0,0,0.00423199177103295,1-0,0,0.03292586601256109,1-0,0,0.05162713736146063,1-0,0,0.06747715708510649,1-0,0,0.07523594027265534,1-0,0,0.07680939779365048,1-0,0,0.07838285531464562,1-0,0,0.07995631283564064,1-0,0,0.08152977035663544
Gold Cup,2023,2023-06-26,El Salvador,Martinique,1,2,0.5040632136202019,0.2660642130140369,0.2298725733657613,0.5571933530218858,0.2710091778831168,0.17179746909544627,0.05807510427053941,home,home,False,2-0,0,0.0010616317517542218,2-0,0,0.001173676067403151,2-0,0,0.00116808038210503,2-0,0,0.0011624846968071312,2-0,0,0.0011568890115090102,2-0,0,0.0011512933262110003,2-0,0,0.0011456976409131014,2-0,0,0.0011401019556149805,2-0,0,0.0011345062703168596,2-0,0,0.0011289105850189607,2-0,0,0.0011233148997207287,2-0,0,0.0011177192144228298,2-0,0,0.001112123529124931,2-0,0,0.001106527843826921,2-0,0,0.0011009321585289111,2-0,0,0.0010953364732306792,2-0,0,0.0010897407879327803,2-0,0,0.0010841451026347704,2-0,0,0.0010785494173364274,2-0,0,0.0010729537320386395,2-0,0,0.0010673580467406296,2-0,0,0.0010617623614426197
Gold Cup,2023,2023-06-25,Mexico,Honduras,4,0,0.6470027538498897,0.22656710996182938,0.12643013618828097,0.7439926084830417,0.17933381403743875,0.07667357747914245,0.09698985463334059,home,home,False,2-0,1,0.03386377985997424,2-0,1,0.03895593174427625,2-0,1,0.038702009184165886,2-0,1,0.0384480866240553,2-0,1,0.038194164063944935,2-0,1,0.03794024150383413,2-0,1,0.03768631894372376,2-0,1,0.037432396383613176,2-0,1,0.03717847382350259,2-0,1,0.036924551263392225,2-0,1,0.03667062870328164,2-0,1,0.03641670614317105,2-0,1,0.036162783583060465,2-0,1,0.03590886102294988,2-0,1,0.035654938462839736,2-0,1,0.03540101590272915,2-0,1,0.03514709334261856,2-0,1,0.0348931707825082,2-0,1,0.03463924822239828,2-0,1,0.03438532566228725,2-0,1,0.03413140310217766,2-0,1,0.03387748054206707
Gold Cup,2023,2023-06-25,Haiti,Qatar,2,1,0.22254115036801927,0.2678723875724453,0.5095864620595354,0.31156443739236195,0.3022483224543638,0.38618724015376954,0.1233992219060135,away,away,False,0-1,0,0.004515816065725264,0-1,0,0.0034226836278595796,0-1,0,0.003477366493137568,0-1,0,0.0035320493584154455,0-1,0,0.003586732223693545,0-1,0,0.0036414150889714225,0-1,0,0.003696097954249522,0-1,0,0.0037507808195276215,0-1,0,0.00380546368480561,0-1,0,0.0038601465500833765,0-1,0,0.003914829415361698,0-1,0,0.0039695122806395755,0-1,0,0.004024195145917564,0-1,0,0.0040788780111954415,0-1,0,0.004133560876473763,0-1,0,0.0041882437417516405,0-1,0,0.004242926607029629,0-1,0,0.0042976094723077285,0-1,0,0.004352292337585717,0-1,0,0.0044069752028637055,0-1,0,0.004461658068141694,0-1,0,0.0045163409334197935
Gold Cup,2023,2023-06-25,Trinidad and Tobago,Saint Kitts and Nevis,3,0,0.5963154250794638,0.2338683205871842,0.16981625433335207,0.6382689586283177,0.2331267032518811,0.1286043381193538,0.041953533549077646,home,home,False,2-0,1,0.027705763758964164,2-0,1,0.02966640904463813,2-0,1,0.02956891012429186,2-0,1,0.029471411203945586,2-0,1,0.0293739122835992,2-0,1,0.02927641336325293,2-0,1,0.029178914442906434,2-0,1,0.029081415522560383,2-0,1,0.02898391660221389,2-0,1,0.028886417681867727,2-0,1,0.028788918761521565,2-0,1,0.02869141984117507,2-0,1,0.028593920920828908,2-0,1,0.028496422000482413,2-0,1,0.02839892308013625,2-0,1,0.02830142415978998,2-0,1,0.028203925239443706,2-0,1,0.028106426319097544,2-0,1,0.02800892739875116,2-0,1,0.027911428478404887,2-0,1,0.027813929558058725,2-0,1,0.027716430637712564
Gold Cup,2023,2023-06-24,United States,Jamaica,1,1,0.6490015058886596,0.2382822462857004,0.11271624782564006,0.5852828031483684,0.24659592684990997,0.16812127000127136,0.063718702740066,home,home,False,1-0,0,0.004648676052330991,1-0,0,0.004193360414363578,1-0,0,0.004216186600635052,1-0,0,0.004239012786906748,1-0,0,0.0042618389731781114,1-0,0,0.00428466515945003,1-0,0,0.004307491345721393,1-0,0,0.004330317531993089,1-0,0,0.004353143718264563,1-0,0,0.004375969904536259,1-0,0,0.004398796090807733,1-0,0,0.004421622277079318,1-0,0,0.00444444846335057,1-0,0,0.004467274649622377,1-0,0,0.004490100835893962,1-0,0,0.004512927022165769,1-0,0,0.004535753208437354,1-0,0,0.004558579394708939,1-0,0,0.004581405580980524,1-0,0,0.004604231767252109,1-0,0,0.004627057953523694,1-0,0,0.0046498841397952795
Gold Cup,2023,2023-06-28,Saint Kitts and Nevis,United States,6,0,0.006256652316603846,0.02756945597484457,0.9661738917085516,0.013758616849127601,0.03661248703185599,0.9496288961190428,0.016544995589522007,away,away,False,0-4,0,0.02895728312786172,0-4,0,0.03081037886852278,0-4,0,0.030837218699565128,0-4,0,0.03086405853060703,0-4,0,0.030890898361650043,0-4,0,0.03091773819269128,0-4,0,0.03094457802373385,0-4,0,0.030971417854776195,0-4,0,0.030998257685818098,0-4,0,0.03102509751685978,0-4,0,0.03105193734790257,0-4,0,0.03107877717894425,0-4,0,0.03110561700998704,0-4,0,0.03113245684102872,0-4,0,0.03115929667207129,0-4,0,0.031186136503113193,0-4,0,0.031212976334155318,0-4,0,0.03123981616519722,0-4,0,0.03126665599623957,0-4,0,0.03129349582728169,0-4,0,0.03132033565832426,0-4,0,0.031347175489366164
Gold Cup,2025,2025-07-06,United States,Mexico,1,2,0.2946790996505085,0.3409611475682869,0.3643597527812046,0.2882752128475921,0.3340918761217358,0.37763291103115987,0.01327315824971137,away,away,False,0-0,0,0.01539780898288945,0-1,1,0.02256870530466748,0-1,1,0.02067037079144063,0-1,1,0.018772036278213666,0-1,1,0.01687370176498637,0-1,1,0.014975367251759075,0-1,1,0.01307703273853189,0-1,1,0.011178698225304595,0-1,1,0.009280363712077189,0-1,1,0.007382029198849671,0-1,1,0.0054836946856219315,0-1,1,0.00358536017239397,0-1,1,0.0016870256591658972,0-0,0,0.0002113088540617314,0-0,0,0.002109643367289471,0-0,0,0.004007977880517988,0-0,0,0.005906312393745949,0-0,0,0.007804646906974244,0-0,0,0.009702981420202428,0-0,0,0.011601315933431167,0-0,0,0.013499650446659794,0-0,0,0.015397984959888644
Gold Cup,2025,2025-07-02,Mexico,Honduras,1,0,0.6616662389019501,0.2350438648442958,0.10328989625375412,0.694946487549414,0.20148035444948853,0.10357315800060951,0.03356351039456329,home,home,False,2-0,1,0.045310796089564453,2-0,1,0.04761062885117018,2-0,1,0.0474966277305926,2-0,1,0.04738262661001458,2-0,1,0.04726862548943678,2-0,1,0.047154624368858755,2-0,1,0.047040623248280955,2-0,1,0.04692662212770338,2-0,1,0.046812621007125355,2-0,1,0.046698619886547776,2-0,1,0.046584618765969976,2-0,1,0.046470617645391954,2-0,1,0.046356616524814376,2-0,1,0.04624261540423702,2-0,1,0.04612861428365855,2-0,1,0.046014613163080975,2-0,1,0.0459006120425034,2-0,1,0.0457866109219256,2-0,1,0.04567260980134802,2-0,1,0.04555860868077022,2-0,1,0.045444607560192196,2-0,1,0.04533060643961484
Gold Cup,2025,2025-07-02,United States,Guatemala,2,1,0.6465210966146302,0.2452340829826122,0.10824482040275754,0.7754275454487549,0.1530558869272088,0.07151656762367437,0.12890644883430563,home,home,False,2-0,2,0.029105881007342793,2-0,2,0.0349207310661892,2-0,2,0.03463047135985908,2-0,2,0.034340211653529185,2-0,2,0.034049951947199286,2-0,2,0.033759692240868944,2-0,2,0.033469432534539045,2-0,2,0.03317917282820915,2-0,2,0.03288891312187925,2-0,2,0.03259865341554913,2-0,2,0.03230839370921945,2-0,2,0.03201813400288933,2-0,2,0.03172787429655943,2-0,2,0.03143761459022931,2-0,2,0.031147354883899414,2-0,2,0.030857095177569516,2-0,2,0.030566835471239617,2-0,2,0.03027657576490972,2-0,2,0.0299863160585796,2-0,2,0.029696056352250144,2-0,2,0.029405796645920024,2-0,2,0.02911553693959057
Gold Cup,2025,2025-06-29,United States,Costa Rica,2,2,0.47169572137892546,0.3223301277261436,0.20597415089493099,0.6096049163313222,0.25263298946823826,0.1377620942009485,0.13790919495214227,home,home,False,1-0,0,0.06369679332568479,1-0,0,0.08232248297681932,1-0,0,0.08139130385985072,1-0,0,0.08046012474288022,1-0,0,0.07952894562591195,1-0,0,0.07859776650894179,1-0,0,0.07766658739197274,1-0,0,0.07673540827500336,1-0,0,0.07580422915803375,1-0,0,0.07487305004106404,1-0,0,0.07394187092409432,1-0,0,0.07301069180712494,1-0,0,0.07207951269015511,1-0,0,0.07114833357318529,1-0,0,0.07021715445621557,1-0,0,0.06928597533924563,1-0,0,0.0683547962222757,1-0,0,0.06742361710530564,1-0,0,0.0664924379883356,1-0,0,0.06556125887136566,1-0,0,0.06463007975439539,1-0,0,0.06369890063742545
Gold Cup,2025,2025-06-29,Canada,Guatemala,1,1,0.6276242546550975,0.24278510521245916,0.12959064013244326,0.7921875195473279,0.14833457111132967,0.059477909340877544,0.16456326489246278,home,home,False,2-0,0,0.04940868262965381,2-0,0,0.062389672080254144,2-0,0,0.06174165327916503,2-0,0,0.06109363447807503,2-0,0,0.0604456156769857,2-0,0,0.05979759687589592,2-0,0,0.05914957807480614,2-0,0,0.05850155927371681,2-0,0,0.05785354047262681,2-0,0,0.05720552167153792,2-0,0,0.056557502870448806,2-0,0,0.05590948406935903,2-0,0,0.055261465268269694,2-0,0,0.05461344646718058,2-0,0,0.053965427666090804,2-0,0,0.05331740886500169,2-0,0,0.05266939006391258,2-0,0,0.0520213712628238,2-0,0,0.05137335246173402,2-0,0,0.050725333660645244,2-0,0,0.05007731485955591,2-0,0,0.0494292960584668
Gold Cup,2025,2025-06-28,Mexico,Saudi Arabia,2,0,0.4964992272346456,0.3455987915397161,0.15790198122563814,0.6302577665603625,0.23555555891383095,0.13418667452529315,0.1337585393259735,home,home,False,1-0,1,0.1359872522504132,1-0,1,0.17262577819416158,1-0,1,0.170793974354021,1-0,1,0.16896217051387996,1-0,1,0.16713036667374015,1-0,1,0.16529856283360012,1-0,1,0.16346675899345997,1-0,1,0.16163495515332016,1-0,1,0.1598031513131808,1-0,1,0.1579713474730403,1-0,1,0.15613954363290083,1-0,1,0.15430773979276113,1-0,1,0.15247593595262265,1-0,1,0.15064413211248284,1-0,1,0.1488123282723438,1-0,1,0.14698052443220422,1-0,1,0.1451487205920653,1-0,1,0.14331691675192626,1-0,1,0.14148511291178756,1-0,1,0.13965330907164886,1-0,1,0.13782150523151004,1-0,1,0.13598970139137145
Gold Cup,2025,2025-06-28,Panama,Honduras,1,1,0.4664013939242885,0.2890102797965016,0.24458832627920987,0.5048247127891669,0.27404767738763885,0.22112760982270963,0.038423318865120695,home,home,False,2-0,0,0.007499090299733946,2-0,0,0.008117692405204435,2-0,0,0.00808679963432457,2-0,0,0.008055906863444706,2-0,0,0.008025014092564842,2-0,0,0.007994121321684977,2-0,0,0.007963228550805002,2-0,0,0.007932335779925137,2-0,0,0.007901443009045162,2-0,0,0.007870550238165297,2-0,0,0.007839657467285432,2-0,0,0.007808764696405568,2-0,0,0.007777871925525703,2-0,0,0.007746979154645839,2-0,0,0.007716086383765752,2-0,0,0.007685193612885999,2-0,0,0.007654300842006134,2-0,0,0.007623408071126381,2-0,0,0.007592515300246405,2-0,0,0.00756162252936643,2-0,0,0.007530729758486676,2-0,0,0.007499836987606812
Gold Cup,2025,2025-06-24,Canada,El Salvador,2,0,0.6808264565820646,0.23133396152013472,0.08783958189780067,0.7961065144511352,0.1478939558634893,0.05599952968573075,0.11528005786889296,home,home,False,2-0,3,0.03281174703624967,2-0,3,0.038383787846246964,2-0,3,0.038105879978152846,2-0,3,0.03782797211005917,2-0,3,0.03755006424196461,2-0,3,0.03727215637387049,2-0,3,0.036994248505776595,2-0,3,0.036716340637682476,2-0,3,0.036438432769588136,2-0,3,0.03616052490149402,2-0,3,0.0358826170333999,2-0,3,0.03560470916530556,2-0,3,0.03532680129721166,2-0,3,0.0350488934291171,2-0,3,0.034770985561023204,2-0,3,0.034493077692928864,2-0,3,0.0342151698248343,2-0,3,0.033937261956740405,2-0,3,0.033659354088646065,2-0,3,0.03338144622055195,2-0,3,0.03310353835245761,2-0,3,0.032825630484363266
Gold Cup,2025,2025-06-24,Honduras,Curaçao,2,1,0.4065065685419174,0.3188857990262883,0.2746076324317943,0.42881599128454756,0.29890478623418537,0.27227922248178493,0.022309422742371215,home,home,False,1-0,1,0.0411049605442414,1-0,1,0.04336208260859864,1-0,1,0.04324928562206276,1-0,1,0.04313648863552666,1-0,1,0.04302369164899078,1-0,1,0.04291089466245479,1-0,1,0.0427980976759188,1-0,1,0.0426853006893827,1-0,1,0.04257250370284693,1-0,1,0.04245970671631083,1-0,1,0.04234690972977506,1-0,1,0.04223411274323885,1-0,1,0.04212131575670286,1-0,1,0.04200851877016687,1-0,1,0.04189572178363088,1-0,1,0.04178292479709478,1-0,1,0.04167012781055868,1-0,1,0.04155733082402269,1-0,1,0.041444533837486475,1-0,1,0.041331736850950485,1-0,1,0.041218939864414605,1-0,1,0.041106142877878504
Gold Cup,2025,2025-06-24,Guadeloupe,Guatemala,2,3,0.1610196652540806,0.2686695524150879,0.5703107823308315,0.21739584345266755,0.23995981234673416,0.5426443442010978,0.056376178198337235,away,away,False,0-2,1,0.02553344305971872,0-2,1,0.02429975005955176,0-2,1,0.024361695562050922,0-2,1,0.024423641064549972,0-2,1,0.024485586567049133,0-2,1,0.024547532069548406,0-2,1,0.024609477572047678,0-2,1,0.024671423074546728,0-2,1,0.02473336857704611,0-2,1,0.02479531407954516,0-2,1,0.02485725958204421,0-2,1,0.02491920508454326,0-2,1,0.024981150587042755,0-2,1,0.025043096089541805,0-2,1,0.025105041592040855,0-2,1,0.02516698709454024,0-2,1,0.0252289325970394,0-2,1,0.02529087809953856,0-2,1,0.025352823602037722,0-2,1,0.025414769104536994,0-2,1,0.025476714607036266,0-2,1,0.025538660109535427
Gold Cup,2025,2025-06-24,Panama,Jamaica,4,1,0.43896618445211827,0.2981098492383705,0.2629239663095113,0.4056582612982564,0.304467134033251,0.2898746046679968,0.033307923153613944,home,home,False,1-0,1,0.0005702897656173489,1-0,1,0.0005270525174738694,1-0,1,0.000529216287625256,1-0,1,0.0005313800577768646,1-0,1,0.0005335438279283622,1-0,1,0.0005357075980797488,1-0,1,0.0005378713682312464,1-0,1,0.000540035138382633,1-0,1,0.0005421989085342416,1-0,1,0.0005443626786857392,1-0,1,0.0005465264488372368,1-0,1,0.0005486902189886234,1-0,1,0.0005508539891400099,1-0,1,0.0005530177592915075,1-0,1,0.0005551815294430051,1-0,1,0.0005573452995946138,1-0,1,0.0005595090697461114,1-0,1,0.000561672839897609,1-0,1,0.0005638366100489955,1-0,1,0.0005660003802004931,1-0,1,0.0005681641503519907,1-0,1,0.0005703279205033773
Gold Cup,2025,2025-06-22,Mexico,Costa Rica,0,0,0.5106533327303603,0.3097162327622396,0.1796304345074002,0.5711647861708954,0.2552154314741453,0.17361978235449496,0.060511453440767304,home,home,False,1-0,0,0.05027468181584571,1-0,0,0.056235137826022075,1-0,0,0.055937249195044836,1-0,0,0.05563936056406771,1-0,0,0.05534147193309047,1-0,0,0.05504358330211323,1-0,0,0.054745694671136214,1-0,0,0.054447806040158975,1-0,0,0.05414991740918218,1-0,0,0.05385202877820494,1-0,0,0.053554140147228035,1-0,0,0.05325625151625102,1-0,0,0.05295836288527389,1-0,0,0.052660474254296874,1-0,0,0.05236258562331986,1-0,0,0.05206469699234295,1-0,0,0.051766808361366046,1-0,0,0.05146891973038892,1-0,0,0.051171031099412234,1-0,0,0.050873142468435106,1-0,0,0.05057525383745831,1-0,0,0.050277365206481406
Gold Cup,2025,2025-06-22,Dominican Republic,Suriname,0,0,0.32707172684257396,0.29033963567045945,0.3825886374869666,0.35642919604622103,0.25715730550396076,0.386413498449304,0.033182330166241586,away,away,False,1-2,0,0.010372817682301139,1-2,0,0.010477338423676597,1-2,0,0.01047215299888038,1-2,0,0.010466967574084274,1-2,0,0.010461782149288168,1-2,0,0.010456596724492062,1-2,0,0.010451411299696067,1-2,0,0.010446225874900072,1-2,0,0.010441040450103856,1-2,0,0.01043585502530786,1-2,0,0.010430669600511866,1-2,0,0.01042548417571576,1-2,0,0.010420298750919543,1-2,0,0.010415113326123437,1-2,0,0.010409927901327443,1-2,0,0.010404742476531448,1-2,0,0.010399557051735342,1-2,0,0.010394371626939236,1-2,0,0.01038918620214313,1-2,0,0.010384000777347024,1-2,0,0.010378815352550919,1-2,0,0.010373629927754813
Gold Cup,2025,2025-06-22,Saudi Arabia,Trinidad and Tobago,1,1,0.6092614359896091,0.27279306144335974,0.11794550256703126,0.8011904661748385,0.1330502200798758,0.06575931374566263,0.19192903018504093,home,home,False,1-0,0,0.02064147463988364,1-0,0,0.027148070361687093,1-0,0,0.026822897819333447,1-0,0,0.0264977252769798,1-0,0,0.026172552734626375,1-0,0,0.025847380192272507,1-0,0,0.025522207649919082,1-0,0,0.025197035107565435,1-0,0,0.024871862565211345,1-0,0,0.02454669002285792,1-0,0,0.024221517480504273,1-0,0,0.023896344938150405,1-0,0,0.023571172395796536,1-0,0,0.02324599985344311,1-0,0,0.022920827311089464,1-0,0,0.022595654768735374,1-0,0,0.022270482226381505,1-0,0,0.02194530968402786,1-0,0,0.02162013714167421,1-0,0,0.021294964599320565,1-0,0,0.020969792056966252,1-0,0,0.020644619514612494
Gold Cup,2025,2025-06-22,United States,Haiti,2,1,0.7234705718965485,0.1844893067716056,0.09204012133184584,0.6498298163732121,0.19866649803167993,0.1515036855955876,0.07364075552357624,home,home,False,2-0,2,0.04680784045412412,2-0,2,0.04212934298826565,2-0,2,0.04236805446080827,2-0,2,0.04260676593335089,2-0,2,0.042845477405893506,2-0,2,0.0430841888784359,2-0,2,0.04332290035097841,2-0,2,0.04356161182352125,2-0,2,0.043800323296064314,2-0,2,0.044039034768607266,2-0,2,0.04427774624114966,2-0,2,0.044516457713692614,2-0,2,0.0447551691862349,2-0,2,0.04499388065877752,2-0,2,0.04523259213132058,2-0,2,0.04547130360386342,2-0,2,0.04571001507640604,2-0,2,0.04594872654894888,2-0,2,0.04618743802149172,2-0,2,0.04642614949403456,2-0,2,0.046664860966577404,2-0,2,0.0469035724391198
Gold Cup,2025,2025-06-21,Honduras,El Salvador,2,0,0.4336778003930925,0.34346146343486533,0.2228607361720422,0.5755300062447579,0.2701529456673978,0.15431704808832866,0.14185220585142325,home,home,False,1-0,1,0.07960760990814775,1-0,1,0.13184371385592686,1-0,1,0.13021892266909252,1-0,1,0.1285941314822583,1-0,1,0.12696934029542406,1-0,1,0.1253445491085896,1-0,1,0.12371975792175482,1-0,1,0.12209496673492026,1-0,1,0.1204701755480857,1-0,1,0.1188453843612508,1-0,1,0.1172205931744158,1-0,1,0.11559580198758079,1-0,1,0.1139710108007459,1-0,1,0.11234621961391078,1-0,1,0.11072142842707566,1-0,1,0.10909663724024032,1-0,1,0.10747184605340498,1-0,1,0.10584705486656953,1-0,1,0.10422226367973397,1-0,1,0.10259747249289863,1-0,1,0.10029177451611493,1-0,1,0.07960879631137185
Gold Cup,2025,2025-06-21,Curaçao,Canada,1,1,0.1078142074015187,0.2218776417388468,0.6703081508596345,0.06292609882564687,0.1396902139761948,0.7973836871985901,0.12707553633873975,away,away,False,0-2,0,0.05835908204003837,0-2,0,0.06947091734593291,0-2,0,0.06891735359592155,0-2,0,0.0683637898459104,0-2,0,0.06781022609589904,0-2,0,0.06725666234588767,0-2,0,0.06670309859587631,0-2,0,0.06614953484586472,0-2,0,0.06559597109585313,0-2,0,0.06504240734584199,0-2,0,0.0644888435958304,0-2,0,0.06393527984581882,0-2,0,0.06338171609580723,0-2,0,0.06282815234579542,0-2,0,0.062274588595784275,0-2,0,0.061721024845772465,0-2,0,0.0611674610957611,0-2,0,0.060613897345748846,0-2,0,0.0600603335957377,0-2,0,0.05950676984572545,0-2,0,0.05895320609571386,0-2,0,0.05839964234570205
Gold Cup,2025,2025-06-20,Guatemala,Panama,0,1,0.2190778760369267,0.28580984904342355,0.4951122749196498,0.16749047749277501,0.23049952833061338,0.6020099941761415,0.10689771925672678,away,away,False,0-2,1,0.015537400520395428,0-2,1,0.018894229899223514,0-2,1,0.018726479354973624,0-2,1,0.018558728810723513,0-2,1,0.018390978266473512,0-2,1,0.018223227722223623,0-2,1,0.0180554771779734,0-2,1,0.01788772663372351,0-2,1,0.0177199760894734,0-2,1,0.0175522255452234,0-2,1,0.01738447500097351,0-2,1,0.017216724456723842,0-2,1,0.01704897391247351,0-2,1,0.01688122336822373,0-2,1,0.01671347282397384,0-2,1,0.01654572227972384,0-2,1,0.01637797173547406,0-2,1,0.01621022119122395,0-2,1,0.016042470646974172,0-2,1,0.01587472010272406,0-2,1,0.015706969558474393,0-2,1,0.015539219014224503
Gold Cup,2025,2025-06-20,Jamaica,Guadeloupe,2,1,0.6251535849765482,0.2454582924975725,0.12938812252587933,0.630503651480233,0.22049089019400117,0.14900545832532142,0.024967402303349137,home,home,False,2-0,2,0.05011568334248517,2-0,2,0.05056386610947661,2-0,2,0.05054241341481369,2-0,2,0.050520960720150776,2-0,2,0.05049950802548697,2-0,2,0.05047805533082428,2-0,2,0.05045660263616114,2-0,2,0.050435149941498114,2-0,2,0.050413697246834976,2-0,2,0.05039224455217206,2-0,2,0.0503707918575087,2-0,2,0.05034933916284556,2-0,2,0.05032788646818265,2-0,2,0.05030643377351962,2-0,2,0.050284981078856594,2-0,2,0.05026352838419357,2-0,2,0.05024207568953032,2-0,2,0.05022062299486729,2-0,2,0.050199170300204266,2-0,2,0.05017771760554135,2-0,2,0.0501562649108781,2-0,2,0.050134812216215074
Gold Cup,2025,2025-06-19,Saudi Arabia,United States,1,0,0.17983152503294253,0.35914682852792046,0.461021646439137,0.15888705616223442,0.22936961958705465,0.6117433242502364,0.15072167781133664,away,away,False,0-1,0,0.0801617254884508,0-1,0,0.1950702142000793,0-1,0,0.19266713853012418,0-1,0,0.19026406286016984,0-1,0,0.18786098719021527,0-1,0,0.18545791152026048,0-1,0,0.18305483585030613,0-1,0,0.1806517601803519,0-1,0,0.1782486845103971,0-1,0,0.1758456088404433,0-1,0,0.17344253317048874,0-1,0,0.17103945750053473,0-1,0,0.16863638183058138,0-1,0,0.16623330616062715,0-1,0,0.1638302304906737,0-1,0,0.16142715482072034,0-1,0,0.15902407915076688,0-1,0,0.15662100348081365,0-1,0,0.1542179278108603,0-1,0,0.13825152124870954,0-1,0,0.10920706292876503,0-1,0,0.08016260460882174
Gold Cup,2025,2025-06-19,Trinidad and Tobago,Haiti,1,1,0.21225334080801272,0.23618661398934893,0.5515600452026383,0.09088049059721078,0.13857033009825714,0.7705491793040904,0.2189891341016729,away,away,False,1-2,0,0.008325898797051146,1-2,0,0.011640443230158226,1-2,0,0.011475033243878663,1-2,0,0.011309623257598433,1-2,0,0.011144213271318648,1-2,0,0.010978803285038863,1-2,0,0.010813393298758633,1-2,0,0.01064798331247907,1-2,0,0.010482573326199063,1-2,0,0.0103171633399195,1-2,0,0.010151753353639492,1-2,0,0.009986343367359374,1-2,0,0.00982093338107981,1-2,0,0.009655523394799914,1-2,0,0.00949011340852024,1-2,0,0.009324703422240344,1-2,0,0.00915929343596078,1-2,0,0.008993883449680995,1-2,0,0.008828473463401099,1-2,0,0.008663063477121424,1-2,0,0.008497653490841639,1-2,0,0.008332243504561854
Gold Cup,2025,2025-06-18,Suriname,Mexico,0,2,0.04983130401971525,0.1640526715882159,0.7861160243920688,0.05264090315433498,0.12535318228460463,0.82200591456153,0.038699489303846105,away,away,False,0-2,3,0.10751777137323915,0-2,3,0.1126405072160348,0-2,3,0.11239460537026047,0-2,3,0.11214870352448458,0-2,3,0.11190280167871025,0-2,3,0.11165689983293481,0-2,3,0.11141099798716003,0-2,3,0.11116509614138481,0-2,3,0.11091919429561026,0-2,3,0.11067329244983459,0-2,3,0.11042739060406004,0-2,3,0.11018148875828437,0-2,3,0.1099355869125096,0-2,3,0.10968968506673438,0-2,3,0.10944378322095938,0-2,3,0.10919788137518416,0-2,3,0.10895197952940894,0-2,3,0.10870607768363416,0-2,3,0.10846017583785894,0-2,3,0.10821427399208394,0-2,3,0.1079683721463085,0-2,3,0.1077224703005335
Gold Cup,2025,2025-06-18,Costa Rica,Dominican Republic,2,1,0.68922237304004,0.2049774410106691,0.1058001859492909,0.673447273868466,0.19006391159189095,0.13648881453921416,0.030688628590137663,home,home,False,2-0,2,0.04716597122970745,2-0,2,0.04614168212086134,2-0,2,0.04619572418470441,2-0,2,0.046249766248547375,2-0,2,0.04630380831239067,2-0,2,0.04635785037623352,2-0,2,0.046411892440076596,2-0,2,0.04646593450391967,2-0,2,0.046519976567762855,2-0,2,0.04657401863160571,2-0,2,0.04662806069544878,2-0,2,0.04668210275929119,2-0,2,0.04673614482313493,2-0,2,0.04679018688697756,2-0,2,0.046844228950821076,2-0,2,0.046898271014663706,2-0,2,0.04695231307850678,2-0,2,0.047006355142349854,2-0,2,0.04706039720619293,2-0,2,0.047114439270035335,2-0,2,0.0471684813338793,2-0,2,0.04722252339772215
Gold Cup,2025,2025-06-17,Canada,Honduras,6,0,0.6016475338164536,0.2513080736188631,0.14704439256468316,0.691134652396418,0.19167381786579668,0.11719152973734488,0.08948711858018454,home,home,False,2-0,1,0.039418851073309336,2-0,1,0.045297594242456496,2-0,1,0.045004340881963145,2-0,1,0.04471108752146957,2-0,1,0.04441783416097622,2-0,1,0.04412458080048265,2-0,1,0.0438313274399893,2-0,1,0.043538074079495725,2-0,1,0.04324482071900215,2-0,1,0.04295156735850847,2-0,1,0.04265831399801556,2-0,1,0.0423650606375221,2-0,1,0.04207180727702886,2-0,1,0.041778553916535066,2-0,1,0.041485300556041826,2-0,1,0.04119204719554859,2-0,1,0.040898793835055125,2-0,1,0.040605540474561774,2-0,1,0.040312287114068535,2-0,1,0.04001903375357507,2-0,1,0.03972578039308183,2-0,1,0.039432527032588593
Gold Cup,2025,2025-06-17,Curaçao,El Salvador,0,0,0.3664609708235949,0.35947124949256765,0.27406777968383744,0.4773402276846932,0.27289466532303713,0.2497651069927628,0.11087925686085172,home,home,False,0-0,3,0.05776559586497865,1-0,0,0.15276292773028255,1-0,0,0.1509886963833057,1-0,0,0.14921446503632896,1-0,0,0.147440233689352,1-0,0,0.14566600234237514,1-0,0,0.14389177099539807,1-0,0,0.14211753964842078,1-0,0,0.1403433083014437,1-0,0,0.1385690769544663,1-0,0,0.13679484560748878,1-0,0,0.13502061426051126,1-0,0,0.11975042608056574,1-0,0,0.10002638335428626,1-0,0,0.08030234062800556,1-0,0,0.06057829790172453,1-0,0,0.040854255175441945,1-0,0,0.02113021244915847,1-0,0,0.0014061697228739956,0-0,3,0.018317873003411034,0-0,3,0.03804191572969717,0-0,3,0.057765958455984645
Gold Cup,2025,2025-06-16,Jamaica,Guatemala,0,1,0.3845495686169321,0.3271166373736559,0.288333794009412,0.631187764440182,0.2277477159746122,0.14106451958475508,0.24663819582347526,home,home,False,1-0,0,0.04534866201659482,1-0,0,0.0928590764090289,1-0,0,0.09104483060440116,1-0,0,0.0892305847997733,1-0,0,0.08741633899514512,1-0,0,0.08560209319051681,1-0,0,0.08378784738588974,1-0,0,0.08197360158126232,1-0,0,0.08015935577663469,1-0,0,0.07834510997200717,1-0,0,0.07653086416737997,1-0,0,0.0747166183627529,1-0,0,0.07290237255812548,1-0,0,0.07108812675349863,1-0,0,0.06927388094887155,1-0,0,0.06745963514424469,1-0,0,0.06564538933961794,1-0,0,0.0638311435349912,1-0,0,0.06201689773036456,1-0,0,0.06020265192573793,1-0,0,0.058388406121111514,1-0,0,0.04534956230767051
Gold Cup,2025,2025-06-16,Panama,Guadeloupe,5,2,0.7432813507167578,0.17598044483716035,0.0807382044460818,0.5858522874176366,0.23410055198307902,0.18004716059883047,0.15742906329889428,home,home,False,2-0,1,0.05609467664057277,2-0,1,0.044315900291057586,2-0,1,0.04491132432727829,2-0,1,0.04550674836349877,2-0,1,0.046102172399719255,2-0,1,0.04669759643593996,2-0,1,0.04729302047216055,2-0,1,0.047888444508381034,2-0,1,0.04848386854460163,2-0,1,0.04907929258082211,2-0,1,0.04967471661704259,2-0,1,0.05027014065326307,2-0,1,0.05086556468948367,2-0,1,0.05146098872570404,2-0,1,0.05205641276192363,2-0,1,0.05265183679814389,2-0,1,0.05324726083436482,2-0,1,0.053842684870585744,2-0,1,0.054438108906805116,2-0,1,0.0550335329430256,2-0,1,0.055628956979245414,2-0,1,0.056224381015465674
Gold Cup,2025,2025-06-15,Costa Rica,Suriname,4,3,0.6077048599246697,0.2665972537955008,0.12569788627982953,0.6429152779457784,0.2324662148676192,0.12461850718709597,0.03521041802086193,home,home,False,2-0,1,0.0012511835846450436,2-0,1,0.0013239299280445316,2-0,1,0.001320304557191232,2-0,1,0.0013166791863379324,2-0,1,0.0013130538154841886,2-0,1,0.001309428444630889,2-0,1,0.0013058030737775894,2-0,1,0.0013021777029242898,2-0,1,0.0012985523320712122,2-0,1,0.0012949269612174685,2-0,1,0.001291301590364169,2-0,1,0.0012876762195108693,2-0,1,0.0012840508486577917,2-0,1,0.0012804254778044921,2-0,1,0.0012768001069511925,2-0,1,0.0012731747360974488,2-0,1,0.0012695493652441492,2-0,1,0.0012659239943908496,2-0,1,0.00126229862353755,2-0,1,0.0012586732526841393,2-0,1,0.0012550478818307287,2-0,1,0.0012514225109776511
Gold Cup,2025,2025-06-15,Haiti,Saudi Arabia,0,1,0.2092618453422367,0.3073165858800112,0.48342156877775216,0.22379391313367825,0.24997851791392345,0.5262275689519057,0.05733806796584141,away,away,False,0-1,3,0.031405803834735124,0-1,3,0.034188607782959735,0-1,3,0.034049554107604685,0-1,3,0.03391050043224941,0-1,3,0.03377144675689414,0-1,3,0.03363239308153898,0-1,3,0.03349333940618393,0-1,3,0.03335428573082844,0-1,3,0.033215232055473276,0-1,3,0.033076178380118115,0-1,3,0.032937124704762955,0-1,3,0.032798071029407794,0-1,3,0.03265901735405263,0-1,3,0.03251996367869758,0-1,3,0.0323809100033422,0-1,3,0.03224185632798715,0-1,3,0.03210280265263199,0-1,3,0.03196374897727683,0-1,3,0.03182469530192178,0-1,3,0.03168564162656662,0-1,3,0.03154658795121146,0-1,3,0.0314075342758563
Gold Cup,2025,2025-06-15,United States,Trinidad and Tobago,5,0,0.8278166668344612,0.13002933165997466,0.04215400150556412,0.9084832364151361,0.06781918411260258,0.02369757947182869,0.08066656958089119,home,home,False,2-0,1,0.04202766310563999,2-0,1,0.04635712027004124,2-0,1,0.046151311856746036,2-0,1,0.04594550344345083,2-0,1,0.045739695030155625,2-0,1,0.045533886616859975,2-0,1,0.04532807820356477,2-0,1,0.04512226979026934,2-0,1,0.04491646137697414,2-0,1,0.04471065296367871,2-0,1,0.04450484455038328,2-0,1,0.044299036137087855,2-0,1,0.04409322772379265,2-0,1,0.043887419310497444,2-0,1,0.04368161089720202,2-0,1,0.04347580248390659,2-0,1,0.04326999407061183,2-0,1,0.04306418565731618,2-0,1,0.04285837724402097,2-0,1,0.04265256883072599,2-0,1,0.04244676041743056,2-0,1,0.04224095200413558
Gold Cup,2025,2025-06-14,Mexico,Dominican Republic,3,2,0.8588381816080293,0.10632559439436899,0.03483622399760163,0.8421544502353648,0.11631272774357414,0.04153282202069944,0.016683731372483693,home,home,False,3-0,2,0.004237355828397904,3-0,2,0.004196807268732172,3-0,2,0.004200964368720195,3-0,2,0.004205121468707551,3-0,2,0.0042092785686951295,3-0,2,0.004213435668682708,3-0,2,0.004217592768670286,3-0,2,0.004221749868658087,3-0,2,0.004225906968645887,3-0,2,0.004230064068633244,3-0,2,0.004234221168621044,3-0,2,0.0042383782686086224,3-0,2,0.004242535368596645,3-0,2,0.004246692468584001,3-0,2,0.004250849568571358,3-0,2,0.004255006668559158,3-0,2,0.0042591637685469586,3-0,2,0.004263320868534537,3-0,2,0.004267477968521893,3-0,2,0.004271635068509694,3-0,2,0.004275792168497494,3-0,2,0.004279949268485073
UEFA Euro,2008,2008-06-29,Germany,Spain,0,1,0.3087325182832321,0.279586409849168,0.4116810718675999,0.27450717939131014,0.29998903472339805,0.42550378588478843,0.03422533889167029,away,away,False,1-2,1,0.013183698724890558,1-2,1,0.013628227975993279,1-2,1,0.013606091968732748,1-2,1,0.013583955961471994,1-2,1,0.013561819954211352,1-2,1,0.013539683946950487,1-2,1,0.013517547939689734,1-2,1,0.013495411932429091,1-2,1,0.01347327592516856,1-2,1,0.013451139917907695,1-2,1,0.013429003910647053,1-2,1,0.0134068679033863,1-2,1,0.013384731896125546,1-2,1,0.013362595888864903,1-2,1,0.01334045988160426,1-2,1,0.013318323874343507,1-2,1,0.013296187867082754,1-2,1,0.013274051859822,1-2,1,0.013251915852561469,1-2,1,0.013229779845300604,1-2,1,0.013207643838040073,1-2,1,0.01318550783077932
UEFA Euro,2008,2008-06-26,Russia,Spain,0,3,0.18367646155584014,0.27051686982346435,0.5458066686206955,0.2609025805775769,0.27535600735970833,0.463741412062252,0.08206525655821213,away,away,False,0-2,1,0.023821589956763756,0-2,1,0.020244230249070738,0-2,1,0.020423354638871016,0-2,1,0.020602479028671072,0-2,1,0.020781603418471017,0-2,1,0.020960727808271296,0-2,1,0.02113985219807124,0-2,1,0.021318976587871408,0-2,1,0.021498100977671353,0-2,1,0.02167722536747141,0-2,1,0.021856349757271576,0-2,1,0.022035474147071632,0-2,1,0.022214598536871577,0-2,1,0.022393722926671744,0-2,1,0.02257284731647169,0-2,1,0.022751971706271856,0-2,1,0.02293109609607158,0-2,1,0.023110220485871635,0-2,1,0.02328934487567147,0-2,1,0.023468469265471414,0-2,1,0.02364759365527158,0-2,1,0.023826718045071416
UEFA Euro,2008,2008-06-25,Germany,Turkey,3,2,0.4852659193918185,0.25445386046490864,0.2602802201432729,0.6707474548943352,0.21929725235218628,0.10995529275305602,0.18548153550272795,home,home,False,2-1,1,0.0149561979440207,2-1,1,0.02068138303996303,2-1,1,0.020395432295417848,2-1,1,0.020109481550873,2-1,1,0.019823530806327594,2-1,1,0.019537580061782966,2-1,1,0.019251629317238117,2-1,1,0.018965678572693156,2-1,1,0.018679727828148196,2-1,1,0.018393777083603458,2-1,1,0.018107826339058386,2-1,1,0.017821875594513648,2-1,1,0.017535924849968798,2-1,1,0.01724997410542406,2-1,1,0.0169640233608791,2-1,1,0.01667807261633414,2-1,1,0.01639212187178951,2-1,1,0.01610617112724455,2-1,1,0.015820220382699812,2-1,1,0.015534269638154852,2-1,1,0.015248318893610335,2-1,1,0.014962368149065597
UEFA Euro,2008,2008-06-22,Spain,Italy,0,0,0.30928580821932916,0.34366997875786687,0.34704421302280397,0.38238051071629103,0.3081355955571766,0.3094838937270455,0.0730947024967053,away,home,True,0-0,3,0.04905026308764826,1-0,0,0.09768011022700562,1-0,0,0.08732948898501636,1-0,0,0.07697886774302598,1-0,0,0.06662824650103583,1-0,0,0.056277625259044894,1-0,0,0.045927004017052964,1-0,0,0.03557638277506059,1-0,0,0.02522576153306777,1-0,0,0.01487514029107495,1-0,0,0.004524519049081466,0-0,3,0.00582610219291313,0-0,3,0.016176723434907503,0-0,3,0.026527344676903097,0-0,3,0.03687796591889936,0-0,3,0.04722858716089562,0-0,3,0.04855163438223742,0-0,3,0.04865146499070927,0-0,3,0.04875129559918123,0-0,3,0.04885112620765286,0-0,3,0.048950956816124935,0-0,3,0.049050787424596676
UEFA Euro,2008,2008-06-21,Netherlands,Russia,1,3,0.5536906002472617,0.28233604875007784,0.16397335100266047,0.5894161481686364,0.23608775648031982,0.1744960953505415,0.046248292269506885,home,home,False,2-0,0,0.004868912971070505,2-0,0,0.0051837884208748575,2-0,0,0.005168078494855677,2-0,0,0.005152368568836274,2-0,0,0.0051366586428169825,2-0,0,0.005120948716797913,2-0,0,0.00510523879077851,2-0,0,0.0050895288647593295,2-0,0,0.005073818938739816,2-0,0,0.005058109012720635,2-0,0,0.0050423990867014545,2-0,0,0.005026689160682163,2-0,0,0.005010979234663093,2-0,0,0.0049952693086436906,2-0,0,0.00497955938262451,2-0,0,0.004963849456605218,2-0,0,0.004948139530586038,2-0,0,0.004932429604566968,2-0,0,0.004916719678547343,2-0,0,0.004901009752528163,2-0,0,0.004885299826508982,2-0,0,0.00486958990048969
UEFA Euro,2008,2008-06-20,Croatia,Turkey,1,1,0.38566274138836804,0.30261430959437996,0.311722949017252,0.5354533055171519,0.2754097447890002,0.18913694969433106,0.14979056412854225,home,home,False,2-1,0,0.0009514578986512534,2-1,0,0.001321071952888886,2-1,0,0.0013025937671126142,2-1,0,0.0012841155813362315,2-1,0,0.0012656373955600708,2-1,0,0.001247159209783577,2-1,0,0.0012286810240074164,2-1,0,0.0012102028382310337,2-1,0,0.001191724652454762,2-1,0,0.0011732464666783793,2-1,0,0.0011547682809021076,2-1,0,0.0011362900951257249,2-1,0,0.0011178119093494532,2-1,0,0.0010993337235732925,2-1,0,0.0010808555377969098,2-1,0,0.001062377352020527,2-1,0,0.0010438991662442554,2-1,0,0.0010254209804678727,2-1,0,0.001006942794691601,2-1,0,0.0009884646089153293,2-1,0,0.0009699864231390576,2-1,0,0.0009515082373627859
UEFA Euro,2008,2008-06-19,Portugal,Germany,2,3,0.3490031615589389,0.27730101009730945,0.3736958283437517,0.4131886587134376,0.3043896473103102,0.28242169397575173,0.0912741343677497,away,home,True,1-2,1,0.019011562552011085,2-1,0,0.02452390678732097,2-1,0,0.024333427315519685,2-1,0,0.02414294784371862,2-1,0,0.023952468371917335,2-1,0,0.02376198890011616,2-1,0,0.023571509428314874,2-1,0,0.02338102995651381,2-1,0,0.023190550484712635,2-1,0,0.02300007101291135,2-1,0,0.022809591541110286,2-1,0,0.02261911206930911,2-1,0,0.022428632597507936,2-1,0,0.022238153125706983,2-1,0,0.022047673653905808,2-1,0,0.021857194182104633,2-1,0,0.02166671471030368,2-1,0,0.014248448101760847,2-1,0,0.0016134262713024539,1-2,1,0.011021595559155162,1-2,1,0.01878209507061135,1-2,1,0.019014304538272575
UEFA Euro,2008,2008-06-18,Greece,Spain,1,2,0.19549751076385624,0.3086551858198939,0.49584730341624983,0.17144145213530132,0.2519190103814766,0.5766395374827679,0.0807922340667451,away,away,False,0-1,1,0.03341183361169531,0-1,1,0.038858123901765795,0-1,1,0.03858590577955967,0-1,1,0.038313687657353435,0-1,1,0.03804146953514753,0-1,1,0.03776925141294141,0-1,1,0.03749703329073528,0-1,1,0.03722481516852938,0-1,1,0.036952597046323366,0-1,1,0.03668037892411735,0-1,1,0.036408160801911116,0-1,1,0.03613594267970499,0-1,1,0.03586372455749909,0-1,1,0.035591506435293074,0-1,1,0.03531928831308717,0-1,1,0.03504707019088127,0-1,1,0.034774852068675255,0-1,1,0.03450263394646924,0-1,1,0.03423041582426323,0-1,1,0.033958197702057547,0-1,1,0.03368597957985153,0-1,1,0.03341376145764574
UEFA Euro,2008,2008-06-18,Russia,Sweden,2,0,0.2600733204726215,0.3033865423229517,0.43654013720442675,0.3532373476175504,0.2864527534918065,0.3603098988901458,0.09316402714517752,away,away,False,0-1,0,0.005062646708606122,1-0,1,0.028630077558515987,1-0,1,0.014414052858709892,1-0,1,0.0001980281589044619,0-1,0,0.004311453692981249,0-1,0,0.004355659215898755,0-1,0,0.0043998647388162615,0-1,0,0.004444070261733768,0-1,0,0.004488275784651163,0-1,0,0.00453248130756867,0-1,0,0.004576686830486065,0-1,0,0.004620892353403683,0-1,0,0.004665097876320967,0-1,0,0.004709303399238585,0-1,0,0.004753508922156091,0-1,0,0.0047977144450734865,0-1,0,0.004841919967991104,0-1,0,0.0048861254909083884,0-1,0,0.004930331013825784,0-1,0,0.004974536536743623,0-1,0,0.005018742059660686,0-1,0,0.005062947582578192
UEFA Euro,2008,2008-06-17,France,Italy,0,2,0.36126643083758536,0.3765412860707494,0.26219228309166526,0.3447714455409711,0.25238792129631826,0.40284063316320673,0.14064835007129342,draw,away,True,0-0,0,0.11126219890488209,0-1,1,0.14968095140458748,0-1,1,0.1335598745543829,0-1,1,0.11743879770417798,0-1,1,0.10131772085397173,0-1,1,0.08519664400376536,0-1,1,0.06907556715355756,0-1,1,0.05295449030334953,0-1,1,0.036833413453140174,0-1,1,0.02071233660293037,0-1,1,0.0045912597527195675,1-0,0,0.008361401454752726,0-0,0,0.003601001554522143,0-0,0,0.015563404563799232,0-0,0,0.02752580757307621,0-0,0,0.039488210582353744,0-0,0,0.0514506135916315,0-0,0,0.06341301660091092,0-0,0,0.07537541961019001,0-0,0,0.08733782261946998,0-0,0,0.0993002256287503,0-0,0,0.1112626286380316
UEFA Euro,2008,2008-06-15,Turkey,Czech Republic,3,2,0.24447364957169665,0.27582368013951786,0.47970267028878544,0.2776505167375516,0.3080696189803726,0.41427986428254454,0.06542280600647529,away,away,False,0-2,0,8.040095273076364e-05,0-2,0,6.944809065989599e-05,0-2,0,6.999645051930514e-05,0-2,0,7.054481037882532e-05,0-2,0,7.109317023823447e-05,0-2,0,7.164153009764362e-05,0-2,0,7.218988995694176e-05,0-2,0,7.273824981646193e-05,0-2,0,7.32866096759821e-05,0-2,0,7.383496953528024e-05,0-2,0,7.438332939468939e-05,0-2,0,7.493168925409854e-05,0-2,0,7.54800491135077e-05,0-2,0,7.602840897302787e-05,0-2,0,7.6576768832326e-05,0-2,0,7.712512869173516e-05,0-2,0,7.767348855125533e-05,0-2,0,7.822184841055346e-05,0-2,0,7.877020827007364e-05,0-2,0,7.931856812948279e-05,0-2,0,7.986692798878092e-05,0-2,0,8.04152878483011e-05
UEFA Euro,2008,2008-06-13,Italy,Romania,1,1,0.4006759106849738,0.3413403903215503,0.25798369899347595,0.5759743235712601,0.2691523890693523,0.15487328735892955,0.17529841288651532,home,home,False,1-0,0,0.03632284902968386,1-0,0,0.11590541396834642,1-0,0,0.11414161701750036,1-0,0,0.11237782006665453,1-0,0,0.11061402311580926,1-0,0,0.10885022616496365,1-0,0,0.10708642921411815,1-0,0,0.10532263226327299,1-0,0,0.1035588353124276,1-0,0,0.10179503836158221,1-0,0,0.10003124141073705,1-0,0,0.098267444459892,1-0,0,0.09650364750904716,1-0,0,0.094739850558202,1-0,0,0.09297605360735728,1-0,0,0.09121225665651256,1-0,0,0.08944845970566773,1-0,0,0.08768466275482345,1-0,0,0.08592086580397873,1-0,0,0.08258273069381994,1-0,0,0.05945305006590462,1-0,0,0.03632336943799064
UEFA Euro,2008,2008-06-12,Austria,Poland,1,1,0.25744562647527686,0.2641993144764503,0.4783550590482728,0.289600382052982,0.2849104091594291,0.42548920878710483,0.05286585026092597,away,away,False,1-2,0,0.009476244384165167,1-2,0,0.008431316020199975,1-2,0,0.008483694397961594,1-2,0,0.008536072775723214,1-2,0,0.00858845115348461,1-2,0,0.008640829531246341,1-2,0,0.00869320790900796,1-2,0,0.008745586286769469,1-2,0,0.008797964664530977,1-2,0,0.008850343042292708,1-2,0,0.008902721420054327,1-2,0,0.008955099797815835,1-2,0,0.009007478175577455,1-2,0,0.009059856553338963,1-2,0,0.009112234931100582,1-2,0,0.00916461330886209,1-2,0,0.009216991686623599,1-2,0,0.009269370064385218,1-2,0,0.009321748442146838,1-2,0,0.009374126819908457,1-2,0,0.009426505197669965,1-2,0,0.009478883575431363
UEFA Euro,2008,2008-06-11,Switzerland,Turkey,1,2,0.3074223028919902,0.2930575132086613,0.3995201838993484,0.4229024824405113,0.28321189367081834,0.2938856238891446,0.11548017954828396,away,home,True,1-2,3,0.0072735964547836485,2-1,0,0.016539625513727008,2-1,0,0.016313805259260405,2-1,0,0.01608798500479347,2-1,0,0.015862164750326535,2-1,0,0.01563634449585971,2-1,0,0.015410524241392887,2-1,0,0.015184703986925951,2-1,0,0.014958883732459016,2-1,0,0.014733063477992303,2-1,0,0.014507243223525479,2-1,0,0.014281422969058544,2-1,0,0.014055602714591608,2-1,0,0.006334944391093056,1-2,3,0.006601008865630642,1-2,3,0.006697174683411022,1-2,3,0.006793340501191625,1-2,3,0.006889506318972227,1-2,3,0.00698567213675283,1-2,3,0.007081837954533432,1-2,3,0.007178003772313923,1-2,3,0.007274169590094637
UEFA Euro,2008,2008-06-11,Czech Republic,Portugal,1,3,0.3742772729237028,0.30149935253091137,0.3242233745453859,0.178480729383001,0.28739689706183985,0.5341223735546975,0.20989899900954245,home,away,True,2-1,0,0.004130171877686051,0-1,1,0.0006755121950863252,0-1,1,0.0006622390819768231,0-1,1,0.0006489659688676541,0-1,1,0.0006356928557585961,0-1,1,0.0006224197426493161,0-1,1,0.0006091466295401471,0-1,1,0.0005958735164308671,0-1,1,0.000582600403321476,0-1,1,0.000569327290212196,0-1,1,0.000556054177103027,0-1,1,0.0005427810639937469,0-1,1,0.0005295079508845779,0-1,1,0.0005162348377754089,0-1,1,0.0005029617246660179,0-1,1,0.0004896886115568488,0-1,1,0.00047641549844767983,0-1,1,0.0004631423853382888,0-1,1,0.0004498692722292308,1-1,0,0.007832040718931843,2-1,0,0.004022358174023077,2-1,0,0.004130395341907178
UEFA Euro,2008,2008-06-10,Greece,Sweden,0,2,0.2671837378578727,0.337269097616583,0.3955471645255443,0.3072029347848215,0.31400355834720745,0.3787935068674719,0.04001919692719841,away,away,False,0-1,1,0.03800055609287234,0-1,1,0.05421606695705927,0-1,1,0.05340532169304779,0-1,1,0.05259457642903642,0-1,1,0.05178383116502516,0-1,1,0.050973085901013904,0-1,1,0.05016234063700298,0-1,1,0.0493515953729915,0-1,1,0.04854085010898057,0-1,1,0.0477301048449692,0-1,1,0.0469193595809585,0-1,1,0.04610861431694746,0-1,1,0.045297869052936535,0-1,1,0.044487123788925165,0-1,1,0.04367637852491457,0-1,1,0.04286563326090387,0-1,1,0.04205488799689294,0-1,1,0.041244142732881794,0-1,1,0.04043339746887131,0-1,1,0.03962265220486061,0-1,1,0.038811906940850016,0-1,1,0.03800116167683931
UEFA Euro,2008,2008-06-10,Spain,Russia,4,1,0.5458066686206955,0.2705168698234643,0.18367646155584014,0.5694704642074044,0.2651109145986382,0.1654186211934718,0.02366379558695167,home,home,False,2-0,1,0.023821589956763756,2-0,1,0.024859740574371347,2-0,1,0.024808089447906467,2-0,1,0.024756438321441365,2-0,1,0.024704787194976374,2-0,1,0.024653136068511272,2-0,1,0.02460148494204628,2-0,1,0.0245498338155814,2-0,1,0.024498182689116188,2-0,1,0.024446531562651308,2-0,1,0.024394880436186206,2-0,1,0.024343229309721215,2-0,1,0.024291578183256224,2-0,1,0.024239927056791233,2-0,1,0.024188275930326353,2-0,1,0.024136624803861362,2-0,1,0.02408497367739637,2-0,1,0.02403332255093149,2-0,1,0.02398167142446639,2-0,1,0.023930020298001287,2-0,1,0.023878369171536518,2-0,1,0.023826718045071416
UEFA Euro,2008,2008-06-09,Romania,France,0,0,0.20927824299865036,0.3417945805133458,0.44892717648800373,0.1753660724777767,0.29117557236810093,0.5334583551536443,0.08453117866587954,away,away,False,0-1,0,0.09488076155587755,0-1,0,0.1127484492206896,0-1,0,0.11185514993937717,0-1,0,0.11096185065806474,0-1,0,0.11006855137675253,0-1,0,0.10917525209544032,0-1,0,0.10828195281412811,0-1,0,0.10738865353281613,0-1,0,0.1064953542515037,0-1,0,0.10560205497019182,0-1,0,0.10470875568887983,0-1,0,0.10381545640756795,0-1,0,0.10292215712625596,0-1,0,0.10202885784494409,0-1,0,0.10113555856363221,0-1,0,0.10024225928232033,0-1,0,0.09934896000100879,0-1,0,0.09845566071969691,0-1,0,0.09756236143838526,0-1,0,0.0966690621570735,0-1,0,0.09577576287576195,0-1,0,0.0948824635944504
UEFA Euro,2008,2008-06-08,Germany,Poland,2,0,0.5572664621688146,0.23448777722385084,0.20824576060733443,0.6326377424252614,0.24550207195809007,0.1218601856170984,0.08638557499046104,home,home,False,2-1,2,0.008973815984107958,2-1,2,0.01019631640159746,2-1,2,0.010135577896008274,2-1,2,0.010074839390418977,2-1,2,0.01001410088482979,2-1,2,0.009953362379240493,2-1,2,0.009892623873651196,2-1,2,0.009831885368062121,2-1,2,0.009771146862472602,2-1,2,0.009710408356883526,2-1,2,0.00964966985129423,2-1,2,0.009588931345704932,2-1,2,0.009528192840115635,2-1,2,0.009467454334526337,2-1,2,0.00940671582893704,2-1,2,0.009345977323347743,2-1,2,0.009285238817758557,2-1,2,0.00922450031216937,2-1,2,0.009163761806579851,2-1,2,0.009103023300990554,2-1,2,0.009042284795401367,2-1,2,0.008981546289811959
UEFA Euro,2008,2008-06-07,Portugal,Turkey,2,0,0.4434808103302597,0.2916746567054241,0.2648445329643162,0.5664935141827003,0.2720617381726762,0.161444747645087,0.12301270385220885,home,home,False,2-0,3,0.0014105939329069894,2-0,3,0.0018020310653634741,2-0,3,0.0017824657298188828,2-0,3,0.0017629003942742916,2-0,3,0.0017433350587297003,2-0,3,0.001723769723185109,2-0,3,0.0017042043876405177,2-0,3,0.0016846390520961485,2-0,3,0.0016650737165515572,2-0,3,0.001645508381006855,2-0,3,0.0016259430454624857,2-0,3,0.0016063777099176724,2-0,3,0.0015868123743731921,2-0,3,0.0015672470388286008,2-0,3,0.0015476817032840096,2-0,3,0.0015281163677395293,2-0,3,0.001508551032194938,2-0,3,0.0014889856966504578,2-0,3,0.0014694203611057555,2-0,3,0.0014498550255611642,2-0,3,0.001430289690016684,2-0,3,0.0014107243544722037
UEFA Euro,2008,2008-06-07,Switzerland,Czech Republic,0,1,0.2063401826951514,0.270554272429583,0.5231055448752656,0.3424843002584623,0.30834815344531175,0.34916754629572877,0.17393799857928827,away,away,False,0-2,1,0.012185609740067993,1-1,0,0.024023389584220012,1-1,0,0.029503643634432808,1-1,0,0.012076498938088265,0-2,1,0.005350645758255945,0-2,1,0.008946108218020665,0-2,1,0.009148744928933361,0-2,1,0.009351381639846279,0-2,1,0.009554018350758864,0-2,1,0.00975665506167167,0-2,1,0.009959291772584367,0-2,1,0.010161928483497285,0-2,1,0.01036456519440987,0-2,1,0.010567201905322676,0-2,1,0.010769838616235372,0-2,1,0.010972475327148068,0-2,1,0.011175112038060653,0-2,1,0.011377748748973238,0-2,1,0.011580385459886045,0-2,1,0.01178302217079863,0-2,1,0.011985658881711325,0-2,1,0.01218829559262391
UEFA Euro,2008,2008-06-17,Netherlands,Romania,2,0,0.4071263044107782,0.3416342104578789,0.25123948513134287,0.3031101745481974,0.24470925103013344,0.4521805744221342,0.20094108929055882,home,away,True,1-0,1,0.044949343010938,0-1,0,0.16056663281496752,0-1,0,0.15699898352543418,0-1,0,0.15343133423590039,0-1,0,0.14986368494636604,0-1,0,0.14629603565683202,0-1,0,0.14272838636729757,0-1,0,0.13916073707776289,0-1,0,0.12361835782856168,0-1,0,0.09477906593269436,0-1,0,0.06593977403682516,0-1,0,0.037100482140954516,0-1,0,0.008261190245082428,1-0,1,0.02057810165079066,1-0,1,0.04776639508959024,1-0,1,0.04736405330015292,1-0,1,0.04696171151071493,1-0,1,0.04655936972127794,1-0,1,0.04615702793184007,1-0,1,0.04575468614240208,1-0,1,0.045352344352964424,1-0,1,0.04495000256352688
UEFA Euro,2008,2008-06-16,Austria,Germany,0,1,0.12903545285966922,0.18836196084222326,0.6826025862981075,0.09458012279467176,0.20389200879908803,0.7015278684057803,0.03445533006476749,away,away,False,0-2,1,0.006069212093414711,0-2,1,0.006256243137597428,0-2,1,0.0062478043305562725,0-2,1,0.006239365523514673,0-2,1,0.006230926716473073,0-2,1,0.006222487909431473,0-2,1,0.006214049102389874,0-2,1,0.006205610295348274,0-2,1,0.006197171488306452,0-2,1,0.006188732681265741,0-2,1,0.006180293874223919,0-2,1,0.006171855067182319,0-2,1,0.006163416260140497,0-2,1,0.006154977453098898,0-2,1,0.006146538646057298,0-2,1,0.006138099839015698,0-2,1,0.0061296610319740985,0-2,1,0.006121222224932499,0-2,1,0.006112783417891121,0-2,1,0.006104344610849521,0-2,1,0.006095905803807922,0-2,1,0.006087466996766322
UEFA Euro,2008,2008-06-16,Poland,Croatia,0,1,0.2612356571638924,0.2904845728277399,0.44827977000836783,0.39323186761848355,0.26955993329453576,0.3372081990874844,0.13199621045433935,away,home,True,0-2,1,0.0018793079974777083,1-0,0,0.00029960664656047964,1-0,0,0.00029457819576228506,1-0,0,0.00028954974496397945,1-0,0,0.00028452129416567384,1-0,0,0.00027949284336736824,1-0,0,0.0002744643925689516,0-2,1,0.001553510713323547,0-2,1,0.0015767950666659702,0-2,1,0.0016000794200082824,0-2,1,0.0016233637733507056,0-2,1,0.0016466481266931288,0-2,1,0.001669932480035552,0-2,1,0.001693216833377864,0-2,1,0.0017165011867201763,0-2,1,0.0017397855400624884,0-2,1,0.0017630698934049116,0-2,1,0.0017863542467473348,0-2,1,0.001809638600089758,0-2,1,0.0018329229534321811,0-2,1,0.0018562073067744933,0-2,1,0.0018794916601165834
UEFA Euro,2008,2008-06-15,Switzerland,Portugal,2,0,0.22546875642789516,0.28887170141779245,0.48565954215431245,0.28916559776374845,0.2833276229968435,0.42750677923989167,0.06369684133561151,away,away,False,0-2,0,0.013050572232691904,0-2,0,0.011489180154521161,0-2,0,0.011567322490742993,0-2,0,0.011645464826964824,0-2,0,0.011723607163186656,0-2,0,0.011801749499408376,0-2,0,0.011879891835630318,0-2,0,0.011958034171852039,0-2,0,0.01203617650807387,0-2,0,0.012114318844295702,0-2,0,0.012192461180517533,0-2,0,0.012270603516739476,0-2,0,0.012348745852961196,0-2,0,0.01242688818918325,0-2,0,0.01250503052540497,0-2,0,0.012583172861626801,0-2,0,0.012661315197848633,0-2,0,0.012739457534070575,0-2,0,0.012817599870292407,0-2,0,0.012895742206514238,0-2,0,0.01297388454273618,0-2,0,0.0130520268789579
UEFA Euro,2008,2008-06-14,Greece,Russia,0,1,0.3579289315716153,0.3192516949189045,0.3228193735094802,0.2898062251939401,0.2794506744020694,0.43074310040446745,0.10792372689474877,home,away,True,1-0,0,0.004092964556550727,0-1,3,0.04964888937455214,0-1,3,0.04902690690141942,0-1,3,0.0484049244282867,0-1,3,0.04778294195515387,0-1,3,0.047160959482021036,0-1,3,0.046538977008888205,0-1,3,0.04591699453575537,0-1,3,0.04529501206262243,0-1,3,0.04467302958948949,0-1,3,0.044051047116356545,0-1,3,0.0434290646432236,0-1,3,0.04280708217009066,0-1,3,0.042185099696957495,0-1,3,0.04156311722382444,0-1,3,0.030489296039054037,0-1,3,0.01737508645544139,0-1,3,0.0042608768718268575,1-1,0,0.0019972081224020055,1-0,0,3.288584143146256e-05,1-0,0,0.0020629798052652637,1-0,0,0.004093073769099287
UEFA Euro,2008,2008-06-14,Sweden,Spain,1,2,0.251165899788703,0.31934708669340667,0.4294870135178903,0.14809803511158234,0.2547508131028012,0.5971511517851135,0.16766413826747467,away,away,False,0-1,1,0.038398322425223896,0-1,1,0.05339013596037612,0-1,1,0.052640609553952444,0-1,1,0.05189108314752955,0-1,1,0.051141556741105765,0-1,1,0.05039203033468265,0-1,1,0.049642503928259196,0-1,1,0.04889297752183608,0-1,1,0.04814345111541285,0-1,1,0.04739392470898973,0-1,1,0.046644398302566836,0-1,1,0.04589487189614361,0-1,1,0.04514534548972038,0-1,1,0.04439581908329737,0-1,1,0.043646292676874476,0-1,1,0.04289676627045147,0-1,1,0.042147239864028574,0-1,1,0.04139771345760579,0-1,1,0.040648187051183005,0-1,1,0.03989866064476011,0-1,1,0.039149134238337324,0-1,1,0.03839960783191465
UEFA Euro,2008,2008-06-12,Croatia,Germany,2,1,0.2938672894067931,0.2765360947399501,0.4295966158532569,0.14910605919812966,0.28125384803094405,0.5696400927714352,0.14476123020891785,away,away,False,1-2,0,0.011947350557424019,1-2,0,0.01584458135601996,1-2,0,0.01564981537206267,1-2,0,0.015455049388104936,1-2,0,0.015260283404147645,1-2,0,0.015065517420189911,1-2,0,0.014870751436232399,1-2,0,0.014675985452274887,1-2,0,0.014481219468317263,1-2,0,0.014286453484359751,1-2,0,0.014091687500402239,1-2,0,0.013896921516444505,1-2,0,0.013702155532486882,1-2,0,0.01350738954852937,1-2,0,0.013312623564571746,1-2,0,0.013117857580614123,1-2,0,0.0129230915966565,1-2,0,0.012728325612698876,1-2,0,0.012533559628741031,1-2,0,0.012338793644783519,1-2,0,0.012144027660825785,1-2,0,0.01194926167686805
UEFA Euro,2008,2008-06-09,Netherlands,Italy,3,0,0.3228226445529155,0.3676889481346046,0.3094884073124799,0.29461789711091924,0.3161716840494086,0.38921041884014757,0.07972201152742997,draw,away,True,0-0,0,0.13799310429686518,0-1,0,0.09425684408080681,0-1,0,0.08093258529390379,0-1,0,0.06760832650700033,0-1,0,0.05428406772009586,0-1,0,0.040959808933191844,0-1,0,0.027635550146285937,0-1,0,0.01431129135938014,0-1,0,0.0009870325724736784,0-0,0,0.012337226214433894,0-0,0,0.025661485001341466,0-0,0,0.03898574378825037,0-0,0,0.05231000257515983,0-0,0,0.0656342613620694,0-0,0,0.07895852014897997,0-0,0,0.09228277893589087,0-0,0,0.10560703772280311,0-0,0,0.11893129650971546,0-0,0,0.13225555529662814,0-0,0,0.136060271956575,0-0,0,0.137026993791169,0-0,0,0.13799371562576346
UEFA Euro,2008,2008-06-08,Austria,Croatia,0,1,0.1788531114903292,0.2560308707273726,0.5651160177822983,0.21074219950309786,0.28415857550170043,0.5050992249946901,0.06001679278735235,away,away,False,0-2,1,0.018473931171080427,0-2,1,0.01651781769897176,0-2,1,0.016615951530215334,0-2,1,0.016714085361458908,0-2,1,0.016812219192702593,0-2,1,0.0169103530239465,0-2,1,0.01700848685518963,0-2,1,0.017106620686433427,0-2,1,0.017204754517677112,0-2,1,0.017302888348920686,0-2,1,0.01740102218016415,0-2,1,0.017499156011407613,0-2,1,0.01759728984265141,0-2,1,0.017695423673894983,0-2,1,0.017793557505138557,0-2,1,0.01789169133638213,0-2,1,0.017989825167625595,0-2,1,0.01808795899886917,0-2,1,0.018186092830112854,0-2,1,0.018284226661356207,0-2,1,0.018382360492600003,0-2,1,0.018480494323843355
UEFA Euro,2008,2008-06-13,Netherlands,France,4,1,0.26749348755025026,0.3791704699538079,0.35333604249594186,0.3568804600497006,0.3034691882400627,0.3396503517097458,0.0893869724996958,draw,home,True,0-0,0,0.13109207865379757,1-0,1,0.061282889312752165,1-0,1,0.05070073965241473,1-0,1,0.03429291548716584,1-0,1,0.01675149637817064,0-0,0,0.0007899227308235668,0-0,0,0.01833134183981744,0-0,0,0.0336627522995433,0-0,0,0.0406220217482004,0-0,0,0.04758129119685728,0-0,0,0.0545405606455136,0-0,0,0.061499830094169594,0-0,0,0.06845909954282581,0-0,0,0.07541836899148113,0-0,0,0.0823776384401359,0-0,0,0.08933690788879078,0-0,0,0.09629617733744511,0-0,0,0.10325544678609899,0-0,0,0.11021471623475232,0-0,0,0.11717398568340587,0-0,0,0.12413325513205875,0-0,0,0.13109252458071097
UEFA Euro,2012,2012-07-01,Spain,Italy,4,0,0.5097223553745006,0.29457041229017555,0.1957072323353238,0.4503907405796713,0.30813231443558053,0.2414769449852377,0.05933161479507408,home,home,False,1-0,1,0.00518448340234956,1-0,1,0.0045814329794201525,1-0,1,0.004611609423144758,1-0,1,0.0046417858668694745,1-0,1,0.004671962310594191,1-0,1,0.0047021387543189075,1-0,1,0.004732315198043513,1-0,1,0.0047624916417681185,1-0,1,0.004792668085492946,1-0,1,0.0048228445292175515,1-0,1,0.00485302097294249,1-0,1,0.0048831974166669845,1-0,1,0.004913373860391701,1-0,1,0.0049435503041163065,1-0,1,0.004973726747841023,1-0,1,0.0050039031915656285,1-0,1,0.005034079635290345,1-0,1,0.0050642560790152835,1-0,1,0.00509443252274,1-0,1,0.0051246089664644945,1-0,1,0.005154785410189211,1-0,1,0.0051849618539138165
UEFA Euro,2012,2012-06-28,Germany,Italy,1,2,0.4464266493204876,0.2811223486519184,0.27245100202759404,0.5076107209780624,0.2870603690064675,0.20532891001498757,0.06712209201236517,home,home,False,2-1,0,0.00501616228023416,2-1,0,0.005704416912894805,2-1,0,0.005670038260244259,2-1,0,0.005635659607593713,2-1,0,0.005601280954943055,2-1,0,0.005566902302292398,2-1,0,0.005532523649641852,2-1,0,0.005498144996991194,2-1,0,0.005463766344340648,2-1,0,0.005429387691689991,2-1,0,0.0053950090390393335,2-1,0,0.005360630386388787,2-1,0,0.005326251733738241,2-1,0,0.005291873081087584,2-1,0,0.005257494428436926,2-1,0,0.005223115775786491,2-1,0,0.005188737123135834,2-1,0,0.005154358470485065,2-1,0,0.005119979817834519,2-1,0,0.005085601165183973,2-1,0,0.0050512225125335375,2-1,0,0.005016843859882991
UEFA Euro,2012,2012-06-27,Portugal,Spain,0,0,0.2225887174617411,0.29392554041633057,0.48348574212192835,0.2097044192732467,0.29399300601323275,0.4963025747130421,0.012884298188255178,away,away,False,0-2,0,0.005614704985233199,0-2,0,0.005764074012778897,0-2,0,0.00575663125754966,0-2,0,0.005749188502320202,0-2,0,0.005741745747090854,0-2,0,0.005734302991861506,0-2,0,0.005726860236632159,0-2,0,0.0057194174814027,0-2,0,0.005711974726173463,0-2,0,0.0057045319709440045,0-2,0,0.005697089215714657,0-2,0,0.005689646460485198,0-2,0,0.0056822037052559615,0-2,0,0.005674760950026614,0-2,0,0.005667318194797155,0-2,0,0.0056598754395678075,0-2,0,0.005652432684338349,0-2,0,0.00564498992910889,0-2,0,0.0056375471738797645,0-2,0,0.005630104418650195,0-2,0,0.005622661663421069,0-2,0,0.005615218908191721
UEFA Euro,2012,2012-06-24,England,Italy,0,0,0.4014063770613118,0.3028607940116676,0.2957328289270207,0.33173473878390436,0.32729649019447765,0.34096877102112216,0.0696716382771595,home,away,True,1-0,0,0.003163990099125602,1-1,1,0.055083301733751866,1-1,1,0.05487767795435827,1-1,1,0.05467205417496457,1-1,1,0.054466430395571086,1-1,1,0.05426080661617749,1-1,1,0.05405518283678412,1-1,1,0.04900059357644582,1-1,1,0.04103206492278244,1-1,1,0.0330635362691194,1-1,1,0.025095007615457354,1-1,1,0.017126478961794978,1-1,1,0.009157950308133378,1-1,1,0.0011894216544720004,1-0,0,0.0029719396233496287,1-0,0,0.002999399597150454,1-0,0,0.003026859570951279,1-0,0,0.0030543195447521043,1-0,0,0.0030817795185530406,1-0,0,0.003109239492353977,1-0,0,0.003136699466154691,1-0,0,0.003164159439955627
UEFA Euro,2012,2012-06-23,Spain,France,2,0,0.44382914270215085,0.3320033139350305,0.2241675433628186,0.5149476598546011,0.2857094125481747,0.19934292759769318,0.07111851715221575,home,home,False,1-0,1,0.07169477369729227,1-0,1,0.08318497284845705,1-0,1,0.08261054632130294,1-0,1,0.08203611979414849,1-0,1,0.08146169326699437,1-0,1,0.08088726673984015,1-0,1,0.0803128402126857,1-0,1,0.07973841368553158,1-0,1,0.07916398715837702,1-0,1,0.07858956063122291,1-0,1,0.07801513410406824,1-0,1,0.07744070757691401,1-0,1,0.07686628104975957,1-0,1,0.0762918545226049,1-0,1,0.07571742799545056,1-0,1,0.07514300146829611,1-0,1,0.07456857494114133,1-0,1,0.07399414841398666,1-0,1,0.07341972188683221,1-0,1,0.07284529535967754,1-0,1,0.07227086883252287,1-0,1,0.07169644230536809
UEFA Euro,2012,2012-06-22,Germany,Greece,4,2,0.5939606838798634,0.24773064428848066,0.15830867183165584,0.7389069307876218,0.17567610437549333,0.08541696483732233,0.1449462469075396,home,home,False,2-0,1,0.027221057711835472,2-0,1,0.03387861894133093,2-0,1,0.033546332258032496,2-0,1,0.03321404557473384,2-0,1,0.03288175889143519,2-0,1,0.032549472208136976,2-0,1,0.03221718552483832,2-0,1,0.031884898841539666,2-0,1,0.03155261215824123,2-0,1,0.03122032547494258,2-0,1,0.030888038791644146,2-0,1,0.03055575210834549,2-0,1,0.030223465425047058,2-0,1,0.029891178741748736,2-0,1,0.02955889205845008,2-0,1,0.029226605375151427,2-0,1,0.02889431869185244,2-0,1,0.028562032008553895,2-0,1,0.02822974532525513,2-0,1,0.027897458641956474,2-0,1,0.02756517195865782,2-0,1,0.027232885275358942
UEFA Euro,2012,2012-06-21,Czech Republic,Portugal,0,1,0.27445570988232587,0.2924365201139809,0.43310777000369316,0.15725938099904896,0.26916480525974373,0.5735758137416866,0.1404680437377538,away,away,False,1-2,1,0.00048546985995012726,1-2,1,0.0006429756148846888,1-2,1,0.0006351024162050134,1-2,1,0.0006272292175244498,1-2,1,0.0006193560188445524,1-2,1,0.0006114828201644329,1-2,1,0.0006036096214843134,1-2,1,0.0005957364228041939,1-2,1,0.0005878632241239634,1-2,1,0.0005799900254438439,1-2,1,0.0005721168267637244,1-2,1,0.000564243628083605,1-2,1,0.0005563704294034855,1-2,1,0.000548497230723477,1-2,1,0.0005406240320433575,1-2,1,0.000532750833363238,1-2,1,0.0005248776346831185,1-2,1,0.000517004436002777,1-2,1,0.0005091312373228796,1-2,1,0.0005012580386426491,1-2,1,0.0004933848399625296,1-2,1,0.0004855116412825211
UEFA Euro,2012,2012-06-19,Sweden,France,2,0,0.27876487150101664,0.3380720129932284,0.38316311550575494,0.18395261392333337,0.25411880602826514,0.5619285800479074,0.1787654645423995,away,away,False,0-1,0,0.018444856180507174,0-1,0,0.10744872153172214,0-1,0,0.10573959680474487,0-1,0,0.10403047207776739,0-1,0,0.10232134735078968,0-1,0,0.10061222262381198,0-1,0,0.09890309789683449,0-1,0,0.09719397316985723,0-1,0,0.09548484844287985,0-1,0,0.0937757237159027,0-1,0,0.09206659898892555,0-1,0,0.09035747426194851,0-1,0,0.08864834953497158,0-1,0,0.08693922480799454,0-1,0,0.08523010008101795,0-1,0,0.08352097535404113,0-1,0,0.08181185062706464,0-1,0,0.08010272590008793,0-1,0,0.07839360117311145,0-1,0,0.06720170572020057,0-1,0,0.042823413981422864,0-1,0,0.018445122242646717
UEFA Euro,2012,2012-06-19,England,Ukraine,0,1,0.5579533762898362,0.25187769326171594,0.19016893044844785,0.4832122800166735,0.28908528279190265,0.2277024371918943,0.07474109627339795,home,home,False,2-0,0,0.009993905039942685,2-0,0,0.00865879368200373,2-0,0,0.008725758839861042,2-0,0,0.008792723997718355,2-0,0,0.008859689155575556,2-0,0,0.008926654313432758,2-0,0,0.008993619471290293,2-0,0,0.009060584629147495,2-0,0,0.009127549787004807,2-0,0,0.009194514944862231,2-0,0,0.009261480102719766,2-0,0,0.009328445260576856,2-0,0,0.009395410418434169,2-0,0,0.009462375576291704,2-0,0,0.009529340734149017,2-0,0,0.009596305892006218,2-0,0,0.009663271049863642,2-0,0,0.009730236207720955,2-0,0,0.009797201365578267,2-0,0,0.00986416652343558,2-0,0,0.009931131681292893,2-0,0,0.009998096839150428
UEFA Euro,2012,2012-06-18,Croatia,Spain,0,1,0.164084991523704,0.2722755221376119,0.5636394863386841,0.08791689439757704,0.2535800985370451,0.6585030070649456,0.09486352072647763,away,away,False,0-2,1,0.024783168905125996,0-2,1,0.02895986177723131,0-2,1,0.02875126482182866,0-2,1,0.028542667866426452,0-2,1,0.028334070911024023,0-2,1,0.028125473955621594,0-2,1,0.027916877000219276,0-2,1,0.027708280044816402,0-2,1,0.02749968308941375,0-2,1,0.027291086134011766,0-2,1,0.027082489178609337,0-2,1,0.02687389222320713,0-2,1,0.02666529526780459,0-2,1,0.02645669831240216,0-2,1,0.026248101356999842,0-2,1,0.026039504401597635,0-2,1,0.025830907446195206,0-2,1,0.025622310490792888,0-2,1,0.02541371353539057,0-2,1,0.025205116579988363,0-2,1,0.024996519624586155,0-2,1,0.024787922669183837
UEFA Euro,2012,2012-06-18,Italy,Republic of Ireland,2,0,0.4196195757869682,0.3400130518555025,0.2403673723575293,0.6930792199912865,0.2045088114708846,0.10241196853826635,0.27345964420409963,home,home,False,1-0,1,0.06665364312052358,1-0,1,0.1370330929232655,1-0,1,0.13432972080114025,1-0,1,0.13162634867901524,1-0,1,0.12892297655688978,1-0,1,0.12621960443476432,1-0,1,0.12351623231263864,1-0,1,0.12081286019051307,1-0,1,0.11810948806838684,1-0,1,0.11540611594626127,1-0,1,0.1127027438241357,1-0,1,0.10999937170200969,1-0,1,0.10729599957988323,1-0,1,0.10459262745775666,1-0,1,0.10188925533563031,1-0,1,0.09918588321350363,1-0,1,0.09648251109137684,1-0,1,0.09377913896924994,1-0,1,0.09107576684712326,1-0,1,0.0883723947249957,1-0,1,0.08566902260286868,1-0,1,0.06665472370810199
UEFA Euro,2012,2012-06-17,Denmark,Germany,1,2,0.22478841878919018,0.2560438791018103,0.5191677021089994,0.13258006975885878,0.25191914542940713,0.6155007848112489,0.09633308270249204,away,away,False,1-2,3,0.003053090047538065,1-2,3,0.0036209716790078783,1-2,3,0.0035926354548452277,1-2,3,0.003564299230682133,1-2,3,0.0035359630065193715,1-2,3,0.003507626782356388,1-2,3,0.003479290558193404,1-2,3,0.0034509543340306426,1-2,3,0.00342261810986777,1-2,3,0.0033942818857046753,1-2,3,0.0033659456615419137,1-2,3,0.00333760943737893,1-2,3,0.0033092732132158353,1-2,3,0.0032809369890530737,1-2,3,0.00325260076489009,1-2,3,0.0032242645407272175,1-2,3,0.003195928316564567,1-2,3,0.003167592092401472,1-2,3,0.0031392558682385996,1-2,3,0.003110919644075616,1-2,3,0.0030825834199126323,1-2,3,0.0030542471957497597
UEFA Euro,2012,2012-06-17,Portugal,Netherlands,2,1,0.25375762687435505,0.296468941101489,0.44977343202415604,0.352661364454323,0.26587711627665445,0.38146151926952443,0.09890373757971707,away,away,False,0-2,0,0.006593687529609982,0-2,0,0.005592667838442478,0-2,0,0.0056427444278424055,0-2,0,0.005692821017242333,0-2,0,0.005742897606642261,0-2,0,0.005792974196042078,0-2,0,0.0058430507854420055,0-2,0,0.005893127374841933,0-2,0,0.005943203964241972,0-2,0,0.005993280553641789,0-2,0,0.0060433571430416055,0-2,0,0.006093433732441533,0-2,0,0.006143510321841461,0-2,0,0.006193586911241389,0-2,0,0.006243663500641317,0-2,0,0.006293740090041244,0-2,0,0.006343816679441394,0-2,0,0.006393893268840989,0-2,0,0.006443969858241028,0-2,0,0.006494046447640955,0-2,0,0.006544123037041105,0-2,0,0.006594199626440811
UEFA Euro,2012,2012-06-16,Greece,Russia,1,0,0.2604120081932692,0.3324696720951506,0.4071183197115802,0.1869072197340695,0.2647471127953606,0.548345667470108,0.14122734775875878,away,away,False,0-1,0,0.06446084895992121,0-1,0,0.08682368398518148,0-1,0,0.08570560470241417,0-1,0,0.08458752541964665,0-1,0,0.08346944613687912,0-1,0,0.08235136685411182,0-1,0,0.08123328757134429,0-1,0,0.08011520828857688,0-1,0,0.0789971290058098,0-1,0,0.07787904972304249,0-1,0,0.07676097044027541,0-1,0,0.07564289115750833,0-1,0,0.07452481187474136,0-1,0,0.07340673259197439,0-1,0,0.07228865330920742,0-1,0,0.07117057402644056,0-1,0,0.07005249474367381,0-1,0,0.06893441546090706,0-1,0,0.06781633617814031,0-1,0,0.06669825689537356,0-1,0,0.06558017761260693,0-1,0,0.0644620983298404
UEFA Euro,2012,2012-06-16,Czech Republic,Poland,0,1,0.4607969233130767,0.2838753403971948,0.25532773628972855,0.2888978496236894,0.28775172315142133,0.4233504272244003,0.17189907368914278,home,away,True,2-0,0,0.0008486977033999032,1-2,1,0.011303551842039239,1-2,1,0.011079239655788276,1-2,1,0.010854927469537312,1-2,1,0.010630615283285905,1-2,1,0.01040630309703472,1-2,1,0.010181990910783756,1-2,1,0.009957678724532681,1-2,1,0.009733366538281607,1-2,1,0.009509054352030422,2-0,0,0.0006746502912983177,2-0,0,0.0006904825083372534,2-0,0,0.0007063147253764113,2-0,0,0.0007221469424154581,2-0,0,0.0007379791594543939,2-0,0,0.0007538113764935517,2-0,0,0.0007696435935325985,2-0,0,0.0007854758105716453,2-0,0,0.0008013080276105811,2-0,0,0.0008171402446498499,2-0,0,0.0008329724616886747,2-0,0,0.0008488046787277215
UEFA Euro,2012,2012-06-15,Sweden,England,2,3,0.28524212925479014,0.28833948309986007,0.4264183876453498,0.28903225694051704,0.30099552731261575,0.4099722157463702,0.01644617189873107,away,away,False,1-2,1,0.0047483271467743116,1-2,1,0.004565643654420692,1-2,1,0.004574801270167184,1-2,1,0.004583958885913342,1-2,1,0.004593116501659611,1-2,1,0.004602274117405991,1-2,1,0.00461143173315226,1-2,1,0.0046205893488985295,1-2,1,0.004629746964644799,1-2,1,0.004638904580391068,1-2,1,0.004648062196137337,1-2,1,0.004657219811883495,1-2,1,0.004666377427629986,1-2,1,0.0046755350433762555,1-2,1,0.004684692659122414,1-2,1,0.004693850274868794,1-2,1,0.004703007890614952,1-2,1,0.004712165506361332,1-2,1,0.004721323122107601,1-2,1,0.0047304807378538705,1-2,1,0.00473963835360014,1-2,1,0.00474879596934652
UEFA Euro,2012,2012-06-15,Ukraine,France,0,2,0.19607881498609245,0.30509265276558767,0.49882853224831986,0.24061053761403536,0.30195000957841395,0.45743945280707937,0.04453172262817856,away,away,False,0-1,1,0.027091135166541602,0-1,1,0.024844909133778792,0-1,1,0.024957307387966643,0-1,1,0.025069705642154383,0-1,1,0.025182103896342123,0-1,1,0.025294502150529974,0-1,1,0.025406900404717714,0-1,1,0.025519298658905565,0-1,1,0.025631696913093305,0-1,1,0.025744095167281267,0-1,1,0.025856493421469007,0-1,1,0.025968891675656747,0-1,1,0.026081289929844598,0-1,1,0.026193688184032338,0-1,1,0.026306086438220078,0-1,1,0.02641848469240793,0-1,1,0.02653088294659567,0-1,1,0.02664328120078341,0-1,1,0.02675567945497115,0-1,1,0.026868077709158666,0-1,1,0.026980475963346517,0-1,1,0.027092874217534146
UEFA Euro,2012,2012-06-14,Spain,Republic of Ireland,4,0,0.5951967139744536,0.2736479202277882,0.13115536579775813,0.7861824871388735,0.1518663374779789,0.0619511753835947,0.19098577316419632,home,home,False,1-0,1,0.0039949384108994845,1-0,1,0.005277694997884996,1-0,1,0.005213589991974521,1-0,1,0.005149484986064046,1-0,1,0.00508537998015357,1-0,1,0.005021274974243095,1-0,1,0.00495716996833262,1-0,1,0.0048930649624219225,1-0,1,0.004828959956511669,1-0,1,0.004764854950600972,1-0,1,0.004700749944690719,1-0,1,0.004636644938780021,1-0,1,0.004572539932869546,1-0,1,0.004508434926958849,1-0,1,0.004444329921048373,1-0,1,0.004380224915137898,1-0,1,0.004316119909226979,1-0,1,0.004252014903316725,1-0,1,0.004187909897406694,1-0,1,0.004123804891495886,1-0,1,0.0040596998855850774,1-0,1,0.003995594879674602
UEFA Euro,2012,2012-06-14,Italy,Croatia,1,1,0.38117775953111094,0.32398603169417034,0.2948362087747188,0.3932471592243126,0.308432227590673,0.2983206131845052,0.015553804103242697,home,home,False,1-0,0,0.045469187272592415,1-0,0,0.04690999081295155,1-0,0,0.04683800358870149,1-0,0,0.046766016364451435,1-0,0,0.04669402914020149,1-0,0,0.04662204191595154,1-0,0,0.04655005469170159,1-0,0,0.04647806746745142,1-0,0,0.046406080243201364,1-0,0,0.04633409301895142,1-0,0,0.04626210579470147,1-0,0,0.04619011857045163,1-0,0,0.046118131346201574,1-0,0,0.046046144121951404,1-0,0,0.04597415689770157,1-0,0,0.04590216967345151,1-0,0,0.04583018244920167,1-0,0,0.0457581952249515,1-0,0,0.04568620800070178,1-0,0,0.04561422077645161,1-0,0,0.04554223355220177,1-0,0,0.04547024632795171
UEFA Euro,2012,2012-06-13,Netherlands,Germany,1,2,0.4191485385317035,0.273531799921146,0.3073196615471504,0.32334851882775195,0.29558601855537486,0.3810654626173467,0.09580001970418833,home,away,True,2-1,0,0.015365528457373712,1-2,3,0.028566305959931704,1-2,3,0.02828989083926481,1-2,3,0.028013475718598024,1-2,3,0.02773706059793124,1-2,3,0.027460645477264345,1-2,3,0.02718423035659745,1-2,3,0.026907815235930665,1-2,3,0.014700579497982313,1-2,3,0.000952909425015136,2-1,0,0.01279476064795304,2-1,0,0.013611937264278784,2-1,0,0.01378756406915349,2-1,0,0.013963190874028197,2-1,0,0.014138817678903015,2-1,0,0.014314444483777722,2-1,0,0.01449007128865254,2-1,0,0.014665698093527246,2-1,0,0.014841324898402064,2-1,0,0.01501695170327677,2-1,0,0.015192578508151589,2-1,0,0.015368205313026184
UEFA Euro,2012,2012-06-13,Denmark,Portugal,2,3,0.26336020133819654,0.29937067328560785,0.43726912537619567,0.20767112532858378,0.27459630280585473,0.5177325718650674,0.0804634464891188,away,away,False,0-2,1,0.0018625181217203357,0-2,1,0.0022053957495974386,0-2,1,0.002188258162305501,0-2,1,0.002171120575013563,0-2,1,0.0021539829877215144,0-2,1,0.0021368454004294657,0-2,1,0.002119707813137417,0-2,1,0.0021025702258454793,0-2,1,0.0020854326385534305,0-2,1,0.002068295051261493,0-2,1,0.002051157463969555,0-2,1,0.0020340198766773954,0-2,1,0.0020168822893853466,0-2,1,0.001999744702093631,0-2,1,0.001982607114801249,0-2,1,0.0019654695275093115,0-2,1,0.0019483319402173738,0-2,1,0.001931194352925325,0-2,1,0.0019140567656334984,0-2,1,0.0018969191783413386,0-2,1,0.001879781591049623,0-2,1,0.0018626440037574632
UEFA Euro,2012,2012-06-12,Poland,Russia,1,1,0.26440642798533087,0.3051578618917736,0.4304357101228955,0.2853920892805007,0.2911614626991036,0.4234464480208931,0.020985661294921104,away,away,False,0-1,0,0.009542280621656518,0-1,0,0.009387841863078061,0-1,0,0.009395589488269018,0-1,0,0.00940333711346042,0-1,0,0.009411084738651487,0-1,0,0.009418832363842666,0-1,0,0.009426579989033623,0-1,0,0.00943432761422447,0-1,0,0.00944207523941576,0-1,0,0.009449822864606716,0-1,0,0.009457570489797673,0-1,0,0.009465318114989074,0-1,0,0.009473065740180031,0-1,0,0.009480813365371099,0-1,0,0.009488560990562167,0-1,0,0.009496308615753124,0-1,0,0.009504056240944525,0-1,0,0.009511803866135482,0-1,0,0.00951955149132655,0-1,0,0.00952729911651784,0-1,0,0.009535046741708686,0-1,0,0.009542794366899643
UEFA Euro,2012,2012-06-12,Greece,Czech Republic,1,2,0.25335872041952484,0.3101386196051898,0.4365026599752855,0.28393852892093097,0.3016758190468289,0.4143856520327171,0.030579808501167705,away,away,False,0-1,1,0.020862875030647765,0-1,1,0.019806695705169575,0-1,1,0.019859552849725848,0-1,1,0.019912409994282232,0-1,1,0.019965267138838616,0-1,1,0.020018124283394778,0-1,1,0.020070981427951273,0-1,1,0.020123838572507546,0-1,1,0.02017669571706371,0-1,1,0.020229552861620204,0-1,1,0.020282410006176588,0-1,1,0.020335267150733083,0-1,1,0.020388124295289134,0-1,1,0.020440981439845407,0-1,1,0.02049383858440179,0-1,1,0.020546695728958286,0-1,1,0.02059955287351467,0-1,1,0.02065241001807072,0-1,1,0.02070526716262744,0-1,1,0.020758124307183934,0-1,1,0.020810981451739985,0-1,1,0.020863838596296258
UEFA Euro,2012,2012-06-11,Ukraine,Sweden,2,1,0.24607961508757903,0.28445263601329546,0.4694677488991255,0.36181529945460705,0.29966582195032704,0.3385188785955464,0.13094887030381935,away,home,True,0-2,0,0.003960526702598166,2-1,3,0.0020947803116919683,2-1,3,0.0020612769146082233,2-1,3,0.002027773517524367,1-1,0,0.004449806273264634,0-2,0,0.003077143157794948,0-2,0,0.0031323856667594407,0-2,0,0.0031876281757240443,0-2,0,0.003242870684688537,0-2,0,0.0032981131936531405,0-2,0,0.003353355702617633,0-2,0,0.0034085982115822366,0-2,0,0.003463840720546729,0-2,0,0.003519083229511333,0-2,0,0.0035743257384759364,0-2,0,0.00362956824744054,0-2,0,0.0036848107564051436,0-2,0,0.003740053265369636,0-2,0,0.0037952957743342397,0-2,0,0.0038505382832987323,0-2,0,0.003905780792263225,0-2,0,0.0039610233012279394
UEFA Euro,2012,2012-06-11,France,England,1,1,0.3268849366120662,0.3285497160335496,0.34456534735438415,0.38723984249280435,0.3234579461758906,0.28930221133081446,0.06035490588098344,away,home,True,0-0,1,0.009798712878712923,1-0,0,0.06858191835441008,1-0,0,0.06624908084704773,1-0,0,0.060402342754984795,1-0,0,0.05455560466292264,1-0,0,0.04870886657086071,1-0,0,0.042862128478798556,1-0,0,0.037015390386736735,1-0,0,0.03116865229467569,1-0,0,0.02532191420261487,1-0,0,0.019475176110553938,1-0,0,0.013628438018494116,1-0,0,0.007781699926433627,1-0,0,0.0019349618343739161,0-0,1,0.003911776257685684,0-0,1,0.009753332975846574,0-0,1,0.009760925996920355,0-0,1,0.009768519017993915,0-0,1,0.009776112039067364,0-0,1,0.009783705060141257,0-0,1,0.009791298081214705,0-0,1,0.009798891102288376
UEFA Euro,2012,2012-06-10,Republic of Ireland,Croatia,1,3,0.2782300403443065,0.34186889173541324,0.3799010679202802,0.2297576073030526,0.300548099200755,0.4696942934956983,0.0897932255756651,away,away,False,0-1,1,0.004997700065432875,0-1,1,0.09951184229429066,0-1,1,0.09856063962626616,0-1,1,0.09760943695824187,0-1,1,0.09665823429021758,0-1,1,0.09570703162219307,0-1,1,0.09475582895416879,0-1,1,0.0938046262861445,0-1,1,0.09285342361812043,0-1,1,0.09190222095009637,0-1,1,0.09095101828207197,0-1,1,0.08999981561404824,0-1,1,0.08904861294602395,0-1,1,0.08809741027799989,0-1,1,0.08714620760997627,0-1,1,0.07874482164842367,0-1,1,0.06645364515214602,0-1,1,0.054162468655868934,0-1,1,0.04187129215959262,0-1,1,0.029580115663316975,0-1,1,0.017288939167041772,0-1,1,0.004997762670767791
UEFA Euro,2012,2012-06-10,Spain,Italy,1,1,0.5097223553745006,0.29457041229017555,0.1957072323353238,0.5455918315984162,0.27819827265904323,0.1762098957430524,0.035869476223659644,home,home,False,1-0,0,0.00518448340234956,1-0,0,0.005549830814394863,1-0,0,0.005531587366370827,1-0,0,0.00551334391834668,1-0,0,0.005495100470322756,1-0,0,0.00547685702229872,1-0,0,0.005458613574274684,1-0,0,0.005440370126250649,1-0,0,0.005422126678226502,1-0,0,0.005403883230202355,1-0,0,0.005385639782178431,1-0,0,0.005367396334154506,1-0,0,0.0053491528861303594,1-0,0,0.005330909438106435,1-0,0,0.005312665990082288,1-0,0,0.0052944225420581414,1-0,0,0.005276179094034328,1-0,0,0.00525793564601007,1-0,0,0.0052396921979860345,1-0,0,0.005221448749961999,1-0,0,0.005203205301937963,1-0,0,0.0051849618539138165
UEFA Euro,2012,2012-06-09,Germany,Portugal,1,0,0.41449804774904253,0.276573787471602,0.3089281647793555,0.45366761003789563,0.2903665048614121,0.25596588510117896,0.05296227967841985,home,home,False,2-1,1,0.014296543374149429,2-1,1,0.015649941852984295,2-1,1,0.015582381225042186,2-1,1,0.015514820597100076,2-1,1,0.015447259969157745,2-1,1,0.015379699341215525,2-1,1,0.015312138713273304,2-1,1,0.015244578085331195,2-1,1,0.015177017457388975,2-1,1,0.015109456829446755,2-1,1,0.015041896201504534,2-1,1,0.014974335573562203,2-1,1,0.014906774945620094,2-1,1,0.014839214317677762,2-1,1,0.014771653689735542,2-1,1,0.014704093061793322,2-1,1,0.014636532433851102,2-1,1,0.01456897180590877,2-1,1,0.014501411177966439,2-1,1,0.01443385055002433,2-1,1,0.014366289922081998,2-1,1,0.014298729294139778
UEFA Euro,2012,2012-06-09,Netherlands,Denmark,0,1,0.5480857825497459,0.26825462729910776,0.18365959015114638,0.5570277523830627,0.2712236781915261,0.17174856942492175,0.011911020725979854,home,home,False,2-0,0,0.022952927958520553,2-0,0,0.023332761041971573,2-0,0,0.023314032994358302,2-0,0,0.02329530494674492,2-0,0,0.02327657689913165,2-0,0,0.02325784885151827,2-0,0,0.023239120803905,2-0,0,0.023220392756291508,2-0,0,0.023201664708678238,2-0,0,0.023182936661064968,2-0,0,0.023164208613451587,2-0,0,0.023145480565838206,2-0,0,0.023126752518225047,2-0,0,0.023108024470611666,2-0,0,0.023089296422998284,2-0,0,0.023070568375385014,2-0,0,0.023051840327771522,2-0,0,0.02303311228015814,2-0,0,0.02301438423254487,2-0,0,0.0229956561849316,2-0,0,0.02297692813731822,2-0,0,0.02295820008970495
UEFA Euro,2012,2012-06-08,Russia,Czech Republic,4,1,0.3324242554215693,0.3059817866043805,0.36159395797405025,0.38914993975884987,0.3099345103348663,0.3009155499057932,0.0606784080680117,away,home,True,0-1,0,0.00211057277418758,1-0,1,0.011409195043475151,1-0,1,0.011326040155030137,1-0,1,0.011242885266585234,1-0,1,0.01115973037814011,1-0,1,0.011076575489695095,1-0,1,0.010993420601250081,1-0,1,0.010910265712804845,1-0,1,0.010827110824360053,1-0,1,0.01074395593591504,1-0,1,0.007783231201451746,1-0,1,0.0034691159652890935,1-1,0,0.0008449992708735587,1-1,0,0.005159114507035989,1-1,0,0.009473229743198641,1-1,0,0.013787344979360405,1-1,0,0.01810146021552239,1-1,0,0.019284665579428095,1-1,0,0.013935832842829177,1-1,0,0.00858700010623048,1-1,0,0.0032381673696321167,0-1,0,0.0021106653669662467
UEFA Euro,2012,2012-06-08,Poland,Greece,1,1,0.3332502901880142,0.3268562232388041,0.3398934865731817,0.46467539914669875,0.3061305421135262,0.2291940587402488,0.13142510895844767,away,home,True,0-0,1,0.004551188987648391,1-0,0,0.07543694039956117,1-0,0,0.07437014106719775,1-0,0,0.07330334173483466,1-0,0,0.07223654240247135,1-0,0,0.07116974307010804,1-0,0,0.07010294373774484,1-0,0,0.06903614440538142,1-0,0,0.06796934507301777,1-0,0,0.06690254574065424,1-0,0,0.0658357464082906,1-0,0,0.06476894707592706,1-0,0,0.06370214774356353,1-0,0,0.06263534841119955,1-0,0,0.0615685490788358,1-0,0,0.05008135818665593,1-0,0,0.03653196520663471,1-0,0,0.02298257222661304,1-0,0,0.009433179246590817,0-0,1,0.004116213733432517,0-0,1,0.004536847354584261,0-0,1,0.004551276988912667
UEFA Euro,2016,2016-07-10,Portugal,France,0,1,0.3011859595897365,0.3174027305090675,0.38141130990119615,0.2234267605013737,0.3186833568017249,0.457889882697388,0.07775919908860603,away,away,False,0-1,3,0.060930017654485025,0-1,3,0.07314888921660156,0-1,3,0.07253800842841485,0-1,3,0.07192712764022835,0-1,3,0.07131624685204174,0-1,3,0.07070536606385536,0-1,3,0.07009448527566864,0-1,3,0.06948360448748203,0-1,3,0.0688727236992952,0-1,3,0.06826184291110837,0-1,3,0.06765096212292188,0-1,3,0.06704008133473482,0-1,3,0.06642920054654822,0-1,3,0.0658183197583615,0-1,3,0.06520743897017445,0-1,3,0.0645965581819874,0-1,3,0.06398567739380068,0-1,3,0.06337479660561351,0-1,3,0.06276391581742669,0-1,3,0.06215303502923952,0-1,3,0.06154215424105258,0-1,3,0.06093127345286553
UEFA Euro,2016,2016-07-07,Germany,France,2,0,0.41000521975753923,0.277541962759185,0.31245281748327575,0.32645411635182314,0.3287033415233131,0.34484254212536974,0.08355110340596908,home,away,True,2-1,2,0.009777626207996493,1-1,0,0.07594324438329558,1-1,0,0.07360939215384366,1-1,0,0.07127553992439195,1-1,0,0.06894168769493925,1-1,0,0.06660783546548721,1-1,0,0.05934635483583661,1-1,0,0.047668004749837345,1-1,0,0.03598965466383641,1-1,0,0.024311304577835147,1-1,0,0.012632954491833437,1-1,0,0.000954604405831172,2-1,2,0.008881897566424879,2-1,2,0.008981532092252054,2-1,2,0.00908116661807934,2-1,2,0.009180801143906514,2-1,2,0.009280435669733689,2-1,2,0.009380070195560863,2-1,2,0.009479704721388149,2-1,2,0.009579339247215546,2-1,2,0.00967897377304272,2-1,2,0.009778608298870006
UEFA Euro,2016,2016-07-06,Portugal,Wales,2,0,0.5991304757695318,0.26708765411609875,0.13378187011436937,0.4530630803282965,0.3132108607019295,0.2337260589692812,0.14606739544098896,home,home,False,1-0,1,0.015111817786181536,1-0,1,0.011429379869806633,1-0,1,0.011613621294629617,1-0,1,0.011797862719452823,1-0,1,0.011982104144275918,1-0,1,0.012166345569099013,1-0,1,0.012350586993921997,1-0,1,0.012534828418745203,1-0,1,0.012719069843568076,1-0,1,0.012903311268391171,1-0,1,0.013087552693214266,1-0,1,0.01327179411803725,1-0,1,0.013456035542860345,1-0,1,0.013640276967683329,1-0,1,0.013824518392505869,1-0,1,0.014008759817329075,1-0,1,0.014193001242152281,1-0,1,0.014377242666975043,1-0,1,0.014561484091798138,1-0,1,0.014745725516621011,1-0,1,0.014929966941444106,1-0,1,0.015114208366266979
UEFA Euro,2016,2016-07-03,France,Iceland,5,2,0.659529460801514,0.21707804389611637,0.12339249530236969,0.6908585795779304,0.19614391185935887,0.11299750856223881,0.031329118776652405,home,home,False,2-0,1,0.04469731115817521,2-0,1,0.04685591305565695,2-0,1,0.04674967174166689,2-0,1,0.046643430427677046,2-0,1,0.04653718911368676,2-0,1,0.0464309477996967,2-0,1,0.0463247064857073,2-0,1,0.046218465171717016,2-0,1,0.04611222385772673,2-0,1,0.046005982543737334,2-0,1,0.045899741229746605,2-0,1,0.045793499915756763,2-0,1,0.04568725860176648,2-0,1,0.04558101728777664,2-0,1,0.04547477597378702,2-0,1,0.045368534659797066,2-0,1,0.04526229334580656,2-0,1,0.04515605203181683,2-0,1,0.045049810717826544,2-0,1,0.04494356940383626,2-0,1,0.04483732808984697,2-0,1,0.04473108677585702
UEFA Euro,2016,2016-07-02,Germany,Italy,1,1,0.5205462832745437,0.25222388071227386,0.22722983601318247,0.4256724179098675,0.32451377068477294,0.24981381140485914,0.09487386536442596,home,home,False,2-0,0,5.9383271460600184e-05,2-0,0,4.8575624919111604e-05,2-0,0,4.9116951665095776e-05,2-0,0,4.9658278411413015e-05,2-0,0,5.019960515761923e-05,2-0,0,5.0740931903714426e-05,2-0,0,5.128225864992064e-05,2-0,0,5.182358539623788e-05,2-0,0,5.236491214222205e-05,2-0,0,5.290623888842827e-05,2-0,0,5.3447565634523464e-05,2-0,0,5.39888923808407e-05,2-0,0,5.45302191269359e-05,2-0,0,5.5071545873142114e-05,2-0,0,5.561287261923731e-05,2-0,0,5.615419936566557e-05,2-0,0,5.6695526111760763e-05,2-0,0,5.723685285785596e-05,2-0,0,5.7778179604173197e-05,2-0,0,5.831950635037941e-05,2-0,0,5.886083309647461e-05,2-0,0,5.9402159842680824e-05
UEFA Euro,2016,2016-07-01,Wales,Belgium,3,1,0.16013154135179208,0.2715999432336204,0.5682685154145874,0.19521059137497357,0.2914143505245513,0.5133750580999754,0.054893457314362196,away,away,False,0-1,0,0.004629822417975715,0-1,0,0.004183205804873746,0-1,0,0.004205570606753306,0-1,0,0.004227935408632977,0-1,0,0.0042503002105126475,0-1,0,0.004272665012392207,0-1,0,0.004295029814271878,0-1,0,0.004317394616151549,0-1,0,0.004339759418031219,0-1,0,0.004362124219910779,0-1,0,0.004384489021790339,0-1,0,0.0044068538236700094,0-1,0,0.004429218625549791,0-1,0,0.00445158342742924,0-1,0,0.0044739482293087995,0-1,0,0.00449631303118847,0-1,0,0.00451867783306803,0-1,0,0.004541042634947812,0-1,0,0.004563407436827371,0-1,0,0.004585772238706931,0-1,0,0.004608137040586602,0-1,0,0.0046305018424660505
UEFA Euro,2016,2016-06-30,Poland,Portugal,1,1,0.25526918832753637,0.28523291812046,0.45949789355200366,0.2585165632450007,0.3326763774457679,0.408807059309732,0.050690834242521965,away,away,False,0-2,0,0.0010549587679773431,0-2,0,0.0009386574257002067,0-2,0,0.000944476959254148,0-2,0,0.0009502964928084223,0-2,0,0.0009561160263624746,0-2,0,0.00096193555991686,0-2,0,0.0009677550934709123,0-2,0,0.0009735746270249646,0-2,0,0.000979394160579239,0-2,0,0.0009852136941334022,0-2,0,0.0009910332276875655,0-2,0,0.0009968527612418399,0-2,0,0.0010026722947957811,0-2,0,0.0010084918283499444,0-2,0,0.0010143113619043298,0-2,0,0.001020130895458382,0-2,0,0.0010259504290124344,0-2,0,0.0010317699625667087,0-2,0,0.001037589496121094,0-2,0,0.0010434090296751464,0-2,0,0.0010492285632293097,0-2,0,0.001055048096783251
UEFA Euro,2016,2016-06-27,England,Iceland,1,2,0.6759481123753415,0.2059642707867972,0.11808761683786126,0.6741957375921619,0.22591329161749232,0.09989097078985648,0.019949020830939745,home,home,False,2-0,0,0.04138693569419882,2-0,0,0.0413233951648494,2-0,0,0.041328765569289105,2-0,0,0.04133413597372637,2-0,0,0.04133950637816508,2-0,0,0.04134487678260279,2-0,0,0.04135024718704072,2-0,0,0.041355617591479876,2-0,0,0.04136098799591814,2-0,0,0.04136635840035674,2-0,0,0.04137172880479456,2-0,0,0.041377099209232715,2-0,0,0.04138246961367065,2-0,0,0.041387840018109134,2-0,0,0.0413932104225474,2-0,0,0.041398580826986,2-0,0,0.04140395123142415,2-0,0,0.041409321635862306,2-0,0,0.04141469204030013,2-0,0,0.04142006244473895,2-0,0,0.0414254328491771,2-0,0,0.04143080325361559
UEFA Euro,2016,2016-06-27,Italy,Spain,2,0,0.187191619866988,0.28467161495906246,0.5281367651739495,0.2104396120697954,0.3334327550399009,0.4561276328898198,0.07200913228388775,away,away,False,0-1,0,0.017305655856128754,0-1,0,0.014947551366843115,0-1,0,0.015065540294292745,0-1,0,0.015183529221742265,0-1,0,0.015301518149191784,0-1,0,0.015419507076641303,0-1,0,0.015537496004091045,0-1,0,0.015655484931540342,0-1,0,0.01577347385898986,0-1,0,0.01589146278643938,0-1,0,0.0160094517138889,0-1,0,0.01612744064133831,0-1,0,0.01624542956878794,0-1,0,0.016363418496237347,0-1,0,0.016481407423686978,0-1,0,0.016599396351136497,0-1,0,0.016717385278585795,0-1,0,0.016835374206035425,0-1,0,0.016953363133484944,0-1,0,0.01707135206093424,0-1,0,0.01718934098838365,0-1,0,0.01730732991583328
UEFA Euro,2016,2016-06-26,Hungary,Belgium,0,4,0.19651293832332603,0.24846093923545517,0.5550261224412187,0.13518566244641614,0.2696897129493871,0.5951246246046817,0.06132727587715241,away,away,False,0-2,1,0.011634468743585757,0-2,1,0.012479431156791065,0-2,1,0.012437388996498489,0-2,1,0.012395346836205468,0-2,1,0.01235330467591278,0-2,1,0.01231126251561998,0-2,1,0.012269220355327404,0-2,1,0.012227178195034494,0-2,1,0.012185136034741806,0-2,1,0.012143093874449007,0-2,1,0.012101051714156319,0-2,1,0.01205900955386352,0-2,1,0.012016967393570499,0-2,1,0.011974925233277922,0-2,1,0.011932883072985345,0-2,1,0.011890840912692435,0-2,1,0.011848798752399747,0-2,1,0.011806756592106726,0-2,1,0.011764714431814038,0-2,1,0.011722672271521462,0-2,1,0.011680630111228663,0-2,1,0.011638587950935864
UEFA Euro,2016,2016-06-26,Germany,Slovakia,3,0,0.6546440590892654,0.2065505512195816,0.13880538969115297,0.6858371987743815,0.2303830316224347,0.08377976960367324,0.0550256200877245,home,home,False,2-0,1,0.02115206718863194,2-0,1,0.02218775223868863,2-0,1,0.022137295245679978,2-0,1,0.022086838252671104,2-0,1,0.02203638125966223,2-0,1,0.021985924266653578,2-0,1,0.021935467273644704,2-0,1,0.021885010280636052,2-0,1,0.021834553287627734,2-0,1,0.021784096294618416,2-0,1,0.02173363930161054,2-0,1,0.021683182308601667,2-0,1,0.021632725315592793,2-0,1,0.021582268322584253,2-0,1,0.021531811329574713,2-0,1,0.02148135433656695,2-0,1,0.021430897343558408,2-0,1,0.021380440350549312,2-0,1,0.02132998335754066,2-0,1,0.02127952636453212,2-0,1,0.021229069371523357,2-0,1,0.021178612378514483
UEFA Euro,2016,2016-06-26,France,Republic of Ireland,2,1,0.5314990261821688,0.2891017191518884,0.17939925466594278,0.639705756609795,0.2590524802385376,0.10124176315213296,0.10820673042739341,home,home,False,1-0,1,0.030715072046336278,1-0,1,0.03697137800088535,1-0,1,0.036658691121681075,1-0,1,0.03634600424247636,1-0,1,0.03603331736327209,1-0,1,0.035720630484067484,1-0,1,0.03540794360486277,1-0,1,0.03509525672565861,1-0,1,0.03478256984645389,1-0,1,0.03446988296724918,1-0,1,0.034157196088044905,1-0,1,0.03384450920883997,1-0,1,0.03353182232963536,1-0,1,0.03321913545043098,1-0,1,0.03290644857122638,1-0,1,0.03259376169202155,1-0,1,0.032281074812816835,1-0,1,0.03196838793361234,1-0,1,0.031655701054407515,1-0,1,0.03134301417520291,1-0,1,0.031030327295998306,1-0,1,0.03071764041679359
UEFA Euro,2016,2016-06-25,Croatia,Portugal,0,1,0.31576563114149814,0.30494298050049,0.37929138835801196,0.34158123075313773,0.32237925492155867,0.3360395143257905,0.04325187403246486,away,home,True,0-1,3,0.03721198585148722,1-1,0,0.01996171828814397,1-1,0,0.020546255753257303,1-1,0,0.021130793218370747,1-1,0,0.021715330683483747,1-1,0,0.02229986814859719,1-1,0,0.017955954707310706,1-1,0,0.012629259104976032,1-1,0,0.007302563502641024,1-1,0,0.0019758679003051283,0-1,3,0.0033508277020307675,0-1,3,0.008677523304366108,0-1,3,0.01400421890670267,0-1,3,0.019330914509039232,0-1,3,0.02465761011137635,0-1,3,0.029984305713713022,0-1,3,0.03531100131605025,0-1,3,0.03636447790367048,0-1,3,0.03657665515335906,0-1,3,0.036788832403047866,0-1,3,0.03700100965273645,0-1,3,0.037213186902425144
UEFA Euro,2016,2016-06-25,Wales,Northern Ireland,1,0,0.32882640936570956,0.3483304377734946,0.3228431528607959,0.4796294274960445,0.328089695815666,0.19228087668780725,0.1508030181305761,draw,home,True,0-0,0,0.08794201529573975,1-0,3,0.17044721863945356,1-0,3,0.1677676546334479,1-0,3,0.16508809062744245,1-0,3,0.162408526621437,1-0,3,0.1597289626154319,1-0,3,0.1570493986094268,1-0,3,0.14542897255816556,1-0,3,0.12875957741425215,1-0,3,0.1120901822703394,1-0,3,0.09542078712642776,1-0,3,0.07875139198251657,1-0,3,0.06208199683860682,1-0,3,0.045412601694697075,1-0,3,0.028743206550788658,1-0,3,0.012073811406880797,0-0,0,0.0045955837370261765,0-0,0,0.021264978880932484,0-0,0,0.03793437402483801,0-0,0,0.05460376916874221,0-0,0,0.07127316431264563,0-0,0,0.08794255945654905
UEFA Euro,2016,2016-06-25,Switzerland,Poland,1,1,0.3262696326825536,0.2794829308716717,0.3942474364457747,0.31890991940694624,0.341030767469645,0.34005931312292004,0.061547836598217665,away,draw,True,1-2,0,0.011061546960487001,1-1,3,0.10386673764260412,1-1,3,0.10292946546569148,1-1,3,0.09706683964865714,1-1,3,0.08671401326533912,1-1,3,0.07636118688202131,1-1,3,0.06600836049870407,1-1,3,0.055655534115387484,1-1,3,0.04530270773207157,1-1,3,0.03494988134875576,1-1,3,0.024597054965440512,1-1,3,0.014244228582125817,1-1,3,0.0038914021988116776,1-2,0,0.006461424184502018,1-2,0,0.010530365116767526,1-2,0,0.010606390791060294,1-2,0,0.010682416465353173,1-2,0,0.01075844213964583,1-2,0,0.010834467813938709,1-2,0,0.010910493488231587,1-2,0,0.010986519162524355,1-2,0,0.011062544836817123
UEFA Euro,2016,2016-06-22,Sweden,Belgium,0,1,0.3118346042916032,0.2791349194638603,0.4090304762445364,0.192391510307409,0.2889115272786616,0.518696962414432,0.11944309398444551,away,away,False,1-2,1,0.008981848416307558,1-2,1,0.011391071697062993,1-2,1,0.011270652753320953,1-2,1,0.011150233809578913,1-2,1,0.011029814865836873,1-2,1,0.010909395922094722,1-2,1,0.010788976978352682,1-2,1,0.010668558034610531,1-2,1,0.01054813909086838,1-2,1,0.01042772014712634,1-2,1,0.01030730120338419,1-2,1,0.010186882259642038,1-2,1,0.010066463315899998,1-2,1,0.009946044372157736,1-2,1,0.009825625428415696,1-2,1,0.009705206484673545,1-2,1,0.009584787540931283,1-2,1,0.009464368597189132,1-2,1,0.009343949653447092,1-2,1,0.00922353070970483,1-2,1,0.00910311176596268,1-2,1,0.008982692822220528
UEFA Euro,2016,2016-06-22,Italy,Republic of Ireland,0,1,0.445643596248458,0.3069402548081524,0.24741614894338967,0.42652837013043154,0.31209793815407477,0.2613736917159811,0.019115226118270143,home,home,False,1-0,0,0.04442244531388906,1-0,0,0.0425186325870901,1-0,0,0.042613907993494404,1-0,0,0.042709183399898265,1-0,0,0.04280445880630246,1-0,0,0.04289973421270632,1-0,0,0.0429950096191104,1-0,0,0.043090285025514485,1-0,0,0.04318556043191857,1-0,0,0.04328083583832232,1-0,0,0.04337611124472662,1-0,0,0.043471386651130706,1-0,0,0.0435666620575349,1-0,0,0.04366193746393876,1-0,0,0.043757212870342954,1-0,0,0.04385248827674704,1-0,0,0.04394776368315112,1-0,0,0.0440430390895552,1-0,0,0.044138314495959285,1-0,0,0.04423358990236337,1-0,0,0.04432886530876745,1-0,0,0.04442414071517142
UEFA Euro,2016,2016-06-22,Iceland,Austria,2,1,0.2598813177152719,0.2558029783320179,0.4843157039527101,0.26618152392452366,0.30511507285643574,0.4287034032195339,0.05561230073342291,away,away,False,1-2,0,0.008696511909466631,1-2,0,0.007700027957942224,1-2,0,0.0077499711432816865,1-2,0,0.00779991432862126,1-2,0,0.007849857513960612,1-2,0,0.007899800699300075,1-2,0,0.007949743884639426,1-2,0,0.007999687069978778,1-2,0,0.008049630255318352,1-2,0,0.008099573440657704,1-2,0,0.008149516625997166,1-2,0,0.008199459811336407,1-2,0,0.00824940299667598,1-2,0,0.008299346182015443,1-2,0,0.008349289367354795,1-2,0,0.008399232552694258,1-2,0,0.00844917573803372,1-2,0,0.008499118923373183,1-2,0,0.008549062108712646,1-2,0,0.008599005294051998,1-2,0,0.00864894847939146,1-2,0,0.008698891664730923
UEFA Euro,2016,2016-06-22,Hungary,Portugal,3,3,0.1630866498025421,0.24392619298630286,0.592987157211155,0.09845017981668591,0.24031975616775914,0.6612300640160599,0.06824290680465238,away,away,False,0-2,0,0.02919615347582194,0-2,0,0.03256845665389885,0-2,0,0.03240039365486491,0-2,0,0.03223233065583142,0-2,0,0.03206426765679704,0-2,0,0.03189620465776277,0-2,0,0.03172814165872906,0-2,0,0.03156007865969479,0-2,0,0.0313920156606603,0-2,0,0.03122395266162592,0-2,0,0.03105588966259165,0-2,0,0.030887826663557716,0-2,0,0.03071976366452356,0-2,0,0.0305517006654894,0-2,0,0.030383637666455243,0-2,0,0.030215574667421086,0-2,0,0.030047511668386484,0-2,0,0.02987944866935255,0-2,0,0.02971138567031839,0-2,0,0.029543322671284122,0-2,0,0.029375259672249854,0-2,0,0.029207196673215474
UEFA Euro,2016,2016-06-21,Croatia,Spain,2,1,0.19862315917367682,0.2843297429022775,0.5170470979240457,0.181634065822814,0.3194515163265495,0.49891441785014934,0.03512177342451557,away,away,False,0-1,0,0.01150864135246421,0-1,0,0.011106116372729513,0-1,0,0.011126298557072478,0-1,0,0.011146480741414999,0-1,0,0.011166662925758075,0-1,0,0.01118684511010093,0-1,0,0.011207027294444005,0-1,0,0.011227209478786748,0-1,0,0.011247391663129491,0-1,0,0.011267573847472345,0-1,0,0.01128775603181531,0-1,0,0.011307938216158053,0-1,0,0.01132812040050113,0-1,0,0.011348302584844094,0-1,0,0.011368484769186837,0-1,0,0.011388666953529802,0-1,0,0.011408849137872545,0-1,0,0.01142903132221551,0-1,0,0.011449213506558253,0-1,0,0.011469395690901218,0-1,0,0.011489577875244072,0-1,0,0.011509760059586815
UEFA Euro,2016,2016-06-21,Czech Republic,Turkey,0,2,0.33184021017408116,0.29335783072292343,0.37480195910299546,0.41223921673418257,0.27341338575543467,0.3143473975108814,0.0803990065598521,away,home,True,0-1,1,0.00993233412205563,1-0,0,0.01687390989969073,1-0,0,0.016709363983430814,1-0,0,0.016544818067170675,1-0,0,0.016380272150910646,1-0,0,0.01621572623465073,1-0,0,0.0160511803183907,1-0,0,0.015886634402130784,1-0,0,0.015722088485870755,1-0,0,0.015557542569610727,1-0,0,0.015392996653350588,1-0,0,0.01522845073709056,1-0,0,0.015063904820830532,1-0,0,0.014899358904570503,1-0,0,0.014734812988310253,1-0,0,0.008754079312820684,0-1,1,0.0028697370058368143,0-1,1,0.009612403635341993,0-1,1,0.009692510603791615,0-1,1,0.00977261757224146,0-1,1,0.009852724540691193,0-1,1,0.009932831509140816
UEFA Euro,2016,2016-06-21,Northern Ireland,Germany,0,1,0.079568030125548,0.16401272950336118,0.7564192403710908,0.06614282575201365,0.1997384431686774,0.7341187310788019,0.035725713665569724,away,away,False,0-2,1,0.05381051023315164,0-2,1,0.05237274935608993,0-2,1,0.05245229636491944,0-2,1,0.05253184337374894,0-2,1,0.05261139038257823,0-2,1,0.05269093739140729,0-2,1,0.05277048440023702,0-2,1,0.05285003140906608,0-2,1,0.052929578417895806,0-2,1,0.05300912542672509,0-2,1,0.05308867243555415,0-2,1,0.053168219444383436,0-2,1,0.05324776645321294,0-2,1,0.053327313462042225,0-2,1,0.05340686047087129,0-2,1,0.053486407479701015,0-2,1,0.053565954488530076,0-2,1,0.05364550149735958,0-2,1,0.053725048506188644,0-2,1,0.05380459551501837,0-2,1,0.053884142523847434,0-2,1,0.053963689532676495
UEFA Euro,2016,2016-06-21,Ukraine,Poland,0,1,0.40511800913192,0.3030991398873001,0.29178285098078,0.20801899394038809,0.3054251635716009,0.486555842488495,0.19709901519177384,home,away,True,1-0,0,0.03272380152781662,0-1,3,0.06922762267158844,0-1,3,0.06784199845487648,0-1,3,0.06645637423816408,0-1,3,0.06507075002145202,0-1,3,0.06368512580473962,0-1,3,0.06229950158802722,0-1,3,0.06091387737131482,0-1,3,0.059528253154602195,0-1,3,0.05814262893788946,0-1,3,0.05675700472117695,0-1,3,0.05537138050446422,0-1,3,0.053985756287751485,0-1,3,0.05260013207103853,0-1,3,0.051214507854325575,0-1,3,0.03511454372334888,0-1,3,0.0014242312942704949,1-0,0,0.029540730171953355,1-0,0,0.030336803098743315,1-0,0,0.031132876025533607,1-0,0,0.031928948952323566,1-0,0,0.032725021879113636
UEFA Euro,2016,2016-06-20,Slovakia,England,0,0,0.1693855993942435,0.265970768313591,0.5646436322921655,0.16842240960012053,0.3054206770663471,0.526156913333048,0.03944990875299828,away,away,False,0-2,0,0.01311819159724159,0-2,0,0.012226242327095904,0-2,0,0.012270957880616384,0-2,0,0.012315673434136865,0-2,0,0.012360388987657234,0-2,0,0.012405104541177603,0-2,0,0.012449820094698305,0-2,0,0.012494535648218563,0-2,0,0.012539251201738932,0-2,0,0.012583966755259302,0-2,0,0.012628682308779782,0-2,0,0.012673397862300262,0-2,0,0.012718113415820742,0-2,0,0.012762828969341,0-2,0,0.01280754452286148,0-2,0,0.01285226007638185,0-2,0,0.012896975629902219,0-2,0,0.012941691183422588,0-2,0,0.012986406736943179,0-2,0,0.013031122290463548,0-2,0,0.013075837843983917,0-2,0,0.013120553397504287
UEFA Euro,2016,2016-06-20,Russia,Wales,0,3,0.5384010200704029,0.29829153710686895,0.1633074428227282,0.36843081816517725,0.31756156809741176,0.31400761373790587,0.16997020190547307,home,home,False,1-0,0,0.05984119238051755,0-0,0,0.006935751075935914,1-0,0,0.0019000987738432285,1-0,0,0.018558509312189497,1-0,0,0.03521691985053732,1-0,0,0.04473076414336352,1-0,0,0.04567539975065393,1-0,0,0.046620035357944456,1-0,0,0.04756467096523498,1-0,0,0.0485093065725255,1-0,0,0.04945394217981636,1-0,0,0.05039857778710688,1-0,0,0.05134321339439751,1-0,0,0.05228784900168826,1-0,0,0.053232484608979336,1-0,0,0.05417712021626997,1-0,0,0.05512175582356105,1-0,0,0.0560663914308519,1-0,0,0.05701102703814276,1-0,0,0.057955662645433836,1-0,0,0.058900298252725025,1-0,0,0.059844933860016325
UEFA Euro,2016,2016-06-18,Portugal,Austria,0,0,0.505495631093732,0.2698864742885089,0.22461789461775905,0.5630845186836905,0.26300133585164037,0.17391414546514927,0.05758888758971842,home,home,False,2-0,0,0.010602805122526315,2-0,0,0.011812635940095406,2-0,0,0.01175222968306644,2-0,0,0.011691823426037695,2-0,0,0.011631417169008729,2-0,0,0.011571010911979762,2-0,0,0.011510604654950796,2-0,0,0.01145019839792183,2-0,0,0.011389792140892974,2-0,0,0.011329385883864007,2-0,0,0.011268979626835152,2-0,0,0.011208573369806185,2-0,0,0.011148167112777219,2-0,0,0.011087760855748474,2-0,0,0.011027354598719397,2-0,0,0.01096694834169043,2-0,0,0.010906542084661464,2-0,0,0.010846135827632497,2-0,0,0.010785729570603753,2-0,0,0.010725323313574675,2-0,0,0.01066491705654582,2-0,0,0.010604510799516853
UEFA Euro,2016,2016-06-19,Romania,Albania,0,1,0.45538189345537455,0.33106637741181905,0.21355172913280637,0.47038939470422164,0.2793819211470335,0.25022868414923927,0.05168445626503278,home,home,False,1-0,0,0.10151750248811608,1-0,0,0.10486507756270314,1-0,0,0.1046977945839439,1-0,0,0.10453051160518467,1-0,0,0.10436322862642533,1-0,0,0.10419594564766577,1-0,0,0.10402866266890654,1-0,0,0.1038613796901472,1-0,0,0.10369409671138785,1-0,0,0.10352681373262851,1-0,0,0.10335953075386906,1-0,0,0.10319224777510982,1-0,0,0.10302496479635015,1-0,0,0.10285768181759081,1-0,0,0.10269039883883124,1-0,0,0.10252311586007201,1-0,0,0.10235583288131256,1-0,0,0.102188549902553,1-0,0,0.10202126692379365,1-0,0,0.10185398394503409,1-0,0,0.10168670096627463,1-0,0,0.10151941798751518
UEFA Euro,2016,2016-06-18,Iceland,Hungary,1,1,0.3424350190025614,0.2693219939370195,0.38824298706041904,0.3638047040076275,0.3240814878446967,0.3121138081481706,0.07612917891249588,away,home,True,1-2,0,0.017377639182090565,1-1,3,0.040334611968281586,1-1,3,0.03672898389164547,1-1,3,0.03312335581500969,1-1,3,0.0295177277383738,1-1,3,0.025912099661737686,1-1,3,0.02230647158510035,1-1,3,0.01870084350846435,1-1,3,0.015095215431827014,1-1,3,0.01148958735518979,1-1,3,0.007883959278552677,1-1,3,0.004278331201914787,1-1,3,0.0006727031252774518,1-2,0,0.004512049528931916,1-2,0,0.012379928228877679,1-2,0,0.016357626495353106,1-2,0,0.01652802581756485,1-2,0,0.016698425139776596,1-2,0,0.01686882446198823,1-2,0,0.017039223784199864,1-2,0,0.01720962310641161,1-2,0,0.017380022428623354
UEFA Euro,2016,2016-06-18,Belgium,Republic of Ireland,3,0,0.4593048788351832,0.2920690304515541,0.2486260907132628,0.5178371193057604,0.292774920194733,0.18938796050000506,0.059238130213506934,home,home,False,1-0,1,0.013774653523396796,1-0,1,0.015531078650484864,1-0,1,0.015443303093611638,1-0,1,0.015355527536738522,1-0,1,0.015267751979865407,1-0,1,0.01517997642299207,1-0,1,0.015092200866118843,1-0,1,0.015004425309245617,1-0,1,0.014916649752372502,1-0,1,0.014828874195499164,1-0,1,0.014741098638625938,1-0,1,0.0146533230817526,1-0,1,0.014565547524879374,1-0,1,0.014477771968006148,1-0,1,0.01438999641113281,1-0,1,0.014302220854259584,1-0,1,0.014214445297386469,1-0,1,0.014126669740513131,1-0,1,0.014038894183639905,1-0,1,0.013951118626766457,1-0,1,0.01386334306989323,1-0,1,0.013775567513019893
UEFA Euro,2016,2016-06-17,Spain,Turkey,3,0,0.5736103637440618,0.2687117023875015,0.15767793386843668,0.6599412933506944,0.23495875981679343,0.10509994683202235,0.0863309296068775,home,home,False,1-0,1,3.247702388764484e-05,1-0,1,3.737095922851097e-05,1-0,1,3.7126523118491406e-05,1-0,1,3.688208700869389e-05,1-0,1,3.663765089867432e-05,1-0,1,3.6393214788876804e-05,1-0,1,3.614877867885724e-05,1-0,1,3.5904342569281766e-05,1-0,1,3.56599064592622e-05,1-0,1,3.5415470349020595e-05,1-0,1,3.517103423900103e-05,1-0,1,3.492659812942556e-05,1-0,1,3.468216201929497e-05,1-0,1,3.443772590949745e-05,1-0,1,3.419328979958891e-05,1-0,1,3.394885368979139e-05,1-0,1,3.3704417579660806e-05,1-0,1,3.345998146964124e-05,1-0,1,3.3215545359954746e-05,1-0,1,3.297110924993518e-05,1-0,1,3.272667313991562e-05,1-0,1,3.2482237029896055e-05
UEFA Euro,2016,2016-06-17,Czech Republic,Croatia,2,2,0.27532885549983677,0.28073601826310635,0.44393512623705683,0.21379124331141144,0.31394753157824135,0.47226122510986135,0.06153761218818242,away,away,False,1-2,0,0.0006483552133802473,1-2,0,0.0006897909417221681,1-2,0,0.0006877222681387352,1-2,0,0.0006856535945553022,1-2,0,0.0006835849209717582,1-2,0,0.0006815162473884362,1-2,0,0.0006794475738050032,1-2,0,0.0006773789002215702,1-2,0,0.0006753102266382482,1-2,0,0.0006732415530549263,1-2,0,0.0006711728794714933,1-2,0,0.0006691042058880603,1-2,0,0.0006670355323046273,1-2,0,0.0006649668587213053,1-2,0,0.0006628981851378724,1-2,0,0.0006608295115545504,1-2,0,0.0006587608379710064,1-2,0,0.0006566921643875734,1-2,0,0.0006546234908043624,1-2,0,0.0006525548172208184,1-2,0,0.0006504861436374965,1-2,0,0.0006484174700540635
UEFA Euro,2016,2016-06-19,Switzerland,France,0,0,0.19429108105730336,0.2704480637951623,0.5352608551475343,0.16643942297800055,0.32893430216382025,0.5046262748576825,0.058486238368906276,away,away,False,0-2,0,0.015828164792908828,0-2,0,0.014924636695175408,0-2,0,0.014969938535756455,0-2,0,0.01501524037633728,0-2,0,0.015060542216918216,0-2,0,0.015105844057499263,0-2,0,0.015151145898080198,0-2,0,0.015196447738661134,0-2,0,0.015241749579242292,0-2,0,0.015287051419823006,0-2,0,0.015332353260404163,0-2,0,0.0153776551009851,0-2,0,0.015422956941566035,0-2,0,0.01546825878214686,0-2,0,0.015513560622727907,0-2,0,0.015558862463308842,0-2,0,0.01560416430388989,0-2,0,0.015649466144470603,0-2,0,0.01569476798505165,0-2,0,0.015740069825632585,0-2,0,0.01578537166621352,0-2,0,0.015830673506794457
UEFA Euro,2016,2016-06-17,Italy,Sweden,1,0,0.39846392290151433,0.29237058704492386,0.30916549005356175,0.4853744940535949,0.31528799989779266,0.19933750604911302,0.10982798400469905,home,home,False,1-0,3,0.008952416229326632,1-0,3,0.010905658671139573,1-0,3,0.010808020967108312,1-0,3,0.010710383263076939,1-0,3,0.010612745559045456,1-0,3,0.010515107855014083,1-0,3,0.0104174701509826,1-0,3,0.010319832446951338,1-0,3,0.010222194742919855,1-0,3,0.010124557038888371,1-0,3,0.010026919334856887,1-0,3,0.009929281630825404,1-0,3,0.009831643926794253,1-0,3,0.009734006222762659,1-0,3,0.009636368518731286,1-0,3,0.009538730814699803,1-0,3,0.00944109311066843,1-0,3,0.009343455406636947,1-0,3,0.009245817702605463,1-0,3,0.00914817999857398,1-0,3,0.009050542294542385,1-0,3,0.008952904590511124
UEFA Euro,2016,2016-06-16,Germany,Poland,0,0,0.5990147223894968,0.21999059095330833,0.1809946866571949,0.6085479690686479,0.24155229788963659,0.14989973304219592,0.031094953615239174,home,home,False,2-0,0,0.0014571454720562205,2-0,0,0.0014818121782933513,2-0,0,0.0014806515071756898,2-0,0,0.0014794908360580283,2-0,0,0.0014783301649403668,2-0,0,0.0014771694938229274,2-0,0,0.0014760088227051549,2-0,0,0.0014748481515876044,2-0,0,0.001473687480470054,2-0,0,0.0014725268093525035,2-0,0,0.001471366138234842,2-0,0,0.0014702054671174025,2-0,0,0.001469044795999741,2-0,0,0.0014678841248820795,2-0,0,0.001466723453764418,2-0,0,0.0014655627826469786,2-0,0,0.001464402111529317,2-0,0,0.0014632414404116556,2-0,0,0.0014620807692942162,2-0,0,0.0014609200981765547,2-0,0,0.0014597594270588932,2-0,0,0.0014585987559412317
UEFA Euro,2016,2016-06-16,Ukraine,Northern Ireland,0,2,0.5598077503698334,0.28345903574933934,0.15673321388082737,0.5524730902852738,0.2909308241280994,0.15659608558614035,0.00747178837900335,home,home,False,1-0,0,0.03258416447688006,1-0,0,0.032160447760659405,1-0,0,0.032181795945451674,1-0,0,0.03220314413024383,1-0,0,0.03222449231503599,1-0,0,0.03224584049982815,1-0,0,0.03226718868462042,1-0,0,0.03228853686941291,1-0,0,0.03230988505420518,1-0,0,0.03233123323899745,1-0,0,0.032352581423789495,1-0,0,0.032373929608581875,1-0,0,0.03239527779337381,1-0,0,0.03241662597816619,1-0,0,0.03243797416295846,1-0,0,0.03245932234775084,1-0,0,0.03248067053254289,1-0,0,0.032502018717335046,1-0,0,0.03252336690212765,1-0,0,0.03254471508691947,1-0,0,0.03256606327171174,1-0,0,0.0325874114565039
UEFA Euro,2016,2016-06-16,England,Wales,2,1,0.6463401058152266,0.2449034469834638,0.1087564472013096,0.5778353952730626,0.26368140440508986,0.15848320032136884,0.06850471054192464,home,home,False,2-0,2,0.008580183020070908,2-0,2,0.00767289926477277,2-0,2,0.007718381918435768,2-0,2,0.0077638645720988775,2-0,2,0.007809347225762098,2-0,2,0.007854829879425207,2-0,2,0.007900312533088427,2-0,2,0.007945795186751647,2-0,2,0.007991277840414868,2-0,2,0.008036760494077533,2-0,2,0.008082243147740975,2-0,2,0.008127725801404084,2-0,2,0.008173208455067194,2-0,2,0.008218691108730414,2-0,2,0.008264173762393967,2-0,2,0.00830965641605641,2-0,2,0.00835513906971963,2-0,2,0.008400621723383184,2-0,2,0.00844610437704607,2-0,2,0.008491587030708958,2-0,2,0.008537069684371845,2-0,2,0.008582552338035399
UEFA Euro,2016,2016-06-15,France,Albania,2,0,0.606387878005178,0.2721679251040179,0.12144419689080396,0.7852011916306849,0.16167960968555742,0.05311919868424115,0.1788133136252651,home,home,False,1-0,1,0.03803475418145663,1-0,1,0.04925694877612141,1-0,1,0.04869608626574817,1-0,1,0.048135223755374934,1-0,1,0.047574361245001695,1-0,1,0.047013498734628456,1-0,1,0.046452636224254995,1-0,1,0.04589177371388131,1-0,1,0.04533091120350807,1-0,1,0.04477004869313439,1-0,1,0.04420918618276115,1-0,1,0.04364832367238747,1-0,1,0.04308746116201401,1-0,1,0.042526598651640324,1-0,1,0.04196573614126642,1-0,1,0.04140487363089318,1-0,1,0.040844011120519275,1-0,1,0.040283148610145814,1-0,1,0.03972228609977213,1-0,1,0.03916142358939845,1-0,1,0.03860056107902554,1-0,1,0.03803969856865064
UEFA Euro,2016,2016-06-15,Romania,Switzerland,1,1,0.3696142821735869,0.30184161147102434,0.3285441063553887,0.27783875093208216,0.3173236080847439,0.4048376409826849,0.09177553124126023,home,away,True,1-0,0,0.029694269480669333,0-1,0,0.03930486721111626,0-1,0,0.038934507967800513,0-1,0,0.03856414872448488,0-1,0,0.03819378948116958,0-1,0,0.03782343023785395,0-1,0,0.03745307099453854,0-1,0,0.03708271175122302,0-1,0,0.036712352507907386,0-1,0,0.036341993264591976,0-1,0,0.035971634021276566,0-1,0,0.034773965591310296,0-1,0,0.029729730551720457,0-1,0,0.024685495512130617,0-1,0,0.01964126047254111,0-1,0,0.014597025432951827,0-1,0,0.009552790393362764,1-0,0,0.002864061148335484,1-0,0,0.016575097399241234,1-0,0,0.025777578296373282,1-0,0,0.029326659360565444,1-0,0,0.029695328083842676
UEFA Euro,2016,2016-06-15,Russia,Slovakia,1,2,0.45155412096353253,0.3046975594343685,0.24374831960209895,0.40532859047196357,0.30855667865202513,0.2861147308765022,0.04622553049181442,home,home,False,1-0,0,0.04053579102120952,1-0,0,0.03638767794280251,1-0,0,0.03659516882252434,1-0,0,0.03680265970224639,1-0,0,0.037010150581968326,1-0,0,0.037217641461690265,1-0,0,0.037425132341412315,1-0,0,0.03763262322113459,1-0,0,0.037840114100856304,1-0,0,0.03804760498057824,1-0,0,0.0382550958603004,1-0,0,0.038462586740022564,1-0,0,0.0386700776197445,1-0,0,0.03887756849946644,1-0,0,0.0390850593791886,1-0,0,0.03929255025891065,1-0,0,0.0395000411386327,1-0,0,0.03970753201835486,1-0,0,0.03991502289807691,1-0,0,0.040122513777799074,1-0,0,0.040330004657521235,1-0,0,0.040537495537243506
UEFA Euro,2016,2016-06-14,Portugal,Iceland,1,1,0.623934797403804,0.2277188358934477,0.14834636670274828,0.6936475896387159,0.20767264038156502,0.09867976997925612,0.06971279223514337,home,home,False,2-0,0,0.029469820069598418,2-0,0,0.03278293325784287,2-0,0,0.03261819616012884,2-0,0,0.03245345906241526,2-0,0,0.03228872196470123,2-0,0,0.03212398486698764,2-0,0,0.031959247769273835,2-0,0,0.031794510671559806,2-0,0,0.031629773573846,2-0,0,0.03146503647613219,2-0,0,0.03130029937841827,2-0,0,0.03113556228070502,2-0,0,0.030970825182991546,2-0,0,0.030806088085277072,2-0,0,0.03064135098756382,2-0,0,0.03047661388984968,2-0,0,0.030311876792136205,2-0,0,0.03014713969442262,2-0,0,0.029982402596709035,2-0,0,0.029817665498995116,2-0,0,0.02965292840128153,2-0,0,0.029488191303567945
UEFA Euro,2016,2016-06-14,Austria,Hungary,0,2,0.454599901404414,0.26647687204896975,0.27892322654661633,0.5753156363885608,0.2687039424810458,0.15598042113088306,0.12294280541597805,home,home,False,2-1,0,0.008197395835349952,2-1,0,0.010375931572418895,2-1,0,0.010267074961657352,2-1,0,0.01015821835089592,2-1,0,0.010049361740134488,2-1,0,0.009940505129372945,2-1,0,0.009831648518611513,2-1,0,0.00972279190784997,2-1,0,0.009613935297088427,2-1,0,0.009505078686326662,2-1,0,0.009396222075565341,2-1,0,0.009287365464803798,2-1,0,0.009178508854042144,2-1,0,0.009069652243280824,2-1,0,0.00896079563251928,2-1,0,0.008851939021757627,2-1,0,0.008743082410996084,2-1,0,0.00863422580023454,2-1,0,0.008525369189472998,2-1,0,0.008416512578711455,2-1,0,0.0083076559679498,2-1,0,0.008198799357188147
UEFA Euro,2016,2016-06-13,Belgium,Italy,0,2,0.35274378765521414,0.2982337005808943,0.34902251176389165,0.35831068660127696,0.3253778642910807,0.3163114491071472,0.032711062656496814,home,home,False,1-0,0,0.005356955491860993,1-1,0,0.02628093531850506,1-1,0,0.024137039475753852,1-1,0,0.021993143633002976,1-1,0,0.019849247790251656,1-1,0,0.01770535194750056,1-1,0,0.015561456104749793,1-1,0,0.013417560261998585,1-1,0,0.011273664419248153,1-1,0,0.009129768576497388,1-1,0,0.006985872733747289,1-1,0,0.0048419768909968575,1-1,0,0.00269808104824687,1-1,0,0.000554185205496438,1-0,0,0.0015897106372537717,1-0,0,0.0037336064800036484,1-0,0,0.005877502322753414,1-0,0,0.008021398165503513,1-0,0,0.010165294008252834,1-0,0,0.011767683460005784,1-0,0,0.008562428009946776,1-0,0,0.0053571725598883235
UEFA Euro,2016,2016-06-13,Republic of Ireland,Sweden,1,1,0.2900394385138086,0.2962942448152472,0.4136663166709442,0.25630988334683047,0.3186130965236761,0.42507702012998894,0.033729555167225866,away,away,False,0-1,0,0.01912871159194196,0-1,0,0.01965733064864661,0-1,0,0.01963094672759169,0-1,0,0.01960456280653733,0-1,0,0.019578178885482744,0-1,0,0.019551794964428604,0-1,0,0.019525411043373797,0-1,0,0.019499027122319545,0-1,0,0.01947264320126485,0-1,0,0.019446259280210376,0-1,0,0.01941987535915579,0-1,0,0.019393491438101318,0-1,0,0.019367107517046733,0-1,0,0.01934072359599237,0-1,0,0.019314339674937675,0-1,0,0.0192879557538832,0-1,0,0.019261571832828728,0-1,0,0.019235187911774254,0-1,0,0.019208803990719447,0-1,0,0.019182420069664863,0-1,0,0.01915603614861061,0-1,0,0.019129652227556138
UEFA Euro,2016,2016-06-13,Spain,Czech Republic,1,0,0.6200117025654787,0.2371405676726603,0.14284772976186105,0.6803214243810587,0.21593047295934373,0.10374810266009271,0.06030972181533248,home,home,False,2-0,1,0.040608384183671076,2-0,1,0.04457782243021846,2-0,1,0.044380233763042565,2-0,1,0.044182645095866446,2-0,1,0.04398505642869033,2-0,1,0.04378746776151399,2-0,1,0.04358987909433787,2-0,1,0.04339229042716153,2-0,1,0.04319470175998641,2-0,1,0.0429971130928094,2-0,1,0.04279952442563417,2-0,1,0.042601935758456944,2-0,1,0.04240434709128149,2-0,1,0.042206758424104596,2-0,1,0.04200916975692859,2-0,1,0.04181158108975258,2-0,1,0.04161399242257624,2-0,1,0.0414164037553999,2-0,1,0.04121881508822378,2-0,1,0.04102122642104755,2-0,1,0.0408236377538711,2-0,1,0.04062604908669498
UEFA Euro,2016,2016-06-12,Germany,Ukraine,2,0,0.5067413532933105,0.2626283638955548,0.23063028281113468,0.6445436472868242,0.22625239541384007,0.12920395729885722,0.13780229399375293,home,home,False,2-0,3,0.004463402314506704,2-0,3,0.005678373436582174,2-0,3,0.005617672125738937,2-0,3,0.005556970814896367,2-0,3,0.005496269504053575,2-0,3,0.0054355681932107824,2-0,3,0.00537486688236799,2-0,3,0.005314165571525198,2-0,3,0.0052534642606820725,2-0,3,0.005192762949839391,2-0,3,0.005132061638996599,2-0,3,0.005071360328153807,2-0,3,0.005010659017311014,2-0,3,0.004949957706468222,2-0,3,0.00488925639562543,2-0,3,0.0048285550847826375,2-0,3,0.004767853773939845,2-0,3,0.004707152463097053,2-0,3,0.00464645115225415,2-0,3,0.00458574984141169,2-0,3,0.004525048530568676,2-0,3,0.004464347219725884
UEFA Euro,2016,2016-06-12,Poland,Northern Ireland,1,0,0.5273125288603219,0.27719329386343666,0.19549417727624144,0.5508502767850927,0.2872731479843319,0.1618765752300901,0.03361760204590869,home,home,False,2-0,1,0.0022368503491113634,2-0,1,0.002336989030905512,2-0,1,0.002331996071744946,2-0,1,0.0023270031125840474,2-0,1,0.0023220101534234816,2-0,1,0.002317017194262583,2-0,1,0.002312024235102017,2-0,1,0.0023070312759414513,2-0,1,0.0023020383167804415,2-0,1,0.0022970453576196537,2-0,1,0.002292052398459088,2-0,1,0.002287059439298522,2-0,1,0.0022820664801378454,2-0,1,0.0022770735209770576,2-0,1,0.002272080561816159,2-0,1,0.002267087602655704,2-0,1,0.0022620946434948053,2-0,1,0.0022571016843343505,2-0,1,0.0022521087251735628,2-0,1,0.002247115766012886,2-0,1,0.002242122806852209,2-0,1,0.0022371298476913104
UEFA Euro,2016,2016-06-12,Turkey,Croatia,0,1,0.2892330670217904,0.3039526132012332,0.40681431977697646,0.23051455879980523,0.29024990387269145,0.47923553732700097,0.07242121755027571,away,away,False,0-1,3,0.034449368393280166,0-1,3,0.04058353248133384,0-1,3,0.04027688693797704,0-1,3,0.039970241394620354,0-1,3,0.03966359585126389,0-1,3,0.039356950307907534,0-1,3,0.039050304764550514,0-1,3,0.03874365922119427,0-1,3,0.038437013677837695,0-1,3,0.03813036813448123,0-1,3,0.03782372259112454,0-1,3,0.03751707704776819,0-1,3,0.03721043150441172,0-1,3,0.03690378596105526,0-1,3,0.03659714041769868,0-1,3,0.036290494874342216,0-1,3,0.03598384933098586,0-1,3,0.03567720378762962,0-1,3,0.035370558244273154,0-1,3,0.03506391270091669,0-1,3,0.034757267157560445,0-1,3,0.03445062161420398
UEFA Euro,2016,2016-06-11,England,Russia,1,1,0.4393685936744899,0.30946735181448726,0.25116405451102297,0.5481442751315424,0.279454139732377,0.17240158513657527,0.10877568145680525,home,home,False,1-0,0,0.0489003906781611,1-0,0,0.06100888212887501,1-0,0,0.06040354125152181,1-0,0,0.05979820037416861,1-0,0,0.05919285949681541,1-0,0,0.05858751861946199,1-0,0,0.0579821777421089,1-0,0,0.057376836864755476,1-0,0,0.05677149598740194,1-0,0,0.05616615511004863,1-0,0,0.05556081423269532,1-0,0,0.0549554733553419,1-0,0,0.054350132477988145,1-0,0,0.053744791600634945,1-0,0,0.05313945072328119,1-0,0,0.05253410984592777,1-0,0,0.05192876896857401,1-0,0,0.05132342809122059,1-0,0,0.050718087213866836,1-0,0,0.05011274633651319,1-0,0,0.049507405459159326,1-0,0,0.04890206458180579
UEFA Euro,2016,2016-06-11,Wales,Slovakia,2,1,0.2404010518649998,0.32141716265618325,0.4381817854788168,0.31784273411783737,0.3305216658656718,0.35163560001600264,0.08654618546257013,away,away,False,0-1,0,0.07494720585661085,0-0,0,0.033230306708765034,0-0,0,0.02463509720321666,0-0,0,0.016039887697668953,0-0,0,0.007444678192121357,0-1,0,0.0011505313134255735,0-1,0,0.00974574081897206,0-1,0,0.0183409503245181,0-1,0,0.02693615983006381,0-1,0,0.03553136933560885,0-1,0,0.044126578841153896,0-1,0,0.05272178834669827,0-1,0,0.061316997852242205,0-1,0,0.06902761790412293,0-1,0,0.06976778392689909,0-1,0,0.07050794994967535,0-1,0,0.07124811597245151,0-1,0,0.07198828199522755,0-1,0,0.07272844801800371,0-1,0,0.07346861404077953,0-1,0,0.07420878006355547,0-1,0,0.07494894608633129
UEFA Euro,2016,2016-06-11,Albania,Switzerland,0,1,0.23359760756278494,0.3075510840356078,0.45885130840160726,0.18652899776883639,0.30441541974150377,0.5090555824901553,0.050204274088300305,away,away,False,0-1,3,0.04860954284631225,0-1,3,0.05393017820605717,0-1,3,0.05366424207438303,0-1,3,0.053398305942709334,0-1,3,0.05313236981103542,0-1,3,0.052866433679361835,0-1,3,0.05260049754768792,0-1,3,0.052334561416014114,0-1,3,0.0520686252843402,0-1,3,0.05180268915266628,0-1,3,0.05153675302099259,0-1,3,0.05127081688931845,0-1,3,0.051004880757644755,0-1,3,0.05073894462597062,0-1,3,0.0504730084942967,0-1,3,0.050207072362622784,0-1,3,0.04994113623094876,0-1,3,0.04967520009927462,0-1,3,0.049409263967600814,0-1,3,0.0491433278359269,0-1,3,0.04887739170425276,0-1,3,0.04861145557257873
UEFA Euro,2016,2016-06-10,France,Romania,2,1,0.48770708148729786,0.3045283659602458,0.20776455255245627,0.7149429804872076,0.19968646364629206,0.08537055586601162,0.22723589900015406,home,home,False,1-0,1,0.05034127046096537,1-0,1,0.07380013707302502,1-0,1,0.07262731343870477,1-0,1,0.07145448980438496,1-0,1,0.07028166617006537,1-0,1,0.06910884253574534,1-0,1,0.06793601890142553,1-0,1,0.0667631952671055,1-0,1,0.06559037163278658,1-0,1,0.064417547998467,1-0,1,0.06324472436414696,1-0,1,0.0620719007298286,1-0,1,0.06089907709550835,1-0,1,0.059726253461189205,1-0,1,0.05855342982687006,1-0,1,0.05738060619255081,1-0,1,0.05620778255823167,1-0,1,0.05503495892391275,1-0,1,0.053862135289593605,1-0,1,0.052689311655274684,1-0,1,0.051516488020955764,1-0,1,0.050343664386636955
UEFA Euro,2021,2021-07-11,Italy,England,1,1,0.3218745581808686,0.3348631959796187,0.3432622458395127,0.28042074238052794,0.33065334648745076,0.388925911132506,0.045663665292750955,away,away,False,0-0,1,0.0291685288808734,0-1,0,0.06627434055964387,0-1,0,0.06150218536390806,0-1,0,0.05673003016817191,0-1,0,0.051957874972435425,0-1,0,0.04718571977669883,0-1,0,0.04241356458096235,0-1,0,0.03764140938522498,0-1,0,0.03286925418948761,0-1,0,0.028097098993750347,0-1,0,0.0233249437980122,0-1,0,0.018552788602274273,0-1,0,0.01378063340653668,0-1,0,0.00900847821079731,0-1,0,0.004236323015059051,0-0,1,0.0005358321806798738,0-0,1,0.005307987376419465,0-0,1,0.010080142572158168,0-0,1,0.014852297767898426,0-0,1,0.019624452963637684,0-0,1,0.02439660815937772,0-0,1,0.02916876335511831
UEFA Euro,2021,2021-07-07,England,Denmark,2,1,0.3998432824987262,0.3176429433341515,0.28251377416712237,0.5554159101452658,0.27780823409807637,0.1667758557561849,0.1555726276467761,home,home,False,1-0,1,0.08050487631500425,1-0,1,0.11182999486898648,1-0,1,0.11026380943625869,1-0,1,0.10869762400353089,1-0,1,0.1071314385708032,1-0,1,0.10556525313807541,1-0,1,0.10399906770534795,1-0,1,0.1024328822726206,1-0,1,0.10086669683989302,1-0,1,0.09930051140716567,1-0,1,0.09773432597443843,1-0,1,0.09616814054171119,1-0,1,0.09460195510898384,1-0,1,0.09303576967625704,1-0,1,0.09146958424352991,1-0,1,0.08990339881080289,1-0,1,0.08833721337807621,1-0,1,0.08677102794534941,1-0,1,0.08520484251262272,1-0,1,0.08363865707989615,1-0,1,0.08207247164716958,1-0,1,0.08050628621444311
UEFA Euro,2021,2021-07-06,Italy,Spain,1,1,0.283479568008178,0.3074868336821762,0.40903359830964586,0.385959198294038,0.30549958805304556,0.30854121365342,0.10247963028560828,away,home,True,0-1,0,0.06065736043571002,1-0,0,0.09567909722701651,1-0,0,0.09440886470590659,1-0,0,0.09313863218479668,1-0,0,0.09186839966368676,1-0,0,0.09059816714257662,1-0,0,0.08181613173013447,1-0,0,0.06360299075275555,1-0,0,0.045389849775375524,1-0,0,0.02717670879799383,1-0,0,0.008963567820612361,0-1,0,0.009249573156770885,0-1,0,0.02746271413415491,0-1,0,0.045675855111540375,0-1,0,0.05544292596018119,0-1,0,0.056188067592029545,0-1,0,0.0569332092238779,0-1,0,0.05767835085572648,0-1,0,0.05842349248757506,0-1,0,0.059168634119423635,0-1,0,0.05991377575127199,0-1,0,0.06065891738312079
UEFA Euro,2021,2021-07-03,Ukraine,England,0,4,0.1712041069784401,0.2766792952730012,0.5521165977485587,0.11863713894485005,0.23653781004257093,0.6448250510120823,0.09270845326377197,away,away,False,0-1,1,0.027749313649184204,0-1,1,0.032412225173872544,0-1,1,0.032179224978083676,0-1,1,0.031946224782294586,0-1,1,0.03171322458650572,0-1,1,0.03148022439071663,0-1,1,0.03124722419492787,0-1,1,0.031014223999139,0-1,1,0.0307812238033498,0-1,1,0.030548223607560487,0-1,1,0.030315223411771952,0-1,1,0.030082223215983195,0-1,1,0.029849223020194326,0-1,1,0.029616222824405458,0-1,1,0.02938322262861659,0-1,1,0.02915022243282761,0-1,1,0.028917222237038964,0-1,1,0.028684222041250096,0-1,1,0.028451221845461117,0-1,1,0.02821822164967247,0-1,1,0.027985221453883824,0-1,1,0.027752221258095067
UEFA Euro,2021,2021-07-03,Czech Republic,Denmark,1,2,0.18824289194404226,0.26177968863061873,0.549977419425339,0.2332587389749794,0.30905191560057704,0.4576893454239572,0.09228807400113861,away,away,False,0-2,2,0.012733657873443938,0-2,2,0.010598765508596841,0-2,2,0.010705621792816533,0-2,2,0.010812478077036114,0-2,2,0.010919334361255695,0-2,2,0.011026190645475276,0-2,2,0.011133046929694634,0-2,2,0.011239903213914548,0-2,2,0.01134675949813424,0-2,2,0.011453615782353599,0-2,2,0.01156047206657329,0-2,2,0.01166732835079276,0-2,2,0.011774184635012341,0-2,2,0.011881040919231811,0-2,2,0.011987897203451503,0-2,2,0.012094753487671195,0-2,2,0.012201609771890776,0-2,2,0.012308466056110134,0-2,2,0.012415322340329715,0-2,2,0.012522178624549296,0-2,2,0.012629034908768988,0-2,2,0.012735891192988236
UEFA Euro,2021,2021-07-02,Belgium,Italy,1,2,0.3911312585374013,0.297828315119949,0.31104042634264967,0.2871362186311911,0.2993096341966487,0.41355414717267003,0.10399503990646514,home,away,True,1-0,0,0.041576833227843224,0-1,1,0.06171171129612851,0-1,1,0.06094684202967404,0-1,1,0.060181972763220015,0-1,1,0.059417103496765544,0-1,1,0.058652234230311184,0-1,1,0.057887364963856824,0-1,1,0.05712249569740235,0-1,1,0.05635762643094788,0-1,1,0.05559275716449341,0-1,1,0.05482788789803883,0-1,1,0.05406301863158414,0-1,1,0.04266584567992293,0-1,1,0.024823457952037886,0-1,1,0.006981070224151953,1-0,0,0.010861317503735202,1-0,0,0.028703705231623022,1-0,0,0.03936725802619201,1-0,0,0.03992000485870417,1-0,0,0.040472751691216224,1-0,0,0.04102549852372828,1-0,0,0.04157824535624055
UEFA Euro,2021,2021-07-02,Switzerland,Spain,1,1,0.1946419377181879,0.25329009545879916,0.552067966823013,0.16003706641523305,0.2466514350582114,0.5933114985270477,0.041243531703788666,away,away,False,0-2,0,0.020176336923963256,0-2,0,0.021688851231721262,0-2,0,0.021613467152227006,0-2,0,0.021538083072733194,0-2,0,0.02146269899323916,0-2,0,0.021387314913745348,0-2,0,0.02131193083425109,0-2,0,0.02123654675475739,0-2,0,0.021161162675263245,0-2,0,0.021085778595769322,0-2,0,0.021010394516275177,0-2,0,0.020935010436781032,0-2,0,0.020859626357286887,0-2,0,0.020784242277793186,0-2,0,0.02070885819829904,0-2,0,0.020633474118804895,0-2,0,0.02055809003931086,0-2,0,0.020482705959816827,0-2,0,0.020407321880322904,0-2,0,0.02033193780082887,0-2,0,0.020256553721334836,0-2,0,0.020181169641840357
UEFA Euro,2021,2021-06-29,Sweden,Ukraine,1,2,0.40699897107577576,0.3075696553919089,0.2854313735323153,0.41333225321519573,0.301580255004359,0.2850874917809284,0.006333282139178387,home,home,False,1-0,0,0.06073494164061066,1-0,0,0.06168159884734392,1-0,0,0.06163434304220672,1-0,0,0.06158708723706918,1-0,0,0.06153983143193209,1-0,0,0.061492575626794554,1-0,0,0.06144531982165713,1-0,0,0.061398064016519704,1-0,0,0.06135080821138239,1-0,0,0.061303552406244965,1-0,0,0.06125629660110754,1-0,0,0.06120904079597034,1-0,0,0.0611617849908328,1-0,0,0.061114529185695377,1-0,0,0.06106727338055806,1-0,0,0.06102001757542075,1-0,0,0.060972761770283435,1-0,0,0.06092550596514601,1-0,0,0.060878250160008585,1-0,0,0.06083099435487127,1-0,0,0.060783738549733735,1-0,0,0.06073648274459653
UEFA Euro,2021,2021-06-28,France,Switzerland,3,3,0.49224080652724156,0.28154885105796007,0.22621034241479845,0.5912908764950752,0.25246608889248806,0.15624303461195246,0.0990500699680758,home,home,False,1-0,0,0.015850095305030787,1-0,0,0.01904109024129841,1-0,0,0.018881606863857425,1-0,0,0.018722123486416442,1-0,0,0.01856264010897546,1-0,0,0.018403156731534587,1-0,0,0.018243673354093493,1-0,0,0.01808418997665251,1-0,0,0.017924706599211637,1-0,0,0.017765223221770543,1-0,0,0.017605739844329782,1-0,0,0.017446256466888688,1-0,0,0.017286773089447705,1-0,0,0.01712728971200661,1-0,0,0.016967806334565738,1-0,0,0.016808322957124977,1-0,0,0.016648839579683994,1-0,0,0.01648935620224312,1-0,0,0.01632987282480225,1-0,0,0.01617038944736149,1-0,0,0.016010906069920505,1-0,0,0.015851422692479744
UEFA Euro,2021,2021-06-28,Croatia,Spain,3,5,0.17659893201944868,0.23080999258659413,0.5925910753939572,0.1420838360446,0.2456176898446183,0.6122984741103145,0.034515095974615065,away,away,False,0-2,1,0.016636042120008465,0-2,1,0.017198339469487345,0-2,1,0.01717066223791497,0-2,1,0.01714298500634215,0-2,1,0.01711530777476955,0-2,1,0.017087630543197174,0-2,1,0.017059953311624687,0-2,1,0.017032276080051978,0-2,1,0.01700459884847949,0-2,1,0.016976921616907226,0-2,1,0.016949244385334516,0-2,1,0.01692156715376192,0-2,1,0.01689388992218932,0-2,1,0.016866212690616722,0-2,1,0.016838535459044568,0-2,1,0.016810858227471748,0-2,1,0.01678318099589937,0-2,1,0.016755503764326773,0-2,1,0.016727826532754286,0-2,1,0.016700149301181577,0-2,1,0.01667247206960909,0-2,1,0.016644794838036714
UEFA Euro,2021,2021-06-27,Belgium,Portugal,1,0,0.3998163735226914,0.27838876743096996,0.32179485904633864,0.39832412990656807,0.28974571707773344,0.3119301530162054,0.011356949646510017,home,home,False,2-1,1,0.004049440376340696,2-1,1,0.0040346241150217566,2-1,1,0.004035379861614619,2-1,1,0.004036135608207259,2-1,1,0.004036891354800232,2-1,1,0.004037647101392761,2-1,1,0.004038402847985623,2-1,1,0.004039158594578485,2-1,1,0.004039914341171125,2-1,1,0.004040670087763987,2-1,1,0.004041425834356738,2-1,1,0.0040421815809496,2-1,1,0.00404293732754224,2-1,1,0.004043693074135102,2-1,1,0.004044448820727853,2-1,1,0.004045204567320715,2-1,1,0.004045960313913355,2-1,1,0.004046716060506217,2-1,1,0.004047471807098857,2-1,1,0.004048227553691719,2-1,1,0.004048983300284359,2-1,1,0.004049739046877221
UEFA Euro,2021,2021-06-27,Netherlands,Czech Republic,0,2,0.6191608070879131,0.2207592310627389,0.160079961849348,0.613399887365039,0.23559795914253098,0.1510021534928983,0.014838728079557925,home,home,False,2-0,0,0.020771591410096324,2-0,0,0.020592894753210356,2-0,0,0.02060256495498125,2-0,0,0.020612235156752257,2-0,0,0.02062190535852304,2-0,0,0.020631575560293935,2-0,0,0.02064124576206483,2-0,0,0.020650915963835503,2-0,0,0.0206605861656064,2-0,0,0.02067025636737707,2-0,0,0.020679926569148077,2-0,0,0.020689596770919083,2-0,0,0.020699266972689867,2-0,0,0.02070893717446065,2-0,0,0.020718607376231657,2-0,0,0.02072827757800244,2-0,0,0.020737947779773336,2-0,0,0.02074761798154401,2-0,0,0.020757288183314904,2-0,0,0.02076695838508591,2-0,0,0.020776628586856694,2-0,0,0.02078629878862759
UEFA Euro,2021,2021-06-26,Italy,Austria,2,1,0.5760907187361557,0.26445131730995625,0.15945796395388806,0.6241145580512729,0.24732258711842076,0.12856285483077445,0.04802383931488316,home,home,False,1-0,1,0.008419268061554686,1-0,1,0.009122520793708011,1-0,1,0.00908742319286815,1-0,1,0.00905232559202751,1-0,1,0.009017227991186871,1-0,1,0.008982130390346788,1-0,1,0.008947032789506149,1-0,1,0.00891193518866551,1-0,1,0.008876837587825204,1-0,1,0.008841739986984898,1-0,1,0.008806642386144481,1-0,1,0.008771544785303953,1-0,1,0.008736447184463647,1-0,1,0.00870134958362323,1-0,1,0.008666251982782702,1-0,1,0.008631154381942507,1-0,1,0.00859605678110198,1-0,1,0.008560959180261674,1-0,1,0.008525861579421368,1-0,1,0.00849076397858095,1-0,1,0.008455666377740423,1-0,1,0.008420568776899784
UEFA Euro,2021,2021-06-26,Wales,Denmark,0,4,0.2132743908077878,0.3260461165583194,0.4606794926338928,0.20270631593787114,0.30691424788191646,0.4903794361797241,0.029699943546075455,away,away,False,0-1,1,0.11008456357590102,0-1,1,0.11718388394558132,0-1,1,0.11682902049894017,0-1,1,0.11647415705229902,0-1,1,0.11611929360565809,0-1,1,0.11576443015901705,0-1,1,0.11540956671237579,0-1,1,0.11505470326573519,0-1,1,0.11469983981909415,0-1,1,0.114344976372453,0-1,1,0.11399011292581207,0-1,1,0.11363524947917125,0-1,1,0.11328038603253021,0-1,1,0.11292552258588928,0-1,1,0.11257065913924835,0-1,1,0.11221579569260764,0-1,1,0.11186093224596672,0-1,1,0.1115060687993259,0-1,1,0.11115120535268508,0-1,1,0.11079634190604437,0-1,1,0.11044147845940366,0-1,1,0.11008661501276273
UEFA Euro,2021,2021-06-23,Germany,Hungary,2,2,0.7005337082536106,0.17837520223543002,0.12109108951095941,0.8607193885616267,0.09895836976902841,0.040322241669834336,0.16018568030777136,home,home,False,2-0,0,0.01860723409061449,2-0,0,0.02292060446181332,2-0,0,0.022707320511923257,2-0,0,0.022494036562034303,2-0,0,0.022280752612144683,2-0,0,0.022067468662255285,2-0,0,0.021854184712365887,2-0,0,0.021640900762476267,2-0,0,0.02142761681258687,2-0,0,0.02121433286269725,2-0,0,0.02100104891280763,2-0,0,0.02078776496291823,2-0,0,0.02057448101302861,2-0,0,0.02036119706313899,2-0,0,0.020147913113249816,2-0,0,0.01993462916335975,2-0,0,0.019721345213470576,2-0,0,0.019508061263580734,2-0,0,0.019294777313691558,2-0,0,0.019081493363801716,2-0,0,0.018868209413912318,2-0,0,0.018654925464022476
UEFA Euro,2021,2021-06-23,Portugal,France,2,2,0.3260121581072531,0.3058856307114911,0.36810221118125575,0.23641607215674762,0.28062155714374815,0.4829623706990201,0.11486015951800639,away,away,False,0-1,0,0.05843344116919169,0-1,0,0.07666844642519699,0-1,0,0.07575676566902834,0-1,0,0.07484508491286013,0-1,0,0.0739334041566918,0-1,0,0.07302172340052382,0-1,0,0.0721100426443555,0-1,0,0.07119836188818751,0-1,0,0.0702866811320193,0-1,0,0.06937500037585143,0-1,0,0.06846331961968333,0-1,0,0.06755163886351534,0-1,0,0.06663995810734735,0-1,0,0.06572827735117948,0-1,0,0.0648165965950116,0-1,0,0.06390491583884383,0-1,0,0.06299323508267596,0-1,0,0.062081554326508304,0-1,0,0.06116987357034087,0-1,0,0.06025819281417322,0-1,0,0.05934651205800545,0-1,0,0.0584348313018378
UEFA Euro,2021,2021-06-23,Slovakia,Spain,5,0,0.09667510553087043,0.19110904232164797,0.7122158521474816,0.04879573026262904,0.13055486942604094,0.8206494003109339,0.10843354816365036,away,away,False,0-2,0,0.06197207641071989,0-2,0,0.07149169553399393,0-2,0,0.07101938066920144,0-2,0,0.07054706580440917,0-2,0,0.07007475093961668,0-2,0,0.06960243607482464,0-2,0,0.06913012121003215,0-2,0,0.06865780634523988,0-2,0,0.06818549148044761,0-2,0,0.06771317661565579,0-2,0,0.06724086175086352,0-2,0,0.06676854688607126,0-2,0,0.06629623202127921,0-2,0,0.06582391715648717,0-2,0,0.0653516022916949,0-2,0,0.06487928742690285,0-2,0,0.06440697256211103,0-2,0,0.06393465769731899,0-2,0,0.06346234283252672,0-2,0,0.06299002796773445,0-2,0,0.06251771310294263,0-2,0,0.062045398238150806
UEFA Euro,2021,2021-06-23,Sweden,Poland,3,2,0.3503728571143727,0.29972155500314956,0.3499055878824777,0.33036177305648795,0.2814876195794753,0.38815060736453605,0.03824501948180867,home,away,True,1-0,1,0.0006890276326587674,0-1,0,0.05088859779178101,0-1,0,0.050637891574010885,0-1,0,0.05038718535624054,0-1,0,0.0501364791384703,0-1,0,0.04988577292070029,0-1,0,0.04963506670292994,0-1,0,0.049384360485159595,0-1,0,0.04913365426738925,0-1,0,0.04888294804961901,0-1,0,0.048632241831848555,0-1,0,0.04838153561407843,0-1,0,0.04465879520203975,0-1,0,0.03962014595008767,0-1,0,0.034581496698135816,0-1,0,0.029542847446183074,0-1,0,0.024504198194230553,0-1,0,0.01946554894227759,0-1,0,0.014426899690324846,0-1,0,0.009388250438370993,0-1,0,0.004349601186417473,1-0,1,0.0006890480655367126
UEFA Euro,2021,2021-06-22,Croatia,Scotland,1,3,0.5390672364926894,0.2518444140987307,0.20908834940857976,0.4155297932095393,0.2507733702183737,0.33369683657257515,0.12460848716375124,home,home,False,2-0,0,0.012018301717301894,2-0,0,0.00926645719280561,2-0,0,0.009404203564858826,2-0,0,0.009541949936912153,2-0,0,0.00967969630896559,2-0,0,0.009817442681018917,2-0,0,0.009955189053072133,2-0,0,0.010092935425125682,2-0,0,0.01023068179717912,2-0,0,0.010368428169232558,2-0,0,0.010506174541285995,2-0,0,0.010643920913339211,2-0,0,0.010781667285392649,2-0,0,0.010919413657446086,2-0,0,0.011057160029499524,2-0,0,0.011194906401552851,2-0,0,0.01133265277360651,2-0,0,0.011470399145659838,2-0,0,0.011608145517713497,2-0,0,0.011745891889766713,2-0,0,0.01188363826182015,2-0,0,0.0120213846338737
UEFA Euro,2021,2021-06-22,Czech Republic,England,1,0,0.14515476760386004,0.23658695401062957,0.6182582783855104,0.11789838938251976,0.222648473274512,0.6594531373434258,0.041194858957686625,away,away,False,0-2,0,0.04172115116544017,0-2,0,0.04451764219076493,0-2,0,0.044378595313335656,0-2,0,0.04423954843590616,0-2,0,0.044100501558477,0-2,0,0.043961454681047285,0-2,0,0.04382240780361779,0-2,0,0.043683360926187964,0-2,0,0.043544314048758914,0-2,0,0.0434052671713292,0-2,0,0.04326622029389948,0-2,0,0.04312717341647021,0-2,0,0.04298812653904027,0-2,0,0.042849079661610334,0-2,0,0.04271003278418073,0-2,0,0.04257098590675146,0-2,0,0.04243193902932185,0-2,0,0.042292892151892136,0-2,0,0.04215384527446253,0-2,0,0.04201479839703315,0-2,0,0.04187575151960343,0-2,0,0.04173670464217394
UEFA Euro,2021,2021-06-21,Finland,Belgium,0,2,0.08966306793714825,0.18251389227179443,0.7278230397910573,0.09339909067600483,0.1932890982282199,0.7133118110962816,0.01451122869502889,away,away,False,0-2,3,0.0642611960665258,0-2,3,0.06307170153951258,0-2,3,0.06313585636430297,0-2,3,0.06320001118909269,0-2,3,0.06326416601388307,0-2,3,0.06332832083867257,0-2,3,0.06339247566346318,0-2,3,0.06345663048825334,0-2,3,0.0635207853130435,0-2,3,0.06358494013783345,0-2,3,0.06364909496262361,0-2,3,0.06371324978741355,0-2,3,0.06377740461220394,0-2,3,0.06384155943699388,0-2,3,0.06390571426178404,0-2,3,0.0639698690865742,0-2,3,0.06403402391136415,0-2,3,0.06409817873615431,0-2,3,0.06416233356094447,0-2,3,0.06422648838573441,0-2,3,0.0642906432105248,0-2,3,0.06435479803531496
UEFA Euro,2021,2021-06-21,Russia,Denmark,4,1,0.22677388714971006,0.27037616706677836,0.5028499457835116,0.17705867370845302,0.2328778459548637,0.5900634803371616,0.08721353455341085,away,away,False,0-2,0,0.007563822883701388,0-2,0,0.00887680529843815,0-2,0,0.008811204088448488,0-2,0,0.008745602878458492,0-2,0,0.008680001668468496,0-2,0,0.00861440045847861,0-2,0,0.008548799248488836,0-2,0,0.008483198038498951,0-2,0,0.008417596828509066,0-2,0,0.008351995618519292,0-2,0,0.008286394408529407,0-2,0,0.008220793198539522,0-2,0,0.008155191988549748,0-2,0,0.008089590778559641,0-2,0,0.008023989568569756,0-2,0,0.007958388358579871,0-2,0,0.007892787148589986,0-2,0,0.0078271859386001,0-2,0,0.007761584728610105,0-2,0,0.00769598351862022,0-2,0,0.007630382308630335,0-2,0,0.0075647810986404496
UEFA Euro,2021,2021-06-21,Ukraine,Austria,0,1,0.3800259009018424,0.29961755362054376,0.32035654547761383,0.26823128375649163,0.42085295120252975,0.3109157650404716,0.1212353975822395,home,draw,True,1-0,0,0.04572937911829911,1-1,0,0.0340779826512686,1-1,0,0.0335871392624173,1-1,0,0.03309629587356633,1-1,0,0.032605452484715025,1-1,0,0.032114609095863944,1-1,0,0.03162376570701264,1-1,0,0.03113292231816156,1-1,0,0.03064207892931048,1-1,0,0.03015123554045962,1-1,0,0.02966039215160854,1-1,0,0.029169548762757458,1-1,0,0.028678705373906377,1-1,0,0.028187861985055518,1-1,0,0.02769701859620466,1-1,0,0.02720617520735369,1-1,0,0.024293141811134178,1-1,0,0.0031990111817669087,1-0,0,0.017895119447599472,1-0,0,0.03898925007696463,1-0,0,0.04505814458521462,1-0,0,0.04573079034251104
UEFA Euro,2021,2021-06-21,North Macedonia,Netherlands,3,0,0.096994105247883,0.17984217746314143,0.7231637172889757,0.06350087205150669,0.13739093196292,0.7991081959851525,0.07594447869638729,away,away,False,0-2,0,0.05041279955606215,0-2,0,0.055805547132763644,0-2,0,0.05554036882482816,0-2,0,0.05527519051689289,0-2,0,0.055010012208957626,0-2,0,0.05474483390102214,0-2,0,0.054479655593087095,0-2,0,0.05421447728515183,0-2,0,0.053949298977216564,0-2,0,0.0536841206692813,0-2,0,0.05341894236134603,0-2,0,0.05315376405341077,0-2,0,0.052888585745475725,0-2,0,0.05262340743754068,0-2,0,0.052358229129605194,0-2,0,0.05209305082167015,0-2,0,0.051827872513734885,0-2,0,0.05156269420579984,0-2,0,0.0512975158978648,0-2,0,0.05103233758992998,0-2,0,0.050767159281994934,0-2,0,0.05050198097405967
UEFA Euro,2021,2021-06-20,Italy,Wales,1,0,0.49691336130872704,0.32513515240699076,0.1779514862842822,0.6566751179494946,0.23398357956349652,0.10934130248653685,0.1597617566410036,home,home,False,1-0,3,0.12339946420371162,1-0,3,0.1630770568475457,1-0,3,0.16109331508867042,1-0,3,0.15910957332979492,1-0,3,0.15712583157091942,1-0,3,0.1551420898120437,1-0,3,0.15315834805316797,1-0,3,0.15117460629429302,1-0,3,0.1491908645354182,1-0,3,0.14720712277654324,1-0,3,0.14522338101766874,1-0,3,0.14323963925879324,1-0,3,0.14125589749991851,1-0,3,0.13927215574104412,1-0,3,0.1372884139821695,1-0,3,0.135304672223295,1-0,3,0.13332093046442095,1-0,3,0.1313371887055469,1-0,3,0.1293534469466725,1-0,3,0.12736970518779844,1-0,3,0.1253859634289246,1-0,3,0.12340222167005066
UEFA Euro,2021,2021-06-20,Switzerland,Turkey,3,1,0.4429405908876522,0.2865504009931742,0.27050900811917367,0.5688118528530404,0.2281920901312472,0.20299605701521026,0.1258712619656393,home,home,False,1-0,1,0.019089174457923574,1-0,1,0.02451527562108846,1-0,1,0.02424402875234044,1-0,1,0.02397278188359242,1-0,1,0.023701535014844732,1-0,1,0.0234302881460966,1-0,1,0.02315904127734858,1-0,1,0.02288779440860067,1-0,1,0.02261654753985276,1-0,1,0.022345300671104962,1-0,1,0.022074053802357163,1-0,1,0.021802806933609142,1-0,1,0.021531560064861233,1-0,1,0.021260313196113323,1-0,1,0.020989066327365524,1-0,1,0.020717819458617948,1-0,1,0.020446572589869927,1-0,1,0.020175325721122128,1-0,1,0.01990407885237455,1-0,1,0.019632831983626753,1-0,1,0.019361585114878843,1-0,1,0.019090338246131155
UEFA Euro,2021,2021-06-19,Spain,Poland,1,1,0.5787324549670357,0.24461493554093508,0.1766526094920291,0.7341105532655106,0.1760500957490456,0.08983935098591019,0.15537809829824162,home,home,False,2-0,0,0.02560475838452536,2-0,0,0.03248941294394303,2-0,0,0.032145585765897655,2-0,0,0.03180175858785228,2-0,0,0.03145793140980713,2-0,0,0.03111410423176153,2-0,0,0.030770277053715933,2-0,0,0.030426449875670336,2-0,0,0.030082622697625183,2-0,0,0.029738795519579364,2-0,0,0.02939496834153421,2-0,0,0.029051141163488392,2-0,0,0.028707313985443128,2-0,0,0.02836348680739742,2-0,0,0.02801965962935149,2-0,0,0.027675832451306004,2-0,0,0.027332005273260407,2-0,0,0.026988178095214588,2-0,0,0.02664435091716899,2-0,0,0.026300523739123283,2-0,0,0.025956696561077575,2-0,0,0.025612869383031867
UEFA Euro,2021,2021-06-19,Portugal,Germany,4,2,0.38606363621636197,0.26619733670271345,0.3477390270809247,0.2859856814556597,0.2788104989361931,0.4352038196086318,0.1000779547609445,home,away,True,2-1,1,0.016411500949118585,1-2,0,0.024135158677927038,1-2,0,0.023892631320483027,1-2,0,0.02365010396303935,1-2,0,0.023407576605595448,1-2,0,0.023165049248151437,1-2,0,0.022922521890707648,1-2,0,0.022679994533263637,1-2,0,0.022437467175819736,1-2,0,0.022194939818375836,1-2,0,0.021952412460931825,1-2,0,0.021709885103487925,1-2,0,0.021467357746043803,1-2,0,0.021224830388599902,1-2,0,0.02098230303115589,1-2,0,0.02073977567371188,1-2,0,0.019075211590055652,1-2,0,0.003935752715824803,2-1,1,0.011203706158406046,2-1,1,0.015988003254311045,2-1,1,0.01620074382273995,2-1,1,0.016413484391168853
UEFA Euro,2021,2021-06-19,Hungary,France,1,1,0.1081752527984311,0.20164793343770598,0.690176813763863,0.07141095384726903,0.17447384336451577,0.7541152027877394,0.06393838902411433,away,away,False,0-2,0,0.055904327717167135,0-2,0,0.061140465786104325,0-2,0,0.0608812731009476,0-2,0,0.06062208041579131,0-2,0,0.06036288773063547,0-2,0,0.06010369504547919,0-2,0,0.059844502360322904,0-2,0,0.05958530967516662,0-2,0,0.059326116990010114,0-2,0,0.05906692430485405,0-2,0,0.05880773161969799,0-2,0,0.058548538934541705,0-2,0,0.05828934624938564,0-2,0,0.05803015356422936,0-2,0,0.05777096087907352,0-2,0,0.05751176819391701,0-2,0,0.05725257550876095,0-2,0,0.056993382823604444,0-2,0,0.056734190138448826,0-2,0,0.056474997453292985,0-2,0,0.05621580476813626,0-2,0,0.05595661208298064
UEFA Euro,2021,2021-06-18,Croatia,Czech Republic,1,1,0.4832087916921342,0.2585312857629729,0.2582599225448929,0.4462310242819679,0.29035809630020404,0.26341087941832075,0.03697776741041264,home,home,False,2-1,0,0.0030151775870425057,2-1,0,0.002784979506104568,2-1,0,0.0027965186325676905,2-1,0,0.002808057759030813,2-1,0,0.0028195968854940467,2-1,0,0.0028311360119571694,2-1,0,0.002842675138420292,2-1,0,0.0028542142648835256,2-1,0,0.002865753391346648,2-1,0,0.002877292517809771,2-1,0,0.0028888316442730044,2-1,0,0.002900370770736238,2-1,0,0.0029119098971992496,2-1,0,0.0029234490236624833,2-1,0,0.002934988150125606,2-1,0,0.0029465272765887285,2-1,0,0.002958066403051962,2-1,0,0.0029696055295149737,2-1,0,0.0029811446559782073,2-1,0,0.002992683782441441,2-1,0,0.0030042229089045636,2-1,0,0.003015762035367686
UEFA Euro,2021,2021-06-18,Sweden,Slovakia,1,0,0.4845565100935226,0.2886770973512822,0.22676639255519515,0.5148913677945384,0.28890223036141777,0.19620640184454916,0.03055999071089867,home,home,False,1-0,3,0.030635016441743157,1-0,3,0.03255497089317372,1-0,3,0.032459071984076826,1-0,3,0.032363173074980045,1-0,3,0.032267274165883375,1-0,3,0.032171375256786705,1-0,3,0.032075476347689924,1-0,3,0.03197957743859303,1-0,3,0.03188367852949636,1-0,3,0.03178777962039947,1-0,3,0.03169188071130269,1-0,3,0.03159598180220591,1-0,3,0.031500082893109016,1-0,3,0.031404183984012235,1-0,3,0.03130828507491534,1-0,3,0.03121238616581845,1-0,3,0.03111648725672178,1-0,3,0.03102058834762489,1-0,3,0.030924689438528108,1-0,3,0.030828790529431105,1-0,3,0.030732891620334324,1-0,3,0.030636992711237432
UEFA Euro,2021,2021-06-17,Netherlands,Austria,2,0,0.6034427470282969,0.22965918723004342,0.16689806574165966,0.607174242393455,0.23803588882566312,0.15478986878039072,0.012108196961023346,home,home,False,2-0,3,0.02229841837400026,2-0,3,0.022448128986908844,2-0,3,0.022441231042016896,2-0,3,0.022434333097124615,2-0,3,0.022427435152232778,2-0,3,0.02242053720734072,2-0,3,0.02241363926244877,2-0,3,0.0224067413175566,2-0,3,0.022399843372664652,2-0,3,0.022392945427772704,2-0,3,0.022386047482880644,2-0,3,0.022379149537988363,2-0,3,0.022372251593096526,2-0,3,0.022365353648204467,2-0,3,0.022358455703312297,2-0,3,0.02235155775842046,2-0,3,0.0223446598135284,2-0,3,0.02233776186863634,2-0,3,0.022330863923744393,2-0,3,0.022323965978852223,2-0,3,0.022317068033960386,2-0,3,0.022310170089068215
UEFA Euro,2021,2021-06-17,Denmark,Belgium,1,2,0.2665491863806545,0.2787353807617728,0.4547154328575727,0.21939971067546543,0.2851278266344838,0.49547246269055756,0.04714947570544248,away,away,False,0-1,1,0.0034311344687503187,0-1,1,0.0037389881270472047,0-1,1,0.003723609870724842,0-1,1,0.0037082316144024796,0-1,1,0.003692853358080006,0-1,1,0.0036774751017577545,0-1,1,0.003662096845435503,0-1,1,0.0036467185891132514,0-1,1,0.003631340332790778,0-1,1,0.0036159620764683043,0-1,1,0.0036005838201460527,0-1,1,0.00358520556382369,0-1,1,0.0035698273075013276,0-1,1,0.003554449051179187,0-1,1,0.0035390707948568245,0-1,1,0.003523692538534462,0-1,1,0.0035083142822120994,0-1,1,0.003492936025889626,0-1,1,0.0034775577695672633,0-1,1,0.0034621795132449007,0-1,1,0.003446801256922649,0-1,1,0.0034314230006000646
UEFA Euro,2021,2021-06-17,Ukraine,North Macedonia,2,1,0.49899817592629336,0.28243659849686986,0.21856522557683675,0.5432484531333458,0.26261760920253224,0.1941339376636418,0.04425027720729251,home,home,False,1-0,1,0.019825498562530575,1-0,1,0.021585367038586156,1-0,1,0.021497455285725442,1-0,1,0.021409543532864506,1-0,1,0.02132163178000357,1-0,1,0.021233720027142522,1-0,1,0.021145808274281697,1-0,1,0.02105789652142065,1-0,1,0.020969984768559824,1-0,1,0.020882073015698888,1-0,1,0.020794161262838062,1-0,1,0.020706249509977015,1-0,1,0.02061833775711608,1-0,1,0.020530426004255253,1-0,1,0.020442514251394428,1-0,1,0.02035460249853349,1-0,1,0.020266690745672555,1-0,1,0.02017877899281173,1-0,1,0.020090867239950794,1-0,1,0.020002955487089857,1-0,1,0.019915043734229143,1-0,1,0.019827131981368207
UEFA Euro,2021,2021-06-16,Italy,Switzerland,3,0,0.4496523184129827,0.3068050845325938,0.2435425970544235,0.5746034305467096,0.2639290339956865,0.16146753545713857,0.12495111213395955,home,home,False,1-0,1,0.06411921612869831,1-0,1,0.08193949194715289,1-0,1,0.08104857917999897,1-0,1,0.08015766641284494,1-0,1,0.07926675364569113,1-0,1,0.07837584087853733,1-0,1,0.07748492811138352,1-0,1,0.0765940153442296,1-0,1,0.07570310257707602,1-0,1,0.0748121898099221,1-0,1,0.07392127704276863,1-0,1,0.07303036427561493,1-0,1,0.07213945150846124,1-0,1,0.07124853874130777,1-0,1,0.07035762597415429,1-0,1,0.06946671320700082,1-0,1,0.06857580043984746,1-0,1,0.06768488767269398,1-0,1,0.06679397490554062,1-0,1,0.06590306213838737,1-0,1,0.06501214937123412,1-0,1,0.06412123660408064
UEFA Euro,2021,2021-06-16,Turkey,Wales,0,2,0.33354935571406025,0.33210351144873473,0.33434713283720496,0.3516286384831503,0.3120282011209639,0.33634316039538564,0.020075310327520773,away,home,True,0-0,0,0.03653463132971779,1-0,0,0.029238026096949254,1-0,0,0.02771168596705864,1-0,0,0.026185345837167584,1-0,0,0.024659005707277193,1-0,0,0.022070968738399976,1-0,0,0.018327550096538414,1-0,0,0.014584131454677185,1-0,0,0.010840712812815623,1-0,0,0.007097294170954727,1-0,0,0.0033538755290938305,0-0,0,0.0003895431127668436,0-0,0,0.0041329617546265185,0-0,0,0.007876380396487193,0-0,0,0.01161979903834709,0-0,0,0.015363217680207208,0-0,0,0.019106636322066883,0-0,0,0.022850054963926003,0-0,0,0.026593473605785567,0-0,0,0.030336892247644576,0-0,0,0.03408031088950336,0-0,0,0.03653495303050924
UEFA Euro,2021,2021-06-16,Finland,Russia,1,0,0.23942347770042977,0.2792023726593379,0.4813741496402324,0.14445898803171445,0.24228882565407486,0.6132521863137179,0.13187803667373194,away,away,False,0-1,0,0.008001987661256149,0-1,0,0.010195129198445452,0-1,0,0.010085507606192645,0-1,0,0.009975886013939617,0-1,0,0.009866264421686699,0-1,0,0.009756642829433892,0-1,0,0.009647021237180753,0-1,0,0.009537399644927946,0-1,0,0.009427778052674807,0-1,0,0.00931815646042189,0-1,0,0.009208534868168972,0-1,0,0.009098913275916165,0-1,0,0.008989291683663247,0-1,0,0.008879670091410219,0-1,0,0.008770048499157523,0-1,0,0.008660426906904384,0-1,0,0.008550805314651466,0-1,0,0.008441183722398549,0-1,0,0.008331562130145742,0-1,0,0.008221940537892825,0-1,0,0.008112318945640018,0-1,0,0.0080026973533871
UEFA Euro,2021,2021-06-15,France,Germany,0,1,0.4092096099180761,0.26720198641008863,0.3235884036718353,0.34452582273137006,0.2893049828155118,0.36616919445361307,0.0646837871869535,home,away,True,2-1,0,0.012953920900777183,1-2,1,0.02059177717562366,1-2,1,0.020472049168869244,1-2,1,0.020352321162114717,1-2,1,0.020186294841026964,1-2,1,0.011542836041266602,1-2,1,0.002899377241506018,2-1,0,0.005744081558254566,2-1,0,0.011624348342177071,2-1,0,0.011726741894226178,2-1,0,0.011829135446275174,2-1,0,0.01193152899832417,2-1,0,0.012033922550373055,2-1,0,0.012136316102422162,2-1,0,0.01223870965447138,2-1,0,0.012341103206520376,2-1,0,0.012443496758569372,2-1,0,0.01254589031061848,2-1,0,0.012648283862667364,2-1,0,0.012750677414716582,2-1,0,0.012853070966765356,2-1,0,0.012955464518814463
UEFA Euro,2021,2021-06-15,Hungary,Portugal,0,3,0.11937184805187456,0.2092154961953002,0.6714126557528252,0.11120020798306546,0.21557561245979495,0.6732241795566801,0.008171640068579414,away,away,False,0-2,1,0.04896638163417688,0-2,1,0.04913781144846008,0-2,1,0.04913120040285146,0-2,1,0.04912458935724151,0-2,1,0.04911797831163256,0-2,1,0.04911136726602372,0-2,1,0.04910475622041499,0-2,1,0.049098145174805485,0-2,1,0.04909153412919631,0-2,1,0.04908492308358725,0-2,1,0.0490783120379783,0-2,1,0.04907170099236913,0-2,1,0.049065089946759954,0-2,1,0.04905847890115089,0-2,1,0.04905186785554161,0-2,1,0.049045256809933324,0-2,1,0.04903864576432315,0-2,1,0.04903203471871531,0-2,1,0.04902542367310647,0-2,1,0.04901881262749663,0-2,1,0.049012201581888126,0-2,1,0.04900559053627895
UEFA Euro,2021,2021-06-14,Spain,Sweden,0,0,0.5711921813987005,0.2515741449339829,0.1772336736673165,0.7172545278015844,0.1917660919536294,0.09097938024525519,0.1460623464026493,home,home,False,2-0,0,0.029066014431049725,2-0,0,0.036507661591300256,2-0,0,0.03613593896655476,2-0,0,0.03576421634180971,2-0,0,0.035392493717064655,2-0,0,0.03502077109231938,2-0,0,0.034649048467574106,2-0,0,0.03427732584282883,2-0,0,0.033905603218083336,2-0,0,0.03353388059333828,2-0,0,0.03316215796859279,2-0,0,0.03279043534384751,2-0,0,0.03241871271910224,2-0,0,0.03204699009435685,2-0,0,0.031675267469611246,2-0,0,0.03130354484486586,2-0,0,0.030931822220120475,2-0,0,0.03056009959537498,2-0,0,0.030188376970629593,2-0,0,0.029816654345883986,2-0,0,0.02944493172113849,2-0,0,0.029073209096392993
UEFA Euro,2021,2021-06-14,Poland,Slovakia,1,2,0.4905129819455723,0.28173524137758316,0.22775177667684446,0.5574247709141175,0.2785842324314643,0.16399099665393574,0.06691178896878637,home,home,False,1-0,0,0.01585025342081603,1-0,0,0.018013909106166626,1-0,0,0.017905792015977084,1-0,0,0.017797674925787654,1-0,0,0.017689557835598224,1-0,0,0.017581440745408905,1-0,0,0.017473323655219364,1-0,0,0.017365206565029823,1-0,0,0.017257089474840615,1-0,0,0.017148972384651073,1-0,0,0.017040855294461865,1-0,0,0.016932738204272324,1-0,0,0.016824621114083005,1-0,0,0.016716504023893353,1-0,0,0.016608386933704034,1-0,0,0.016500269843514714,1-0,0,0.016392152753325284,1-0,0,0.016284035663135965,1-0,0,0.016175918572946535,1-0,0,0.016067801482757105,1-0,0,0.015959684392567786,1-0,0,0.015851567302378466
UEFA Euro,2021,2021-06-14,Scotland,Czech Republic,0,2,0.30228367013231383,0.28001680979901444,0.4176995200686718,0.33374636390650103,0.32136972807925046,0.3448839080137541,0.07281561205467044,away,away,False,0-1,1,0.0018564076341555102,1-1,0,0.0639423192270473,1-1,0,0.06167117009705003,1-1,0,0.05185167785482059,1-1,0,0.04203218561259192,1-1,0,0.032212693370363366,1-1,0,0.022393201128135365,1-1,0,0.012573708885908141,1-1,0,0.002754216643680696,0-1,1,0.0016623561513759988,0-1,1,0.001678538262970819,0-1,1,0.0016947203745655282,0-1,1,0.0017109024861603483,0-1,1,0.0017270845977551685,0-1,1,0.0017432667093498777,0-1,1,0.001759448820944698,0-1,1,0.001775630932539407,0-1,1,0.0017918130441341162,0-1,1,0.0018079951557290475,0-1,1,0.0018241772673238676,0-1,1,0.0018403593789186878,0-1,1,0.001856541490513175
UEFA Euro,2021,2021-06-13,Netherlands,Ukraine,3,2,0.5523010173764724,0.2574747785824857,0.19022420404104196,0.640366977632637,0.2162830135214756,0.1433500088453861,0.08806596025641523,home,home,False,2-0,1,0.0225797613773826,2-0,1,0.026185529420175935,2-0,1,0.026005472212843328,2-0,1,0.025825415005510277,2-0,1,0.025645357798177892,2-0,1,0.025465300590845175,2-0,1,0.025285243383512457,2-0,1,0.02510518617617985,2-0,1,0.024925128968847354,2-0,1,0.024745071761514636,2-0,1,0.02456501455418203,2-0,1,0.024384957346849423,2-0,1,0.024204900139516927,2-0,1,0.02402484293218432,2-0,1,0.023844785724851714,2-0,1,0.023664728517519107,2-0,1,0.0234846713101865,2-0,1,0.023304614102854115,2-0,1,0.023124556895521398,2-0,1,0.022944499688188902,2-0,1,0.022764442480856406,2-0,1,0.02258438527352391
UEFA Euro,2021,2021-06-13,Austria,North Macedonia,3,1,0.4807026861489731,0.2740447638247628,0.24525255002626406,0.5645586421163675,0.2662198928240733,0.16922146506002975,0.0838559559671591,home,home,False,2-0,1,0.0036505006024599718,2-0,1,0.004287767665007269,2-0,1,0.0042559237758440505,2-0,1,0.0042240798866808316,2-0,1,0.004192235997517613,2-0,1,0.004160392108354172,2-0,1,0.004128548219190842,2-0,1,0.004096704330027845,2-0,1,0.004064860440864626,2-0,1,0.004033016551701296,2-0,1,0.004001172662537966,2-0,1,0.003969328773374747,2-0,1,0.003937484884211528,2-0,1,0.0039056409950481985,2-0,1,0.0038737971058849796,2-0,1,0.0038419532167217607,2-0,1,0.0038101093275583198,2-0,1,0.003778265438395212,2-0,1,0.003746421549231771,2-0,1,0.003714577660068552,2-0,1,0.003682733770905333,2-0,1,0.0036508898817421143
UEFA Euro,2021,2021-06-13,England,Croatia,1,0,0.5100988390695953,0.2704035787030843,0.21949758222732052,0.62072982198221,0.23695193148717592,0.14231824653014755,0.11063098291284805,home,home,False,2-0,1,0.005654734638259051,2-0,1,0.006882020319328275,2-0,1,0.006820692133909123,2-0,1,0.0067593639484901935,2-0,1,0.006698035763070931,2-0,1,0.00663670757765189,2-0,1,0.00657537939223285,2-0,1,0.006514051206813698,2-0,1,0.006452723021394657,2-0,1,0.006391394835975395,2-0,1,0.006330066650556576,2-0,1,0.0062687384651375355,2-0,1,0.006207410279718384,2-0,1,0.006146082094299343,2-0,1,0.006084753908880192,2-0,1,0.00602342572346104,2-0,1,0.00596209753804211,2-0,1,0.005900769352622959,2-0,1,0.005839441167203918,2-0,1,0.0057781129817848775,2-0,1,0.005716784796365837,2-0,1,0.005655456610946796
UEFA Euro,2021,2021-06-12,Belgium,Russia,0,3,0.6419798404845021,0.20513128349075518,0.15288887602474266,0.49287999687352985,0.283087548108928,0.2240324550180308,0.1490998436112166,home,home,False,2-0,0,0.013959936708716425,2-0,0,0.010730864467818124,2-0,0,0.010893172760314651,2-0,0,0.011055481052811178,2-0,0,0.011217789345307816,2-0,0,0.011380097637804343,2-0,0,0.011542405930300759,2-0,0,0.011704714222797508,2-0,0,0.011867022515294035,2-0,0,0.012029330807790561,2-0,0,0.0121916391002872,2-0,0,0.012353947392783837,2-0,0,0.012516255685280475,2-0,0,0.012678563977777113,2-0,0,0.01284087227027364,2-0,0,0.013003180562770389,2-0,0,0.013165488855267138,2-0,0,0.013327797147763665,2-0,0,0.013490105440260525,2-0,0,0.013652413732757052,2-0,0,0.013814722025253579,2-0,0,0.013977030317750438
UEFA Euro,2021,2021-06-12,Denmark,Finland,0,1,0.5932667491328885,0.2644228691490569,0.14231038171805466,0.7190555573954921,0.20044240608249567,0.08050203652247048,0.1257888082623745,home,home,False,1-0,0,0.020559916423916413,1-0,0,0.024922900427940098,1-0,0,0.02470490462003405,1-0,0,0.02448690881212867,1-0,0,0.024268913004222847,1-0,0,0.024050917196317245,1-0,0,0.02383292138841142,1-0,0,0.023614925580505597,1-0,0,0.023396929772599995,1-0,0,0.023178933964694393,1-0,0,0.02296093815678857,1-0,0,0.022742942348882744,1-0,0,0.022524946540976698,1-0,0,0.022306950733071096,1-0,0,0.022088954925165494,1-0,0,0.021870959117259448,1-0,0,0.021652963309353623,1-0,0,0.021434967501448132,1-0,0,0.021216971693542086,1-0,0,0.020998975885636262,1-0,0,0.020780980077730438,1-0,0,0.020562984269824502
UEFA Euro,2021,2021-06-12,Wales,Switzerland,1,1,0.26171863144170915,0.32297157843102947,0.4153097901272615,0.20690914934051005,0.30391827143392863,0.48917257922605933,0.07386278909854889,away,away,False,0-1,0,0.09276369851436217,0-1,0,0.10926345621852374,0-1,0,0.10843854247993923,0-1,0,0.1076136287413546,0-1,0,0.10678871500276998,0-1,0,0.10596380126418536,0-1,0,0.10513888752560085,0-1,0,0.1043139737870159,0-1,0,0.10348906004843117,0-1,0,0.10266414630984655,0-1,0,0.1018392325712616,0-1,0,0.10101431883267664,0-1,0,0.10018940509409169,0-1,0,0.09936449135550662,0-1,0,0.09853957761692167,0-1,0,0.09771466387833672,0-1,0,0.09688975013975165,0-1,0,0.09606483640116648,0-1,0,0.09523992266258119,0-1,0,0.09441500892399635,0-1,0,0.09359009518541073,0-1,0,0.09276518144682544
UEFA Euro,2021,2021-06-18,England,Scotland,0,0,0.6638947308651941,0.22125082227919005,0.11485444685561585,0.7370810915431364,0.1791097686123562,0.08380913984499296,0.07318636067769951,home,home,False,2-0,0,0.04937006807788458,2-0,0,0.05484076316540132,2-0,0,0.0545685003222145,2-0,0,0.05429623747902723,2-0,0,0.05402397463584041,2-0,0,0.053751711792653145,2-0,0,0.053479448949466324,2-0,0,0.053207186106279725,2-0,0,0.05293492326309268,2-0,0,0.05266266041990564,2-0,0,0.05239039757671815,2-0,0,0.05211813473353133,2-0,0,0.05184587189034451,2-0,0,0.05157360904715724,2-0,0,0.0513013462039702,2-0,0,0.051029083360782934,2-0,0,0.05075682051759589,2-0,0,0.05048455767440907,2-0,0,0.05021229483122158,2-0,0,0.04994003198803432,2-0,0,0.04966776914484705,2-0,0,0.04939550630166001
UEFA Euro,2021,2021-06-11,Turkey,Italy,3,0,0.180240392224526,0.28337962056245325,0.5363799872130207,0.10939552558491646,0.2161720673558153,0.6744324070588025,0.13805241984601463,away,away,False,0-1,0,0.03722120585760624,0-1,0,0.04680505418622394,0-1,0,0.04632601796822744,0-1,0,0.04584698175023072,0-1,0,0.045367945532234,0-1,0,0.0448889093142375,0-1,0,0.044409873096241004,0-1,0,0.04393083687824473,0-1,0,0.04345180066024801,0-1,0,0.04297276444225184,0-1,0,0.04249372822425601,0-1,0,0.042014692006258625,0-1,0,0.04153565578826268,0-1,0,0.041056619570266406,0-1,0,0.0405775833522698,0-1,0,0.04009854713427374,0-1,0,0.039619510916277245,0-1,0,0.03914047469828108,0-1,0,0.038661438480284915,0-1,0,0.03818240226228875,0-1,0,0.037703366044292363,0-1,0,0.0372243298262962
UEFA Euro,2021,2021-06-29,England,Germany,2,0,0.3910111647184158,0.27356212429492405,0.33542671098666016,0.3975460340129577,0.2877936917948617,0.31466027419169534,0.020766436794722176,home,home,False,2-1,2,0.01180444311614437,2-1,2,0.012002791887736342,2-1,2,0.011992926781629443,2-1,2,0.011983061675522544,2-1,2,0.011973196569415645,2-1,2,0.011963331463308746,2-1,2,0.011953466357201958,2-1,2,0.011943601251094949,2-1,2,0.01193373614498816,2-1,2,0.011923871038881262,2-1,2,0.011914005932774252,2-1,2,0.011904140826667353,2-1,2,0.011894275720560565,2-1,2,0.011884410614453556,2-1,2,0.011874545508346879,2-1,2,0.011864680402239869,2-1,2,0.01185481529613297,2-1,2,0.011844950190026071,2-1,2,0.011835085083919172,2-1,2,0.011825219977812274,2-1,2,0.011815354871705375,2-1,2,0.011805489765598476
UEFA Euro,2024,2024-07-14,Spain,England,2,1,0.373344249690691,0.3040811688580365,0.3225745814512725,0.3969810334085252,0.3342628367196673,0.26875612987230363,0.053818451579216914,home,home,False,1-0,1,0.016109066718543508,1-0,1,0.012858503263471044,1-0,1,0.013808269999688205,1-0,1,0.014758036735905367,1-0,1,0.015707803472122306,1-0,1,0.016657570208340022,1-0,1,0.016874672292201076,1-0,1,0.01682367616552416,1-0,1,0.016772680038847354,1-0,1,0.016721683912170326,1-0,1,0.016670687785493632,1-0,1,0.016619691658816715,1-0,1,0.0165686955321398,1-0,1,0.01651769940546277,1-0,1,0.016466703278785966,1-0,1,0.01641570715210916,1-0,1,0.016364711025432355,1-0,1,0.016313714898755327,1-0,1,0.0162627187720783,1-0,1,0.016211722645401494,1-0,1,0.016160726518724577,1-0,1,0.01610973039204766
UEFA Euro,2024,2024-07-10,Netherlands,England,1,2,0.26632477872178956,0.2823530008866459,0.45132222039156455,0.3028807743764425,0.3408272695879822,0.35629195603509317,0.09503026435623033,away,away,False,1-2,3,0.0007447973027280286,1-1,0,0.08847884545033713,1-1,0,0.0839269808877724,1-1,0,0.07069890407104962,1-1,0,0.05747082725432717,1-1,0,0.044242750437605505,1-1,0,0.031014673620884614,1-1,0,0.017786596804164168,1-1,0,0.00455851998744472,1-2,3,0.0006507766939748416,1-2,3,0.0006586187995047954,1-2,3,0.0006664609050344161,1-2,3,0.0006743030105642589,1-2,3,0.0006821451160937686,1-2,3,0.0006899872216237224,1-2,3,0.0006978293271533431,1-2,3,0.0007056714326831859,1-2,3,0.0007135135382128066,1-2,3,0.0007213556437426494,1-2,3,0.0007291977492723811,1-2,3,0.0007370398548021129,1-2,3,0.0007448819603317336
UEFA Euro,2024,2024-07-09,Spain,France,2,1,0.3963263688639777,0.28042521868159304,0.3232484124544293,0.3551329045728726,0.3377815536430549,0.30708554178356795,0.05735633496171416,home,home,False,2-1,3,0.012934330249012138,1-1,0,0.08747758647298531,1-1,0,0.07856138838434368,1-1,0,0.06964519029570182,1-1,0,0.06072899220706052,1-1,0,0.05181279411842021,1-1,0,0.04289659602978002,1-1,0,0.033980397941140605,1-1,0,0.02506419985250119,1-1,0,0.01614800176386244,1-1,0,0.0072318036752240245,2-1,3,0.0016843944134132816,2-1,3,0.01060059250205092,2-1,3,0.012397936763378747,2-1,3,0.012465162685785125,2-1,3,0.01253238860819128,2-1,3,0.01259961453059777,2-1,3,0.012666840453003703,2-1,3,0.01273406637540997,2-1,3,0.012801292297816125,2-1,3,0.012868518220222613,2-1,3,0.012935744142628658
UEFA Euro,2024,2024-07-06,Netherlands,Turkey,2,1,0.6356037455171157,0.20789016728741497,0.1565060871954693,0.608007973607538,0.2406439837186825,0.15134804267327412,0.03275381643152023,home,home,False,2-0,2,0.003670290546154642,2-0,2,0.0035166517214830773,2-0,2,0.0035246322680384523,2-0,2,0.0035326128145940494,2-0,2,0.0035405933611496465,2-0,2,0.0035485739077052436,2-0,2,0.0035565544542606187,2-0,2,0.0035645350008162158,2-0,2,0.003572515547371813,2-0,2,0.00358049609392741,2-0,2,0.003588476640482896,2-0,2,0.003596457187038382,2-0,2,0.0036044377335939792,2-0,2,0.0036124182801495763,2-0,2,0.0036203988267051734,2-0,2,0.0036283793732605485,2-0,2,0.0036363599198160346,2-0,2,0.0036443404663717427,2-0,2,0.0036523210129271177,2-0,2,0.003660301559482826,2-0,2,0.003668282106038312,2-0,2,0.003676262652593909
UEFA Euro,2024,2024-07-06,England,Switzerland,1,1,0.5591934364168089,0.2608029281642908,0.1800036354189004,0.43622168848460435,0.3255181183929329,0.2382601931229487,0.12297174793244743,home,home,False,2-0,0,0.023813228589517066,2-0,0,0.01858135743720646,2-0,0,0.018843263489029427,2-0,0,0.019105169540852174,2-0,0,0.019367075592675143,2-0,0,0.01962898164449811,2-0,0,0.01989088769632108,2-0,0,0.020152793748143827,2-0,0,0.020414699799967018,2-0,0,0.020676605851789986,2-0,0,0.020938511903612955,2-0,0,0.021200417955436035,2-0,0,0.021462324007258893,2-0,0,0.02172423005908186,2-0,0,0.021986136110905052,2-0,0,0.02224804216272802,2-0,0,0.0225099482145511,2-0,0,0.02277185426637418,2-0,0,0.02303376031819737,2-0,0,0.023295666370020562,2-0,0,0.02355757242184353,2-0,0,0.023819478473666722
UEFA Euro,2024,2024-07-05,Portugal,France,0,0,0.35800959675593197,0.2773277638219079,0.36466263942216015,0.2848588677410745,0.3185018286417679,0.3966393036166595,0.07315072901460842,away,away,False,1-2,0,0.009823668622712112,1-2,0,0.019530244502764194,1-2,0,0.019451519063251488,1-2,0,0.01937279362373867,1-2,0,0.019294068184225965,1-2,0,0.019215342744713038,1-2,0,0.019136617305200443,1-2,0,0.019057891865687848,1-2,0,0.01897916642617481,1-2,0,0.018900440986661993,1-2,0,0.018821715547149287,1-2,0,0.018742990107636803,1-2,0,0.018664264668123987,1-2,0,0.01858553922861117,1-2,0,0.018506813789098575,1-2,0,0.018428088349585647,1-2,0,0.018349362910073053,1-2,0,0.018270637470560347,1-2,0,0.01819191203104764,1-2,0,0.018113186591534935,1-2,0,0.01803446115202223,1-2,0,0.009824857817750998
UEFA Euro,2024,2024-07-05,Spain,Germany,1,2,0.4977630358432171,0.24723278659367934,0.2550041775631035,0.3560013443769426,0.30828968466727424,0.33570897095628643,0.14176169146652617,home,home,False,2-1,0,0.014936600099375918,1-1,0,0.03974200954923113,1-1,0,0.029233291716046717,1-1,0,0.012322962924349423,2-1,0,0.004587365867349424,2-1,0,0.011538996792214373,2-1,0,0.011751793986158887,2-1,0,0.011964591180103623,2-1,0,0.012177388374048248,2-1,0,0.012390185567992873,2-1,0,0.01260298276193772,2-1,0,0.012815779955882567,2-1,0,0.013028577149827192,2-1,0,0.013241374343772039,2-1,0,0.013454171537716775,2-1,0,0.01366696873166151,2-1,0,0.013879765925606358,2-1,0,0.014092563119551205,2-1,0,0.01430536031349594,2-1,0,0.014518157507440677,2-1,0,0.014730954701385635,2-1,0,0.014943751895330482
UEFA Euro,2024,2024-07-02,Austria,Turkey,1,2,0.45453972543063964,0.2654265735728987,0.28003370099646163,0.4928092078019353,0.2830814584274369,0.2241093337701422,0.05592436722607666,home,home,False,2-1,0,0.012033541477134646,2-1,0,0.01304957558202191,2-1,0,0.01299890683488969,2-1,0,0.012948238087757358,2-1,0,0.012897569340624915,2-1,0,0.012846900593492583,2-1,0,0.012796231846360362,2-1,0,0.012745563099227919,2-1,0,0.012694894352095476,2-1,0,0.012644225604963255,2-1,0,0.012593556857831034,2-1,0,0.012542888110698702,2-1,0,0.01249221936356637,2-1,0,0.012441550616434038,2-1,0,0.012390881869301706,2-1,0,0.012340213122169263,2-1,0,0.012289544375036932,2-1,0,0.01223887562790471,2-1,0,0.012188206880772379,2-1,0,0.012137538133640158,2-1,0,0.012086869386507715,2-1,0,0.012036200639375605
UEFA Euro,2024,2024-07-02,Romania,Netherlands,0,3,0.15196146084052084,0.23990798266037738,0.6081305564991017,0.11047532698513782,0.20882247646432497,0.6807021965500721,0.07257164005120291,away,away,False,0-2,1,0.03010702273958954,0-2,1,0.033716442663915824,0-2,1,0.033536712265423096,0-2,1,0.03335698186693059,0-2,1,0.03317725146843786,0-2,1,0.032997521069945135,0-2,1,0.03281779067145241,0-2,1,0.03263806027295979,0-2,1,0.03245832987446706,0-2,1,0.032278599475974556,0-2,1,0.03209886907748205,0-2,1,0.03191913867898899,0-2,1,0.031739408280496706,0-2,1,0.03155967788200431,0-2,1,0.031379947483511694,0-2,1,0.03120021708501919,0-2,1,0.03102048668652657,0-2,1,0.030840756288034066,0-2,1,0.03066102588954145,0-2,1,0.030481295491048943,0-2,1,0.030301565092556437,0-2,1,0.030121834694064153
UEFA Euro,2024,2024-07-01,Portugal,Slovenia,0,0,0.692061992361235,0.20600590662872573,0.10193210101003931,0.7127096768988808,0.19070632872546908,0.09658399437615761,0.020647684537392054,home,home,False,2-0,0,0.05530947075818582,2-0,0,0.05701907100303605,2-0,0,0.05693647693781978,2-0,0,0.05685388287260329,2-0,0,0.05677128880738769,2-0,0,0.0566886947421712,2-0,0,0.05660610067695493,2-0,0,0.05652350661173888,2-0,0,0.056440912546522615,2-0,0,0.056358318481306124,2-0,0,0.05627572441609008,2-0,0,0.05619313035087403,2-0,0,0.05611053628565754,2-0,0,0.056027942220441496,2-0,0,0.05594534815522523,2-0,0,0.05586275409000896,2-0,0,0.055780160024793135,2-0,0,0.05569756595957687,2-0,0,0.055614971894360155,2-0,0,0.05553237782914411,2-0,0,0.055449783763928284,2-0,0,0.05536718969871157
UEFA Euro,2024,2024-07-01,France,Belgium,1,0,0.3778575375239365,0.2777283061517898,0.3444141563242737,0.4733279833934409,0.2918855392957949,0.2347864773102814,0.1096276790137509,home,home,False,2-1,1,0.01657557562728096,2-1,1,0.020766088170447117,2-1,1,0.02055666175090709,2-1,1,0.020347235331367286,2-1,1,0.02013780891182737,2-1,1,0.019928382492287344,2-1,1,0.01971895607274754,2-1,1,0.019509529653207736,2-1,1,0.01930010323366771,2-1,1,0.019090676814127905,2-1,1,0.0188812503945881,2-1,1,0.018671823975048074,2-1,1,0.018462397555508492,2-1,1,0.018252971135968687,2-1,1,0.018043544716428994,2-1,1,0.01783411829688908,2-1,1,0.017624691877349274,2-1,1,0.01741526545780958,2-1,1,0.017205839038269888,2-1,1,0.016996412618730083,2-1,1,0.01678698619919028,2-1,1,0.016577559779650697
UEFA Euro,2024,2024-06-30,Spain,Georgia,4,1,0.8159429138039803,0.13367551964497215,0.05038156655104741,0.8094897756825433,0.1333931845075511,0.05711703980941642,0.006735473258613522,home,home,False,2-0,1,0.03311430952446681,2-0,1,0.03302786513200884,2-0,1,0.03304102980572976,2-0,1,0.033054194479449794,2-0,1,0.03306735915317072,2-0,1,0.033080523826891195,2-0,1,0.033093688500611895,2-0,1,0.033106853174332374,2-0,1,0.03312001784805285,2-0,1,0.03313318252177355,2-0,1,0.03314634719549403,2-0,1,0.03315951186921451,2-0,1,0.03317267654293499,2-0,1,0.033185841216655465,2-0,1,0.03319900589037639,2-0,1,0.033212170564096866,2-0,1,0.033225335237817566,2-0,1,0.03323849991153782,2-0,1,0.033251664585258744,2-0,1,0.033264829258979,2-0,1,0.03327799393269948,2-0,1,0.03329115860642018
UEFA Euro,2024,2024-06-30,England,Slovakia,2,1,0.674406199614922,0.22204607456355288,0.10354772582152512,0.6730647008015731,0.22402344029199392,0.10291185890689515,0.0019773657282099455,home,home,False,2-0,2,0.06586704122506326,2-0,2,0.06577713419032827,2-0,2,0.06578368927688794,2-0,2,0.06579024436344738,2-0,2,0.06579679945000738,2-0,2,0.06580335453656727,2-0,2,0.06580990962312705,2-0,2,0.06581646470968627,2-0,2,0.06582301979624683,2-0,2,0.06582957488280627,2-0,2,0.06583612996936627,2-0,2,0.06584268505592539,2-0,2,0.0658492401424865,2-0,2,0.06585579522904628,2-0,2,0.06586235031560517,2-0,2,0.06586890540216539,2-0,2,0.06587546048872572,2-0,2,0.06588201557528495,2-0,2,0.06588857066184439,2-0,2,0.06589512574840495,2-0,2,0.06590168083496462,2-0,2,0.0659082359215244
UEFA Euro,2024,2024-06-29,Germany,Denmark,2,0,0.4226360515513311,0.2728651925000158,0.3044987559486531,0.5941257553635032,0.2468247226442988,0.15904952199267058,0.1714897038119358,home,home,False,2-1,2,0.013338221894251823,2-1,2,0.0187532799804615,2-1,2,0.018482630677656542,2-1,2,0.018211981374851804,2-1,2,0.017941332072046845,2-1,2,0.017670682769241886,2-1,2,0.017400033466437037,2-1,2,0.017129384163632078,2-1,2,0.016858734860827118,2-1,2,0.01658808555802216,2-1,2,0.0163174362552172,2-1,2,0.01604678695241224,2-1,2,0.01577613764960728,2-1,2,0.01550548834680221,2-1,2,0.015234839043997361,2-1,2,0.01496418974119229,2-1,2,0.01469354043838722,2-1,2,0.01442289113558215,2-1,2,0.01415224183277708,2-1,2,0.013881592529971898,2-1,2,0.013610943227166938,2-1,2,0.013340293924361757
UEFA Euro,2024,2024-06-29,Switzerland,Italy,2,0,0.22989297219716953,0.28840653046226733,0.48170049734056314,0.2906417608919842,0.3369702450612032,0.37238799404732315,0.10931250329349526,away,away,False,0-2,0,0.0071312155764527985,1-1,0,0.04639148679393923,1-1,0,0.038265436482984194,1-1,0,0.02486461211976787,1-1,0,0.011463787756551658,0-2,0,0.0019370366066664424,0-2,0,0.00591807292863944,0-2,0,0.0059989952800713064,0-2,0,0.006079917631503284,0-2,0,0.006160839982934929,0-2,0,0.006241762334366685,0-2,0,0.006322684685798552,0-2,0,0.006403607037230419,0-2,0,0.006484529388662175,0-2,0,0.0065654517400941526,0-2,0,0.0066463740915261305,0-2,0,0.006727296442957775,0-2,0,0.006808218794389753,0-2,0,0.006889141145821398,0-2,0,0.006970063497253487,0-2,0,0.007050985848685465,0-2,0,0.007131908200117332
UEFA Euro,2024,2024-06-26,Georgia,Portugal,2,0,0.061557259430042505,0.1473036008729077,0.7911391396970497,0.10040206311839772,0.18541452180588833,0.71418341507522,0.0769557246215828,away,away,False,0-2,0,0.043072084536007305,0-2,0,0.03904699573558834,0-2,0,0.03925736815447278,0-2,0,0.039467740573356336,0-2,0,0.03967811299224033,0-2,0,0.03988848541112455,0-2,0,0.04009885783000833,0-2,0,0.040309230248892325,0-2,0,0.04051960266777632,0-2,0,0.0407299750866601,0-2,0,0.04094034750554387,0-2,0,0.04115071992442787,0-2,0,0.04136109234331187,0-2,0,0.04157146476219564,0-2,0,0.04178183718107964,0-2,0,0.04199220959996364,0-2,0,0.04220258201884741,0-2,0,0.042412954437730965,0-2,0,0.04262332685661452,0-2,0,0.04283369927549896,0-2,0,0.04304407169438229,0-2,0,0.04325444411326629
UEFA Euro,2024,2024-06-26,Czech Republic,Turkey,1,2,0.4258281616119439,0.27393023273402944,0.3002416056540266,0.37904604794776925,0.2902362264790974,0.33071772557264517,0.04678211366393062,home,home,False,2-1,0,0.012119483819835075,2-1,0,0.010789633695566292,2-1,0,0.010856216881523828,2-1,0,0.010922800067481253,2-1,0,0.010989383253438567,2-1,0,0.011055966439396103,2-1,0,0.011122549625353417,2-1,0,0.011189132811310953,2-1,0,0.011255715997268267,2-1,0,0.011322299183225693,2-1,0,0.011388882369183118,2-1,0,0.011455465555140543,2-1,0,0.011522048741097857,2-1,0,0.011588631927055393,2-1,0,0.011655215113012818,2-1,0,0.011721798298970132,2-1,0,0.011788381484927446,2-1,0,0.011854964670884982,2-1,0,0.011921547856842296,2-1,0,0.011988131042799832,2-1,0,0.012054714228757035,2-1,0,0.01212129741471446
UEFA Euro,2024,2024-06-26,Ukraine,Belgium,0,0,0.16250827070583404,0.24370022117884646,0.5937915081153194,0.16384455394764624,0.2328445418109459,0.603310904240913,0.010855679367653179,away,away,False,0-2,0,0.024798793531732755,0-2,0,0.025207775345977068,0-2,0,0.025187888186861684,0-2,0,0.025168001027746523,0-2,0,0.025148113868631472,0-2,0,0.0251282267095162,0-2,0,0.02510833955040126,0-2,0,0.025088452391285987,0-2,0,0.025068565232170714,0-2,0,0.025048678073055664,0-2,0,0.025028790913940502,0-2,0,0.025008903754825562,0-2,0,0.0249890165957104,0-2,0,0.02496912943659524,0-2,0,0.024949242277480188,0-2,0,0.024929355118364915,0-2,0,0.024909467959249643,0-2,0,0.024889580800134592,0-2,0,0.02486969364101932,0-2,0,0.02484980648190427,0-2,0,0.02482991932278955,0-2,0,0.024810032163674056
UEFA Euro,2024,2024-06-26,Slovakia,Romania,1,1,0.3373649300651592,0.32243036207026005,0.34020470786458074,0.3267008504901199,0.45325767739550565,0.22004147211484457,0.13082731532501057,away,draw,True,0-0,1,0.0029853703036570867,0-0,1,0.004196778122765976,0-0,1,0.004136210674910323,0-0,1,0.0040756432270546705,0-0,1,0.004015075779199018,0-0,1,0.003954508331343365,0-0,1,0.003893940883487712,0-0,1,0.0038333734356321703,0-0,1,0.0037728059877765174,0-0,1,0.0037122385399207536,0-0,1,0.0036516710920651008,0-0,1,0.003591103644209559,0-0,1,0.003530536196353906,0-0,1,0.0034699687484980313,0-0,1,0.0034094013006424895,0-0,1,0.0033488338527867256,0-0,1,0.003288266404931295,0-0,1,0.00322769895707542,0-0,1,0.003167131509219878,0-0,1,0.0031065640613642254,0-0,1,0.0030459966135085725,0-0,1,0.0029854291656528087
UEFA Euro,2024,2024-06-25,Denmark,Serbia,0,0,0.4900817990087478,0.26701524168801266,0.24290295930323952,0.4189523391876471,0.2972817864326824,0.28376587438014683,0.07112945982133886,home,home,False,2-1,0,0.0011995480452238194,2-1,0,0.001025669906649762,2-1,0,0.0010343767856416664,2-1,0,0.0010430836646339037,2-1,0,0.001051790543625808,2-1,0,0.0010604974226178232,2-1,0,0.0010692043016100605,2-1,0,0.0010779111806019648,2-1,0,0.001086618059594091,2-1,0,0.0010953249385862174,2-1,0,0.0011040318175782327,2-1,0,0.001112738696570359,2-1,0,0.0011214455755622632,2-1,0,0.0011301524545543895,2-1,0,0.0011388593335465158,2-1,0,0.00114756621253842,2-1,0,0.0011562730915307684,2-1,0,0.0011649799705226727,2-1,0,0.001173686849514688,2-1,0,0.0011823937285069253,2-1,0,0.0011911006074989405,2-1,0,0.0011998074864909558
UEFA Euro,2024,2024-06-25,England,Slovenia,0,0,0.6734657382785073,0.2261684237048377,0.10036583801665507,0.7427031735003095,0.1762466529019295,0.08105017359733065,0.06923743522201738,home,home,False,2-0,0,0.05492473105713813,2-0,0,0.06060362346510706,2-0,0,0.06032113918312154,2-0,0,0.060038654901136024,2-0,0,0.05975617061915073,2-0,0,0.05947368633716499,2-0,0,0.05919120205517969,2-0,0,0.058908717773194175,2-0,0,0.05862623349120932,2-0,0,0.05834374920922336,2-0,0,0.05806126492723829,2-0,0,0.05777878064525299,2-0,0,0.05749629636326792,2-0,0,0.0572138120812824,2-0,0,0.056931327799297105,2-0,0,0.05664884351731203,2-0,0,0.05636635923532629,2-0,0,0.05608387495334144,2-0,0,0.05580139067135592,2-0,0,0.05551890638937085,2-0,0,0.05523642210738533,2-0,0,0.05495393782540048
UEFA Euro,2024,2024-06-25,Netherlands,Austria,2,3,0.5252828138324985,0.2524036451008707,0.22231354106663082,0.5344722250452614,0.26871760928998584,0.1968101656642811,0.025503375402113837,home,home,False,2-1,0,0.0016650909654176704,2-1,0,0.001694868559497631,2-1,0,0.001693411529233524,2-1,0,0.0016919544989691948,2-1,0,0.0016904974687049767,2-1,0,0.0016890404384407587,2-1,0,0.0016875834081766516,2-1,0,0.0016861263779124336,2-1,0,0.0016846693476482155,2-1,0,0.0016832123173841085,2-1,0,0.0016817552871200014,2-1,0,0.0016802982568556724,2-1,0,0.0016788412265915653,2-1,0,0.0016773841963272362,2-1,0,0.0016759271660631292,2-1,0,0.0016744701357989111,2-1,0,0.001673013105534804,2-1,0,0.001671556075270475,2-1,0,0.001670099045006368,2-1,0,0.00166864201474215,2-1,0,0.0016671849844779318,2-1,0,0.0016657279542137138
UEFA Euro,2024,2024-06-25,France,Poland,1,1,0.6153441187077598,0.22922327355995537,0.15543260773228482,0.7605637817606267,0.16020649520917696,0.07922972302969025,0.1452196630531199,home,home,False,2-0,0,0.020078292699356792,2-0,0,0.02483489117025406,2-0,0,0.024597796358865276,2-0,0,0.02436070154747716,2-0,0,0.02412360673608882,2-0,0,0.023886511924700038,2-0,0,0.0236494171133117,2-0,0,0.02341232230192336,2-0,0,0.023175227490535022,2-0,0,0.022938132679146683,2-0,0,0.022701037867758345,2-0,0,0.022463943056370228,2-0,0,0.022226848244981667,2-0,0,0.02198975343359355,2-0,0,0.021752658622205656,2-0,0,0.021515563810816762,2-0,0,0.021278468999428313,2-0,0,0.021041374188040196,2-0,0,0.02080427937665208,2-0,0,0.02056718456526374,2-0,0,0.020330089753875513,2-0,0,0.020092994942487286
UEFA Euro,2024,2024-06-24,Albania,Spain,0,1,0.06638609732986862,0.17928160062200735,0.754332302048124,0.11179457183145258,0.1946975815727894,0.6935078465962637,0.06082445545211312,away,away,False,0-2,1,0.08942686291220148,0-2,1,0.08234169458754381,0-2,1,0.0827027855801602,0-2,1,0.08306387657277692,0-2,1,0.08342496756539441,0-2,1,0.08378605855801102,0-2,1,0.08414714955062763,0-2,1,0.0845082405432449,0-2,1,0.08486933153586151,0-2,1,0.08523042252847857,0-2,1,0.0855915135210954,0-2,1,0.08595260451371245,0-2,1,0.0863136955063295,0-2,1,0.08667478649894655,0-2,1,0.0870358774915636,0-2,1,0.08739696848418066,0-2,1,0.08775805947679771,0-2,1,0.08811915046941499,0-2,1,0.08848024146203182,0-2,1,0.08884133245464887,0-2,1,0.08920242344726592,0-2,1,0.08956351443988342
UEFA Euro,2024,2024-06-24,Croatia,Italy,1,1,0.28379894585415305,0.31291810591475433,0.4032829482310927,0.3085619799425983,0.3130889746073287,0.37834904545058345,0.024933902780764433,away,away,False,0-1,0,0.03537638497825679,0-1,0,0.03319022936227212,0-1,0,0.03329959424136164,0-1,0,0.03340895912045139,0-1,0,0.03351832399954113,0-1,0,0.03362768887863088,0-1,0,0.033737053757720625,0-1,0,0.03384641863681037,0-1,0,0.033955783515899896,0-1,0,0.03406514839498953,0-1,0,0.0341745132740795,0-1,0,0.034283878153169245,0-1,0,0.0343932430322591,0-1,0,0.034502607911348626,0-1,0,0.03461197279043848,0-1,0,0.03472133766952845,0-1,0,0.03483070254861809,0-1,0,0.034940067427707944,0-1,0,0.03504943230679758,0-1,0,0.03515879718588766,0-1,0,0.03526816206497729,0-1,0,0.03537752694406682
UEFA Euro,2024,2024-06-23,Switzerland,Germany,1,1,0.24873230849930836,0.24094970136839716,0.5103179901322944,0.1502863214477241,0.2382345756599814,0.6114791028918347,0.10116111275977016,away,away,False,1-2,0,0.016427155557378947,1-2,0,0.019695732788373665,1-2,0,0.019532812891678186,1-2,0,0.019369892994982707,1-2,0,0.019206973098287117,1-2,0,0.01904405320159186,1-2,0,0.018881133304896158,1-2,0,0.0187182134082009,1-2,0,0.01855529351150531,1-2,0,0.01839237361480983,1-2,0,0.018229453718114463,1-2,0,0.018066533821418984,1-2,0,0.017903613924723505,1-2,0,0.017740694028028137,1-2,0,0.017577774131332657,1-2,0,0.01741485423463729,1-2,0,0.01725193433794192,1-2,0,0.017089014441246553,1-2,0,0.016926094544551185,1-2,0,0.016763174647855816,1-2,0,0.01660025475116056,1-2,0,0.01643733485446508
UEFA Euro,2024,2024-06-23,Scotland,Hungary,0,1,0.31842499349942416,0.3054806366576642,0.3760943698429117,0.4151896253765935,0.2432799871406239,0.3415303874832777,0.09676463187692182,away,home,True,0-1,3,0.01957339838322425,1-0,0,0.030027868130088953,1-0,0,0.029677951438044525,1-0,0,0.02932803474600032,1-0,0,0.028978118053956003,1-0,0,0.028628201361911576,1-0,0,0.028278284669867038,1-0,0,0.02792836797782261,1-0,0,0.027578451285778183,1-0,0,0.027228534593733755,1-0,0,0.026878617901689328,1-0,0,0.0265287012096449,1-0,0,0.016002734183894862,1-0,0,0.004935585279892907,0-1,3,0.006131563624110492,0-1,3,0.01719871252811378,0-1,3,0.019124438166690516,0-1,3,0.01921438382915419,0-1,3,0.01930432949161809,0-1,3,0.019394275154081875,0-1,3,0.01948422081654566,0-1,3,0.019574166479009447
UEFA Euro,2024,2024-06-22,Belgium,Romania,2,0,0.6654980469077074,0.22021029204151277,0.11429166105077991,0.7074174906183518,0.18605600385860285,0.10652650552255984,0.04191944371088718,home,home,False,2-0,3,0.05160904112040121,2-0,3,0.054900222799217024,2-0,3,0.05473756165287291,2-0,3,0.05457490050652947,2-0,3,0.0544122393601858,2-0,3,0.05424957821384213,2-0,3,0.05408691706749802,2-0,3,0.05392425592115413,2-0,3,0.05376159477481046,2-0,3,0.053598933628467016,2-0,3,0.05343627248212335,2-0,3,0.05327361133577946,2-0,3,0.05311095018943601,2-0,3,0.05294828904309212,2-0,3,0.05278562789674868,2-0,3,0.05262296675040479,2-0,3,0.0524603056040609,2-0,3,0.052297644457716785,2-0,3,0.05213498331137412,2-0,3,0.05197232216503067,2-0,3,0.051809661018686226,2-0,3,0.05164699987234267
UEFA Euro,2024,2024-06-22,Turkey,Portugal,0,3,0.10740800024422406,0.18029308161749574,0.7122989181382802,0.1596528772650588,0.2300237590058424,0.6103233637295925,0.10197555440893454,away,away,False,0-2,1,0.02431711359325961,0-2,1,0.02089391899229831,0-2,1,0.021068471459043003,0-2,1,0.021243023925787252,0-2,1,0.021417576392531834,0-2,1,0.021592128859276527,0-2,1,0.021766681326020665,0-2,1,0.02194123379276569,0-2,1,0.022115786259510273,0-2,1,0.022290338726254966,0-2,1,0.022464891192999215,0-2,1,0.022639443659743907,0-2,1,0.0228139961264886,0-2,1,0.022988548593233293,0-2,1,0.023163101059977653,0-2,1,0.023337653526722013,0-2,1,0.02351220599346726,0-2,1,0.023686758460211288,0-2,1,0.023861310926956314,0-2,1,0.024035863393700785,0-2,1,0.024210415860445478,0-2,1,0.02438496832719017
UEFA Euro,2024,2024-06-22,Georgia,Czech Republic,1,1,0.1971378908293671,0.26968514482937744,0.5331769643412554,0.21033450834890655,0.24512919551950746,0.5445362961311083,0.024555949309631175,away,away,False,0-2,0,0.019185431452432455,0-2,0,0.019598020565760876,0-2,0,0.019577579282083812,0-2,0,0.019557137998406526,0-2,0,0.019536696714729018,0-2,0,0.019516255431051954,0-2,0,0.019495814147374446,0-2,0,0.01947537286369716,0-2,0,0.019454931580019763,0-2,0,0.019434490296342366,0-2,0,0.019414049012665302,0-2,0,0.019393607728988016,0-2,0,0.019373166445310952,0-2,0,0.019352725161633444,0-2,0,0.019332283877956047,0-2,0,0.019311842594278872,0-2,0,0.019291401310601586,0-2,0,0.0192709600269243,0-2,0,0.019250518743247236,0-2,0,0.01923007745956995,0-2,0,0.019209636175892553,0-2,0,0.019189194892215378
UEFA Euro,2024,2024-06-21,Netherlands,France,0,0,0.27893408882953935,0.2614924162095561,0.45957349496090455,0.3074909284204972,0.30358569056632384,0.3889233810136676,0.07065011394748127,away,away,False,1-2,0,0.013664504248747544,1-2,0,0.011566879755363413,1-2,0,0.011671939185141422,1-2,0,0.011776998614919432,1-2,0,0.011882058044697441,1-2,0,0.01198711747447534,1-2,0,0.01209217690425346,1-2,0,0.01219723633403147,1-2,0,0.012302295763809479,1-2,0,0.012407355193587488,1-2,0,0.012512414623365498,1-2,0,0.012617474053143729,1-2,0,0.01272253348292185,1-2,0,0.012827592912699748,1-2,0,0.012932652342477868,1-2,0,0.013037711772255878,1-2,0,0.013142771202033998,1-2,0,0.013247830631812008,1-2,0,0.013352890061590239,1-2,0,0.01345794949136836,1-2,0,0.013563008921146369,1-2,0,0.0136680683509246
UEFA Euro,2024,2024-06-21,Poland,Austria,1,3,0.3507921320292935,0.28836892734140845,0.360838940629298,0.24153990068690492,0.2840433126042699,0.4744167867093088,0.11357784607976897,away,away,False,1-2,1,0.012911031877473222,1-2,1,0.016976209065586723,1-2,1,0.016772999428587676,1-2,1,0.01656978979158852,1-2,1,0.01636658015458936,1-2,1,0.016163370517590314,1-2,1,0.015960160880591268,1-2,1,0.01575695124359211,1-2,1,0.015553741606592952,1-2,1,0.015350531969593795,1-2,1,0.01514732233259486,1-2,1,0.01494411269559559,1-2,1,0.014740903058596322,1-2,1,0.014537693421596942,1-2,1,0.014334483784597896,1-2,1,0.014131274147598627,1-2,1,0.01392806451059947,1-2,1,0.0137248548736002,1-2,1,0.013521645236600932,1-2,1,0.013318435599601663,1-2,1,0.013115225962602395,1-2,1,0.012912016325603126
UEFA Euro,2024,2024-06-21,Slovakia,Ukraine,1,2,0.26786451170612896,0.30199839379263266,0.4301370945012383,0.2892456776067395,0.2900097141802799,0.4207446082124812,0.021381165900860227,away,away,False,0-1,1,0.014460777583359175,0-1,1,0.014145750942846202,0-1,1,0.014161540066364053,0-1,1,0.014177329189882237,0-1,1,0.014193118313400088,0-1,1,0.01420890743691805,0-1,1,0.014224696560435901,0-1,1,0.014240485683954085,0-1,1,0.014256274807471825,0-1,1,0.014272063930989898,0-1,1,0.014287853054508082,0-1,1,0.014303642178025822,0-1,1,0.014319431301543895,0-1,1,0.014335220425061967,0-1,1,0.014351009548579818,0-1,1,0.014366798672098002,0-1,1,0.014382587795615853,0-1,1,0.014398376919133815,0-1,1,0.014414166042651999,0-1,1,0.014429955166169739,0-1,1,0.0144457442896877,0-1,1,0.014461533413205663
UEFA Euro,2024,2024-06-20,Spain,Italy,1,0,0.436425847524437,0.30249839167109416,0.2610757608044687,0.43923647206761773,0.30875053718075723,0.25201299075113737,0.00906277005308756,home,home,False,1-0,3,0.016113317297605234,1-0,3,0.01621793920811876,1-0,3,0.016212750370114493,1-0,3,0.016207561532110448,1-0,3,0.016202372694106293,1-0,3,0.016197183856102138,1-0,3,0.016191995018097982,1-0,3,0.016186806180093716,1-0,3,0.01618161734208967,1-0,3,0.016176428504085405,1-0,3,0.01617123966608125,1-0,3,0.016166050828077094,1-0,3,0.016160861990072828,1-0,3,0.016155673152068784,1-0,3,0.016150484314064517,1-0,3,0.016145295476060473,1-0,3,0.016140106638056206,1-0,3,0.016134917800052162,1-0,3,0.016129728962047785,1-0,3,0.01612454012404374,1-0,3,0.016119351286039585,1-0,3,0.01611416244803543
UEFA Euro,2024,2024-06-20,Denmark,England,1,1,0.22280966974635616,0.3045449210259737,0.47264540922767023,0.17458009758408588,0.2727793536797688,0.5526405487366353,0.0799951395087201,away,away,False,0-1,0,0.027894519871152434,0-1,0,0.03261744736141792,0-1,0,0.032381377346463514,0-1,0,0.032145307331508555,0-1,0,0.031909237316554484,0-1,0,0.03167316730159986,0-1,0,0.031437097286645344,0-1,0,0.031201027271690718,0-1,0,0.030964957256736314,0-1,0,0.0307288872417818,0-1,0,0.030492817226827174,0-1,0,0.030256747211872548,0-1,0,0.030020677196917922,0-1,0,0.029784607181963407,0-1,0,0.02954853716700867,0-1,0,0.029312467152054045,0-1,0,0.02907639713709953,0-1,0,0.028840327122144904,0-1,0,0.028604257107190056,0-1,0,0.02836818709223543,0-1,0,0.028132117077280694,0-1,0,0.027896047062325957
UEFA Euro,2024,2024-06-20,Slovenia,Serbia,1,1,0.2742473976582981,0.2770029008566207,0.4487497014850813,0.17430594463531784,0.253699192712291,0.5719948626528963,0.12324516116756248,away,away,False,1-2,0,0.005239003248147078,1-2,0,0.006678775062056608,1-2,0,0.006606822780430455,1-2,0,0.006534870498804635,1-2,0,0.0064629182171783706,1-2,0,0.0063909659355523285,1-2,0,0.006319013653926175,1-2,0,0.006247061372300466,1-2,0,0.006175109090674091,1-2,0,0.006103156809048049,1-2,0,0.006031204527422118,1-2,0,0.005959252245796076,1-2,0,0.005887299964170034,1-2,0,0.00581534768254377,1-2,0,0.005743395400917839,1-2,0,0.005671443119291797,1-2,0,0.005599490837665533,1-2,0,0.005527538556039602,1-2,0,0.00545558627441356,1-2,0,0.005383633992787518,1-2,0,0.0053116817111613646,1-2,0,0.0052397294295352115
UEFA Euro,2024,2024-06-19,Scotland,Switzerland,1,1,0.24449299349402448,0.2738607332756535,0.481646273230322,0.21789077903755913,0.2877179961027647,0.4943912248591867,0.026602214456220616,away,away,False,0-2,0,0.0017173038243791794,0-2,0,0.001763036966996534,0-2,0,0.0017607644933221867,0-2,0,0.0017584920196480613,0-2,0,0.001756219545973936,0-2,0,0.0017539470722995887,0-2,0,0.0017516745986256854,0-2,0,0.0017494021249515601,0-2,0,0.0017471296512772128,0-2,0,0.0017448571776030875,0-2,0,0.0017425847039288511,0-2,0,0.0017403122302547258,0-2,0,0.0017380397565804895,0-2,0,0.0017357672829064752,0-2,0,0.0017334948092322389,0-2,0,0.0017312223355580025,0-2,0,0.0017289498618837662,0-2,0,0.001726677388209641,0-2,0,0.0017244049145355156,0-2,0,0.0017221324408613903,0-2,0,0.001719859967187265,0-2,0,0.0017175874935131397
UEFA Euro,2024,2024-06-19,Germany,Hungary,2,0,0.5956337986878747,0.22964174967559386,0.17472445163653144,0.772873655903909,0.14717861618126374,0.07994772791533798,0.17723985721577892,home,home,False,2-0,3,0.0074333928104772795,2-0,3,0.009653017462111224,2-0,3,0.009542333172149142,2-0,3,0.009431648882186838,2-0,3,0.009320964592224534,2-0,3,0.00921028030226223,2-0,3,0.009099596012299926,2-0,3,0.008988911722337622,2-0,3,0.008878227432375319,2-0,3,0.008767543142413015,2-0,3,0.008656858852450933,2-0,3,0.008546174562488629,2-0,3,0.008435490272526325,2-0,3,0.00832480598256402,2-0,3,0.008214121692601495,2-0,3,0.008103437402639524,2-0,3,0.007992753112677109,2-0,3,0.007882068822714805,2-0,3,0.007771384532752612,2-0,3,0.007660700242790197,2-0,3,0.007550015952827782,2-0,3,0.007439331662865589
UEFA Euro,2024,2024-06-19,Croatia,Albania,2,2,0.5997673419645222,0.2631917667165282,0.13704089131894948,0.6717566235903946,0.2141646102725029,0.11407876613663166,0.07198928162610777,home,home,False,2-0,0,0.012866893723910033,2-0,0,0.014414329283255922,2-0,0,0.014337093185107674,2-0,0,0.01425985708695987,2-0,0,0.014182620988811845,2-0,0,0.014105384890663597,2-0,0,0.014028148792515571,2-0,0,0.013950912694367545,2-0,0,0.01387367659621952,2-0,0,0.013796440498071272,2-0,0,0.013719204399923246,2-0,0,0.013641968301775442,2-0,0,0.013564732203627194,2-0,0,0.013487496105479613,2-0,0,0.013410260007331809,2-0,0,0.013333023909183228,2-0,0,0.013255787811035202,2-0,0,0.013178551712887177,2-0,0,0.01310131561473915,2-0,0,0.013024079516591125,2-0,0,0.01294684341844321,2-0,0,0.012869607320295184
UEFA Euro,2024,2024-06-18,Portugal,Czech Republic,2,1,0.6236023579822956,0.22935649778711079,0.14704114423059364,0.6477898093463054,0.2138297187563345,0.1383804718978244,0.02418745136377766,home,home,False,2-0,2,0.02671019003100905,2-0,2,0.02776539628687169,2-0,2,0.027713560478203836,2-0,2,0.027661724669536203,2-0,2,0.02760988886086846,2-0,2,0.027558053052200826,2-0,2,0.027506217243533193,2-0,2,0.02745438143486556,2-0,2,0.027402545626197927,2-0,2,0.027350709817530294,2-0,2,0.02729887400886255,2-0,2,0.027247038200194806,2-0,2,0.027195202391527173,2-0,2,0.02714336658285932,2-0,2,0.027091530774191575,2-0,2,0.02703969496552394,2-0,2,0.02698785915685631,2-0,2,0.026936023348188565,2-0,2,0.02688418753952071,2-0,2,0.026832351730853077,2-0,2,0.026780515922185444,2-0,2,0.02672868011351781
UEFA Euro,2024,2024-06-18,Turkey,Georgia,3,1,0.48779335577515764,0.26547582992613894,0.2467308142987035,0.5945443806465038,0.2412521373376411,0.1642034820163264,0.10675102487111057,home,home,False,2-1,1,0.0032155498544238492,2-1,1,0.003920154196810577,2-1,1,0.0038849608208587627,2-1,1,0.0038497674449069486,2-1,1,0.0038145740689551344,2-1,1,0.0037793806930033202,2-1,1,0.003744187317051506,2-1,1,0.003708993941099692,2-1,1,0.0036738005651481,2-1,1,0.0036386071891961747,2-1,1,0.0036034138132444715,2-1,1,0.0035682204372925463,2-1,1,0.003533027061340843,2-1,1,0.003497833685389029,2-1,1,0.003462640309437215,2-1,1,0.0034274469334854007,2-1,1,0.0033922535575335866,2-1,1,0.0033570601815817724,2-1,1,0.0033218668056300693,2-1,1,0.003286673429678366,2-1,1,0.003251480053726552,2-1,1,0.003216286677774738
UEFA Euro,2024,2024-06-17,Austria,France,0,1,0.15861811819162466,0.23001048781816713,0.6113713939902082,0.15466147792944474,0.2237323928785555,0.6216061291915144,0.010234735201548842,away,away,False,0-2,1,0.018303697528928242,0-2,1,0.018623603446206505,0-2,1,0.01860827157922329,0-2,1,0.01859293971224041,0-2,1,0.018577607845257416,0-2,1,0.018562275978274423,0-2,1,0.01854694411129154,0-2,1,0.01853161224430855,0-2,1,0.018516280377325445,0-2,1,0.018500948510342452,0-2,1,0.01848561664335946,0-2,1,0.018470284776376578,0-2,1,0.018454952909393474,0-2,1,0.01843962104241048,0-2,1,0.0184242891754276,0-2,1,0.018408957308444496,0-2,1,0.018393625441461614,0-2,1,0.01837829357447851,0-2,1,0.018362961707495407,0-2,1,0.018347629840512525,0-2,1,0.018332297973529532,0-2,1,0.01831696610654654
UEFA Euro,2024,2024-06-17,Belgium,Slovakia,0,1,0.678787719592417,0.20936986385731465,0.11184241655026826,0.6460485372164364,0.21757501975358734,0.13637644302950244,0.03273918237574374,home,home,False,2-0,0,0.04576625695256897,2-0,0,0.0436040293410338,2-0,0,0.043714513320694426,2-0,0,0.04382499730035461,2-0,0,0.04393548128001534,2-0,0,0.044045965259675635,2-0,0,0.044156449239336704,2-0,0,0.044266933218996884,2-0,0,0.04437741719865751,2-0,0,0.04448790117831847,2-0,0,0.04459838515797787,2-0,0,0.044708869137638385,2-0,0,0.04481935311729979,2-0,0,0.04492983709696019,2-0,0,0.045040321076619816,2-0,0,0.04515080505628044,2-0,0,0.0452612890359414,2-0,0,0.04537177301560136,2-0,0,0.04548225699526154,2-0,0,0.045592740974922275,2-0,0,0.04570322495458279,2-0,0,0.04581370893424297
UEFA Euro,2024,2024-06-17,Romania,Ukraine,3,0,0.26674857716289463,0.31179462060270774,0.42145680223439763,0.2042709024652596,0.2712272625633628,0.5245018349709022,0.10304503273674225,away,away,False,0-1,0,0.03424645524026215,0-1,0,0.04262115267387789,0-1,0,0.042202479393850134,0-1,0,0.0417838061138226,0-1,0,0.041365132833794616,0-1,0,0.040946459553766856,0-1,0,0.040527786273738986,0-1,0,0.04010911299371145,0-1,0,0.03969043971368347,0-1,0,0.03927176643365593,0-1,0,0.03885309315362817,0-1,0,0.03843441987360041,0-1,0,0.038015746593572874,0-1,0,0.037597073313545226,0-1,0,0.0371784000335178,0-1,0,0.03675972675348993,0-1,0,0.03634105347346239,0-1,0,0.03592238019343519,0-1,0,0.03550370691340743,0-1,0,0.03508503363338,0-1,0,0.03466636035335258,0-1,0,0.03424768707332515
UEFA Euro,2024,2024-06-16,Serbia,England,0,1,0.13838256296327442,0.217403646981144,0.6442137900555817,0.13546734471091695,0.2171885392631848,0.6473441160254015,0.003130325970068279,away,away,False,0-2,1,0.025092928999767006,0-2,1,0.025239968095244203,0-2,1,0.025233865519685095,0-2,1,0.025227762944126098,0-2,1,0.02522166036856721,0-2,1,0.025215557793008103,0-2,1,0.025209455217449328,0-2,1,0.02520335264189033,0-2,1,0.025197250066331445,0-2,1,0.025191147490772337,0-2,1,0.02518504491521345,0-2,1,0.025178942339654453,0-2,1,0.025172839764095456,0-2,1,0.02516673718853646,0-2,1,0.025160634612977573,0-2,1,0.025154532037418686,0-2,1,0.02514842946185958,0-2,1,0.02514232688630047,0-2,1,0.025136224310741806,0-2,1,0.025130121735182698,0-2,1,0.02512401915962359,0-2,1,0.025117916584064592
UEFA Euro,2024,2024-06-16,Slovenia,Denmark,1,1,0.17638156813008973,0.286849327664684,0.5367691042052262,0.16084078475893798,0.2632321495392987,0.5759270657022635,0.0391579614967872,away,away,False,0-1,0,0.010271095647372275,0-1,0,0.0110215607399895,0-1,0,0.010984092293306436,0-1,0,0.010946623846623371,0-1,0,0.010909155399940529,0-1,0,0.010871686953257687,0-1,0,0.010834218506574733,0-1,0,0.01079675005989189,0-1,0,0.010759281613208938,0-1,0,0.010721813166526095,0-1,0,0.010684344719842809,0-1,0,0.010646876273159744,0-1,0,0.010609407826476791,0-1,0,0.010571939379793949,0-1,0,0.010534470933110995,0-1,0,0.010497002486427931,0-1,0,0.010459534039745089,0-1,0,0.010422065593062246,0-1,0,0.01038459714637896,0-1,0,0.010347128699696229,0-1,0,0.010309660253013164,0-1,0,0.0102721918063301
UEFA Euro,2024,2024-06-16,Poland,Netherlands,1,2,0.21812209022506426,0.25210587005068297,0.5297720397242527,0.13848519549450744,0.21720152845924875,0.6443132760457572,0.11454123632174776,away,away,False,1-2,3,0.00017066320775960264,1-2,3,0.00020764203712997364,1-2,3,0.00020579638405038292,1-2,3,0.00020395073097045913,1-2,3,0.00020210507789064636,1-2,3,0.0002002594248109446,1-2,3,0.00019841377173124286,1-2,3,0.0001965681186515411,1-2,3,0.0001947224655715063,1-2,3,0.00019287681249180455,1-2,3,0.00019103115941232485,1-2,3,0.00018918550633251208,1-2,3,0.00018733985325281033,1-2,3,0.00018549420017277551,1-2,3,0.0001836485470932958,1-2,3,0.00018180289401337202,1-2,3,0.00017995724093355925,1-2,3,0.00017811158785396852,1-2,3,0.00017626593477404473,1-2,3,0.00017442028169423196,1-2,3,0.00017257462861464123,1-2,3,0.00017072897553482846
UEFA Euro,2024,2024-06-15,Italy,Albania,2,1,0.6371616728618047,0.25588929174137975,0.1069490353968156,0.7204274200822571,0.19543913688416273,0.08413344303405881,0.08326574722021313,home,home,False,1-0,1,0.0021536767790408806,1-0,1,0.0024356724982528277,1-0,1,0.0024215969588650132,1-0,1,0.0024075214194767547,1-0,1,0.002393445880088718,1-0,1,0.0023793703407009037,1-0,1,0.002365294801312867,1-0,1,0.0023512192619250527,1-0,1,0.002337143722537016,1-0,1,0.0023230681831489797,1-0,1,0.002308992643761165,1-0,1,0.0022949171043731287,1-0,1,0.002280841564985314,1-0,1,0.0022667660255970556,1-0,1,0.0022526904862096853,1-0,1,0.0022386149468212047,1-0,1,0.00222453940743339,1-0,1,0.0022104638680453537,1-0,1,0.002196388328657317,1-0,1,0.0021823127892695027,1-0,1,0.002168237249881244,1-0,1,0.0021541617104936517
UEFA Euro,2024,2024-06-15,Spain,Croatia,3,0,0.5209569009436386,0.2679385790884171,0.21110451996794435,0.5062479919569272,0.2759313977481809,0.21782061029536978,0.014708908986950292,home,home,False,2-0,1,0.011568937825370718,2-0,1,0.011244663670328392,2-0,1,0.011260999215075618,2-0,1,0.011277334759822844,2-0,1,0.01129367030457007,2-0,1,0.011310005849317295,2-0,1,0.01132634139406452,2-0,1,0.011342676938811636,2-0,1,0.01135901248355875,2-0,1,0.011375348028305976,2-0,1,0.01139168357305309,2-0,1,0.011408019117800317,2-0,1,0.011424354662547653,2-0,1,0.011440690207294879,2-0,1,0.011457025752041994,2-0,1,0.01147336129678922,2-0,1,0.011489696841536334,2-0,1,0.011506032386283671,2-0,1,0.011522367931030675,2-0,1,0.011538703475778012,2-0,1,0.011555039020525237,2-0,1,0.011571374565272463
UEFA Euro,2024,2024-06-15,Hungary,Switzerland,1,3,0.26947123921834343,0.28755404792678996,0.4429747128548666,0.24465494731653603,0.3035691252774476,0.45177592740553746,0.02481629190156795,away,away,False,0-2,1,0.0007497025942739821,0-2,1,0.0007646681475637074,0-2,1,0.0007639233083615027,0-2,1,0.000763178469159298,0-2,1,0.0007624336299570933,0-2,1,0.0007616887907548886,0-2,1,0.0007609439515526839,0-2,1,0.0007601991123504792,0-2,1,0.0007594542731483855,0-2,1,0.0007587094339460698,0-2,1,0.0007579645947437541,0-2,1,0.0007572197555416604,0-2,1,0.0007564749163393447,0-2,1,0.000755730077137029,0-2,1,0.0007549852379350463,0-2,1,0.0007542403987327306,0-2,1,0.0007534955595305259,0-2,1,0.0007527507203284323,0-2,1,0.0007520058811262276,0-2,1,0.0007512610419239119,0-2,1,0.0007505162027217072,0-2,1,0.0007497713635193914
UEFA Euro,2024,2024-06-14,Germany,Scotland,5,1,0.6379213620088919,0.2100999284862064,0.15197870950490167,0.757469374508713,0.160397700142075,0.08213292534968424,0.11954801249958494,home,home,False,2-0,1,0.008497017650140215,2-0,1,0.010103971549627166,2-0,1,0.010024238311706402,2-0,1,0.009944505073785415,2-0,1,0.00986477183586465,2-0,1,0.009785038597943663,2-0,1,0.009705305360022898,2-0,1,0.00962557212210191,2-0,1,0.009545838884181146,2-0,1,0.009466105646260381,2-0,1,0.009386372408339172,2-0,1,0.009306639170418629,2-0,1,0.009226905932497642,2-0,1,0.009147172694576433,2-0,1,0.00906743945665589,2-0,1,0.008987706218734903,2-0,1,0.008907972980814138,2-0,1,0.008828239742893262,2-0,1,0.008748506504972275,2-0,1,0.0086687732670514,2-0,1,0.008589040029130413,2-0,1,0.008509306791209537
