year,date,phase,game_id,home_team,away_team,actual_home,actual_away,model_home,model_draw,model_away,lambda_home,lambda_away,book_home,book_draw,book_away,tvd,model_favorite,book_favorite,favorite_flip,diff_home,diff_draw,diff_away,model_pred_home,model_pred_away,model_prediction,model_expected_pts,model_decision_margin,model_second_pred_home,model_second_pred_away,model_second_prediction,model_second_expected_pts,model_points,blend00_pred_home,blend00_pred_away,blend00_prediction,blend00_expected_pts,blend00_decision_margin,blend00_points,blend00_second_prediction,blend00_second_pred_home,blend00_second_pred_away,blend00_second_expected_pts,blend005_pred_home,blend005_pred_away,blend005_prediction,blend005_expected_pts,blend005_decision_margin,blend005_points,blend005_second_prediction,blend005_second_pred_home,blend005_second_pred_away,blend005_second_expected_pts,blend01_pred_home,blend01_pred_away,blend01_prediction,blend01_expected_pts,blend01_decision_margin,blend01_points,blend01_second_prediction,blend01_second_pred_home,blend01_second_pred_away,blend01_second_expected_pts,blend015_pred_home,blend015_pred_away,blend015_prediction,blend015_expected_pts,blend015_decision_margin,blend015_points,blend015_second_prediction,blend015_second_pred_home,blend015_second_pred_away,blend015_second_expected_pts,blend02_pred_home,blend02_pred_away,blend02_prediction,blend02_expected_pts,blend02_decision_margin,blend02_points,blend02_second_prediction,blend02_second_pred_home,blend02_second_pred_away,blend02_second_expected_pts,blend025_pred_home,blend025_pred_away,blend025_prediction,blend025_expected_pts,blend025_decision_margin,blend025_points,blend025_second_prediction,blend025_second_pred_home,blend025_second_pred_away,blend025_second_expected_pts,blend03_pred_home,blend03_pred_away,blend03_prediction,blend03_expected_pts,blend03_decision_margin,blend03_points,blend03_second_prediction,blend03_second_pred_home,blend03_second_pred_away,blend03_second_expected_pts,blend035_pred_home,blend035_pred_away,blend035_prediction,blend035_expected_pts,blend035_decision_margin,blend035_points,blend035_second_prediction,blend035_second_pred_home,blend035_second_pred_away,blend035_second_expected_pts,blend04_pred_home,blend04_pred_away,blend04_prediction,blend04_expected_pts,blend04_decision_margin,blend04_points,blend04_second_prediction,blend04_second_pred_home,blend04_second_pred_away,blend04_second_expected_pts,blend045_pred_home,blend045_pred_away,blend045_prediction,blend045_expected_pts,blend045_decision_margin,blend045_points,blend045_second_prediction,blend045_second_pred_home,blend045_second_pred_away,blend045_second_expected_pts,blend05_pred_home,blend05_pred_away,blend05_prediction,blend05_expected_pts,blend05_decision_margin,blend05_points,blend05_second_prediction,blend05_second_pred_home,blend05_second_pred_away,blend05_second_expected_pts,blend055_pred_home,blend055_pred_away,blend055_prediction,blend055_expected_pts,blend055_decision_margin,blend055_points,blend055_second_prediction,blend055_second_pred_home,blend055_second_pred_away,blend055_second_expected_pts,blend06_pred_home,blend06_pred_away,blend06_prediction,blend06_expected_pts,blend06_decision_margin,blend06_points,blend06_second_prediction,blend06_second_pred_home,blend06_second_pred_away,blend06_second_expected_pts,blend065_pred_home,blend065_pred_away,blend065_prediction,blend065_expected_pts,blend065_decision_margin,blend065_points,blend065_second_prediction,blend065_second_pred_home,blend065_second_pred_away,blend065_second_expected_pts,blend07_pred_home,blend07_pred_away,blend07_prediction,blend07_expected_pts,blend07_decision_margin,blend07_points,blend07_second_prediction,blend07_second_pred_home,blend07_second_pred_away,blend07_second_expected_pts,blend075_pred_home,blend075_pred_away,blend075_prediction,blend075_expected_pts,blend075_decision_margin,blend075_points,blend075_second_prediction,blend075_second_pred_home,blend075_second_pred_away,blend075_second_expected_pts,blend08_pred_home,blend08_pred_away,blend08_prediction,blend08_expected_pts,blend08_decision_margin,blend08_points,blend08_second_prediction,blend08_second_pred_home,blend08_second_pred_away,blend08_second_expected_pts,blend085_pred_home,blend085_pred_away,blend085_prediction,blend085_expected_pts,blend085_decision_margin,blend085_points,blend085_second_prediction,blend085_second_pred_home,blend085_second_pred_away,blend085_second_expected_pts,blend09_pred_home,blend09_pred_away,blend09_prediction,blend09_expected_pts,blend09_decision_margin,blend09_points,blend09_second_prediction,blend09_second_pred_home,blend09_second_pred_away,blend09_second_expected_pts,blend095_pred_home,blend095_pred_away,blend095_prediction,blend095_expected_pts,blend095_decision_margin,blend095_points,blend095_second_prediction,blend095_second_pred_home,blend095_second_pred_away,blend095_second_expected_pts,blend10_pred_home,blend10_pred_away,blend10_prediction,blend10_expected_pts,blend10_decision_margin,blend10_points,blend10_second_prediction,blend10_second_pred_home,blend10_second_pred_away,blend10_second_expected_pts
2006,2006-06-09T18:00:00+01:00,G,1,Germany,Costa Rica,4,2,0.701666,0.163405,0.134929,2.8073,1.2027,0.745305,0.179389,0.075306,0.059623,home,home,False,-0.043639,-0.015984,0.059623,3,1,3-1,0.971911,0.013552,3,0,3-0,0.95836,1,3,1,3-1,1.040985,0.014515,1,3-0,3,0,1.02647,3,1,3-1,1.037938,0.014472,1,3-0,3,0,1.023465,3,1,3-1,1.03489,0.01443,1,3-0,3,0,1.02046,3,1,3-1,1.031842,0.014387,1,3-0,3,0,1.017455,3,1,3-1,1.028795,0.014345,1,3-0,3,0,1.01445,3,1,3-1,1.025747,0.014302,1,3-0,3,0,1.011445,3,1,3-1,1.022699,0.01426,1,3-0,3,0,1.00844,3,1,3-1,1.019652,0.014217,1,3-0,3,0,1.005435,3,1,3-1,1.016604,0.014175,1,3-0,3,0,1.00243,3,1,3-1,1.013557,0.014132,1,3-0,3,0,0.999424,3,1,3-1,1.010509,0.01409,1,3-0,3,0,0.996419,3,1,3-1,1.007461,0.014047,1,3-0,3,0,0.993414,3,1,3-1,1.004414,0.014005,1,3-0,3,0,0.990409,3,1,3-1,1.001366,0.013962,1,3-0,3,0,0.987404,3,1,3-1,0.998319,0.01392,1,3-0,3,0,0.984399,3,1,3-1,0.995271,0.013877,1,3-0,3,0,0.981394,3,1,3-1,0.992223,0.013835,1,3-0,3,0,0.978389,3,1,3-1,0.989176,0.013792,1,3-0,3,0,0.975383,3,1,3-1,0.986128,0.01375,1,3-0,3,0,0.972378,3,1,3-1,0.983081,0.013707,1,3-0,3,0,0.969373,3,1,3-1,0.980033,0.013665,1,3-0,3,0,0.966368
2006,2006-06-09T21:00:00+01:00,G,2,Poland,Ecuador,0,2,0.45447,0.255419,0.290111,1.6417,1.2705,0.488903,0.275525,0.235572,0.054539,home,home,False,-0.034434,-0.020105,0.054539,2,1,2-1,0.713685,0.019811,2,0,2-0,0.693874,0,2,1,2-1,0.768038,0.02132,0,2-0,2,0,0.746718,2,1,2-1,0.765333,0.021245,0,2-0,2,0,0.744088,2,1,2-1,0.762629,0.02117,0,2-0,2,0,0.741459,2,1,2-1,0.759924,0.021095,0,2-0,2,0,0.738829,2,1,2-1,0.757219,0.02102,0,2-0,2,0,0.736199,2,1,2-1,0.754515,0.020945,0,2-0,2,0,0.73357,2,1,2-1,0.75181,0.02087,0,2-0,2,0,0.73094,2,1,2-1,0.749105,0.020795,0,2-0,2,0,0.728311,2,1,2-1,0.746401,0.02072,0,2-0,2,0,0.725681,2,1,2-1,0.743696,0.020644,0,2-0,2,0,0.723052,2,1,2-1,0.740991,0.020569,0,2-0,2,0,0.720422,2,1,2-1,0.738287,0.020494,0,2-0,2,0,0.717792,2,1,2-1,0.735582,0.020419,0,2-0,2,0,0.715163,2,1,2-1,0.732877,0.020344,0,2-0,2,0,0.712533,2,1,2-1,0.730173,0.020269,0,2-0,2,0,0.709904,2,1,2-1,0.727468,0.020194,0,2-0,2,0,0.707274,2,1,2-1,0.724763,0.020119,0,2-0,2,0,0.704645,2,1,2-1,0.722059,0.020044,0,2-0,2,0,0.702015,2,1,2-1,0.719354,0.019969,0,2-0,2,0,0.699385,2,1,2-1,0.716649,0.019894,0,2-0,2,0,0.696756,2,1,2-1,0.713945,0.019819,0,2-0,2,0,0.694126
2006,2006-06-10T15:00:00+01:00,G,3,England,Paraguay,1,0,0.540998,0.258928,0.200074,1.6428,0.9042,0.597613,0.267492,0.134895,0.065178,home,home,False,-0.056615,-0.008563,0.065178,2,0,2-0,0.847744,0.010125,2,1,2-1,0.837619,1,2,0,2-0,0.936755,0.011188,1,2-1,2,1,0.925566,2,0,2-0,0.932318,0.011135,1,2-1,2,1,0.921182,2,0,2-0,0.92788,0.011082,1,2-1,2,1,0.916798,2,0,2-0,0.923443,0.011029,1,2-1,2,1,0.912414,2,0,2-0,0.919006,0.010976,1,2-1,2,1,0.90803,2,0,2-0,0.914569,0.010923,1,2-1,2,1,0.903646,2,0,2-0,0.910132,0.01087,1,2-1,2,1,0.899261,2,0,2-0,0.905695,0.010817,1,2-1,2,1,0.894877,2,0,2-0,0.901257,0.010764,1,2-1,2,1,0.890493,2,0,2-0,0.89682,0.010711,1,2-1,2,1,0.886109,2,0,2-0,0.892383,0.010658,1,2-1,2,1,0.881725,2,0,2-0,0.887946,0.010605,1,2-1,2,1,0.877341,2,0,2-0,0.883509,0.010552,1,2-1,2,1,0.872956,2,0,2-0,0.879072,0.010499,1,2-1,2,1,0.868572,2,0,2-0,0.874634,0.010446,1,2-1,2,1,0.864188,2,0,2-0,0.870197,0.010393,1,2-1,2,1,0.859804,2,0,2-0,0.86576,0.01034,1,2-1,2,1,0.85542,2,0,2-0,0.861323,0.010287,1,2-1,2,1,0.851035,2,0,2-0,0.856886,0.010234,1,2-1,2,1,0.846651,2,0,2-0,0.852448,0.010181,1,2-1,2,1,0.842267,2,0,2-0,0.848011,0.010128,1,2-1,2,1,0.837883
2006,2006-06-10T18:00:00+01:00,G,4,Trinidad and Tobago,Sweden,0,0,0.057092,0.136434,0.806474,0.5948,2.6575,,,,,away,,,,,,0,2,0-2,1.156056,0.019063,0,3,0-3,1.136992,0,0,2,0-2,1.156056,0.019063,0,0-3,0,3,1.136992,0,2,0-2,1.156056,0.019063,0,0-3,0,3,1.136992,0,2,0-2,1.156056,0.019063,0,0-3,0,3,1.136992,0,2,0-2,1.156056,0.019063,0,0-3,0,3,1.136992,0,2,0-2,1.156056,0.019063,0,0-3,0,3,1.136992,0,2,0-2,1.156056,0.019063,0,0-3,0,3,1.136992,0,2,0-2,1.156056,0.019063,0,0-3,0,3,1.136992,0,2,0-2,1.156056,0.019063,0,0-3,0,3,1.136992,0,2,0-2,1.156056,0.019063,0,0-3,0,3,1.136992,0,2,0-2,1.156056,0.019063,0,0-3,0,3,1.136992,0,2,0-2,1.156056,0.019063,0,0-3,0,3,1.136992,0,2,0-2,1.156056,0.019063,0,0-3,0,3,1.136992,0,2,0-2,1.156056,0.019063,0,0-3,0,3,1.136992,0,2,0-2,1.156056,0.019063,0,0-3,0,3,1.136992,0,2,0-2,1.156056,0.019063,0,0-3,0,3,1.136992,0,2,0-2,1.156056,0.019063,0,0-3,0,3,1.136992,0,2,0-2,1.156056,0.019063,0,0-3,0,3,1.136992,0,2,0-2,1.156056,0.019063,0,0-3,0,3,1.136992,0,2,0-2,1.156056,0.019063,0,0-3,0,3,1.136992,0,2,0-2,1.156056,0.019063,0,0-3,0,3,1.136992,0,2,0-2,1.156056,0.019063,0,0-3,0,3,1.136992
2006,2006-06-10T21:00:00+01:00,G,5,Argentina,Ivory Coast,2,1,0.628186,0.20572,0.166094,2.2062,1.0584,,,,,home,,,,,,2,1,2-1,0.916765,0.005427,2,0,2-0,0.911339,3,2,1,2-1,0.916765,0.005427,3,2-0,2,0,0.911339,2,1,2-1,0.916765,0.005427,3,2-0,2,0,0.911339,2,1,2-1,0.916765,0.005427,3,2-0,2,0,0.911339,2,1,2-1,0.916765,0.005427,3,2-0,2,0,0.911339,2,1,2-1,0.916765,0.005427,3,2-0,2,0,0.911339,2,1,2-1,0.916765,0.005427,3,2-0,2,0,0.911339,2,1,2-1,0.916765,0.005427,3,2-0,2,0,0.911339,2,1,2-1,0.916765,0.005427,3,2-0,2,0,0.911339,2,1,2-1,0.916765,0.005427,3,2-0,2,0,0.911339,2,1,2-1,0.916765,0.005427,3,2-0,2,0,0.911339,2,1,2-1,0.916765,0.005427,3,2-0,2,0,0.911339,2,1,2-1,0.916765,0.005427,3,2-0,2,0,0.911339,2,1,2-1,0.916765,0.005427,3,2-0,2,0,0.911339,2,1,2-1,0.916765,0.005427,3,2-0,2,0,0.911339,2,1,2-1,0.916765,0.005427,3,2-0,2,0,0.911339,2,1,2-1,0.916765,0.005427,3,2-0,2,0,0.911339,2,1,2-1,0.916765,0.005427,3,2-0,2,0,0.911339,2,1,2-1,0.916765,0.005427,3,2-0,2,0,0.911339,2,1,2-1,0.916765,0.005427,3,2-0,2,0,0.911339,2,1,2-1,0.916765,0.005427,3,2-0,2,0,0.911339,2,1,2-1,0.916765,0.005427,3,2-0,2,0,0.911339
2006,2006-06-11T15:00:00+01:00,G,6,Serbia,Netherlands,0,1,0.170206,0.245975,0.583819,0.8342,1.7463,0.193542,0.30711,0.499348,0.084471,away,away,False,-0.023336,-0.061134,0.084471,0,2,0-2,0.910843,0.019145,1,2,1-2,0.891698,1,0,2,0-2,0.779418,0.016383,1,1-2,1,2,0.763035,0,2,0-2,0.786011,0.016522,1,1-2,1,2,0.769489,0,2,0-2,0.792603,0.01666,1,1-2,1,2,0.775943,0,2,0-2,0.799195,0.016799,1,1-2,1,2,0.782397,0,2,0-2,0.805788,0.016937,1,1-2,1,2,0.788851,0,2,0-2,0.81238,0.017076,1,1-2,1,2,0.795304,0,2,0-2,0.818973,0.017214,1,1-2,1,2,0.801758,0,2,0-2,0.825565,0.017353,1,1-2,1,2,0.808212,0,2,0-2,0.832157,0.017492,1,1-2,1,2,0.814666,0,2,0-2,0.83875,0.01763,1,1-2,1,2,0.82112,0,2,0-2,0.845342,0.017769,1,1-2,1,2,0.827574,0,2,0-2,0.851935,0.017907,1,1-2,1,2,0.834027,0,2,0-2,0.858527,0.018046,1,1-2,1,2,0.840481,0,2,0-2,0.865119,0.018184,1,1-2,1,2,0.846935,0,2,0-2,0.871712,0.018323,1,1-2,1,2,0.853389,0,2,0-2,0.878304,0.018462,1,1-2,1,2,0.859843,0,2,0-2,0.884897,0.0186,1,1-2,1,2,0.866297,0,2,0-2,0.891489,0.018739,1,1-2,1,2,0.87275,0,2,0-2,0.898081,0.018877,1,1-2,1,2,0.879204,0,2,0-2,0.904674,0.019016,1,1-2,1,2,0.885658,0,2,0-2,0.911266,0.019154,1,1-2,1,2,0.892112
2006,2006-06-11T18:00:00+01:00,G,7,Mexico,Iran,3,1,0.540714,0.241005,0.218281,1.8298,1.0888,,,,,home,,,,,,2,1,2-1,0.827669,0.008031,2,0,2-0,0.819638,1,2,1,2-1,0.827669,0.008031,1,2-0,2,0,0.819638,2,1,2-1,0.827669,0.008031,1,2-0,2,0,0.819638,2,1,2-1,0.827669,0.008031,1,2-0,2,0,0.819638,2,1,2-1,0.827669,0.008031,1,2-0,2,0,0.819638,2,1,2-1,0.827669,0.008031,1,2-0,2,0,0.819638,2,1,2-1,0.827669,0.008031,1,2-0,2,0,0.819638,2,1,2-1,0.827669,0.008031,1,2-0,2,0,0.819638,2,1,2-1,0.827669,0.008031,1,2-0,2,0,0.819638,2,1,2-1,0.827669,0.008031,1,2-0,2,0,0.819638,2,1,2-1,0.827669,0.008031,1,2-0,2,0,0.819638,2,1,2-1,0.827669,0.008031,1,2-0,2,0,0.819638,2,1,2-1,0.827669,0.008031,1,2-0,2,0,0.819638,2,1,2-1,0.827669,0.008031,1,2-0,2,0,0.819638,2,1,2-1,0.827669,0.008031,1,2-0,2,0,0.819638,2,1,2-1,0.827669,0.008031,1,2-0,2,0,0.819638,2,1,2-1,0.827669,0.008031,1,2-0,2,0,0.819638,2,1,2-1,0.827669,0.008031,1,2-0,2,0,0.819638,2,1,2-1,0.827669,0.008031,1,2-0,2,0,0.819638,2,1,2-1,0.827669,0.008031,1,2-0,2,0,0.819638,2,1,2-1,0.827669,0.008031,1,2-0,2,0,0.819638,2,1,2-1,0.827669,0.008031,1,2-0,2,0,0.819638
2006,2006-06-11T21:00:00+01:00,G,8,Angola,Portugal,0,1,0.088531,0.166686,0.744783,0.7346,2.4425,0.077415,0.225561,0.697025,0.058875,away,away,False,0.011117,-0.058875,0.047758,0,2,0-2,1.082228,0.033021,1,2,1-2,1.049207,1,0,2,0-2,1.016598,0.031018,1,1-2,1,2,0.98558,0,2,0-2,1.020081,0.031125,1,1-2,1,2,0.988956,0,2,0-2,1.023563,0.031231,1,1-2,1,2,0.992333,0,2,0-2,1.027046,0.031337,1,1-2,1,2,0.995709,0,2,0-2,1.030529,0.031443,1,1-2,1,2,0.999086,0,2,0-2,1.034012,0.03155,1,1-2,1,2,1.002462,0,2,0-2,1.037494,0.031656,1,1-2,1,2,1.005839,0,2,0-2,1.040977,0.031762,1,1-2,1,2,1.009215,0,2,0-2,1.04446,0.031868,1,1-2,1,2,1.012591,0,2,0-2,1.047943,0.031975,1,1-2,1,2,1.015968,0,2,0-2,1.051425,0.032081,1,1-2,1,2,1.019344,0,2,0-2,1.054908,0.032187,1,1-2,1,2,1.022721,0,2,0-2,1.058391,0.032293,1,1-2,1,2,1.026097,0,2,0-2,1.061874,0.0324,1,1-2,1,2,1.029474,0,2,0-2,1.065356,0.032506,1,1-2,1,2,1.03285,0,2,0-2,1.068839,0.032612,1,1-2,1,2,1.036227,0,2,0-2,1.072322,0.032719,1,1-2,1,2,1.039603,0,2,0-2,1.075804,0.032825,1,1-2,1,2,1.04298,0,2,0-2,1.079287,0.032931,1,1-2,1,2,1.046356,0,2,0-2,1.08277,0.033037,1,1-2,1,2,1.049733,0,2,0-2,1.086253,0.033144,1,1-2,1,2,1.053109
2006,2006-06-12T21:00:00+01:00,G,9,Italy,Ghana,2,0,0.633843,0.248657,0.1175,1.6509,0.5641,0.616854,0.263371,0.119775,0.016989,home,home,False,0.016989,-0.014714,-0.002275,2,0,2-0,1.015032,0.032501,1,0,1-0,0.982532,3,2,0,2-0,0.988143,0.03164,3,1-0,1,0,0.956503,2,0,2-0,0.989504,0.031683,3,1-0,1,0,0.95782,2,0,2-0,0.990865,0.031727,3,1-0,1,0,0.959138,2,0,2-0,0.992225,0.031771,3,1-0,1,0,0.960455,2,0,2-0,0.993586,0.031814,3,1-0,1,0,0.961772,2,0,2-0,0.994947,0.031858,3,1-0,1,0,0.963089,2,0,2-0,0.996308,0.031901,3,1-0,1,0,0.964406,2,0,2-0,0.997668,0.031945,3,1-0,1,0,0.965723,2,0,2-0,0.999029,0.031988,3,1-0,1,0,0.967041,2,0,2-0,1.00039,0.032032,3,1-0,1,0,0.968358,2,0,2-0,1.00175,0.032076,3,1-0,1,0,0.969675,2,0,2-0,1.003111,0.032119,3,1-0,1,0,0.970992,2,0,2-0,1.004472,0.032163,3,1-0,1,0,0.972309,2,0,2-0,1.005833,0.032206,3,1-0,1,0,0.973626,2,0,2-0,1.007193,0.03225,3,1-0,1,0,0.974943,2,0,2-0,1.008554,0.032293,3,1-0,1,0,0.976261,2,0,2-0,1.009915,0.032337,3,1-0,1,0,0.977578,2,0,2-0,1.011275,0.032381,3,1-0,1,0,0.978895,2,0,2-0,1.012636,0.032424,3,1-0,1,0,0.980212,2,0,2-0,1.013997,0.032468,3,1-0,1,0,0.981529,2,0,2-0,1.015358,0.032511,3,1-0,1,0,0.982846
2006,2006-06-12T18:00:00+01:00,G,10,United States,Czech Republic,0,3,0.213462,0.29175,0.494788,0.8077,1.3731,,,,,away,,,,,,0,2,0-2,0.79369,0.002948,0,1,0-1,0.790742,1,0,2,0-2,0.79369,0.002948,1,0-1,0,1,0.790742,0,2,0-2,0.79369,0.002948,1,0-1,0,1,0.790742,0,2,0-2,0.79369,0.002948,1,0-1,0,1,0.790742,0,2,0-2,0.79369,0.002948,1,0-1,0,1,0.790742,0,2,0-2,0.79369,0.002948,1,0-1,0,1,0.790742,0,2,0-2,0.79369,0.002948,1,0-1,0,1,0.790742,0,2,0-2,0.79369,0.002948,1,0-1,0,1,0.790742,0,2,0-2,0.79369,0.002948,1,0-1,0,1,0.790742,0,2,0-2,0.79369,0.002948,1,0-1,0,1,0.790742,0,2,0-2,0.79369,0.002948,1,0-1,0,1,0.790742,0,2,0-2,0.79369,0.002948,1,0-1,0,1,0.790742,0,2,0-2,0.79369,0.002948,1,0-1,0,1,0.790742,0,2,0-2,0.79369,0.002948,1,0-1,0,1,0.790742,0,2,0-2,0.79369,0.002948,1,0-1,0,1,0.790742,0,2,0-2,0.79369,0.002948,1,0-1,0,1,0.790742,0,2,0-2,0.79369,0.002948,1,0-1,0,1,0.790742,0,2,0-2,0.79369,0.002948,1,0-1,0,1,0.790742,0,2,0-2,0.79369,0.002948,1,0-1,0,1,0.790742,0,2,0-2,0.79369,0.002948,1,0-1,0,1,0.790742,0,2,0-2,0.79369,0.002948,1,0-1,0,1,0.790742,0,2,0-2,0.79369,0.002948,1,0-1,0,1,0.790742
2006,2006-06-13T21:00:00+01:00,G,11,Brazil,Croatia,1,0,0.576617,0.239884,0.183499,1.8203,0.9311,0.662456,0.245772,0.091771,0.091728,home,home,False,-0.085839,-0.005888,0.091728,2,0,2-0,0.886267,0.007285,2,1,2-1,0.878982,1,2,0,2-0,1.018824,0.008374,1,2-1,2,1,1.01045,2,0,2-0,1.012223,0.00832,1,2-1,2,1,1.003903,2,0,2-0,1.005622,0.008266,1,2-1,2,1,0.997356,2,0,2-0,0.999021,0.008212,1,2-1,2,1,0.99081,2,0,2-0,0.992421,0.008157,1,2-1,2,1,0.984263,2,0,2-0,0.98582,0.008103,1,2-1,2,1,0.977717,2,0,2-0,0.979219,0.008049,1,2-1,2,1,0.97117,2,0,2-0,0.972618,0.007995,1,2-1,2,1,0.964624,2,0,2-0,0.966017,0.00794,1,2-1,2,1,0.958077,2,0,2-0,0.959417,0.007886,1,2-1,2,1,0.951531,2,0,2-0,0.952816,0.007832,1,2-1,2,1,0.944984,2,0,2-0,0.946215,0.007778,1,2-1,2,1,0.938437,2,0,2-0,0.939614,0.007723,1,2-1,2,1,0.931891,2,0,2-0,0.933013,0.007669,1,2-1,2,1,0.925344,2,0,2-0,0.926412,0.007615,1,2-1,2,1,0.918798,2,0,2-0,0.919812,0.00756,1,2-1,2,1,0.912251,2,0,2-0,0.913211,0.007506,1,2-1,2,1,0.905705,2,0,2-0,0.90661,0.007452,1,2-1,2,1,0.899158,2,0,2-0,0.900009,0.007398,1,2-1,2,1,0.892611,2,0,2-0,0.893408,0.007343,1,2-1,2,1,0.886065,2,0,2-0,0.886808,0.007289,1,2-1,2,1,0.879518
2006,2006-06-12T15:00:00+01:00,G,12,Australia,Japan,3,1,0.363345,0.271869,0.364786,1.3503,1.3534,,,,,away,,,,,,1,2,1-2,0.591659,0.002108,2,1,2-1,0.58955,0,1,2,1-2,0.591659,0.002108,0,2-1,2,1,0.58955,1,2,1-2,0.591659,0.002108,0,2-1,2,1,0.58955,1,2,1-2,0.591659,0.002108,0,2-1,2,1,0.58955,1,2,1-2,0.591659,0.002108,0,2-1,2,1,0.58955,1,2,1-2,0.591659,0.002108,0,2-1,2,1,0.58955,1,2,1-2,0.591659,0.002108,0,2-1,2,1,0.58955,1,2,1-2,0.591659,0.002108,0,2-1,2,1,0.58955,1,2,1-2,0.591659,0.002108,0,2-1,2,1,0.58955,1,2,1-2,0.591659,0.002108,0,2-1,2,1,0.58955,1,2,1-2,0.591659,0.002108,0,2-1,2,1,0.58955,1,2,1-2,0.591659,0.002108,0,2-1,2,1,0.58955,1,2,1-2,0.591659,0.002108,0,2-1,2,1,0.58955,1,2,1-2,0.591659,0.002108,0,2-1,2,1,0.58955,1,2,1-2,0.591659,0.002108,0,2-1,2,1,0.58955,1,2,1-2,0.591659,0.002108,0,2-1,2,1,0.58955,1,2,1-2,0.591659,0.002108,0,2-1,2,1,0.58955,1,2,1-2,0.591659,0.002108,0,2-1,2,1,0.58955,1,2,1-2,0.591659,0.002108,0,2-1,2,1,0.58955,1,2,1-2,0.591659,0.002108,0,2-1,2,1,0.58955,1,2,1-2,0.591659,0.002108,0,2-1,2,1,0.58955,1,2,1-2,0.591659,0.002108,0,2-1,2,1,0.58955
2006,2006-06-13T18:00:00+01:00,G,13,France,Switzerland,0,0,0.657282,0.21986,0.122857,1.9237,0.7033,0.553964,0.282179,0.163857,0.103319,home,home,False,0.103319,-0.062319,-0.041,2,0,2-0,1.018338,0.039692,2,1,2-1,0.978646,0,2,0,2-0,0.859003,0.033482,0,2-1,2,1,0.825521,2,0,2-0,0.867013,0.033794,0,2-1,2,1,0.833219,2,0,2-0,0.875024,0.034106,0,2-1,2,1,0.840918,2,0,2-0,0.883034,0.034418,0,2-1,2,1,0.848616,2,0,2-0,0.891045,0.03473,0,2-1,2,1,0.856314,2,0,2-0,0.899055,0.035043,0,2-1,2,1,0.864013,2,0,2-0,0.907066,0.035355,0,2-1,2,1,0.871711,2,0,2-0,0.915076,0.035667,0,2-1,2,1,0.879409,2,0,2-0,0.923087,0.035979,0,2-1,2,1,0.887108,2,0,2-0,0.931097,0.036292,0,2-1,2,1,0.894806,2,0,2-0,0.939108,0.036604,0,2-1,2,1,0.902504,2,0,2-0,0.947119,0.036916,0,2-1,2,1,0.910202,2,0,2-0,0.955129,0.037228,0,2-1,2,1,0.917901,2,0,2-0,0.96314,0.037541,0,2-1,2,1,0.925599,2,0,2-0,0.97115,0.037853,0,2-1,2,1,0.933297,2,0,2-0,0.979161,0.038165,0,2-1,2,1,0.940996,2,0,2-0,0.987171,0.038477,0,2-1,2,1,0.948694,2,0,2-0,0.995182,0.038789,0,2-1,2,1,0.956392,2,0,2-0,1.003192,0.039102,0,2-1,2,1,0.964091,2,0,2-0,1.011203,0.039414,0,2-1,2,1,0.971789,2,0,2-0,1.019213,0.039726,0,2-1,2,1,0.979487
2006,2006-06-13T15:00:00+01:00,G,14,South Korea,Togo,2,1,0.493186,0.271919,0.234894,1.5222,0.9733,0.445312,0.307709,0.246979,0.047874,home,home,False,0.047874,-0.035789,-0.012084,2,0,2-0,0.777123,0.002549,2,1,2-1,0.774574,2,2,0,2-0,0.701825,0.002302,2,2-1,2,1,0.699523,2,0,2-0,0.705597,0.002314,2,2-1,2,1,0.703283,2,0,2-0,0.70937,0.002327,2,2-1,2,1,0.707043,2,0,2-0,0.713142,0.002339,2,2-1,2,1,0.710803,2,0,2-0,0.716915,0.002351,2,2-1,2,1,0.714563,2,0,2-0,0.720687,0.002364,2,2-1,2,1,0.718323,2,0,2-0,0.72446,0.002376,2,2-1,2,1,0.722084,2,0,2-0,0.728232,0.002389,2,2-1,2,1,0.725844,2,0,2-0,0.732005,0.002401,2,2-1,2,1,0.729604,2,0,2-0,0.735777,0.002413,2,2-1,2,1,0.733364,2,0,2-0,0.73955,0.002426,2,2-1,2,1,0.737124,2,0,2-0,0.743322,0.002438,2,2-1,2,1,0.740884,2,0,2-0,0.747095,0.00245,2,2-1,2,1,0.744645,2,0,2-0,0.750868,0.002463,2,2-1,2,1,0.748405,2,0,2-0,0.75464,0.002475,2,2-1,2,1,0.752165,2,0,2-0,0.758413,0.002488,2,2-1,2,1,0.755925,2,0,2-0,0.762185,0.0025,2,2-1,2,1,0.759685,2,0,2-0,0.765958,0.002512,2,2-1,2,1,0.763445,2,0,2-0,0.76973,0.002525,2,2-1,2,1,0.767205,2,0,2-0,0.773503,0.002537,2,2-1,2,1,0.770966,2,0,2-0,0.777275,0.002549,2,2-1,2,1,0.774726
2006,2006-06-14T15:00:00+01:00,G,15,Spain,Ukraine,4,0,0.51981,0.293824,0.186365,1.3656,0.7059,0.510385,0.294368,0.195247,0.009425,home,home,False,0.009425,-0.000543,-0.008882,1,0,1-0,0.850135,0.012474,2,0,2-0,0.837662,1,1,0,1-0,0.834796,0.012249,1,2-0,2,0,0.822548,1,0,1-0,0.835567,0.01226,1,2-0,2,0,0.823307,1,0,1-0,0.836338,0.012271,1,2-0,2,0,0.824067,1,0,1-0,0.837109,0.012282,1,2-0,2,0,0.824826,1,0,1-0,0.837879,0.012294,1,2-0,2,0,0.825586,1,0,1-0,0.83865,0.012305,1,2-0,2,0,0.826345,1,0,1-0,0.839421,0.012316,1,2-0,2,0,0.827105,1,0,1-0,0.840192,0.012328,1,2-0,2,0,0.827864,1,0,1-0,0.840963,0.012339,1,2-0,2,0,0.828624,1,0,1-0,0.841734,0.01235,1,2-0,2,0,0.829383,1,0,1-0,0.842504,0.012362,1,2-0,2,0,0.830143,1,0,1-0,0.843275,0.012373,1,2-0,2,0,0.830902,1,0,1-0,0.844046,0.012384,1,2-0,2,0,0.831662,1,0,1-0,0.844817,0.012396,1,2-0,2,0,0.832421,1,0,1-0,0.845588,0.012407,1,2-0,2,0,0.833181,1,0,1-0,0.846358,0.012418,1,2-0,2,0,0.83394,1,0,1-0,0.847129,0.01243,1,2-0,2,0,0.8347,1,0,1-0,0.8479,0.012441,1,2-0,2,0,0.835459,1,0,1-0,0.848671,0.012452,1,2-0,2,0,0.836219,1,0,1-0,0.849442,0.012463,1,2-0,2,0,0.836978,1,0,1-0,0.850212,0.012475,1,2-0,2,0,0.837738
2006,2006-06-14T18:00:00+01:00,G,16,Tunisia,Saudi Arabia,2,2,0.622113,0.219981,0.157906,2.0047,0.911,,,,,home,,,,,,2,0,2-0,0.938259,0.009688,2,1,2-1,0.928571,0,2,0,2-0,0.938259,0.009688,0,2-1,2,1,0.928571,2,0,2-0,0.938259,0.009688,0,2-1,2,1,0.928571,2,0,2-0,0.938259,0.009688,0,2-1,2,1,0.928571,2,0,2-0,0.938259,0.009688,0,2-1,2,1,0.928571,2,0,2-0,0.938259,0.009688,0,2-1,2,1,0.928571,2,0,2-0,0.938259,0.009688,0,2-1,2,1,0.928571,2,0,2-0,0.938259,0.009688,0,2-1,2,1,0.928571,2,0,2-0,0.938259,0.009688,0,2-1,2,1,0.928571,2,0,2-0,0.938259,0.009688,0,2-1,2,1,0.928571,2,0,2-0,0.938259,0.009688,0,2-1,2,1,0.928571,2,0,2-0,0.938259,0.009688,0,2-1,2,1,0.928571,2,0,2-0,0.938259,0.009688,0,2-1,2,1,0.928571,2,0,2-0,0.938259,0.009688,0,2-1,2,1,0.928571,2,0,2-0,0.938259,0.009688,0,2-1,2,1,0.928571,2,0,2-0,0.938259,0.009688,0,2-1,2,1,0.928571,2,0,2-0,0.938259,0.009688,0,2-1,2,1,0.928571,2,0,2-0,0.938259,0.009688,0,2-1,2,1,0.928571,2,0,2-0,0.938259,0.009688,0,2-1,2,1,0.928571,2,0,2-0,0.938259,0.009688,0,2-1,2,1,0.928571,2,0,2-0,0.938259,0.009688,0,2-1,2,1,0.928571,2,0,2-0,0.938259,0.009688,0,2-1,2,1,0.928571
2006,2006-06-14T21:00:00+01:00,G,17,Germany,Poland,1,0,0.547602,0.208897,0.243501,2.274,1.488,,,,,home,,,,,,2,1,2-1,0.785073,0.007392,3,1,3-1,0.777681,1,2,1,2-1,0.785073,0.007392,1,3-1,3,1,0.777681,2,1,2-1,0.785073,0.007392,1,3-1,3,1,0.777681,2,1,2-1,0.785073,0.007392,1,3-1,3,1,0.777681,2,1,2-1,0.785073,0.007392,1,3-1,3,1,0.777681,2,1,2-1,0.785073,0.007392,1,3-1,3,1,0.777681,2,1,2-1,0.785073,0.007392,1,3-1,3,1,0.777681,2,1,2-1,0.785073,0.007392,1,3-1,3,1,0.777681,2,1,2-1,0.785073,0.007392,1,3-1,3,1,0.777681,2,1,2-1,0.785073,0.007392,1,3-1,3,1,0.777681,2,1,2-1,0.785073,0.007392,1,3-1,3,1,0.777681,2,1,2-1,0.785073,0.007392,1,3-1,3,1,0.777681,2,1,2-1,0.785073,0.007392,1,3-1,3,1,0.777681,2,1,2-1,0.785073,0.007392,1,3-1,3,1,0.777681,2,1,2-1,0.785073,0.007392,1,3-1,3,1,0.777681,2,1,2-1,0.785073,0.007392,1,3-1,3,1,0.777681,2,1,2-1,0.785073,0.007392,1,3-1,3,1,0.777681,2,1,2-1,0.785073,0.007392,1,3-1,3,1,0.777681,2,1,2-1,0.785073,0.007392,1,3-1,3,1,0.777681,2,1,2-1,0.785073,0.007392,1,3-1,3,1,0.777681,2,1,2-1,0.785073,0.007392,1,3-1,3,1,0.777681,2,1,2-1,0.785073,0.007392,1,3-1,3,1,0.777681
2006,2006-06-15T15:00:00+01:00,G,18,Ecuador,Costa Rica,3,0,0.424226,0.259087,0.316687,1.5684,1.3269,0.483364,0.284715,0.231921,0.084766,home,home,False,-0.059139,-0.025628,0.084766,2,1,2-1,0.672534,0.022227,2,0,2-0,0.650307,1,2,1,2-1,0.766519,0.025333,1,2-0,2,0,0.741186,2,1,2-1,0.76183,0.025178,1,2-0,2,0,0.736652,2,1,2-1,0.757141,0.025023,1,2-0,2,0,0.732118,2,1,2-1,0.752452,0.024868,1,2-0,2,0,0.727584,2,1,2-1,0.747763,0.024713,1,2-0,2,0,0.723049,2,1,2-1,0.743073,0.024558,1,2-0,2,0,0.718515,2,1,2-1,0.738384,0.024403,1,2-0,2,0,0.713981,2,1,2-1,0.733695,0.024248,1,2-0,2,0,0.709447,2,1,2-1,0.729006,0.024093,1,2-0,2,0,0.704913,2,1,2-1,0.724317,0.023938,1,2-0,2,0,0.700379,2,1,2-1,0.719628,0.023783,1,2-0,2,0,0.695845,2,1,2-1,0.714939,0.023628,1,2-0,2,0,0.691311,2,1,2-1,0.71025,0.023473,1,2-0,2,0,0.686776,2,1,2-1,0.705561,0.023318,1,2-0,2,0,0.682242,2,1,2-1,0.700872,0.023163,1,2-0,2,0,0.677708,2,1,2-1,0.696182,0.023008,1,2-0,2,0,0.673174,2,1,2-1,0.691493,0.022853,1,2-0,2,0,0.66864,2,1,2-1,0.686804,0.022698,1,2-0,2,0,0.664106,2,1,2-1,0.682115,0.022544,1,2-0,2,0,0.659572,2,1,2-1,0.677426,0.022389,1,2-0,2,0,0.655038,2,1,2-1,0.672737,0.022234,1,2-0,2,0,0.650503
2006,2006-06-15T18:00:00+01:00,G,19,England,Trinidad and Tobago,2,0,0.847201,0.110256,0.042543,2.9696,0.5719,0.824364,0.14033,0.035306,0.030073,home,home,False,0.022836,-0.030073,0.007237,3,0,3-0,1.183536,0.017346,2,0,2-0,1.16619,1,3,0,3-0,1.16475,0.017071,1,2-0,2,0,1.14768,3,0,3-0,1.166363,0.017094,1,2-0,2,0,1.149269,3,0,3-0,1.167977,0.017118,1,2-0,2,0,1.150859,3,0,3-0,1.16959,0.017141,1,2-0,2,0,1.152448,3,0,3-0,1.171203,0.017165,1,2-0,2,0,1.154038,3,0,3-0,1.172816,0.017189,1,2-0,2,0,1.155628,3,0,3-0,1.17443,0.017212,1,2-0,2,0,1.157217,3,0,3-0,1.176043,0.017236,1,2-0,2,0,1.158807,3,0,3-0,1.177656,0.01726,1,2-0,2,0,1.160397,3,0,3-0,1.17927,0.017283,1,2-0,2,0,1.161986,3,0,3-0,1.180883,0.017307,1,2-0,2,0,1.163576,3,0,3-0,1.182496,0.017331,1,2-0,2,0,1.165166,3,0,3-0,1.184109,0.017354,1,2-0,2,0,1.166755,3,0,3-0,1.185723,0.017378,1,2-0,2,0,1.168345,3,0,3-0,1.187336,0.017402,1,2-0,2,0,1.169934,3,0,3-0,1.188949,0.017425,1,2-0,2,0,1.171524,3,0,3-0,1.190563,0.017449,1,2-0,2,0,1.173114,3,0,3-0,1.192176,0.017472,1,2-0,2,0,1.174703,3,0,3-0,1.193789,0.017496,1,2-0,2,0,1.176293,3,0,3-0,1.195402,0.01752,1,2-0,2,0,1.177883,3,0,3-0,1.197016,0.017543,1,2-0,2,0,1.179472
2006,2006-06-15T21:00:00+01:00,G,20,Sweden,Paraguay,1,0,0.487578,0.278042,0.23438,1.4701,0.9404,0.479545,0.281891,0.238564,0.008033,home,home,False,0.008033,-0.003849,-0.004184,2,0,2-0,0.772735,0.005778,2,1,2-1,0.766957,1,2,0,2-0,0.760122,0.005683,1,2-1,2,1,0.754438,2,0,2-0,0.760758,0.005688,1,2-1,2,1,0.75507,2,0,2-0,0.761395,0.005693,1,2-1,2,1,0.755702,2,0,2-0,0.762032,0.005698,1,2-1,2,1,0.756334,2,0,2-0,0.762668,0.005702,1,2-1,2,1,0.756966,2,0,2-0,0.763305,0.005707,1,2-1,2,1,0.757598,2,0,2-0,0.763942,0.005712,1,2-1,2,1,0.75823,2,0,2-0,0.764578,0.005717,1,2-1,2,1,0.758861,2,0,2-0,0.765215,0.005721,1,2-1,2,1,0.759493,2,0,2-0,0.765851,0.005726,1,2-1,2,1,0.760125,2,0,2-0,0.766488,0.005731,1,2-1,2,1,0.760757,2,0,2-0,0.767125,0.005736,1,2-1,2,1,0.761389,2,0,2-0,0.767761,0.00574,1,2-1,2,1,0.762021,2,0,2-0,0.768398,0.005745,1,2-1,2,1,0.762653,2,0,2-0,0.769035,0.00575,1,2-1,2,1,0.763285,2,0,2-0,0.769671,0.005755,1,2-1,2,1,0.763916,2,0,2-0,0.770308,0.00576,1,2-1,2,1,0.764548,2,0,2-0,0.770944,0.005764,1,2-1,2,1,0.76518,2,0,2-0,0.771581,0.005769,1,2-1,2,1,0.765812,2,0,2-0,0.772218,0.005774,1,2-1,2,1,0.766444,2,0,2-0,0.772854,0.005779,1,2-1,2,1,0.767076
2006,2006-06-16T15:00:00+01:00,G,21,Argentina,Serbia,6,0,0.551435,0.231856,0.216709,1.9357,1.1456,,,,,home,,,,,,2,1,2-1,0.833945,0.012519,2,0,2-0,0.821426,1,2,1,2-1,0.833945,0.012519,1,2-0,2,0,0.821426,2,1,2-1,0.833945,0.012519,1,2-0,2,0,0.821426,2,1,2-1,0.833945,0.012519,1,2-0,2,0,0.821426,2,1,2-1,0.833945,0.012519,1,2-0,2,0,0.821426,2,1,2-1,0.833945,0.012519,1,2-0,2,0,0.821426,2,1,2-1,0.833945,0.012519,1,2-0,2,0,0.821426,2,1,2-1,0.833945,0.012519,1,2-0,2,0,0.821426,2,1,2-1,0.833945,0.012519,1,2-0,2,0,0.821426,2,1,2-1,0.833945,0.012519,1,2-0,2,0,0.821426,2,1,2-1,0.833945,0.012519,1,2-0,2,0,0.821426,2,1,2-1,0.833945,0.012519,1,2-0,2,0,0.821426,2,1,2-1,0.833945,0.012519,1,2-0,2,0,0.821426,2,1,2-1,0.833945,0.012519,1,2-0,2,0,0.821426,2,1,2-1,0.833945,0.012519,1,2-0,2,0,0.821426,2,1,2-1,0.833945,0.012519,1,2-0,2,0,0.821426,2,1,2-1,0.833945,0.012519,1,2-0,2,0,0.821426,2,1,2-1,0.833945,0.012519,1,2-0,2,0,0.821426,2,1,2-1,0.833945,0.012519,1,2-0,2,0,0.821426,2,1,2-1,0.833945,0.012519,1,2-0,2,0,0.821426,2,1,2-1,0.833945,0.012519,1,2-0,2,0,0.821426,2,1,2-1,0.833945,0.012519,1,2-0,2,0,0.821426
2006,2006-06-16T18:00:00+01:00,G,22,Netherlands,Ivory Coast,2,1,0.653925,0.215588,0.130487,1.9904,0.7707,0.479545,0.281891,0.238564,0.17438,home,home,False,0.17438,-0.066303,-0.108077,2,0,2-0,1.000215,0.028717,2,1,2-1,0.971497,2,2,0,2-0,0.734273,0.021082,2,2-1,2,1,0.713191,2,0,2-0,0.747624,0.021465,2,2-1,2,1,0.726158,2,0,2-0,0.760974,0.021849,2,2-1,2,1,0.739125,2,0,2-0,0.774324,0.022232,2,2-1,2,1,0.752093,2,0,2-0,0.787675,0.022615,2,2-1,2,1,0.76506,2,0,2-0,0.801025,0.022998,2,2-1,2,1,0.778027,2,0,2-0,0.814376,0.023382,2,2-1,2,1,0.790994,2,0,2-0,0.827726,0.023765,2,2-1,2,1,0.803961,2,0,2-0,0.841077,0.024148,2,2-1,2,1,0.816928,2,0,2-0,0.854427,0.024532,2,2-1,2,1,0.829895,2,0,2-0,0.867777,0.024915,2,2-1,2,1,0.842862,2,0,2-0,0.881128,0.025298,2,2-1,2,1,0.85583,2,0,2-0,0.894478,0.025682,2,2-1,2,1,0.868797,2,0,2-0,0.907829,0.026065,2,2-1,2,1,0.881764,2,0,2-0,0.921179,0.026448,2,2-1,2,1,0.894731,2,0,2-0,0.93453,0.026832,2,2-1,2,1,0.907698,2,0,2-0,0.94788,0.027215,2,2-1,2,1,0.920665,2,0,2-0,0.96123,0.027598,2,2-1,2,1,0.933632,2,0,2-0,0.974581,0.027981,2,2-1,2,1,0.946599,2,0,2-0,0.987931,0.028365,2,2-1,2,1,0.959566,2,0,2-0,1.001282,0.028748,2,2-1,2,1,0.972534
2006,2006-06-16T21:00:00+01:00,G,23,Mexico,Angola,0,0,0.597862,0.236815,0.165323,1.8317,0.8565,0.662456,0.245772,0.091771,0.073552,home,home,False,-0.064594,-0.008957,0.073552,2,0,2-0,0.923353,0.016371,2,1,2-1,0.906982,0,2,0,2-0,1.023761,0.018151,0,2-1,2,1,1.00561,2,0,2-0,1.01877,0.018063,0,2-1,2,1,1.000707,2,0,2-0,1.013779,0.017974,0,2-1,2,1,0.995804,2,0,2-0,1.008787,0.017886,0,2-1,2,1,0.990901,2,0,2-0,1.003796,0.017797,0,2-1,2,1,0.985999,2,0,2-0,0.998805,0.017709,0,2-1,2,1,0.981096,2,0,2-0,0.993814,0.01762,0,2-1,2,1,0.976193,2,0,2-0,0.988822,0.017532,0,2-1,2,1,0.971291,2,0,2-0,0.983831,0.017443,0,2-1,2,1,0.966388,2,0,2-0,0.97884,0.017355,0,2-1,2,1,0.961485,2,0,2-0,0.973849,0.017266,0,2-1,2,1,0.956582,2,0,2-0,0.968858,0.017178,0,2-1,2,1,0.95168,2,0,2-0,0.963866,0.017089,0,2-1,2,1,0.946777,2,0,2-0,0.958875,0.017001,0,2-1,2,1,0.941874,2,0,2-0,0.953884,0.016912,0,2-1,2,1,0.936972,2,0,2-0,0.948893,0.016824,0,2-1,2,1,0.932069,2,0,2-0,0.943902,0.016735,0,2-1,2,1,0.927166,2,0,2-0,0.93891,0.016647,0,2-1,2,1,0.922263,2,0,2-0,0.933919,0.016558,0,2-1,2,1,0.917361,2,0,2-0,0.928928,0.01647,0,2-1,2,1,0.912458,2,0,2-0,0.923937,0.016381,0,2-1,2,1,0.907555
2006,2006-06-17T15:00:00+01:00,G,24,Portugal,Iran,2,0,0.69938,0.179295,0.121325,2.44,0.9338,0.716,0.210925,0.073075,0.04825,home,home,False,-0.016619,-0.031631,0.04825,2,0,2-0,0.995993,0.006747,2,1,2-1,0.989245,3,2,0,2-0,1.023435,0.006933,3,2-1,2,1,1.016501,2,0,2-0,1.022247,0.006925,3,2-1,2,1,1.015322,2,0,2-0,1.021059,0.006917,3,2-1,2,1,1.014142,2,0,2-0,1.019871,0.006909,3,2-1,2,1,1.012962,2,0,2-0,1.018684,0.006901,3,2-1,2,1,1.011782,2,0,2-0,1.017496,0.006893,3,2-1,2,1,1.010603,2,0,2-0,1.016308,0.006885,3,2-1,2,1,1.009423,2,0,2-0,1.01512,0.006877,3,2-1,2,1,1.008243,2,0,2-0,1.013932,0.006869,3,2-1,2,1,1.007064,2,0,2-0,1.012745,0.006861,3,2-1,2,1,1.005884,2,0,2-0,1.011557,0.006853,3,2-1,2,1,1.004704,2,0,2-0,1.010369,0.006845,3,2-1,2,1,1.003524,2,0,2-0,1.009181,0.006837,3,2-1,2,1,1.002345,2,0,2-0,1.007994,0.006829,3,2-1,2,1,1.001165,2,0,2-0,1.006806,0.006821,3,2-1,2,1,0.999985,2,0,2-0,1.005618,0.006813,3,2-1,2,1,0.998805,2,0,2-0,1.00443,0.006805,3,2-1,2,1,0.997626,2,0,2-0,1.003243,0.006797,3,2-1,2,1,0.996446,2,0,2-0,1.002055,0.006789,3,2-1,2,1,0.995266,2,0,2-0,1.000867,0.00678,3,2-1,2,1,0.994086,2,0,2-0,0.999679,0.006772,3,2-1,2,1,0.992907
2006,2006-06-17T21:00:00+01:00,G,25,Italy,United States,1,1,0.445521,0.342021,0.212458,1.0663,0.6444,,,,,home,,,,,,1,0,1-0,0.816893,0.099358,0,0,0-0,0.717535,0,1,0,1-0,0.816893,0.099358,0,0-0,0,0,0.717535,1,0,1-0,0.816893,0.099358,0,0-0,0,0,0.717535,1,0,1-0,0.816893,0.099358,0,0-0,0,0,0.717535,1,0,1-0,0.816893,0.099358,0,0-0,0,0,0.717535,1,0,1-0,0.816893,0.099358,0,0-0,0,0,0.717535,1,0,1-0,0.816893,0.099358,0,0-0,0,0,0.717535,1,0,1-0,0.816893,0.099358,0,0-0,0,0,0.717535,1,0,1-0,0.816893,0.099358,0,0-0,0,0,0.717535,1,0,1-0,0.816893,0.099358,0,0-0,0,0,0.717535,1,0,1-0,0.816893,0.099358,0,0-0,0,0,0.717535,1,0,1-0,0.816893,0.099358,0,0-0,0,0,0.717535,1,0,1-0,0.816893,0.099358,0,0-0,0,0,0.717535,1,0,1-0,0.816893,0.099358,0,0-0,0,0,0.717535,1,0,1-0,0.816893,0.099358,0,0-0,0,0,0.717535,1,0,1-0,0.816893,0.099358,0,0-0,0,0,0.717535,1,0,1-0,0.816893,0.099358,0,0-0,0,0,0.717535,1,0,1-0,0.816893,0.099358,0,0-0,0,0,0.717535,1,0,1-0,0.816893,0.099358,0,0-0,0,0,0.717535,1,0,1-0,0.816893,0.099358,0,0-0,0,0,0.717535,1,0,1-0,0.816893,0.099358,0,0-0,0,0,0.717535,1,0,1-0,0.816893,0.099358,0,0-0,0,0,0.717535
2006,2006-06-17T18:00:00+01:00,G,26,Czech Republic,Ghana,0,2,0.696563,0.196958,0.10648,2.1258,0.7071,0.572463,0.26348,0.164058,0.1241,home,home,False,0.1241,-0.066522,-0.057578,2,0,2-0,1.055366,0.038943,2,1,2-1,1.016424,0,2,0,2-0,0.868735,0.032056,0,2-1,2,1,0.836679,2,0,2-0,0.878151,0.032403,0,2-1,2,1,0.845748,2,0,2-0,0.887567,0.032751,0,2-1,2,1,0.854817,2,0,2-0,0.896984,0.033098,0,2-1,2,1,0.863885,2,0,2-0,0.9064,0.033446,0,2-1,2,1,0.872954,2,0,2-0,0.915816,0.033793,0,2-1,2,1,0.882023,2,0,2-0,0.925233,0.034141,0,2-1,2,1,0.891092,2,0,2-0,0.934649,0.034488,0,2-1,2,1,0.900161,2,0,2-0,0.944065,0.034836,0,2-1,2,1,0.90923,2,0,2-0,0.953482,0.035183,0,2-1,2,1,0.918299,2,0,2-0,0.962898,0.035531,0,2-1,2,1,0.927367,2,0,2-0,0.972314,0.035878,0,2-1,2,1,0.936436,2,0,2-0,0.981731,0.036225,0,2-1,2,1,0.945505,2,0,2-0,0.991147,0.036573,0,2-1,2,1,0.954574,2,0,2-0,1.000563,0.03692,0,2-1,2,1,0.963643,2,0,2-0,1.00998,0.037268,0,2-1,2,1,0.972712,2,0,2-0,1.019396,0.037615,0,2-1,2,1,0.981781,2,0,2-0,1.028812,0.037963,0,2-1,2,1,0.99085,2,0,2-0,1.038229,0.03831,0,2-1,2,1,0.999918,2,0,2-0,1.047645,0.038658,0,2-1,2,1,1.008987,2,0,2-0,1.057061,0.039005,0,2-1,2,1,1.018056
2006,2006-06-18T18:00:00+01:00,G,27,Brazil,Australia,2,0,0.690484,0.188121,0.121395,2.3066,0.8707,0.778406,0.162163,0.059431,0.087922,home,home,False,-0.087922,0.025958,0.061964,2,0,2-0,1.007103,0.014347,2,1,2-1,0.992756,3,2,0,2-0,1.138344,0.016217,3,2-1,2,1,1.122127,2,0,2-0,1.131915,0.016125,3,2-1,2,1,1.11579,2,0,2-0,1.125486,0.016034,3,2-1,2,1,1.109453,2,0,2-0,1.119057,0.015942,3,2-1,2,1,1.103115,2,0,2-0,1.112628,0.01585,3,2-1,2,1,1.096778,2,0,2-0,1.1062,0.015759,3,2-1,2,1,1.090441,2,0,2-0,1.099771,0.015667,3,2-1,2,1,1.084103,2,0,2-0,1.093342,0.015576,3,2-1,2,1,1.077766,2,0,2-0,1.086913,0.015484,3,2-1,2,1,1.071429,2,0,2-0,1.080484,0.015393,3,2-1,2,1,1.065092,2,0,2-0,1.074055,0.015301,3,2-1,2,1,1.058754,2,0,2-0,1.067626,0.015209,3,2-1,2,1,1.052417,2,0,2-0,1.061198,0.015118,3,2-1,2,1,1.04608,2,0,2-0,1.054769,0.015026,3,2-1,2,1,1.039743,2,0,2-0,1.04834,0.014935,3,2-1,2,1,1.033405,2,0,2-0,1.041911,0.014843,3,2-1,2,1,1.027068,2,0,2-0,1.035482,0.014751,3,2-1,2,1,1.020731,2,0,2-0,1.029053,0.01466,3,2-1,2,1,1.014393,2,0,2-0,1.022624,0.014568,3,2-1,2,1,1.008056,2,0,2-0,1.016196,0.014477,3,2-1,2,1,1.001719,2,0,2-0,1.009767,0.014385,3,2-1,2,1,0.995382
2006,2006-06-18T15:00:00+01:00,G,28,Japan,Croatia,0,0,0.272327,0.277713,0.44996,1.0681,1.444,0.164058,0.26348,0.572463,0.122503,away,away,False,0.10827,0.014234,-0.122503,1,2,1-2,0.715063,0.005756,0,2,0-2,0.709308,0,1,2,1-2,0.909877,0.007324,0,0-2,0,2,0.902553,1,2,1-2,0.900141,0.007246,0,0-2,0,2,0.892896,1,2,1-2,0.890406,0.007167,0,0-2,0,2,0.883239,1,2,1-2,0.88067,0.007089,0,0-2,0,2,0.873582,1,2,1-2,0.870935,0.007011,0,0-2,0,2,0.863925,1,2,1-2,0.8612,0.006932,0,0-2,0,2,0.854268,1,2,1-2,0.851464,0.006854,0,0-2,0,2,0.844611,1,2,1-2,0.841729,0.006775,0,0-2,0,2,0.834953,1,2,1-2,0.831994,0.006697,0,0-2,0,2,0.825296,1,2,1-2,0.822258,0.006619,0,0-2,0,2,0.815639,1,2,1-2,0.812523,0.00654,0,0-2,0,2,0.805982,1,2,1-2,0.802787,0.006462,0,0-2,0,2,0.796325,1,2,1-2,0.793052,0.006384,0,0-2,0,2,0.786668,1,2,1-2,0.783317,0.006305,0,0-2,0,2,0.777011,1,2,1-2,0.773581,0.006227,0,0-2,0,2,0.767354,1,2,1-2,0.763846,0.006149,0,0-2,0,2,0.757697,1,2,1-2,0.754111,0.00607,0,0-2,0,2,0.74804,1,2,1-2,0.744375,0.005992,0,0-2,0,2,0.738383,1,2,1-2,0.73464,0.005913,0,0-2,0,2,0.728726,1,2,1-2,0.724904,0.005835,0,0-2,0,2,0.719069,1,2,1-2,0.715169,0.005757,0,0-2,0,2,0.709412
2006,2006-06-18T21:00:00+01:00,G,29,France,South Korea,1,1,0.69762,0.213342,0.089039,1.8835,0.5204,0.644039,0.246627,0.109334,0.053581,home,home,False,0.053581,-0.033286,-0.020295,2,0,2-0,1.101091,0.073601,1,0,1-0,1.02749,0,2,0,2-0,1.017285,0.067999,0,1-0,1,0,0.949287,2,0,2-0,1.021517,0.068282,0,1-0,1,0,0.953235,2,0,2-0,1.025749,0.068564,0,1-0,1,0,0.957184,2,0,2-0,1.02998,0.068847,0,1-0,1,0,0.961133,2,0,2-0,1.034212,0.06913,0,1-0,1,0,0.965082,2,0,2-0,1.038444,0.069413,0,1-0,1,0,0.969031,2,0,2-0,1.042675,0.069696,0,1-0,1,0,0.972979,2,0,2-0,1.046907,0.069979,0,1-0,1,0,0.976928,2,0,2-0,1.051138,0.070262,0,1-0,1,0,0.980877,2,0,2-0,1.05537,0.070544,0,1-0,1,0,0.984826,2,0,2-0,1.059602,0.070827,0,1-0,1,0,0.988774,2,0,2-0,1.063833,0.07111,0,1-0,1,0,0.992723,2,0,2-0,1.068065,0.071393,0,1-0,1,0,0.996672,2,0,2-0,1.072297,0.071676,0,1-0,1,0,1.000621,2,0,2-0,1.076528,0.071959,0,1-0,1,0,1.004569,2,0,2-0,1.08076,0.072242,0,1-0,1,0,1.008518,2,0,2-0,1.084991,0.072524,0,1-0,1,0,1.012467,2,0,2-0,1.089223,0.072807,0,1-0,1,0,1.016416,2,0,2-0,1.093455,0.07309,0,1-0,1,0,1.020365,2,0,2-0,1.097686,0.073373,0,1-0,1,0,1.024313,2,0,2-0,1.101918,0.073656,0,1-0,1,0,1.028262
2006,2006-06-19T15:00:00+01:00,G,30,Togo,Switzerland,0,2,0.1694,0.217499,0.613101,0.9941,2.0573,0.119053,0.238081,0.642867,0.050348,away,away,False,0.050348,-0.020582,-0.029766,0,2,0-2,0.911948,0.000589,1,2,1-2,0.911359,3,0,2,0-2,0.957485,0.000619,3,1-2,1,2,0.956866,0,2,0-2,0.955268,0.000617,3,1-2,1,2,0.954651,0,2,0-2,0.953051,0.000616,3,1-2,1,2,0.952436,0,2,0-2,0.950835,0.000614,3,1-2,1,2,0.950221,0,2,0-2,0.948618,0.000613,3,1-2,1,2,0.948005,0,2,0-2,0.946401,0.000611,3,1-2,1,2,0.94579,0,2,0-2,0.944185,0.00061,3,1-2,1,2,0.943575,0,2,0-2,0.941968,0.000608,3,1-2,1,2,0.94136,0,2,0-2,0.939751,0.000607,3,1-2,1,2,0.939144,0,2,0-2,0.937535,0.000606,3,1-2,1,2,0.936929,0,2,0-2,0.935318,0.000604,3,1-2,1,2,0.934714,0,2,0-2,0.933101,0.000603,3,1-2,1,2,0.932499,0,2,0-2,0.930885,0.000601,3,1-2,1,2,0.930283,0,2,0-2,0.928668,0.0006,3,1-2,1,2,0.928068,0,2,0-2,0.926451,0.000598,3,1-2,1,2,0.925853,0,2,0-2,0.924235,0.000597,3,1-2,1,2,0.923638,0,2,0-2,0.922018,0.000596,3,1-2,1,2,0.921422,0,2,0-2,0.919801,0.000594,3,1-2,1,2,0.919207,0,2,0-2,0.917585,0.000593,3,1-2,1,2,0.916992,0,2,0-2,0.915368,0.000591,3,1-2,1,2,0.914777,0,2,0-2,0.913151,0.00059,3,1-2,1,2,0.912561
2006,2006-06-19T21:00:00+01:00,G,31,Spain,Tunisia,3,1,0.613841,0.232289,0.15387,1.8613,0.8197,0.716,0.210925,0.073075,0.102159,home,home,False,-0.102159,0.021364,0.080796,2,0,2-0,0.947968,0.021396,2,1,2-1,0.926572,1,2,0,2-0,1.106507,0.024974,1,2-1,2,1,1.081534,2,0,2-0,1.098614,0.024796,1,2-1,2,1,1.073818,2,0,2-0,1.09072,0.024618,1,2-1,2,1,1.066102,2,0,2-0,1.082826,0.024439,1,2-1,2,1,1.058386,2,0,2-0,1.074932,0.024261,1,2-1,2,1,1.050671,2,0,2-0,1.067038,0.024083,1,2-1,2,1,1.042955,2,0,2-0,1.059144,0.023905,1,2-1,2,1,1.035239,2,0,2-0,1.051251,0.023727,1,2-1,2,1,1.027524,2,0,2-0,1.043357,0.023549,1,2-1,2,1,1.019808,2,0,2-0,1.035463,0.02337,1,2-1,2,1,1.012092,2,0,2-0,1.027569,0.023192,1,2-1,2,1,1.004377,2,0,2-0,1.019675,0.023014,1,2-1,2,1,0.996661,2,0,2-0,1.011781,0.022836,1,2-1,2,1,0.988945,2,0,2-0,1.003887,0.022658,1,2-1,2,1,0.98123,2,0,2-0,0.995994,0.02248,1,2-1,2,1,0.973514,2,0,2-0,0.9881,0.022301,1,2-1,2,1,0.965798,2,0,2-0,0.980206,0.022123,1,2-1,2,1,0.958082,2,0,2-0,0.972312,0.021945,1,2-1,2,1,0.950367,2,0,2-0,0.964418,0.021767,1,2-1,2,1,0.942651,2,0,2-0,0.956524,0.021589,1,2-1,2,1,0.934935,2,0,2-0,0.94863,0.021411,1,2-1,2,1,0.92722
2006,2006-06-19T18:00:00+01:00,G,32,Saudi Arabia,Ukraine,0,4,0.134187,0.242958,0.622855,0.6684,1.7265,0.109078,0.2279,0.663022,0.040168,away,away,False,0.025109,0.015058,-0.040168,0,2,0-2,0.985218,0.045065,1,2,1-2,0.940153,1,0,2,0-2,1.049205,0.047992,1,1-2,1,2,1.001213,0,2,0-2,1.046027,0.047847,1,1-2,1,2,0.99818,0,2,0-2,1.042849,0.047701,1,1-2,1,2,0.995147,0,2,0-2,1.03967,0.047556,1,1-2,1,2,0.992114,0,2,0-2,1.036492,0.04741,1,1-2,1,2,0.989082,0,2,0-2,1.033314,0.047265,1,1-2,1,2,0.986049,0,2,0-2,1.030136,0.04712,1,1-2,1,2,0.983016,0,2,0-2,1.026958,0.046974,1,1-2,1,2,0.979983,0,2,0-2,1.023779,0.046829,1,1-2,1,2,0.97695,0,2,0-2,1.020601,0.046684,1,1-2,1,2,0.973918,0,2,0-2,1.017423,0.046538,1,1-2,1,2,0.970885,0,2,0-2,1.014245,0.046393,1,1-2,1,2,0.967852,0,2,0-2,1.011067,0.046247,1,1-2,1,2,0.964819,0,2,0-2,1.007889,0.046102,1,1-2,1,2,0.961786,0,2,0-2,1.00471,0.045957,1,1-2,1,2,0.958754,0,2,0-2,1.001532,0.045811,1,1-2,1,2,0.955721,0,2,0-2,0.998354,0.045666,1,1-2,1,2,0.952688,0,2,0-2,0.995176,0.045521,1,1-2,1,2,0.949655,0,2,0-2,0.991998,0.045375,1,1-2,1,2,0.946622,0,2,0-2,0.988819,0.04523,1,1-2,1,2,0.94359,0,2,0-2,0.985641,0.045085,1,1-2,1,2,0.940557
2006,2006-06-20T16:00:00+01:00,G,33,Ecuador,Germany,0,3,0.1777,0.207709,0.614592,1.1162,2.2042,,,,,away,,,,,,1,2,1-2,0.89712,0.010199,0,2,0-2,0.886921,1,1,2,1-2,0.89712,0.010199,1,0-2,0,2,0.886921,1,2,1-2,0.89712,0.010199,1,0-2,0,2,0.886921,1,2,1-2,0.89712,0.010199,1,0-2,0,2,0.886921,1,2,1-2,0.89712,0.010199,1,0-2,0,2,0.886921,1,2,1-2,0.89712,0.010199,1,0-2,0,2,0.886921,1,2,1-2,0.89712,0.010199,1,0-2,0,2,0.886921,1,2,1-2,0.89712,0.010199,1,0-2,0,2,0.886921,1,2,1-2,0.89712,0.010199,1,0-2,0,2,0.886921,1,2,1-2,0.89712,0.010199,1,0-2,0,2,0.886921,1,2,1-2,0.89712,0.010199,1,0-2,0,2,0.886921,1,2,1-2,0.89712,0.010199,1,0-2,0,2,0.886921,1,2,1-2,0.89712,0.010199,1,0-2,0,2,0.886921,1,2,1-2,0.89712,0.010199,1,0-2,0,2,0.886921,1,2,1-2,0.89712,0.010199,1,0-2,0,2,0.886921,1,2,1-2,0.89712,0.010199,1,0-2,0,2,0.886921,1,2,1-2,0.89712,0.010199,1,0-2,0,2,0.886921,1,2,1-2,0.89712,0.010199,1,0-2,0,2,0.886921,1,2,1-2,0.89712,0.010199,1,0-2,0,2,0.886921,1,2,1-2,0.89712,0.010199,1,0-2,0,2,0.886921,1,2,1-2,0.89712,0.010199,1,0-2,0,2,0.886921,1,2,1-2,0.89712,0.010199,1,0-2,0,2,0.886921
2006,2006-06-20T16:00:00+01:00,G,34,Costa Rica,Poland,1,2,0.24386,0.220918,0.535222,1.3689,2.0908,0.184521,0.26248,0.552998,0.059339,away,away,False,0.059339,-0.041562,-0.017777,1,2,1-2,0.79125,0.02535,0,2,0-2,0.7659,3,1,2,1-2,0.818789,0.026232,3,0-2,0,2,0.792557,1,2,1-2,0.817473,0.02619,3,0-2,0,2,0.791283,1,2,1-2,0.816157,0.026148,3,0-2,0,2,0.79001,1,2,1-2,0.814841,0.026106,3,0-2,0,2,0.788736,1,2,1-2,0.813525,0.026063,3,0-2,0,2,0.787462,1,2,1-2,0.812209,0.026021,3,0-2,0,2,0.786188,1,2,1-2,0.810893,0.025979,3,0-2,0,2,0.784914,1,2,1-2,0.809577,0.025937,3,0-2,0,2,0.78364,1,2,1-2,0.808261,0.025895,3,0-2,0,2,0.782366,1,2,1-2,0.806945,0.025853,3,0-2,0,2,0.781092,1,2,1-2,0.805629,0.02581,3,0-2,0,2,0.779819,1,2,1-2,0.804313,0.025768,3,0-2,0,2,0.778545,1,2,1-2,0.802997,0.025726,3,0-2,0,2,0.777271,1,2,1-2,0.801681,0.025684,3,0-2,0,2,0.775997,1,2,1-2,0.800365,0.025642,3,0-2,0,2,0.774723,1,2,1-2,0.799049,0.0256,3,0-2,0,2,0.773449,1,2,1-2,0.797733,0.025557,3,0-2,0,2,0.772175,1,2,1-2,0.796417,0.025515,3,0-2,0,2,0.770901,1,2,1-2,0.795101,0.025473,3,0-2,0,2,0.769628,1,2,1-2,0.793785,0.025431,3,0-2,0,2,0.768354,1,2,1-2,0.792469,0.025389,3,0-2,0,2,0.76708
2006,2006-06-20T21:00:00+01:00,G,35,Sweden,England,2,2,0.313005,0.285487,0.401508,1.1396,1.3244,0.282144,0.339402,0.378454,0.053915,away,away,False,0.030861,-0.053915,0.023054,1,2,1-2,0.646199,0.010415,0,2,0-2,0.635784,0,1,1,1-1,0.662082,0.052926,1,1-2,1,2,0.609156,1,1,1-1,0.656823,0.045812,1,1-2,1,2,0.611011,1,1,1-1,0.651564,0.038698,1,1-2,1,2,0.612866,1,1,1-1,0.646306,0.031584,1,1-2,1,2,0.614722,1,1,1-1,0.641047,0.02447,1,1-2,1,2,0.616577,1,1,1-1,0.635789,0.017356,1,1-2,1,2,0.618433,1,1,1-1,0.63053,0.010242,1,1-2,1,2,0.620288,1,1,1-1,0.625271,0.003128,1,1-2,1,2,0.622143,1,2,1-2,0.623999,0.003986,0,1-1,1,1,0.620013,1,2,1-2,0.625854,0.010087,0,0-2,0,2,0.615767,1,2,1-2,0.627709,0.010117,0,0-2,0,2,0.617592,1,2,1-2,0.629565,0.010147,0,0-2,0,2,0.619418,1,2,1-2,0.63142,0.010177,0,0-2,0,2,0.621243,1,2,1-2,0.633276,0.010207,0,0-2,0,2,0.623069,1,2,1-2,0.635131,0.010237,0,0-2,0,2,0.624894,1,2,1-2,0.636986,0.010267,0,0-2,0,2,0.62672,1,2,1-2,0.638842,0.010297,0,0-2,0,2,0.628545,1,2,1-2,0.640697,0.010327,0,0-2,0,2,0.630371,1,2,1-2,0.642552,0.010356,0,0-2,0,2,0.632196,1,2,1-2,0.644408,0.010386,0,0-2,0,2,0.634021,1,2,1-2,0.646263,0.010416,0,0-2,0,2,0.635847
2006,2006-06-20T21:00:00+01:00,G,36,Paraguay,Trinidad and Tobago,2,0,0.685685,0.200717,0.113598,2.1086,0.7378,0.508437,0.228203,0.26336,0.177248,home,home,False,0.177248,-0.027486,-0.149762,2,0,2-0,1.037978,0.033843,2,1,2-1,1.004135,3,2,0,2-0,0.770839,0.025133,3,2-1,2,1,0.745706,2,0,2-0,0.784275,0.025571,3,2-1,2,1,0.758704,2,0,2-0,0.797711,0.026009,3,2-1,2,1,0.771702,2,0,2-0,0.811148,0.026447,3,2-1,2,1,0.7847,2,0,2-0,0.824584,0.026885,3,2-1,2,1,0.797698,2,0,2-0,0.83802,0.027323,3,2-1,2,1,0.810697,2,0,2-0,0.851456,0.027761,3,2-1,2,1,0.823695,2,0,2-0,0.864893,0.0282,3,2-1,2,1,0.836693,2,0,2-0,0.878329,0.028638,3,2-1,2,1,0.849691,2,0,2-0,0.891765,0.029076,3,2-1,2,1,0.862689,2,0,2-0,0.905201,0.029514,3,2-1,2,1,0.875687,2,0,2-0,0.918637,0.029952,3,2-1,2,1,0.888686,2,0,2-0,0.932074,0.03039,3,2-1,2,1,0.901684,2,0,2-0,0.94551,0.030828,3,2-1,2,1,0.914682,2,0,2-0,0.958946,0.031266,3,2-1,2,1,0.92768,2,0,2-0,0.972382,0.031704,3,2-1,2,1,0.940678,2,0,2-0,0.985819,0.032142,3,2-1,2,1,0.953676,2,0,2-0,0.999255,0.03258,3,2-1,2,1,0.966674,2,0,2-0,1.012691,0.033019,3,2-1,2,1,0.979673,2,0,2-0,1.026127,0.033457,3,2-1,2,1,0.992671,2,0,2-0,1.039564,0.033895,3,2-1,2,1,1.005669
2006,2006-06-21T21:00:00+01:00,G,37,Netherlands,Argentina,0,0,0.43283,0.267275,0.299895,1.5086,1.2177,0.254161,0.292098,0.453741,0.178669,home,away,True,0.178669,-0.024823,-0.153846,2,1,2-1,0.688643,0.016216,2,0,2-0,0.672427,0,1,2,1-2,0.748784,0.037354,0,0-2,0,2,0.71143,1,2,1-2,0.736089,0.036721,0,0-2,0,2,0.699369,1,2,1-2,0.723395,0.036088,0,0-2,0,2,0.687308,1,2,1-2,0.710701,0.035454,0,0-2,0,2,0.675247,1,2,1-2,0.698007,0.034821,0,0-2,0,2,0.663186,1,2,1-2,0.685313,0.034188,0,0-2,0,2,0.651125,1,2,1-2,0.672619,0.033554,0,0-2,0,2,0.639064,1,2,1-2,0.659924,0.032921,0,0-2,0,2,0.627003,1,2,1-2,0.64723,0.032288,0,0-2,0,2,0.614942,1,2,1-2,0.634536,0.031655,0,0-2,0,2,0.602881,1,2,1-2,0.621842,0.031021,0,0-2,0,2,0.590821,1,2,1-2,0.609148,0.030388,0,0-2,0,2,0.57876,1,2,1-2,0.596454,0.021392,0,2-1,2,1,0.575061,2,1,2-1,0.589278,0.005518,0,1-2,1,2,0.583759,2,1,2-1,0.603494,0.014211,0,2-0,2,0,0.589284,2,1,2-1,0.617711,0.014545,0,2-0,2,0,0.603165,2,1,2-1,0.631927,0.01488,0,2-0,2,0,0.617047,2,1,2-1,0.646143,0.015215,0,2-0,2,0,0.630929,2,1,2-1,0.66036,0.01555,0,2-0,2,0,0.64481,2,1,2-1,0.674576,0.015884,0,2-0,2,0,0.658692,2,1,2-1,0.688793,0.016219,0,2-0,2,0,0.672574
2006,2006-06-21T21:00:00+01:00,G,38,Ivory Coast,Serbia,3,2,0.301287,0.266797,0.431915,1.2251,1.5114,0.432532,0.273639,0.293829,0.138086,away,home,True,-0.131244,-0.006842,0.138086,1,2,1-2,0.687165,0.016661,0,2,0-2,0.670504,0,2,1,2-1,0.713415,0.035709,1,2-0,2,0,0.677705,2,1,2-1,0.702591,0.035168,1,2-0,2,0,0.667423,2,1,2-1,0.691767,0.034626,1,2-0,2,0,0.657141,2,1,2-1,0.680944,0.034084,1,2-0,2,0,0.646859,2,1,2-1,0.67012,0.033542,1,2-0,2,0,0.636578,2,1,2-1,0.659296,0.033001,1,2-0,2,0,0.626296,2,1,2-1,0.648473,0.032459,1,2-0,2,0,0.616014,2,1,2-1,0.637649,0.031917,1,2-0,2,0,0.605732,2,1,2-1,0.626825,0.031375,1,2-0,2,0,0.59545,2,1,2-1,0.616002,0.030834,1,2-0,2,0,0.585168,2,1,2-1,0.605178,0.027731,1,1-2,1,2,0.577447,2,1,2-1,0.594354,0.00592,1,1-2,1,2,0.588434,1,2,1-2,0.599421,0.014533,0,0-2,0,2,0.584888,1,2,1-2,0.610408,0.0148,0,0-2,0,2,0.595608,1,2,1-2,0.621395,0.015066,0,0-2,0,2,0.606329,1,2,1-2,0.632382,0.015333,0,0-2,0,2,0.617049,1,2,1-2,0.643369,0.015599,0,0-2,0,2,0.62777,1,2,1-2,0.654356,0.015865,0,0-2,0,2,0.638491,1,2,1-2,0.665343,0.016132,0,0-2,0,2,0.649211,1,2,1-2,0.67633,0.016398,0,0-2,0,2,0.659932,1,2,1-2,0.687317,0.016665,0,0-2,0,2,0.670652
2006,2006-06-21T16:00:00+01:00,G,39,Portugal,Mexico,2,1,0.504541,0.257881,0.237578,1.652,1.0625,0.411522,0.340753,0.247725,0.093019,home,home,False,0.093019,-0.082872,-0.010147,2,1,2-1,0.786824,0.005652,2,0,2-0,0.781172,3,1,1,1-1,0.665493,0.023514,0,2-1,2,1,0.64198,1,1,1-1,0.657401,0.008166,0,2-1,2,1,0.649235,2,1,2-1,0.656491,0.004716,3,2-0,2,0,0.651775,2,1,2-1,0.663746,0.004768,3,2-0,2,0,0.658978,2,1,2-1,0.671002,0.00482,3,2-0,2,0,0.666182,2,1,2-1,0.678257,0.004872,3,2-0,2,0,0.673385,2,1,2-1,0.685513,0.004924,3,2-0,2,0,0.680588,2,1,2-1,0.692768,0.004976,3,2-0,2,0,0.687792,2,1,2-1,0.700024,0.005028,3,2-0,2,0,0.694995,2,1,2-1,0.707279,0.005081,3,2-0,2,0,0.702199,2,1,2-1,0.714535,0.005133,3,2-0,2,0,0.709402,2,1,2-1,0.72179,0.005185,3,2-0,2,0,0.716605,2,1,2-1,0.729046,0.005237,3,2-0,2,0,0.723809,2,1,2-1,0.736301,0.005289,3,2-0,2,0,0.731012,2,1,2-1,0.743557,0.005341,3,2-0,2,0,0.738215,2,1,2-1,0.750812,0.005393,3,2-0,2,0,0.745419,2,1,2-1,0.758068,0.005445,3,2-0,2,0,0.752622,2,1,2-1,0.765323,0.005498,3,2-0,2,0,0.759826,2,1,2-1,0.772579,0.00555,3,2-0,2,0,0.767029,2,1,2-1,0.779834,0.005602,3,2-0,2,0,0.774232,2,1,2-1,0.78709,0.005654,3,2-0,2,0,0.781436
2006,2006-06-21T16:00:00+01:00,G,40,Iran,Angola,1,1,0.447841,0.257988,0.294171,1.6098,1.265,0.374117,0.282871,0.343012,0.073724,home,home,False,0.073724,-0.024883,-0.048841,2,1,2-1,0.705791,0.019375,2,0,2-0,0.686416,0,2,1,2-1,0.589795,0.016191,0,2-0,2,0,0.573604,2,1,2-1,0.595606,0.01635,0,2-0,2,0,0.579256,2,1,2-1,0.601417,0.01651,0,2-0,2,0,0.584907,2,1,2-1,0.607229,0.01667,0,2-0,2,0,0.590559,2,1,2-1,0.61304,0.016829,0,2-0,2,0,0.596211,2,1,2-1,0.618851,0.016989,0,2-0,2,0,0.601863,2,1,2-1,0.624662,0.017148,0,2-0,2,0,0.607514,2,1,2-1,0.630474,0.017308,0,2-0,2,0,0.613166,2,1,2-1,0.636285,0.017467,0,2-0,2,0,0.618818,2,1,2-1,0.642096,0.017627,0,2-0,2,0,0.62447,2,1,2-1,0.647908,0.017786,0,2-0,2,0,0.630121,2,1,2-1,0.653719,0.017946,0,2-0,2,0,0.635773,2,1,2-1,0.65953,0.018105,0,2-0,2,0,0.641425,2,1,2-1,0.665341,0.018265,0,2-0,2,0,0.647077,2,1,2-1,0.671153,0.018424,0,2-0,2,0,0.652728,2,1,2-1,0.676964,0.018584,0,2-0,2,0,0.65838,2,1,2-1,0.682775,0.018743,0,2-0,2,0,0.664032,2,1,2-1,0.688587,0.018903,0,2-0,2,0,0.669684,2,1,2-1,0.694398,0.019062,0,2-0,2,0,0.675335,2,1,2-1,0.700209,0.019222,0,2-0,2,0,0.680987,2,1,2-1,0.70602,0.019382,0,2-0,2,0,0.686639
2006,2006-06-22T16:00:00+01:00,G,41,Czech Republic,Italy,0,2,0.358359,0.298603,0.343038,1.1659,1.1349,0.227573,0.290486,0.481941,0.138904,home,away,True,0.130786,0.008118,-0.138904,2,1,2-1,0.580977,0.002283,1,1,1-1,0.578694,0,1,2,1-2,0.783944,0.003612,2,0-1,0,1,0.780332,1,2,1-2,0.772647,0.00356,2,0-1,0,1,0.769087,1,2,1-2,0.76135,0.003508,2,0-1,0,1,0.757842,1,2,1-2,0.750052,0.003456,2,0-1,0,1,0.746596,1,2,1-2,0.738755,0.003404,2,0-1,0,1,0.735351,1,2,1-2,0.727458,0.003352,2,0-1,0,1,0.724106,1,2,1-2,0.716161,0.0033,2,0-1,0,1,0.712861,1,2,1-2,0.704863,0.003248,2,0-1,0,1,0.701615,1,2,1-2,0.693566,0.003196,2,0-1,0,1,0.69037,1,2,1-2,0.682269,0.003144,2,0-1,0,1,0.679125,1,2,1-2,0.670971,0.003092,2,0-1,0,1,0.66788,1,2,1-2,0.659674,0.00304,2,0-1,0,1,0.656634,1,2,1-2,0.648377,0.002988,2,0-1,0,1,0.645389,1,2,1-2,0.637079,0.002936,2,0-1,0,1,0.634144,1,2,1-2,0.625782,0.002883,2,0-1,0,1,0.622899,1,2,1-2,0.614485,0.002831,2,0-1,0,1,0.611653,1,2,1-2,0.603188,0.002779,2,0-1,0,1,0.600408,1,2,1-2,0.59189,0.002727,2,0-1,0,1,0.589163,1,2,1-2,0.580593,0.002675,2,0-1,0,1,0.577918,1,1,1-1,0.577939,0.007532,0,2-1,2,1,0.570407,2,1,2-1,0.581009,0.002284,0,1-1,1,1,0.578726
2006,2006-06-22T16:00:00+01:00,G,42,Ghana,United States,2,1,0.201768,0.323445,0.474787,0.6644,1.175,0.41019,0.267814,0.321995,0.208422,away,home,True,-0.208422,0.05563,0.152792,0,1,0-1,0.834198,0.067141,0,2,0-2,0.767057,0,1,0,1-0,0.810959,0.161908,1,2-1,2,1,0.649052,1,0,1-0,0.790357,0.157794,1,2-1,2,1,0.632562,1,0,1-0,0.769754,0.153681,1,2-1,2,1,0.616073,1,0,1-0,0.749151,0.143119,1,0-1,0,1,0.606031,1,0,1-0,0.728548,0.109093,1,0-1,0,1,0.619454,1,0,1-0,0.707945,0.075067,1,0-1,0,1,0.632878,1,0,1-0,0.687342,0.041041,1,0-1,0,1,0.646301,1,0,1-0,0.666739,0.007015,1,0-1,0,1,0.659724,0,1,0-1,0.673147,0.027011,0,1-0,1,0,0.646136,0,1,0-1,0.68657,0.055259,0,0-2,0,2,0.631311,0,1,0-1,0.699993,0.05634,0,0-2,0,2,0.643654,0,1,0-1,0.713416,0.05742,0,0-2,0,2,0.655997,0,1,0-1,0.72684,0.0585,0,0-2,0,2,0.668339,0,1,0-1,0.740263,0.059581,0,0-2,0,2,0.680682,0,1,0-1,0.753686,0.060661,0,0-2,0,2,0.693025,0,1,0-1,0.767109,0.061741,0,0-2,0,2,0.705368,0,1,0-1,0.780532,0.062822,0,0-2,0,2,0.71771,0,1,0-1,0.793955,0.063902,0,0-2,0,2,0.730053,0,1,0-1,0.807378,0.064983,0,0-2,0,2,0.742396,0,1,0-1,0.820802,0.066063,0,0-2,0,2,0.754739,0,1,0-1,0.834225,0.067143,0,0-2,0,2,0.767081
2006,2006-06-22T21:00:00+01:00,G,43,Japan,Brazil,1,4,0.121713,0.188049,0.690238,0.8736,2.309,0.055304,0.1709,0.773797,0.083559,away,away,False,0.06641,0.017149,-0.083559,0,2,0-2,1.006132,0.013975,1,2,1-2,0.992157,1,0,2,0-2,1.130935,0.015708,1,1-2,1,2,1.115226,0,2,0-2,1.124828,0.015623,1,1-2,1,2,1.109205,0,2,0-2,1.118722,0.015539,1,1-2,1,2,1.103184,0,2,0-2,1.112616,0.015454,1,1-2,1,2,1.097162,0,2,0-2,1.10651,0.015369,1,1-2,1,2,1.091141,0,2,0-2,1.100403,0.015284,1,1-2,1,2,1.085119,0,2,0-2,1.094297,0.015199,1,1-2,1,2,1.079098,0,2,0-2,1.088191,0.015114,1,1-2,1,2,1.073076,0,2,0-2,1.082085,0.01503,1,1-2,1,2,1.067055,0,2,0-2,1.075978,0.014945,1,1-2,1,2,1.061034,0,2,0-2,1.069872,0.01486,1,1-2,1,2,1.055012,0,2,0-2,1.063766,0.014775,1,1-2,1,2,1.048991,0,2,0-2,1.05766,0.01469,1,1-2,1,2,1.042969,0,2,0-2,1.051554,0.014606,1,1-2,1,2,1.036948,0,2,0-2,1.045447,0.014521,1,1-2,1,2,1.030927,0,2,0-2,1.039341,0.014436,1,1-2,1,2,1.024905,0,2,0-2,1.033235,0.014351,1,1-2,1,2,1.018884,0,2,0-2,1.027129,0.014266,1,1-2,1,2,1.012862,0,2,0-2,1.021022,0.014182,1,1-2,1,2,1.006841,0,2,0-2,1.014916,0.014097,1,1-2,1,2,1.000819,0,2,0-2,1.00881,0.014012,1,1-2,1,2,0.994798
2006,2006-06-22T21:00:00+01:00,G,44,Croatia,Australia,2,2,0.450394,0.277968,0.271638,1.4425,1.0645,0.40652,0.281977,0.311503,0.043874,home,home,False,0.043874,-0.004009,-0.039865,2,1,2-1,0.715688,0.005468,2,0,2-0,0.71022,0,2,1,2-1,0.646065,0.004936,0,2-0,2,0,0.641129,2,1,2-1,0.649552,0.004963,0,2-0,2,0,0.644589,2,1,2-1,0.653038,0.004989,0,2-0,2,0,0.648049,2,1,2-1,0.656524,0.005016,0,2-0,2,0,0.651509,2,1,2-1,0.660011,0.005043,0,2-0,2,0,0.654968,2,1,2-1,0.663497,0.005069,0,2-0,2,0,0.658428,2,1,2-1,0.666984,0.005096,0,2-0,2,0,0.661888,2,1,2-1,0.67047,0.005122,0,2-0,2,0,0.665347,2,1,2-1,0.673956,0.005149,0,2-0,2,0,0.668807,2,1,2-1,0.677443,0.005176,0,2-0,2,0,0.672267,2,1,2-1,0.680929,0.005202,0,2-0,2,0,0.675727,2,1,2-1,0.684415,0.005229,0,2-0,2,0,0.679186,2,1,2-1,0.687902,0.005256,0,2-0,2,0,0.682646,2,1,2-1,0.691388,0.005282,0,2-0,2,0,0.686106,2,1,2-1,0.694874,0.005309,0,2-0,2,0,0.689565,2,1,2-1,0.698361,0.005336,0,2-0,2,0,0.693025,2,1,2-1,0.701847,0.005362,0,2-0,2,0,0.696485,2,1,2-1,0.705333,0.005389,0,2-0,2,0,0.699945,2,1,2-1,0.70882,0.005415,0,2-0,2,0,0.703404,2,1,2-1,0.712306,0.005442,0,2-0,2,0,0.706864,2,1,2-1,0.715792,0.005469,0,2-0,2,0,0.710324
2006,2006-06-23T21:00:00+01:00,G,45,Togo,France,0,2,0.041392,0.122732,0.835876,0.4758,2.6934,0.058127,0.126861,0.815011,0.020864,away,away,False,-0.016735,-0.004129,0.020864,0,2,0-2,1.207921,0.023086,0,3,0-3,1.184834,3,0,2,0-2,1.185511,0.022658,3,0-3,0,3,1.162853,0,2,0-2,1.187028,0.022687,3,0-3,0,3,1.164341,0,2,0-2,1.188546,0.022716,3,0-3,0,3,1.16583,0,2,0-2,1.190063,0.022745,3,0-3,0,3,1.167318,0,2,0-2,1.19158,0.022774,3,0-3,0,3,1.168807,0,2,0-2,1.193098,0.022803,3,0-3,0,3,1.170295,0,2,0-2,1.194615,0.022832,3,0-3,0,3,1.171783,0,2,0-2,1.196133,0.022861,3,0-3,0,3,1.173272,0,2,0-2,1.19765,0.02289,3,0-3,0,3,1.17476,0,2,0-2,1.199168,0.022919,3,0-3,0,3,1.176249,0,2,0-2,1.200685,0.022948,3,0-3,0,3,1.177737,0,2,0-2,1.202203,0.022977,3,0-3,0,3,1.179226,0,2,0-2,1.20372,0.023006,3,0-3,0,3,1.180714,0,2,0-2,1.205238,0.023035,3,0-3,0,3,1.182203,0,2,0-2,1.206755,0.023064,3,0-3,0,3,1.183691,0,2,0-2,1.208272,0.023093,3,0-3,0,3,1.185179,0,2,0-2,1.20979,0.023122,3,0-3,0,3,1.186668,0,2,0-2,1.211307,0.023151,3,0-3,0,3,1.188156,0,2,0-2,1.212825,0.02318,3,0-3,0,3,1.189645,0,2,0-2,1.214342,0.023209,3,0-3,0,3,1.191133,0,2,0-2,1.21586,0.023238,3,0-3,0,3,1.192622
2006,2006-06-23T21:00:00+01:00,G,46,Switzerland,South Korea,2,0,0.444081,0.277611,0.278308,1.4386,1.0872,0.441936,0.357679,0.200385,0.080068,home,home,False,0.002146,-0.080068,0.077923,2,1,2-1,0.706784,0.007221,2,0,2-0,0.699564,2,2,1,2-1,0.703473,0.005107,2,1-1,1,1,0.698365,2,1,2-1,0.703643,0.007189,2,2-0,2,0,0.696455,2,1,2-1,0.703814,0.00719,2,2-0,2,0,0.696624,2,1,2-1,0.703985,0.007192,2,2-0,2,0,0.696793,2,1,2-1,0.704156,0.007194,2,2-0,2,0,0.696962,2,1,2-1,0.704327,0.007195,2,2-0,2,0,0.697131,2,1,2-1,0.704497,0.007197,2,2-0,2,0,0.6973,2,1,2-1,0.704668,0.007199,2,2-0,2,0,0.697469,2,1,2-1,0.704839,0.007201,2,2-0,2,0,0.697638,2,1,2-1,0.70501,0.007202,2,2-0,2,0,0.697807,2,1,2-1,0.70518,0.007204,2,2-0,2,0,0.697976,2,1,2-1,0.705351,0.007206,2,2-0,2,0,0.698145,2,1,2-1,0.705522,0.007208,2,2-0,2,0,0.698314,2,1,2-1,0.705693,0.007209,2,2-0,2,0,0.698483,2,1,2-1,0.705863,0.007211,2,2-0,2,0,0.698652,2,1,2-1,0.706034,0.007213,2,2-0,2,0,0.698821,2,1,2-1,0.706205,0.007215,2,2-0,2,0,0.69899,2,1,2-1,0.706376,0.007216,2,2-0,2,0,0.699159,2,1,2-1,0.706547,0.007218,2,2-0,2,0,0.699328,2,1,2-1,0.706717,0.00722,2,2-0,2,0,0.699497,2,1,2-1,0.706888,0.007222,2,2-0,2,0,0.699666
2006,2006-06-23T16:00:00+01:00,G,47,Saudi Arabia,Spain,0,1,0.044967,0.112565,0.842467,0.5927,2.9617,0.047481,0.132127,0.820392,0.022075,away,away,False,-0.002513,-0.019562,0.022075,0,3,0-3,1.175917,0.017594,0,2,0-2,1.158323,1,0,3,0-3,1.157955,0.017325,1,0-2,0,2,1.140629,0,3,0-3,1.159513,0.017349,1,0-2,0,2,1.142164,0,3,0-3,1.161071,0.017372,1,0-2,0,2,1.143699,0,3,0-3,1.162629,0.017395,1,0-2,0,2,1.145233,0,3,0-3,1.164186,0.017419,1,0-2,0,2,1.146768,0,3,0-3,1.165744,0.017442,1,0-2,0,2,1.148302,0,3,0-3,1.167302,0.017465,1,0-2,0,2,1.149837,0,3,0-3,1.16886,0.017489,1,0-2,0,2,1.151372,0,3,0-3,1.170418,0.017512,1,0-2,0,2,1.152906,0,3,0-3,1.171976,0.017535,1,0-2,0,2,1.154441,0,3,0-3,1.173534,0.017558,1,0-2,0,2,1.155975,0,3,0-3,1.175092,0.017582,1,0-2,0,2,1.15751,0,3,0-3,1.17665,0.017605,1,0-2,0,2,1.159045,0,3,0-3,1.178208,0.017628,1,0-2,0,2,1.160579,0,3,0-3,1.179766,0.017652,1,0-2,0,2,1.162114,0,3,0-3,1.181324,0.017675,1,0-2,0,2,1.163649,0,3,0-3,1.182881,0.017698,1,0-2,0,2,1.165183,0,3,0-3,1.184439,0.017722,1,0-2,0,2,1.166718,0,3,0-3,1.185997,0.017745,1,0-2,0,2,1.168252,0,3,0-3,1.187555,0.017768,1,0-2,0,2,1.169787,0,3,0-3,1.189113,0.017792,1,0-2,0,2,1.171322
2006,2006-06-23T16:00:00+01:00,G,48,Ukraine,Tunisia,1,0,0.381194,0.321478,0.297327,1.085,0.9244,0.579465,0.282061,0.138474,0.198271,home,home,False,-0.198271,0.039418,0.158854,1,0,1-0,0.656904,0.044932,2,0,2-0,0.611972,3,1,0,1-0,0.998605,0.068304,3,2-0,2,0,0.930301,1,0,1-0,0.981521,0.067135,3,2-0,2,0,0.914386,1,0,1-0,0.964436,0.065966,3,2-0,2,0,0.89847,1,0,1-0,0.947352,0.064798,3,2-0,2,0,0.882554,1,0,1-0,0.930268,0.063629,3,2-0,2,0,0.866638,1,0,1-0,0.913184,0.062461,3,2-0,2,0,0.850723,1,0,1-0,0.896099,0.061292,3,2-0,2,0,0.834807,1,0,1-0,0.879015,0.060124,3,2-0,2,0,0.818891,1,0,1-0,0.861931,0.058955,3,2-0,2,0,0.802976,1,0,1-0,0.844847,0.057787,3,2-0,2,0,0.78706,1,0,1-0,0.827762,0.056618,3,2-0,2,0,0.771144,1,0,1-0,0.810678,0.05545,3,2-0,2,0,0.755228,1,0,1-0,0.793594,0.054281,3,2-0,2,0,0.739313,1,0,1-0,0.776509,0.053112,3,2-0,2,0,0.723397,1,0,1-0,0.759425,0.051944,3,2-0,2,0,0.707481,1,0,1-0,0.742341,0.050775,3,2-0,2,0,0.691566,1,0,1-0,0.725257,0.049607,3,2-0,2,0,0.67565,1,0,1-0,0.708172,0.048438,3,2-0,2,0,0.659734,1,0,1-0,0.691088,0.04727,3,2-0,2,0,0.643818,1,0,1-0,0.674004,0.046101,3,2-0,2,0,0.627903,1,0,1-0,0.65692,0.044933,3,2-0,2,0,0.611987
2006,2006-06-24T17:00:00+01:00,8,49,Germany,Sweden,2,0,0.355411,0.251636,0.392953,1.4962,1.5827,0.551399,0.281832,0.166769,0.226184,away,home,True,-0.195988,-0.030196,0.226184,1,2,1-2,0.622861,0.028593,0,2,0-2,0.594269,0,2,1,2-1,0.884341,0.046574,2,2-0,2,0,0.837767,2,1,2-1,0.868625,0.045746,2,2-0,2,0,0.822878,2,1,2-1,0.852908,0.044919,2,2-0,2,0,0.80799,2,1,2-1,0.837192,0.044091,2,2-0,2,0,0.793101,2,1,2-1,0.821476,0.043263,2,2-0,2,0,0.778212,2,1,2-1,0.805759,0.042436,2,2-0,2,0,0.763324,2,1,2-1,0.790043,0.041608,2,2-0,2,0,0.748435,2,1,2-1,0.774326,0.04078,2,2-0,2,0,0.733546,2,1,2-1,0.75861,0.039952,2,2-0,2,0,0.718658,2,1,2-1,0.742894,0.039125,2,2-0,2,0,0.703769,2,1,2-1,0.727177,0.038297,2,2-0,2,0,0.68888,2,1,2-1,0.711461,0.037469,2,2-0,2,0,0.673991,2,1,2-1,0.695744,0.036642,2,2-0,2,0,0.659103,2,1,2-1,0.680028,0.035814,2,2-0,2,0,0.644214,2,1,2-1,0.664311,0.034986,2,2-0,2,0,0.629325,2,1,2-1,0.648595,0.034158,2,2-0,2,0,0.614437,2,1,2-1,0.632879,0.033331,2,2-0,2,0,0.599548,2,1,2-1,0.617162,0.032503,2,2-0,2,0,0.584659,2,1,2-1,0.601446,0.014196,2,1-2,1,2,0.587249,1,2,1-2,0.605183,0.019453,0,2-1,2,1,0.585729,1,2,1-2,0.623116,0.028604,0,0-2,0,2,0.594512
2006,2006-06-24T21:00:00+01:00,8,50,Argentina,Mexico,2,1,0.508196,0.246336,0.245468,1.771,1.1697,0.67957,0.231909,0.08852,0.171374,home,home,False,-0.171374,0.014427,0.156947,2,1,2-1,0.78458,0.014061,2,0,2-0,0.770519,3,2,1,2-1,1.049721,0.018813,3,2-0,2,0,1.030907,2,1,2-1,1.036485,0.018576,3,2-0,2,0,1.017909,2,1,2-1,1.023249,0.018339,3,2-0,2,0,1.00491,2,1,2-1,1.010013,0.018102,3,2-0,2,0,0.991911,2,1,2-1,0.996777,0.017864,3,2-0,2,0,0.978912,2,1,2-1,0.983541,0.017627,3,2-0,2,0,0.965914,2,1,2-1,0.970305,0.01739,3,2-0,2,0,0.952915,2,1,2-1,0.957069,0.017153,3,2-0,2,0,0.939916,2,1,2-1,0.943833,0.016916,3,2-0,2,0,0.926917,2,1,2-1,0.930597,0.016678,3,2-0,2,0,0.913919,2,1,2-1,0.917361,0.016441,3,2-0,2,0,0.90092,2,1,2-1,0.904125,0.016204,3,2-0,2,0,0.887921,2,1,2-1,0.890889,0.015967,3,2-0,2,0,0.874923,2,1,2-1,0.877653,0.01573,3,2-0,2,0,0.861924,2,1,2-1,0.864417,0.015492,3,2-0,2,0,0.848925,2,1,2-1,0.851181,0.015255,3,2-0,2,0,0.835926,2,1,2-1,0.837945,0.015018,3,2-0,2,0,0.822928,2,1,2-1,0.824709,0.014781,3,2-0,2,0,0.809929,2,1,2-1,0.811474,0.014543,3,2-0,2,0,0.79693,2,1,2-1,0.798238,0.014306,3,2-0,2,0,0.783931,2,1,2-1,0.785002,0.014069,3,2-0,2,0,0.770933
2006,2006-06-25T17:00:00+01:00,8,51,England,Ecuador,1,0,0.63742,0.221505,0.141075,1.9512,0.8037,0.620702,0.240596,0.138702,0.019091,home,home,False,0.016718,-0.019091,0.002373,2,0,2-0,0.97635,0.023777,2,1,2-1,0.952573,1,2,0,2-0,0.951639,0.023175,1,2-1,2,1,0.928464,2,0,2-0,0.95292,0.023206,1,2-1,2,1,0.929714,2,0,2-0,0.954202,0.023237,1,2-1,2,1,0.930964,2,0,2-0,0.955483,0.023269,1,2-1,2,1,0.932215,2,0,2-0,0.956765,0.0233,1,2-1,2,1,0.933465,2,0,2-0,0.958046,0.023331,1,2-1,2,1,0.934715,2,0,2-0,0.959328,0.023362,1,2-1,2,1,0.935966,2,0,2-0,0.96061,0.023393,1,2-1,2,1,0.937216,2,0,2-0,0.961891,0.023425,1,2-1,2,1,0.938466,2,0,2-0,0.963173,0.023456,1,2-1,2,1,0.939717,2,0,2-0,0.964454,0.023487,1,2-1,2,1,0.940967,2,0,2-0,0.965736,0.023518,1,2-1,2,1,0.942217,2,0,2-0,0.967017,0.02355,1,2-1,2,1,0.943468,2,0,2-0,0.968299,0.023581,1,2-1,2,1,0.944718,2,0,2-0,0.96958,0.023612,1,2-1,2,1,0.945968,2,0,2-0,0.970862,0.023643,1,2-1,2,1,0.947219,2,0,2-0,0.972143,0.023674,1,2-1,2,1,0.948469,2,0,2-0,0.973425,0.023706,1,2-1,2,1,0.949719,2,0,2-0,0.974706,0.023737,1,2-1,2,1,0.95097,2,0,2-0,0.975988,0.023768,1,2-1,2,1,0.95222,2,0,2-0,0.97727,0.023799,1,2-1,2,1,0.95347
2006,2006-06-25T21:00:00+01:00,8,52,Portugal,Netherlands,1,0,0.303443,0.281796,0.414761,1.1359,1.3703,0.29327,0.309106,0.397623,0.02731,away,away,False,0.010173,-0.02731,0.017137,1,2,1-2,0.665308,0.010407,0,2,0-2,0.654901,0,1,2,1-2,0.637893,0.009978,0,0-2,0,2,0.627915,1,2,1-2,0.639268,0.01,0,0-2,0,2,0.629268,1,2,1-2,0.640642,0.010021,0,0-2,0,2,0.630621,1,2,1-2,0.642017,0.010043,0,0-2,0,2,0.631974,1,2,1-2,0.643392,0.010064,0,0-2,0,2,0.633327,1,2,1-2,0.644766,0.010086,0,0-2,0,2,0.634681,1,2,1-2,0.646141,0.010107,0,0-2,0,2,0.636034,1,2,1-2,0.647515,0.010129,0,0-2,0,2,0.637387,1,2,1-2,0.64889,0.01015,0,0-2,0,2,0.63874,1,2,1-2,0.650265,0.010172,0,0-2,0,2,0.640093,1,2,1-2,0.651639,0.010193,0,0-2,0,2,0.641446,1,2,1-2,0.653014,0.010215,0,0-2,0,2,0.642799,1,2,1-2,0.654389,0.010236,0,0-2,0,2,0.644152,1,2,1-2,0.655763,0.010258,0,0-2,0,2,0.645506,1,2,1-2,0.657138,0.010279,0,0-2,0,2,0.646859,1,2,1-2,0.658512,0.010301,0,0-2,0,2,0.648212,1,2,1-2,0.659887,0.010322,0,0-2,0,2,0.649565,1,2,1-2,0.661262,0.010344,0,0-2,0,2,0.650918,1,2,1-2,0.662636,0.010365,0,0-2,0,2,0.652271,1,2,1-2,0.664011,0.010387,0,0-2,0,2,0.653624,1,2,1-2,0.665386,0.010408,0,0-2,0,2,0.654978
2006,2006-06-26T17:00:00+01:00,8,53,Italy,Australia,1,0,0.544885,0.269956,0.185159,1.5434,0.7913,0.610787,0.267523,0.121689,0.065902,home,home,False,-0.065902,0.002433,0.063469,2,0,2-0,0.866712,0.024068,2,1,2-1,0.842644,1,2,0,2-0,0.97174,0.026984,1,2-1,2,1,0.944755,2,0,2-0,0.966497,0.026839,1,2-1,2,1,0.939659,2,0,2-0,0.961255,0.026693,1,2-1,2,1,0.934562,2,0,2-0,0.956013,0.026548,1,2-1,2,1,0.929465,2,0,2-0,0.95077,0.026402,1,2-1,2,1,0.924368,2,0,2-0,0.945528,0.026256,1,2-1,2,1,0.919271,2,0,2-0,0.940285,0.026111,1,2-1,2,1,0.914174,2,0,2-0,0.935043,0.025965,1,2-1,2,1,0.909078,2,0,2-0,0.9298,0.02582,1,2-1,2,1,0.903981,2,0,2-0,0.924558,0.025674,1,2-1,2,1,0.898884,2,0,2-0,0.919316,0.025529,1,2-1,2,1,0.893787,2,0,2-0,0.914073,0.025383,1,2-1,2,1,0.88869,2,0,2-0,0.908831,0.025237,1,2-1,2,1,0.883593,2,0,2-0,0.903588,0.025092,1,2-1,2,1,0.878496,2,0,2-0,0.898346,0.024946,1,2-1,2,1,0.8734,2,0,2-0,0.893104,0.024801,1,2-1,2,1,0.868303,2,0,2-0,0.887861,0.024655,1,2-1,2,1,0.863206,2,0,2-0,0.882619,0.02451,1,2-1,2,1,0.858109,2,0,2-0,0.877376,0.024364,1,2-1,2,1,0.853012,2,0,2-0,0.872134,0.024218,1,2-1,2,1,0.847915,2,0,2-0,0.866891,0.024073,1,2-1,2,1,0.842819
2006,2006-06-26T21:00:00+01:00,8,54,Switzerland,Ukraine,0,0,0.29939,0.307044,0.393566,0.9924,1.1788,0.388707,0.328479,0.282815,0.110751,away,home,True,-0.089317,-0.021435,0.110751,0,1,0-1,0.647326,0.016681,0,2,0-2,0.630645,0,1,0,1-0,0.663006,0.029489,0,2-1,2,1,0.633517,1,0,1-0,0.655389,0.027356,0,1-1,1,1,0.628034,1,0,1-0,0.647772,0.021794,0,1-1,1,1,0.625978,1,0,1-0,0.640155,0.016233,0,1-1,1,1,0.623922,1,0,1-0,0.632538,0.010671,0,1-1,1,1,0.621866,1,0,1-0,0.62492,0.00511,0,1-1,1,1,0.61981,1,1,1-1,0.617755,0.000452,1,1-0,1,0,0.617303,1,1,1-1,0.615699,0.006013,1,1-0,1,0,0.609686,1,1,1-1,0.613643,0.011574,1,1-0,1,0,0.602069,1,1,1-1,0.611587,0.017136,1,1-0,1,0,0.594451,1,1,1-1,0.609531,0.022697,1,1-0,1,0,0.586834,1,1,1-1,0.607475,0.028259,1,1-0,1,0,0.579217,1,1,1-1,0.60542,0.030934,1,0-1,0,1,0.574486,1,1,1-1,0.603364,0.019769,1,0-1,0,1,0.583594,1,1,1-1,0.601308,0.008605,1,0-1,0,1,0.592703,0,1,0-1,0.601811,0.002559,0,1-1,1,1,0.599252,0,1,0-1,0.61092,0.013723,0,1-1,1,1,0.597196,0,1,0-1,0.620028,0.015977,0,0-2,0,2,0.604051,0,1,0-1,0.629136,0.016212,0,0-2,0,2,0.612925,0,1,0-1,0.638245,0.016447,0,0-2,0,2,0.621798,0,1,0-1,0.647353,0.016681,0,0-2,0,2,0.630672
2006,2006-06-27T17:00:00+01:00,8,55,Brazil,Ghana,3,0,0.774457,0.155677,0.069865,2.4673,0.6207,0.748885,0.179223,0.071891,0.025572,home,home,False,0.025572,-0.023546,-0.002026,2,0,2-0,1.135104,0.042597,3,0,3-0,1.092507,1,2,0,2-0,1.101956,0.041353,1,3-0,3,0,1.060603,2,0,2-0,1.103837,0.041424,1,3-0,3,0,1.062413,2,0,2-0,1.105719,0.041494,1,3-0,3,0,1.064224,2,0,2-0,1.1076,0.041565,1,3-0,3,0,1.066035,2,0,2-0,1.109481,0.041636,1,3-0,3,0,1.067846,2,0,2-0,1.111363,0.041706,1,3-0,3,0,1.069657,2,0,2-0,1.113244,0.041777,1,3-0,3,0,1.071467,2,0,2-0,1.115126,0.041848,1,3-0,3,0,1.073278,2,0,2-0,1.117007,0.041918,1,3-0,3,0,1.075089,2,0,2-0,1.118889,0.041989,1,3-0,3,0,1.0769,2,0,2-0,1.12077,0.042059,1,3-0,3,0,1.078711,2,0,2-0,1.122651,0.04213,1,3-0,3,0,1.080521,2,0,2-0,1.124533,0.042201,1,3-0,3,0,1.082332,2,0,2-0,1.126414,0.042271,1,3-0,3,0,1.084143,2,0,2-0,1.128296,0.042342,1,3-0,3,0,1.085954,2,0,2-0,1.130177,0.042412,1,3-0,3,0,1.087765,2,0,2-0,1.132058,0.042483,1,3-0,3,0,1.089575,2,0,2-0,1.13394,0.042554,1,3-0,3,0,1.091386,2,0,2-0,1.135821,0.042624,1,3-0,3,0,1.093197,2,0,2-0,1.137703,0.042695,1,3-0,3,0,1.095008,2,0,2-0,1.139584,0.042765,1,3-0,3,0,1.096819
2006,2006-06-27T21:00:00+01:00,8,56,Spain,France,1,3,0.29732,0.311325,0.391355,0.9678,1.152,0.404036,0.311891,0.284073,0.107282,away,home,True,-0.106716,-0.000566,0.107282,0,1,0-1,0.6528,0.025027,0,2,0-2,0.627773,1,1,0,1-0,0.699237,0.042754,0,2-1,2,1,0.656483,1,0,1-0,0.690002,0.042189,0,2-1,2,1,0.647813,1,0,1-0,0.680768,0.041625,0,2-1,2,1,0.639143,1,0,1-0,0.671534,0.04106,0,2-1,2,1,0.630473,1,0,1-0,0.662299,0.040496,0,2-1,2,1,0.621804,1,0,1-0,0.653065,0.039931,0,2-1,2,1,0.613134,1,0,1-0,0.643831,0.039366,0,2-1,2,1,0.604464,1,0,1-0,0.634596,0.038802,0,2-1,2,1,0.595795,1,0,1-0,0.625362,0.030533,0,1-1,1,1,0.59483,1,0,1-0,0.616128,0.021352,0,1-1,1,1,0.594776,1,0,1-0,0.606894,0.012172,0,1-1,1,1,0.594722,1,0,1-0,0.597659,0.002992,0,1-1,1,1,0.594667,1,1,1-1,0.594613,0.006189,0,1-0,1,0,0.588425,1,1,1-1,0.594559,0.004371,0,0-1,0,1,0.590188,0,1,0-1,0.599136,0.004631,1,1-1,1,1,0.594505,0,1,0-1,0.608084,0.013633,1,1-1,1,1,0.594451,0,1,0-1,0.617032,0.022635,1,1-1,1,1,0.594397,0,1,0-1,0.62598,0.023999,1,0-2,0,2,0.601981,0,1,0-1,0.634928,0.024342,1,0-2,0,2,0.610586,0,1,0-1,0.643876,0.024685,1,0-2,0,2,0.619191,0,1,0-1,0.652824,0.025028,1,0-2,0,2,0.627795
2006,2006-06-30T17:00:00+01:00,4,57,Germany,Argentina,1,1,0.312385,0.223107,0.464508,1.6464,2.0292,0.351849,0.321013,0.327139,0.137369,away,home,True,-0.039464,-0.097906,0.137369,1,2,1-2,0.687714,0.024644,1,3,1-3,0.66307,0,1,1,1-1,0.578749,0.030976,3,2-1,2,1,0.547774,1,1,1-1,0.569924,0.025222,3,2-1,2,1,0.544702,1,1,1-1,0.561098,0.019468,3,2-1,2,1,0.54163,1,1,1-1,0.552272,0.013715,3,2-1,2,1,0.538558,1,1,1-1,0.543447,0.007961,3,2-1,2,1,0.535486,1,2,1-2,0.535993,0.001371,0,1-1,1,1,0.534621,1,2,1-2,0.546177,0.016835,0,2-1,2,1,0.529342,1,2,1-2,0.556361,0.019937,0,1-3,1,3,0.536424,1,2,1-2,0.566546,0.020302,0,1-3,1,3,0.546243,1,2,1-2,0.57673,0.020667,0,1-3,1,3,0.556063,1,2,1-2,0.586914,0.021032,0,1-3,1,3,0.565882,1,2,1-2,0.597098,0.021397,0,1-3,1,3,0.575701,1,2,1-2,0.607283,0.021762,0,1-3,1,3,0.585521,1,2,1-2,0.617467,0.022127,0,1-3,1,3,0.59534,1,2,1-2,0.627651,0.022492,0,1-3,1,3,0.60516,1,2,1-2,0.637836,0.022857,0,1-3,1,3,0.614979,1,2,1-2,0.64802,0.023222,0,1-3,1,3,0.624798,1,2,1-2,0.658204,0.023587,0,1-3,1,3,0.634618,1,2,1-2,0.668389,0.023952,0,1-3,1,3,0.644437,1,2,1-2,0.678573,0.024317,0,1-3,1,3,0.654256,1,2,1-2,0.688757,0.024682,0,1-3,1,3,0.664076
2006,2006-06-30T21:00:00+01:00,4,58,Italy,Ukraine,3,0,0.461224,0.333692,0.205084,1.116,0.6459,0.594026,0.283894,0.12208,0.132802,home,home,False,-0.132802,0.049798,0.083004,1,0,1-0,0.830478,0.08634,2,0,2-0,0.744138,1,1,0,1-0,1.069625,0.111202,1,2-0,2,0,0.958422,1,0,1-0,1.057668,0.109959,1,2-0,2,0,0.947709,1,0,1-0,1.045712,0.108716,1,2-0,2,0,0.936996,1,0,1-0,1.033756,0.107473,1,2-0,2,0,0.926282,1,0,1-0,1.021799,0.10623,1,2-0,2,0,0.915569,1,0,1-0,1.009843,0.104987,1,2-0,2,0,0.904856,1,0,1-0,0.997886,0.103744,1,2-0,2,0,0.894142,1,0,1-0,0.98593,0.102501,1,2-0,2,0,0.883429,1,0,1-0,0.973974,0.101258,1,2-0,2,0,0.872716,1,0,1-0,0.962017,0.100015,1,2-0,2,0,0.862002,1,0,1-0,0.950061,0.098772,1,2-0,2,0,0.851289,1,0,1-0,0.938105,0.097529,1,2-0,2,0,0.840575,1,0,1-0,0.926148,0.096286,1,2-0,2,0,0.829862,1,0,1-0,0.914192,0.095043,1,2-0,2,0,0.819149,1,0,1-0,0.902235,0.0938,1,2-0,2,0,0.808435,1,0,1-0,0.890279,0.092557,1,2-0,2,0,0.797722,1,0,1-0,0.878323,0.091314,1,2-0,2,0,0.787009,1,0,1-0,0.866366,0.090071,1,2-0,2,0,0.776295,1,0,1-0,0.85441,0.088828,1,2-0,2,0,0.765582,1,0,1-0,0.842454,0.087585,1,2-0,2,0,0.754869,1,0,1-0,0.830497,0.086342,1,2-0,2,0,0.744155
2006,2006-07-01T17:00:00+01:00,4,59,England,Portugal,0,0,0.354588,0.272811,0.372601,1.3238,1.3629,0.432348,0.306356,0.261296,0.111305,away,home,True,-0.07776,-0.033545,0.111305,1,2,1-2,0.603254,0.020483,0,2,0-2,0.582771,0,2,1,2-1,0.703499,0.026409,0,2-0,2,0,0.67709,2,1,2-1,0.697172,0.026172,0,2-0,2,0,0.671001,2,1,2-1,0.690846,0.025934,0,2-0,2,0,0.664912,2,1,2-1,0.68452,0.025697,0,2-0,2,0,0.658823,2,1,2-1,0.678193,0.025459,0,2-0,2,0,0.652734,2,1,2-1,0.671867,0.025222,0,2-0,2,0,0.646645,2,1,2-1,0.66554,0.024984,0,2-0,2,0,0.640556,2,1,2-1,0.659214,0.024747,0,2-0,2,0,0.634467,2,1,2-1,0.652888,0.024509,0,2-0,2,0,0.628378,2,1,2-1,0.646561,0.024272,0,2-0,2,0,0.622289,2,1,2-1,0.640235,0.024034,0,2-0,2,0,0.6162,2,1,2-1,0.633908,0.023797,0,2-0,2,0,0.610112,2,1,2-1,0.627582,0.023559,0,2-0,2,0,0.604023,2,1,2-1,0.621255,0.023322,0,2-0,2,0,0.597934,2,1,2-1,0.614929,0.023084,0,2-0,2,0,0.591845,2,1,2-1,0.608603,0.022847,0,2-0,2,0,0.585756,2,1,2-1,0.602276,0.022609,0,2-0,2,0,0.579667,2,1,2-1,0.59595,0.019634,0,1-2,1,2,0.576316,2,1,2-1,0.589623,0.004296,0,1-2,1,2,0.585328,1,2,1-2,0.59434,0.011043,0,2-1,2,1,0.583297,1,2,1-2,0.603351,0.020486,0,0-2,0,2,0.582865
2006,2006-07-01T21:00:00+01:00,4,60,Brazil,France,0,1,0.357637,0.295586,0.346776,1.182,1.1598,0.541295,0.297058,0.161647,0.185129,home,home,False,-0.183657,-0.001472,0.185129,2,1,2-1,0.580587,0.00647,1,1,1-1,0.574117,0,2,1,2-1,0.878791,0.016019,0,1-0,1,0,0.862772,2,1,2-1,0.863883,0.015747,0,1-0,1,0,0.848136,2,1,2-1,0.848974,0.015475,0,1-0,1,0,0.833499,2,1,2-1,0.834066,0.015203,0,1-0,1,0,0.818862,2,1,2-1,0.819157,0.014932,0,1-0,1,0,0.804226,2,1,2-1,0.804249,0.01466,0,1-0,1,0,0.789589,2,1,2-1,0.789341,0.014388,0,1-0,1,0,0.774953,2,1,2-1,0.774432,0.014116,0,1-0,1,0,0.760316,2,1,2-1,0.759524,0.013845,0,1-0,1,0,0.745679,2,1,2-1,0.744616,0.013573,0,1-0,1,0,0.731043,2,1,2-1,0.729707,0.013301,0,1-0,1,0,0.716406,2,1,2-1,0.714799,0.013029,0,1-0,1,0,0.70177,2,1,2-1,0.699891,0.012758,0,1-0,1,0,0.687133,2,1,2-1,0.684982,0.012486,0,1-0,1,0,0.672496,2,1,2-1,0.670074,0.012214,0,1-0,1,0,0.65786,2,1,2-1,0.655166,0.011942,0,1-0,1,0,0.643223,2,1,2-1,0.640257,0.011671,0,1-0,1,0,0.628586,2,1,2-1,0.625349,0.011399,0,1-0,1,0,0.61395,2,1,2-1,0.61044,0.011127,0,1-0,1,0,0.599313,2,1,2-1,0.595532,0.010855,0,1-0,1,0,0.584677,2,1,2-1,0.580624,0.006471,0,1-1,1,1,0.574153
2006,2006-07-04T21:00:00+01:00,2,61,Germany,Italy,0,2,0.308305,0.269601,0.422094,1.2268,1.4746,0.389966,0.328512,0.281523,0.140571,away,home,True,-0.081661,-0.058911,0.140571,1,2,1-2,0.674002,0.016547,0,2,0-2,0.657454,2,2,1,2-1,0.642291,0.0011,0,1-1,1,1,0.641191,2,1,2-1,0.635566,0.000124,0,1-1,1,1,0.635441,1,1,1-1,0.629692,0.000852,0,2-1,2,1,0.628841,1,1,1-1,0.623943,0.001827,0,2-1,2,1,0.622116,1,1,1-1,0.618194,0.002803,0,2-1,2,1,0.615391,1,1,1-1,0.612445,0.003779,0,2-1,2,1,0.608666,1,1,1-1,0.606696,0.004755,0,2-1,2,1,0.601941,1,1,1-1,0.600947,0.005731,0,2-1,2,1,0.595216,1,1,1-1,0.595198,0.006707,0,2-1,2,1,0.588491,1,1,1-1,0.589448,0.007682,0,2-1,2,1,0.581766,1,1,1-1,0.583699,0.008658,0,2-1,2,1,0.575041,1,1,1-1,0.57795,0.004846,0,1-2,1,2,0.573104,1,2,1-2,0.584329,0.012128,2,1-1,1,1,0.572201,1,2,1-2,0.595555,0.014621,2,0-2,0,2,0.580933,1,2,1-2,0.60678,0.014897,2,0-2,0,2,0.591883,1,2,1-2,0.618006,0.015173,2,0-2,0,2,0.602833,1,2,1-2,0.629231,0.015448,2,0-2,0,2,0.613783,1,2,1-2,0.640456,0.015724,2,0-2,0,2,0.624733,1,2,1-2,0.651682,0.015999,2,0-2,0,2,0.635682,1,2,1-2,0.662907,0.016275,2,0-2,0,2,0.646632,1,2,1-2,0.674133,0.016551,2,0-2,0,2,0.657582
2006,2006-07-05T21:00:00+01:00,2,62,Portugal,France,0,1,0.286011,0.295178,0.418811,1.0152,1.285,0.235996,0.319514,0.44449,0.050015,away,away,False,0.050015,-0.024336,-0.025679,1,2,1-2,0.669574,0.00126,0,2,0-2,0.668314,1,1,2,1-2,0.710679,0.001337,1,0-2,0,2,0.709342,1,2,1-2,0.708626,0.001333,1,0-2,0,2,0.707293,1,2,1-2,0.706573,0.001329,1,0-2,0,2,0.705244,1,2,1-2,0.70452,0.001325,1,0-2,0,2,0.703195,1,2,1-2,0.702467,0.001321,1,0-2,0,2,0.701146,1,2,1-2,0.700414,0.001318,1,0-2,0,2,0.699097,1,2,1-2,0.698362,0.001314,1,0-2,0,2,0.697048,1,2,1-2,0.696309,0.00131,1,0-2,0,2,0.694999,1,2,1-2,0.694256,0.001306,1,0-2,0,2,0.69295,1,2,1-2,0.692203,0.001302,1,0-2,0,2,0.690901,1,2,1-2,0.69015,0.001298,1,0-2,0,2,0.688852,1,2,1-2,0.688097,0.001294,1,0-2,0,2,0.686803,1,2,1-2,0.686044,0.001291,1,0-2,0,2,0.684754,1,2,1-2,0.683992,0.001287,1,0-2,0,2,0.682705,1,2,1-2,0.681939,0.001283,1,0-2,0,2,0.680656,1,2,1-2,0.679886,0.001279,1,0-2,0,2,0.678607,1,2,1-2,0.677833,0.001275,1,0-2,0,2,0.676558,1,2,1-2,0.67578,0.001271,1,0-2,0,2,0.674509,1,2,1-2,0.673727,0.001267,1,0-2,0,2,0.67246,1,2,1-2,0.671674,0.001264,1,0-2,0,2,0.670411,1,2,1-2,0.669621,0.00126,1,0-2,0,2,0.668362
2006,2006-07-08T21:00:00+01:00,1,63,Germany,Portugal,3,1,0.301226,0.233519,0.465255,1.4955,1.8928,0.526558,0.278762,0.19468,0.270575,away,home,True,-0.225332,-0.045243,0.270575,1,2,1-2,0.70622,0.029971,0,2,0-2,0.676249,0,2,1,2-1,0.842721,0.058985,1,2-0,2,0,0.783736,2,1,2-1,0.824689,0.057723,1,2-0,2,0,0.766967,2,1,2-1,0.806658,0.056461,1,2-0,2,0,0.750197,2,1,2-1,0.788627,0.055199,1,2-0,2,0,0.733428,2,1,2-1,0.770595,0.053937,1,2-0,2,0,0.716658,2,1,2-1,0.752564,0.052675,1,2-0,2,0,0.699889,2,1,2-1,0.734532,0.051412,1,2-0,2,0,0.68312,2,1,2-1,0.716501,0.05015,1,2-0,2,0,0.66635,2,1,2-1,0.698469,0.048888,1,2-0,2,0,0.649581,2,1,2-1,0.680438,0.047626,1,2-0,2,0,0.632812,2,1,2-1,0.662406,0.046364,1,2-0,2,0,0.616042,2,1,2-1,0.644375,0.045102,1,2-0,2,0,0.599273,2,1,2-1,0.626344,0.04384,1,2-0,2,0,0.582504,2,1,2-1,0.608312,0.042578,1,2-0,2,0,0.565734,2,1,2-1,0.590281,0.006725,1,1-2,1,2,0.583556,1,2,1-2,0.604111,0.025638,0,0-2,0,2,0.578473,1,2,1-2,0.624666,0.02651,0,0-2,0,2,0.598156,1,2,1-2,0.64522,0.027382,0,0-2,0,2,0.617838,1,2,1-2,0.665775,0.028255,0,0-2,0,2,0.637521,1,2,1-2,0.68633,0.029127,0,0-2,0,2,0.657203,1,2,1-2,0.706885,0.029999,0,0-2,0,2,0.676886
2006,2006-07-09T20:00:00+01:00,0,64,Italy,France,1,1,0.261606,0.334819,0.403574,0.7909,1.0541,0.356642,0.336475,0.306883,0.096692,away,home,True,-0.095036,-0.001655,0.096692,0,1,0-1,0.721817,0.056046,0,0,0-0,0.665772,0,1,0,1-0,0.677084,0.008009,0,0-0,0,0,0.669075,0,0,0-0,0.66891,0.000848,1,1-0,1,0,0.668062,0,0,0-0,0.668746,0.009705,1,1-0,1,0,0.659041,0,0,0-0,0.668581,0.018561,1,1-0,1,0,0.65002,0,0,0-0,0.668417,0.027418,1,1-0,1,0,0.640998,0,0,0-0,0.668252,0.036275,1,1-0,1,0,0.631977,0,0,0-0,0.668087,0.045131,1,1-0,1,0,0.622956,0,0,0-0,0.667923,0.052735,1,1-1,1,1,0.615188,0,0,0-0,0.667758,0.049694,1,0-1,0,1,0.618064,0,0,0-0,0.667594,0.040882,1,0-1,0,1,0.626712,0,0,0-0,0.667429,0.03207,1,0-1,0,1,0.635359,0,0,0-0,0.667264,0.023259,1,0-1,0,1,0.644006,0,0,0-0,0.6671,0.014447,1,0-1,0,1,0.652653,0,0,0-0,0.666935,0.005635,1,0-1,0,1,0.6613,0,1,0-1,0.669947,0.003176,0,0-0,0,0,0.666771,0,1,0-1,0.678594,0.011988,0,0-0,0,0,0.666606,0,1,0-1,0.687241,0.0208,0,0-0,0,0,0.666441,0,1,0-1,0.695888,0.029611,0,0-0,0,0,0.666277,0,1,0-1,0.704535,0.038423,0,0-0,0,0,0.666112,0,1,0-1,0.713183,0.047235,0,0-0,0,0,0.665948,0,1,0-1,0.72183,0.056047,0,0-0,0,0,0.665783
2010,2010-06-11T08:00:00+01:00,G,1,South Africa,Mexico,1,1,0.138563,0.212033,0.649403,0.7789,1.9613,0.319972,0.303805,0.376223,0.273181,away,away,False,-0.181409,-0.091772,0.273181,0,2,0-2,0.993812,0.027449,1,2,1-2,0.966363,0,1,1,1-1,0.592345,0.016034,3,0-2,0,2,0.576311,0,2,0-2,0.597235,0.013836,0,1-1,1,1,0.583398,0,2,0-2,0.618158,0.017073,0,1-2,1,2,0.601085,0,2,0-2,0.639081,0.017651,0,1-2,1,2,0.62143,0,2,0-2,0.660005,0.018229,0,1-2,1,2,0.641776,0,2,0-2,0.680928,0.018807,0,1-2,1,2,0.662121,0,2,0-2,0.701851,0.019385,0,1-2,1,2,0.682467,0,2,0-2,0.722775,0.019963,0,1-2,1,2,0.702812,0,2,0-2,0.743698,0.020541,0,1-2,1,2,0.723157,0,2,0-2,0.764622,0.021119,0,1-2,1,2,0.743503,0,2,0-2,0.785545,0.021696,0,1-2,1,2,0.763848,0,2,0-2,0.806468,0.022274,0,1-2,1,2,0.784194,0,2,0-2,0.827392,0.022852,0,1-2,1,2,0.804539,0,2,0-2,0.848315,0.02343,0,1-2,1,2,0.824885,0,2,0-2,0.869238,0.024008,0,1-2,1,2,0.84523,0,2,0-2,0.890162,0.024586,0,1-2,1,2,0.865576,0,2,0-2,0.911085,0.025164,0,1-2,1,2,0.885921,0,2,0-2,0.932009,0.025742,0,1-2,1,2,0.906267,0,2,0-2,0.952932,0.02632,0,1-2,1,2,0.926612,0,2,0-2,0.973855,0.026898,0,1-2,1,2,0.946958,0,2,0-2,0.994779,0.027475,0,1-2,1,2,0.967303
2010,2010-06-11T12:00:00+01:00,G,2,Uruguay,France,0,0,0.279686,0.277079,0.443234,1.0286,1.3673,0.26525,0.298526,0.436223,0.021447,away,away,False,0.014436,-0.021447,0.007011,1,2,1-2,0.703507,0.002434,0,2,0-2,0.701073,0,1,2,1-2,0.69245,0.002396,0,0-2,0,2,0.690055,1,2,1-2,0.693007,0.002397,0,0-2,0,2,0.690609,1,2,1-2,0.693563,0.002399,0,0-2,0,2,0.691164,1,2,1-2,0.69412,0.002401,0,0-2,0,2,0.691718,1,2,1-2,0.694676,0.002403,0,0-2,0,2,0.692273,1,2,1-2,0.695233,0.002405,0,0-2,0,2,0.692827,1,2,1-2,0.695789,0.002407,0,0-2,0,2,0.693382,1,2,1-2,0.696345,0.002409,0,0-2,0,2,0.693936,1,2,1-2,0.696902,0.002411,0,0-2,0,2,0.694491,1,2,1-2,0.697458,0.002413,0,0-2,0,2,0.695045,1,2,1-2,0.698015,0.002415,0,0-2,0,2,0.6956,1,2,1-2,0.698571,0.002417,0,0-2,0,2,0.696154,1,2,1-2,0.699128,0.002419,0,0-2,0,2,0.696709,1,2,1-2,0.699684,0.002421,0,0-2,0,2,0.697264,1,2,1-2,0.700241,0.002422,0,0-2,0,2,0.697818,1,2,1-2,0.700797,0.002424,0,0-2,0,2,0.698373,1,2,1-2,0.701353,0.002426,0,0-2,0,2,0.698927,1,2,1-2,0.70191,0.002428,0,0-2,0,2,0.699482,1,2,1-2,0.702466,0.00243,0,0-2,0,2,0.700036,1,2,1-2,0.703023,0.002432,0,0-2,0,2,0.700591,1,2,1-2,0.703579,0.002434,0,0-2,0,2,0.701145
2010,2010-06-12T05:00:00+01:00,G,3,South Korea,Greece,2,0,0.322513,0.309831,0.367656,0.9766,1.0635,0.35366,0.317851,0.328489,0.039167,away,home,True,-0.031147,-0.00802,0.039167,0,1,0-1,0.638801,0.052289,0,2,0-2,0.586512,0,1,0,1-0,0.626217,0.025765,1,1-1,1,1,0.600451,1,0,1-0,0.623459,0.023765,1,1-1,1,1,0.599694,1,0,1-0,0.620702,0.021765,1,1-1,1,1,0.598936,1,0,1-0,0.617944,0.019765,1,1-1,1,1,0.598179,1,0,1-0,0.615187,0.017765,1,1-1,1,1,0.597421,1,0,1-0,0.612429,0.015765,1,1-1,1,1,0.596664,1,0,1-0,0.609672,0.013765,1,1-1,1,1,0.595906,1,0,1-0,0.606914,0.011765,1,1-1,1,1,0.595149,1,0,1-0,0.604156,0.006172,1,0-1,0,1,0.597984,1,0,1-0,0.601399,1.2e-05,1,0-1,0,1,0.601387,0,1,0-1,0.60479,0.006148,0,1-0,1,0,0.598641,0,1,0-1,0.608192,0.012309,0,1-0,1,0,0.595884,0,1,0-1,0.611595,0.018469,0,1-0,1,0,0.593126,0,1,0-1,0.614998,0.024395,0,1-1,1,1,0.590603,0,1,0-1,0.618401,0.028555,0,1-1,1,1,0.589846,0,1,0-1,0.621803,0.032715,0,1-1,1,1,0.589088,0,1,0-1,0.625206,0.036875,0,1-1,1,1,0.588331,0,1,0-1,0.628609,0.041036,0,1-1,1,1,0.587573,0,1,0-1,0.632011,0.045196,0,1-1,1,1,0.586815,0,1,0-1,0.635414,0.049356,0,1-1,1,1,0.586058,0,1,0-1,0.638817,0.05229,0,0-2,0,2,0.586527
2010,2010-06-12T08:00:00+01:00,G,4,Argentina,Nigeria,1,0,0.583407,0.245315,0.171278,1.6734,0.7844,0.691541,0.21586,0.092599,0.108134,home,home,False,-0.108134,0.029455,0.078679,2,0,2-0,0.917004,0.025846,2,1,2-1,0.891158,1,2,0,2-0,1.087352,0.030647,1,2-1,2,1,1.056705,2,0,2-0,1.07885,0.030407,1,2-1,2,1,1.048443,2,0,2-0,1.070349,0.030168,1,2-1,2,1,1.040181,2,0,2-0,1.061848,0.029928,1,2-1,2,1,1.03192,2,0,2-0,1.053347,0.029688,1,2-1,2,1,1.023658,2,0,2-0,1.044845,0.029449,1,2-1,2,1,1.015396,2,0,2-0,1.036344,0.029209,1,2-1,2,1,1.007135,2,0,2-0,1.027843,0.02897,1,2-1,2,1,0.998873,2,0,2-0,1.019341,0.02873,1,2-1,2,1,0.990612,2,0,2-0,1.01084,0.02849,1,2-1,2,1,0.98235,2,0,2-0,1.002339,0.028251,1,2-1,2,1,0.974088,2,0,2-0,0.993838,0.028011,1,2-1,2,1,0.965827,2,0,2-0,0.985336,0.027772,1,2-1,2,1,0.957565,2,0,2-0,0.976835,0.027532,1,2-1,2,1,0.949303,2,0,2-0,0.968334,0.027292,1,2-1,2,1,0.941042,2,0,2-0,0.959833,0.027053,1,2-1,2,1,0.93278,2,0,2-0,0.951331,0.026813,1,2-1,2,1,0.924518,2,0,2-0,0.94283,0.026573,1,2-1,2,1,0.916257,2,0,2-0,0.934329,0.026334,1,2-1,2,1,0.907995,2,0,2-0,0.925827,0.026094,1,2-1,2,1,0.899733,2,0,2-0,0.917326,0.025855,1,2-1,2,1,0.891472
2010,2010-06-12T12:00:00+01:00,G,5,England,United States,1,1,0.604516,0.218206,0.177278,1.9661,0.9648,0.640456,0.231628,0.127916,0.049362,home,home,False,-0.03594,-0.013422,0.049362,2,0,2-0,0.909615,0.003627,2,1,2-1,0.905989,0,2,0,2-0,0.964652,0.003846,0,2-1,2,1,0.960806,2,0,2-0,0.961945,0.003835,0,2-1,2,1,0.95811,2,0,2-0,0.959238,0.003824,0,2-1,2,1,0.955414,2,0,2-0,0.956532,0.003814,0,2-1,2,1,0.952718,2,0,2-0,0.953825,0.003803,0,2-1,2,1,0.950022,2,0,2-0,0.951118,0.003792,0,2-1,2,1,0.947326,2,0,2-0,0.948412,0.003781,0,2-1,2,1,0.944631,2,0,2-0,0.945705,0.003771,0,2-1,2,1,0.941935,2,0,2-0,0.942999,0.00376,0,2-1,2,1,0.939239,2,0,2-0,0.940292,0.003749,0,2-1,2,1,0.936543,2,0,2-0,0.937585,0.003738,0,2-1,2,1,0.933847,2,0,2-0,0.934879,0.003727,0,2-1,2,1,0.931151,2,0,2-0,0.932172,0.003717,0,2-1,2,1,0.928456,2,0,2-0,0.929466,0.003706,0,2-1,2,1,0.92576,2,0,2-0,0.926759,0.003695,0,2-1,2,1,0.923064,2,0,2-0,0.924052,0.003684,0,2-1,2,1,0.920368,2,0,2-0,0.921346,0.003673,0,2-1,2,1,0.917672,2,0,2-0,0.918639,0.003663,0,2-1,2,1,0.914976,2,0,2-0,0.915932,0.003652,0,2-1,2,1,0.912281,2,0,2-0,0.913226,0.003641,0,2-1,2,1,0.909585,2,0,2-0,0.910519,0.00363,0,2-1,2,1,0.906889
2010,2010-06-13T05:00:00+01:00,G,6,Algeria,Slovenia,0,1,0.238826,0.27366,0.487514,0.9169,1.431,0.253373,0.303082,0.443545,0.04397,away,away,False,-0.014548,-0.029422,0.04397,0,2,0-2,0.772879,0.008136,1,2,1-2,0.764743,1,0,2,0-2,0.703263,0.007404,1,1-2,1,2,0.695859,0,2,0-2,0.706749,0.00744,1,1-2,1,2,0.699308,0,2,0-2,0.710235,0.007477,1,1-2,1,2,0.702758,0,2,0-2,0.71372,0.007514,1,1-2,1,2,0.706207,0,2,0-2,0.717206,0.00755,1,1-2,1,2,0.709656,0,2,0-2,0.720692,0.007587,1,1-2,1,2,0.713105,0,2,0-2,0.724178,0.007624,1,1-2,1,2,0.716554,0,2,0-2,0.727664,0.00766,1,1-2,1,2,0.720003,0,2,0-2,0.731149,0.007697,1,1-2,1,2,0.723452,0,2,0-2,0.734635,0.007734,1,1-2,1,2,0.726901,0,2,0-2,0.738121,0.007771,1,1-2,1,2,0.73035,0,2,0-2,0.741607,0.007807,1,1-2,1,2,0.733799,0,2,0-2,0.745093,0.007844,1,1-2,1,2,0.737249,0,2,0-2,0.748578,0.007881,1,1-2,1,2,0.740698,0,2,0-2,0.752064,0.007917,1,1-2,1,2,0.744147,0,2,0-2,0.75555,0.007954,1,1-2,1,2,0.747596,0,2,0-2,0.759036,0.007991,1,1-2,1,2,0.751045,0,2,0-2,0.762522,0.008027,1,1-2,1,2,0.754494,0,2,0-2,0.766007,0.008064,1,1-2,1,2,0.757943,0,2,0-2,0.769493,0.008101,1,1-2,1,2,0.761392,0,2,0-2,0.772979,0.008138,1,1-2,1,2,0.764841
2010,2010-06-13T08:00:00+01:00,G,7,Serbia,Ghana,0,1,0.460249,0.25565,0.284101,1.5604,1.1734,0.476119,0.292512,0.231369,0.052733,home,home,False,-0.01587,-0.036863,0.052733,2,1,2-1,0.72486,0.013713,2,0,2-0,0.711147,0,2,1,2-1,0.750043,0.014189,0,2-0,2,0,0.735854,2,1,2-1,0.748793,0.014166,0,2-0,2,0,0.734627,2,1,2-1,0.747543,0.014142,0,2-0,2,0,0.733401,2,1,2-1,0.746293,0.014118,0,2-0,2,0,0.732175,2,1,2-1,0.745043,0.014095,0,2-0,2,0,0.730948,2,1,2-1,0.743793,0.014071,0,2-0,2,0,0.729722,2,1,2-1,0.742543,0.014048,0,2-0,2,0,0.728495,2,1,2-1,0.741293,0.014024,0,2-0,2,0,0.727269,2,1,2-1,0.740043,0.014,0,2-0,2,0,0.726043,2,1,2-1,0.738793,0.013977,0,2-0,2,0,0.724816,2,1,2-1,0.737543,0.013953,0,2-0,2,0,0.72359,2,1,2-1,0.736293,0.013929,0,2-0,2,0,0.722364,2,1,2-1,0.735043,0.013906,0,2-0,2,0,0.721137,2,1,2-1,0.733793,0.013882,0,2-0,2,0,0.719911,2,1,2-1,0.732543,0.013858,0,2-0,2,0,0.718684,2,1,2-1,0.731293,0.013835,0,2-0,2,0,0.717458,2,1,2-1,0.730043,0.013811,0,2-0,2,0,0.716232,2,1,2-1,0.728793,0.013787,0,2-0,2,0,0.715005,2,1,2-1,0.727543,0.013764,0,2-0,2,0,0.713779,2,1,2-1,0.726293,0.01374,0,2-0,2,0,0.712553,2,1,2-1,0.725043,0.013716,0,2-0,2,0,0.711326
2010,2010-06-13T12:00:00+01:00,G,8,Germany,Australia,4,0,0.569491,0.23042,0.200088,1.8483,1.0025,0.638636,0.238362,0.123002,0.077087,home,home,False,-0.069145,-0.007942,0.077087,2,1,2-1,0.865774,0.000249,2,0,2-0,0.865525,1,2,1,2-1,0.971549,0.00028,1,2-0,2,0,0.97127,2,1,2-1,0.96629,0.000278,1,2-0,2,0,0.966012,2,1,2-1,0.96103,0.000277,1,2-0,2,0,0.960754,2,1,2-1,0.955771,0.000275,1,2-0,2,0,0.955496,2,1,2-1,0.950511,0.000273,1,2-0,2,0,0.950238,2,1,2-1,0.945252,0.000272,1,2-0,2,0,0.94498,2,1,2-1,0.939992,0.00027,1,2-0,2,0,0.939722,2,1,2-1,0.934733,0.000269,1,2-0,2,0,0.934464,2,1,2-1,0.929473,0.000267,1,2-0,2,0,0.929206,2,1,2-1,0.924214,0.000266,1,2-0,2,0,0.923948,2,1,2-1,0.918955,0.000264,1,2-0,2,0,0.91869,2,1,2-1,0.913695,0.000263,1,2-0,2,0,0.913432,2,1,2-1,0.908436,0.000261,1,2-0,2,0,0.908174,2,1,2-1,0.903176,0.00026,1,2-0,2,0,0.902916,2,1,2-1,0.897917,0.000258,1,2-0,2,0,0.897658,2,1,2-1,0.892657,0.000257,1,2-0,2,0,0.8924,2,1,2-1,0.887398,0.000255,1,2-0,2,0,0.887142,2,1,2-1,0.882138,0.000254,1,2-0,2,0,0.881884,2,1,2-1,0.876879,0.000252,1,2-0,2,0,0.876627,2,1,2-1,0.871619,0.000251,1,2-0,2,0,0.871369,2,1,2-1,0.86636,0.000249,1,2-0,2,0,0.866111
2010,2010-06-14T05:00:00+01:00,G,9,Netherlands,Denmark,2,0,0.576995,0.241814,0.181191,1.7139,0.8468,0.634828,0.234732,0.13044,0.057833,home,home,False,-0.057833,0.007082,0.050751,2,0,2-0,0.899749,0.017378,2,1,2-1,0.882371,3,2,0,2-0,0.99034,0.019128,3,2-1,2,1,0.971212,2,0,2-0,0.985829,0.019041,3,2-1,2,1,0.966788,2,0,2-0,0.981318,0.018954,3,2-1,2,1,0.962364,2,0,2-0,0.976807,0.018867,3,2-1,2,1,0.957941,2,0,2-0,0.972296,0.01878,3,2-1,2,1,0.953517,2,0,2-0,0.967785,0.018693,3,2-1,2,1,0.949093,2,0,2-0,0.963274,0.018605,3,2-1,2,1,0.944669,2,0,2-0,0.958763,0.018518,3,2-1,2,1,0.940245,2,0,2-0,0.954252,0.018431,3,2-1,2,1,0.935821,2,0,2-0,0.949741,0.018344,3,2-1,2,1,0.931397,2,0,2-0,0.94523,0.018257,3,2-1,2,1,0.926973,2,0,2-0,0.940719,0.01817,3,2-1,2,1,0.922549,2,0,2-0,0.936208,0.018083,3,2-1,2,1,0.918126,2,0,2-0,0.931697,0.017995,3,2-1,2,1,0.913702,2,0,2-0,0.927186,0.017908,3,2-1,2,1,0.909278,2,0,2-0,0.922675,0.017821,3,2-1,2,1,0.904854,2,0,2-0,0.918164,0.017734,3,2-1,2,1,0.90043,2,0,2-0,0.913653,0.017647,3,2-1,2,1,0.896006,2,0,2-0,0.909142,0.01756,3,2-1,2,1,0.891582,2,0,2-0,0.904631,0.017473,3,2-1,2,1,0.887158,2,0,2-0,0.90012,0.017386,3,2-1,2,1,0.882734
2010,2010-06-14T08:00:00+01:00,G,10,Japan,Cameroon,1,0,0.313625,0.256532,0.429843,1.2597,1.5158,0.251513,0.303966,0.444522,0.062112,away,away,False,0.062112,-0.047434,-0.014679,1,2,1-2,0.681713,0.01859,0,2,0-2,0.663122,0,1,2,1-2,0.705157,0.01923,0,0-2,0,2,0.685927,1,2,1-2,0.703993,0.019198,0,0-2,0,2,0.684795,1,2,1-2,0.702829,0.019166,0,0-2,0,2,0.683662,1,2,1-2,0.701664,0.019134,0,0-2,0,2,0.68253,1,2,1-2,0.7005,0.019103,0,0-2,0,2,0.681397,1,2,1-2,0.699336,0.019071,0,0-2,0,2,0.680265,1,2,1-2,0.698172,0.019039,0,0-2,0,2,0.679132,1,2,1-2,0.697007,0.019007,0,0-2,0,2,0.678,1,2,1-2,0.695843,0.018976,0,0-2,0,2,0.676867,1,2,1-2,0.694679,0.018944,0,0-2,0,2,0.675735,1,2,1-2,0.693515,0.018912,0,0-2,0,2,0.674602,1,2,1-2,0.69235,0.01888,0,0-2,0,2,0.67347,1,2,1-2,0.691186,0.018849,0,0-2,0,2,0.672337,1,2,1-2,0.690022,0.018817,0,0-2,0,2,0.671205,1,2,1-2,0.688858,0.018785,0,0-2,0,2,0.670072,1,2,1-2,0.687693,0.018753,0,0-2,0,2,0.66894,1,2,1-2,0.686529,0.018722,0,0-2,0,2,0.667807,1,2,1-2,0.685365,0.01869,0,0-2,0,2,0.666675,1,2,1-2,0.684201,0.018658,0,0-2,0,2,0.665542,1,2,1-2,0.683036,0.018626,0,0-2,0,2,0.66441,1,2,1-2,0.681872,0.018595,0,0-2,0,2,0.663277
2010,2010-06-14T12:00:00+01:00,G,11,Italy,Paraguay,1,1,0.446784,0.287388,0.265828,1.3008,0.9365,0.449685,0.307648,0.242667,0.023162,home,home,False,-0.002901,-0.02026,0.023162,1,0,1-0,0.719277,0.007317,2,0,2-0,0.71196,0,1,0,1-0,0.723999,0.007365,0,2-0,2,0,0.716634,1,0,1-0,0.723766,0.007363,0,2-0,2,0,0.716403,1,0,1-0,0.723532,0.007361,0,2-0,2,0,0.716172,1,0,1-0,0.723299,0.007358,0,2-0,2,0,0.715941,1,0,1-0,0.723065,0.007356,0,2-0,2,0,0.715709,1,0,1-0,0.722832,0.007353,0,2-0,2,0,0.715478,1,0,1-0,0.722598,0.007351,0,2-0,2,0,0.715247,1,0,1-0,0.722365,0.007349,0,2-0,2,0,0.715016,1,0,1-0,0.722131,0.007346,0,2-0,2,0,0.714785,1,0,1-0,0.721897,0.007344,0,2-0,2,0,0.714553,1,0,1-0,0.721664,0.007342,0,2-0,2,0,0.714322,1,0,1-0,0.72143,0.007339,0,2-0,2,0,0.714091,1,0,1-0,0.721197,0.007337,0,2-0,2,0,0.71386,1,0,1-0,0.720963,0.007334,0,2-0,2,0,0.713629,1,0,1-0,0.72073,0.007332,0,2-0,2,0,0.713397,1,0,1-0,0.720496,0.00733,0,2-0,2,0,0.713166,1,0,1-0,0.720262,0.007327,0,2-0,2,0,0.712935,1,0,1-0,0.720029,0.007325,0,2-0,2,0,0.712704,1,0,1-0,0.719795,0.007323,0,2-0,2,0,0.712473,1,0,1-0,0.719562,0.00732,0,2-0,2,0,0.712242,1,0,1-0,0.719328,0.007318,0,2-0,2,0,0.71201
2010,2010-06-15T05:00:00+01:00,G,12,New Zealand,Slovakia,1,1,0.086504,0.153841,0.759655,0.74,2.5296,0.115664,0.24389,0.640446,0.119209,away,away,False,-0.02916,-0.090049,0.119209,0,2,0-2,1.089515,0.024176,0,3,0-3,1.065339,0,0,2,0-2,0.922741,0.020475,0,0-3,0,3,0.902266,0,2,0-2,0.931329,0.020666,0,0-3,0,3,0.910663,0,2,0-2,0.939917,0.020856,0,0-3,0,3,0.91906,0,2,0-2,0.948504,0.021047,0,0-3,0,3,0.927457,0,2,0-2,0.957092,0.021237,0,0-3,0,3,0.935855,0,2,0-2,0.96568,0.021428,0,0-3,0,3,0.944252,0,2,0-2,0.974267,0.021618,0,0-3,0,3,0.952649,0,2,0-2,0.982855,0.021809,0,0-3,0,3,0.961046,0,2,0-2,0.991443,0.022,0,0-3,0,3,0.969443,0,2,0-2,1.00003,0.02219,0,0-3,0,3,0.97784,0,2,0-2,1.008618,0.022381,0,0-3,0,3,0.986237,0,2,0-2,1.017206,0.022571,0,0-3,0,3,0.994635,0,2,0-2,1.025794,0.022762,0,0-3,0,3,1.003032,0,2,0-2,1.034381,0.022952,0,0-3,0,3,1.011429,0,2,0-2,1.042969,0.023143,0,0-3,0,3,1.019826,0,2,0-2,1.051557,0.023333,0,0-3,0,3,1.028223,0,2,0-2,1.060144,0.023524,0,0-3,0,3,1.03662,0,2,0-2,1.068732,0.023715,0,0-3,0,3,1.045017,0,2,0-2,1.07732,0.023905,0,0-3,0,3,1.053415,0,2,0-2,1.085907,0.024096,0,0-3,0,3,1.061812,0,2,0-2,1.094495,0.024286,0,0-3,0,3,1.070209
2010,2010-06-15T08:00:00+01:00,G,13,Ivory Coast,Portugal,0,0,0.262612,0.235242,0.502146,1.2479,1.8042,0.251031,0.300266,0.448703,0.065024,away,away,False,0.011581,-0.065024,0.053443,1,2,1-2,0.770725,0.019068,0,2,0-2,0.751656,0,1,2,1-2,0.689123,0.017049,0,0-2,0,2,0.672074,1,2,1-2,0.693227,0.017151,0,0-2,0,2,0.676076,1,2,1-2,0.697331,0.017253,0,0-2,0,2,0.680079,1,2,1-2,0.701435,0.017354,0,0-2,0,2,0.684081,1,2,1-2,0.705539,0.017456,0,0-2,0,2,0.688083,1,2,1-2,0.709643,0.017557,0,0-2,0,2,0.692086,1,2,1-2,0.713747,0.017659,0,0-2,0,2,0.696088,1,2,1-2,0.717851,0.01776,0,0-2,0,2,0.70009,1,2,1-2,0.721955,0.017862,0,0-2,0,2,0.704093,1,2,1-2,0.726059,0.017963,0,0-2,0,2,0.708095,1,2,1-2,0.730162,0.018065,0,0-2,0,2,0.712098,1,2,1-2,0.734266,0.018166,0,0-2,0,2,0.7161,1,2,1-2,0.73837,0.018268,0,0-2,0,2,0.720102,1,2,1-2,0.742474,0.018369,0,0-2,0,2,0.724105,1,2,1-2,0.746578,0.018471,0,0-2,0,2,0.728107,1,2,1-2,0.750682,0.018573,0,0-2,0,2,0.73211,1,2,1-2,0.754786,0.018674,0,0-2,0,2,0.736112,1,2,1-2,0.75889,0.018776,0,0-2,0,2,0.740114,1,2,1-2,0.762994,0.018877,0,0-2,0,2,0.744117,1,2,1-2,0.767098,0.018979,0,0-2,0,2,0.748119,1,2,1-2,0.771202,0.01908,0,0-2,0,2,0.752121
2010,2010-06-15T12:00:00+01:00,G,14,Brazil,North Korea,2,1,0.87925,0.094827,0.025922,2.8585,0.3519,0.883877,0.09117,0.024953,0.004627,home,home,False,-0.004627,0.003657,0.00097,2,0,2-0,1.258848,0.008563,3,0,3-0,1.250285,2,2,0,2-0,1.277127,0.008687,2,3-0,3,0,1.26844,2,0,2-0,1.276792,0.008685,2,3-0,3,0,1.268108,2,0,2-0,1.276458,0.008682,2,3-0,3,0,1.267776,2,0,2-0,1.276124,0.00868,2,3-0,3,0,1.267444,2,0,2-0,1.27579,0.008678,2,3-0,3,0,1.267112,2,0,2-0,1.275455,0.008676,2,3-0,3,0,1.26678,2,0,2-0,1.275121,0.008673,2,3-0,3,0,1.266448,2,0,2-0,1.274787,0.008671,2,3-0,3,0,1.266116,2,0,2-0,1.274452,0.008669,2,3-0,3,0,1.265784,2,0,2-0,1.274118,0.008667,2,3-0,3,0,1.265452,2,0,2-0,1.273784,0.008664,2,3-0,3,0,1.26512,2,0,2-0,1.27345,0.008662,2,3-0,3,0,1.264788,2,0,2-0,1.273115,0.00866,2,3-0,3,0,1.264456,2,0,2-0,1.272781,0.008657,2,3-0,3,0,1.264124,2,0,2-0,1.272447,0.008655,2,3-0,3,0,1.263792,2,0,2-0,1.272112,0.008653,2,3-0,3,0,1.26346,2,0,2-0,1.271778,0.008651,2,3-0,3,0,1.263128,2,0,2-0,1.271444,0.008648,2,3-0,3,0,1.262796,2,0,2-0,1.27111,0.008646,2,3-0,3,0,1.262464,2,0,2-0,1.270775,0.008644,2,3-0,3,0,1.262132,2,0,2-0,1.270441,0.008642,2,3-0,3,0,1.2618
2010,2010-06-16T05:00:00+01:00,G,15,Honduras,Chile,0,1,0.321708,0.267079,0.411212,1.2077,1.3993,0.155931,0.260625,0.583444,0.172231,away,away,False,0.165777,0.006454,-0.172231,1,2,1-2,0.657778,0.014995,0,2,0-2,0.642783,1,1,2,1-2,0.933416,0.021278,1,0-2,0,2,0.912138,1,2,1-2,0.919639,0.020964,1,0-2,0,2,0.898675,1,2,1-2,0.905862,0.02065,1,0-2,0,2,0.885211,1,2,1-2,0.892085,0.020336,1,0-2,0,2,0.871748,1,2,1-2,0.878307,0.020022,1,0-2,0,2,0.858285,1,2,1-2,0.86453,0.019708,1,0-2,0,2,0.844822,1,2,1-2,0.850753,0.019394,1,0-2,0,2,0.831359,1,2,1-2,0.836976,0.01908,1,0-2,0,2,0.817896,1,2,1-2,0.823199,0.018766,1,0-2,0,2,0.804433,1,2,1-2,0.809422,0.018452,1,0-2,0,2,0.79097,1,2,1-2,0.795645,0.018138,1,0-2,0,2,0.777507,1,2,1-2,0.781868,0.017824,1,0-2,0,2,0.764044,1,2,1-2,0.76809,0.01751,1,0-2,0,2,0.750581,1,2,1-2,0.754313,0.017195,1,0-2,0,2,0.737118,1,2,1-2,0.740536,0.016881,1,0-2,0,2,0.723655,1,2,1-2,0.726759,0.016567,1,0-2,0,2,0.710192,1,2,1-2,0.712982,0.016253,1,0-2,0,2,0.696729,1,2,1-2,0.699205,0.015939,1,0-2,0,2,0.683266,1,2,1-2,0.685428,0.015625,1,0-2,0,2,0.669803,1,2,1-2,0.671651,0.015311,1,0-2,0,2,0.656339,1,2,1-2,0.657873,0.014997,1,0-2,0,2,0.642876
2010,2010-06-16T08:00:00+01:00,G,16,Spain,Switzerland,0,1,0.672732,0.200498,0.126769,2.0638,0.7685,0.757503,0.177418,0.065079,0.084771,home,home,False,-0.084771,0.023081,0.06169,2,0,2-0,1.01897,0.029028,2,1,2-1,0.989942,0,2,0,2-0,1.148905,0.03273,0,2-1,2,1,1.116175,2,0,2-0,1.142476,0.032547,0,2-1,2,1,1.109929,2,0,2-0,1.136047,0.032364,0,2-1,2,1,1.103684,2,0,2-0,1.129619,0.032181,0,2-1,2,1,1.097438,2,0,2-0,1.12319,0.031997,0,2-1,2,1,1.091193,2,0,2-0,1.116762,0.031814,0,2-1,2,1,1.084947,2,0,2-0,1.110333,0.031631,0,2-1,2,1,1.078702,2,0,2-0,1.103904,0.031448,0,2-1,2,1,1.072456,2,0,2-0,1.097476,0.031265,0,2-1,2,1,1.066211,2,0,2-0,1.091047,0.031082,0,2-1,2,1,1.059966,2,0,2-0,1.084619,0.030899,0,2-1,2,1,1.05372,2,0,2-0,1.07819,0.030716,0,2-1,2,1,1.047475,2,0,2-0,1.071762,0.030532,0,2-1,2,1,1.041229,2,0,2-0,1.065333,0.030349,0,2-1,2,1,1.034984,2,0,2-0,1.058904,0.030166,0,2-1,2,1,1.028738,2,0,2-0,1.052476,0.029983,0,2-1,2,1,1.022493,2,0,2-0,1.046047,0.0298,0,2-1,2,1,1.016247,2,0,2-0,1.039619,0.029617,0,2-1,2,1,1.010002,2,0,2-0,1.03319,0.029434,0,2-1,2,1,1.003756,2,0,2-0,1.026761,0.02925,0,2-1,2,1,0.997511,2,0,2-0,1.020333,0.029067,0,2-1,2,1,0.991266
2010,2010-06-16T12:00:00+01:00,G,17,South Africa,Uruguay,0,3,0.168872,0.232036,0.599093,0.8383,1.7995,0.288364,0.306791,0.404845,0.194248,away,away,False,-0.119493,-0.074755,0.194248,0,2,0-2,0.927422,0.018727,1,2,1-2,0.908695,1,0,2,0-2,0.62707,0.012662,1,1-2,1,2,0.614408,0,2,0-2,0.642114,0.012966,1,1-2,1,2,0.629148,0,2,0-2,0.657158,0.01327,1,1-2,1,2,0.643888,0,2,0-2,0.672201,0.013573,1,1-2,1,2,0.658628,0,2,0-2,0.687245,0.013877,1,1-2,1,2,0.673368,0,2,0-2,0.702289,0.014181,1,1-2,1,2,0.688108,0,2,0-2,0.717333,0.014485,1,1-2,1,2,0.702848,0,2,0-2,0.732376,0.014789,1,1-2,1,2,0.717588,0,2,0-2,0.74742,0.015092,1,1-2,1,2,0.732328,0,2,0-2,0.762464,0.015396,1,1-2,1,2,0.747068,0,2,0-2,0.777507,0.0157,1,1-2,1,2,0.761807,0,2,0-2,0.792551,0.016004,1,1-2,1,2,0.776547,0,2,0-2,0.807595,0.016307,1,1-2,1,2,0.791287,0,2,0-2,0.822638,0.016611,1,1-2,1,2,0.806027,0,2,0-2,0.837682,0.016915,1,1-2,1,2,0.820767,0,2,0-2,0.852726,0.017219,1,1-2,1,2,0.835507,0,2,0-2,0.86777,0.017522,1,1-2,1,2,0.850247,0,2,0-2,0.882813,0.017826,1,1-2,1,2,0.864987,0,2,0-2,0.897857,0.01813,1,1-2,1,2,0.879727,0,2,0-2,0.912901,0.018434,1,1-2,1,2,0.894467,0,2,0-2,0.927944,0.018738,1,1-2,1,2,0.909207
2010,2010-06-17T12:00:00+01:00,G,18,France,Mexico,0,2,0.395533,0.281448,0.32302,1.2705,1.1211,0.449208,0.300782,0.250009,0.07301,home,home,False,-0.053676,-0.019335,0.07301,2,1,2-1,0.634895,0.008939,2,0,2-0,0.625956,0,2,1,2-1,0.72111,0.010153,0,2-0,2,0,0.710957,2,1,2-1,0.716802,0.010093,0,2-0,2,0,0.706709,2,1,2-1,0.712493,0.010032,0,2-0,2,0,0.702461,2,1,2-1,0.708185,0.009971,0,2-0,2,0,0.698214,2,1,2-1,0.703877,0.009911,0,2-0,2,0,0.693966,2,1,2-1,0.699569,0.00985,0,2-0,2,0,0.689719,2,1,2-1,0.69526,0.009789,0,2-0,2,0,0.685471,2,1,2-1,0.690952,0.009729,0,2-0,2,0,0.681223,2,1,2-1,0.686644,0.009668,0,2-0,2,0,0.676976,2,1,2-1,0.682336,0.009607,0,2-0,2,0,0.672728,2,1,2-1,0.678027,0.009547,0,2-0,2,0,0.668481,2,1,2-1,0.673719,0.009486,0,2-0,2,0,0.664233,2,1,2-1,0.669411,0.009425,0,2-0,2,0,0.659985,2,1,2-1,0.665103,0.009365,0,2-0,2,0,0.655738,2,1,2-1,0.660794,0.009304,0,2-0,2,0,0.65149,2,1,2-1,0.656486,0.009243,0,2-0,2,0,0.647243,2,1,2-1,0.652178,0.009183,0,2-0,2,0,0.642995,2,1,2-1,0.647869,0.009122,0,2-0,2,0,0.638747,2,1,2-1,0.643561,0.009061,0,2-0,2,0,0.6345,2,1,2-1,0.639253,0.009001,0,2-0,2,0,0.630252,2,1,2-1,0.634945,0.00894,0,2-0,2,0,0.626005
2010,2010-06-17T05:00:00+01:00,G,19,Argentina,South Korea,4,1,0.652147,0.21615,0.131703,1.8999,0.7177,0.653962,0.234324,0.111714,0.019988,home,home,False,-0.001814,-0.018174,0.019988,2,0,2-0,1.009587,0.037186,2,1,2-1,0.972401,1,2,0,2-0,1.0132,0.037319,1,2-1,2,1,0.975881,2,0,2-0,1.01306,0.037314,1,2-1,2,1,0.975746,2,0,2-0,1.012919,0.037309,1,2-1,2,1,0.97561,2,0,2-0,1.012779,0.037304,1,2-1,2,1,0.975475,2,0,2-0,1.012638,0.037299,1,2-1,2,1,0.975339,2,0,2-0,1.012498,0.037293,1,2-1,2,1,0.975204,2,0,2-0,1.012357,0.037288,1,2-1,2,1,0.975069,2,0,2-0,1.012216,0.037283,1,2-1,2,1,0.974933,2,0,2-0,1.012076,0.037278,1,2-1,2,1,0.974798,2,0,2-0,1.011935,0.037273,1,2-1,2,1,0.974663,2,0,2-0,1.011795,0.037268,1,2-1,2,1,0.974527,2,0,2-0,1.011654,0.037262,1,2-1,2,1,0.974392,2,0,2-0,1.011514,0.037257,1,2-1,2,1,0.974257,2,0,2-0,1.011373,0.037252,1,2-1,2,1,0.974121,2,0,2-0,1.011233,0.037247,1,2-1,2,1,0.973986,2,0,2-0,1.011092,0.037242,1,2-1,2,1,0.97385,2,0,2-0,1.010952,0.037236,1,2-1,2,1,0.973715,2,0,2-0,1.010811,0.037231,1,2-1,2,1,0.97358,2,0,2-0,1.01067,0.037226,1,2-1,2,1,0.973444,2,0,2-0,1.01053,0.037221,1,2-1,2,1,0.973309,2,0,2-0,1.010389,0.037216,1,2-1,2,1,0.973174
2010,2010-06-17T08:00:00+01:00,G,20,Greece,Nigeria,2,1,0.309537,0.312597,0.377866,0.9367,1.0674,0.237677,0.291191,0.471133,0.093267,away,away,False,0.071861,0.021406,-0.093267,0,1,0-1,0.660206,0.056866,0,2,0-2,0.603339,0,0,1,0-1,0.82318,0.070904,0,0-2,0,2,0.752276,0,1,0-1,0.815032,0.070202,0,0-2,0,2,0.744829,0,1,0-1,0.806884,0.0695,0,0-2,0,2,0.737383,0,1,0-1,0.798736,0.068799,0,0-2,0,2,0.729937,0,1,0-1,0.790588,0.068097,0,0-2,0,2,0.722491,0,1,0-1,0.78244,0.067395,0,0-2,0,2,0.715045,0,1,0-1,0.774292,0.066693,0,0-2,0,2,0.707599,0,1,0-1,0.766144,0.065991,0,0-2,0,2,0.700153,0,1,0-1,0.757996,0.065289,0,0-2,0,2,0.692707,0,1,0-1,0.749848,0.064588,0,0-2,0,2,0.68526,0,1,0-1,0.7417,0.063886,0,0-2,0,2,0.677814,0,1,0-1,0.733552,0.063184,0,0-2,0,2,0.670368,0,1,0-1,0.725404,0.062482,0,0-2,0,2,0.662922,0,1,0-1,0.717256,0.06178,0,0-2,0,2,0.655476,0,1,0-1,0.709108,0.061079,0,0-2,0,2,0.64803,0,1,0-1,0.70096,0.060377,0,0-2,0,2,0.640584,0,1,0-1,0.692812,0.059675,0,0-2,0,2,0.633137,0,1,0-1,0.684664,0.058973,0,0-2,0,2,0.625691,0,1,0-1,0.676516,0.058271,0,0-2,0,2,0.618245,0,1,0-1,0.668369,0.057569,0,0-2,0,2,0.610799,0,1,0-1,0.660221,0.056868,0,0-2,0,2,0.603353
2010,2010-06-18T08:00:00+01:00,G,21,Slovenia,United States,2,2,0.257792,0.26195,0.480258,1.044,1.5209,0.256897,0.292739,0.450364,0.03079,away,away,False,0.000895,-0.03079,0.029895,1,2,1-2,0.754903,0.003916,0,2,0-2,0.750987,0,1,2,1-2,0.708054,0.003673,0,0-2,0,2,0.704381,1,2,1-2,0.710404,0.003685,0,0-2,0,2,0.706719,1,2,1-2,0.712754,0.003697,0,0-2,0,2,0.709057,1,2,1-2,0.715104,0.003709,0,0-2,0,2,0.711395,1,2,1-2,0.717454,0.003721,0,0-2,0,2,0.713732,1,2,1-2,0.719804,0.003734,0,0-2,0,2,0.71607,1,2,1-2,0.722154,0.003746,0,0-2,0,2,0.718408,1,2,1-2,0.724504,0.003758,0,0-2,0,2,0.720746,1,2,1-2,0.726854,0.00377,0,0-2,0,2,0.723084,1,2,1-2,0.729204,0.003782,0,0-2,0,2,0.725421,1,2,1-2,0.731554,0.003794,0,0-2,0,2,0.727759,1,2,1-2,0.733904,0.003807,0,0-2,0,2,0.730097,1,2,1-2,0.736254,0.003819,0,0-2,0,2,0.732435,1,2,1-2,0.738604,0.003831,0,0-2,0,2,0.734773,1,2,1-2,0.740954,0.003843,0,0-2,0,2,0.73711,1,2,1-2,0.743304,0.003855,0,0-2,0,2,0.739448,1,2,1-2,0.745654,0.003868,0,0-2,0,2,0.741786,1,2,1-2,0.748004,0.00388,0,0-2,0,2,0.744124,1,2,1-2,0.750354,0.003892,0,0-2,0,2,0.746462,1,2,1-2,0.752704,0.003904,0,0-2,0,2,0.748799,1,2,1-2,0.755054,0.003916,0,0-2,0,2,0.751137
2010,2010-06-18T12:00:00+01:00,G,22,England,Algeria,0,0,0.816162,0.127808,0.05603,2.6948,0.5816,0.796862,0.152555,0.050583,0.024746,home,home,False,0.0193,-0.024746,0.005447,2,0,2-0,1.164801,0.015182,3,0,3-0,1.149618,0,2,0,2-0,1.144753,0.014921,0,3-0,3,0,1.129832,2,0,2-0,1.14614,0.014939,0,3-0,3,0,1.131201,2,0,2-0,1.147526,0.014957,0,3-0,3,0,1.132569,2,0,2-0,1.148912,0.014975,0,3-0,3,0,1.133937,2,0,2-0,1.150298,0.014993,0,3-0,3,0,1.135305,2,0,2-0,1.151685,0.015011,0,3-0,3,0,1.136673,2,0,2-0,1.153071,0.015029,0,3-0,3,0,1.138042,2,0,2-0,1.154457,0.015047,0,3-0,3,0,1.13941,2,0,2-0,1.155844,0.015066,0,3-0,3,0,1.140778,2,0,2-0,1.15723,0.015084,0,3-0,3,0,1.142146,2,0,2-0,1.158616,0.015102,0,3-0,3,0,1.143514,2,0,2-0,1.160002,0.01512,0,3-0,3,0,1.144883,2,0,2-0,1.161389,0.015138,0,3-0,3,0,1.146251,2,0,2-0,1.162775,0.015156,0,3-0,3,0,1.147619,2,0,2-0,1.164161,0.015174,0,3-0,3,0,1.148987,2,0,2-0,1.165547,0.015192,0,3-0,3,0,1.150355,2,0,2-0,1.166934,0.01521,0,3-0,3,0,1.151724,2,0,2-0,1.16832,0.015228,0,3-0,3,0,1.153092,2,0,2-0,1.169706,0.015246,0,3-0,3,0,1.15446,2,0,2-0,1.171093,0.015264,0,3-0,3,0,1.155828,2,0,2-0,1.172479,0.015282,0,3-0,3,0,1.157197
2010,2010-06-18T05:00:00+01:00,G,23,Germany,Serbia,0,1,0.539498,0.220059,0.240443,2.004,1.2804,0.593697,0.248815,0.157488,0.082955,home,home,False,-0.054199,-0.028756,0.082955,2,1,2-1,0.806738,0.021091,2,0,2-0,0.785647,0,2,1,2-1,0.888823,0.023237,0,2-0,2,0,0.865586,2,1,2-1,0.884766,0.023131,0,2-0,2,0,0.861635,2,1,2-1,0.880709,0.023025,0,2-0,2,0,0.857684,2,1,2-1,0.876652,0.022919,0,2-0,2,0,0.853733,2,1,2-1,0.872595,0.022813,0,2-0,2,0,0.849782,2,1,2-1,0.868538,0.022707,0,2-0,2,0,0.845831,2,1,2-1,0.864481,0.022601,0,2-0,2,0,0.84188,2,1,2-1,0.860423,0.022495,0,2-0,2,0,0.837929,2,1,2-1,0.856366,0.022389,0,2-0,2,0,0.833978,2,1,2-1,0.852309,0.022283,0,2-0,2,0,0.830027,2,1,2-1,0.848252,0.022176,0,2-0,2,0,0.826076,2,1,2-1,0.844195,0.02207,0,2-0,2,0,0.822125,2,1,2-1,0.840138,0.021964,0,2-0,2,0,0.818174,2,1,2-1,0.836081,0.021858,0,2-0,2,0,0.814223,2,1,2-1,0.832024,0.021752,0,2-0,2,0,0.810272,2,1,2-1,0.827967,0.021646,0,2-0,2,0,0.806321,2,1,2-1,0.82391,0.02154,0,2-0,2,0,0.80237,2,1,2-1,0.819853,0.021434,0,2-0,2,0,0.798419,2,1,2-1,0.815796,0.021328,0,2-0,2,0,0.794468,2,1,2-1,0.811739,0.021222,0,2-0,2,0,0.790517,2,1,2-1,0.807682,0.021116,0,2-0,2,0,0.786566
2010,2010-06-19T08:00:00+01:00,G,24,Ghana,Australia,1,1,0.321694,0.287803,0.390503,1.0822,1.2218,0.435096,0.293462,0.271443,0.11906,away,home,True,-0.113401,-0.005659,0.11906,0,1,0-1,0.629222,0.002893,1,2,1-2,0.626329,0,1,0,1-0,0.720318,0.012851,0,2-1,2,1,0.707467,1,0,1-0,0.710931,0.012683,0,2-1,2,1,0.698248,1,0,1-0,0.701544,0.012516,0,2-1,2,1,0.689028,1,0,1-0,0.692157,0.012348,0,2-1,2,1,0.679808,1,0,1-0,0.68277,0.012181,0,2-1,2,1,0.670589,1,0,1-0,0.673383,0.012013,0,2-1,2,1,0.661369,1,0,1-0,0.663996,0.011846,0,2-1,2,1,0.65215,1,0,1-0,0.654609,0.011679,0,2-1,2,1,0.64293,1,0,1-0,0.645222,0.011511,0,2-1,2,1,0.633711,1,0,1-0,0.635835,0.011344,0,2-1,2,1,0.624491,1,0,1-0,0.626448,0.011176,0,2-1,2,1,0.615272,1,0,1-0,0.617061,0.011009,0,2-1,2,1,0.606052,1,0,1-0,0.607674,0.010841,0,2-1,2,1,0.596832,1,0,1-0,0.598287,0.010674,0,2-1,2,1,0.587613,1,0,1-0,0.5889,0.010506,0,2-1,2,1,0.578393,0,1,0-1,0.581296,0.001783,0,1-0,1,0,0.579513,0,1,0-1,0.590888,0.002716,0,1-2,1,2,0.588172,0,1,0-1,0.600481,0.002761,0,1-2,1,2,0.597721,0,1,0-1,0.610074,0.002805,0,1-2,1,2,0.607269,0,1,0-1,0.619667,0.002849,0,1-2,1,2,0.616818,0,1,0-1,0.629259,0.002893,0,1-2,1,2,0.626366
2010,2010-06-19T05:00:00+01:00,G,25,Netherlands,Japan,1,0,0.684829,0.198467,0.116704,2.0546,0.7128,0.679604,0.222068,0.098328,0.023601,home,home,False,0.005225,-0.023601,0.018376,2,0,2-0,1.043677,0.03809,2,1,2-1,1.005587,1,2,0,2-0,1.03706,0.037848,1,2-1,2,1,0.999212,2,0,2-0,1.037459,0.037863,1,2-1,2,1,0.999596,2,0,2-0,1.037857,0.037877,1,2-1,2,1,0.99998,2,0,2-0,1.038256,0.037892,1,2-1,2,1,1.000364,2,0,2-0,1.038655,0.037906,1,2-1,2,1,1.000748,2,0,2-0,1.039053,0.037921,1,2-1,2,1,1.001132,2,0,2-0,1.039452,0.037936,1,2-1,2,1,1.001517,2,0,2-0,1.039851,0.03795,1,2-1,2,1,1.001901,2,0,2-0,1.04025,0.037965,1,2-1,2,1,1.002285,2,0,2-0,1.040648,0.037979,1,2-1,2,1,1.002669,2,0,2-0,1.041047,0.037994,1,2-1,2,1,1.003053,2,0,2-0,1.041446,0.038008,1,2-1,2,1,1.003437,2,0,2-0,1.041844,0.038023,1,2-1,2,1,1.003822,2,0,2-0,1.042243,0.038037,1,2-1,2,1,1.004206,2,0,2-0,1.042642,0.038052,1,2-1,2,1,1.00459,2,0,2-0,1.04304,0.038066,1,2-1,2,1,1.004974,2,0,2-0,1.043439,0.038081,1,2-1,2,1,1.005358,2,0,2-0,1.043838,0.038096,1,2-1,2,1,1.005742,2,0,2-0,1.044237,0.03811,1,2-1,2,1,1.006126,2,0,2-0,1.044635,0.038125,1,2-1,2,1,1.006511,2,0,2-0,1.045034,0.038139,1,2-1,2,1,1.006895
2010,2010-06-19T12:00:00+01:00,G,26,Cameroon,Denmark,1,2,0.318334,0.257732,0.423935,1.2645,1.4966,0.327861,0.292733,0.379407,0.044528,away,away,False,-0.009527,-0.035001,0.044528,1,2,1-2,0.673706,0.018726,0,2,0-2,0.654981,3,1,2,1-2,0.603076,0.016762,3,0-2,0,2,0.586314,1,2,1-2,0.606615,0.016861,3,0-2,0,2,0.589754,1,2,1-2,0.610154,0.016959,3,0-2,0,2,0.593195,1,2,1-2,0.613693,0.017058,3,0-2,0,2,0.596635,1,2,1-2,0.617232,0.017156,3,0-2,0,2,0.600076,1,2,1-2,0.620771,0.017254,3,0-2,0,2,0.603517,1,2,1-2,0.62431,0.017353,3,0-2,0,2,0.606957,1,2,1-2,0.627849,0.017451,3,0-2,0,2,0.610398,1,2,1-2,0.631388,0.017549,3,0-2,0,2,0.613838,1,2,1-2,0.634926,0.017648,3,0-2,0,2,0.617279,1,2,1-2,0.638465,0.017746,3,0-2,0,2,0.620719,1,2,1-2,0.642004,0.017844,3,0-2,0,2,0.62416,1,2,1-2,0.645543,0.017943,3,0-2,0,2,0.6276,1,2,1-2,0.649082,0.018041,3,0-2,0,2,0.631041,1,2,1-2,0.652621,0.01814,3,0-2,0,2,0.634481,1,2,1-2,0.65616,0.018238,3,0-2,0,2,0.637922,1,2,1-2,0.659699,0.018336,3,0-2,0,2,0.641363,1,2,1-2,0.663238,0.018435,3,0-2,0,2,0.644803,1,2,1-2,0.666777,0.018533,3,0-2,0,2,0.648244,1,2,1-2,0.670316,0.018631,3,0-2,0,2,0.651684,1,2,1-2,0.673854,0.01873,3,0-2,0,2,0.655125
2010,2010-06-20T05:00:00+01:00,G,27,Slovakia,Paraguay,0,2,0.26737,0.253391,0.479239,1.1313,1.5978,0.24763,0.291555,0.460815,0.038164,away,away,False,0.01974,-0.038164,0.018424,1,2,1-2,0.750958,0.010944,0,2,0-2,0.740014,2,1,2,1-2,0.722291,0.010526,2,0-2,0,2,0.711765,1,2,1-2,0.723735,0.010547,2,0-2,0,2,0.713188,1,2,1-2,0.725179,0.010568,2,0-2,0,2,0.714611,1,2,1-2,0.726623,0.010589,2,0-2,0,2,0.716034,1,2,1-2,0.728067,0.01061,2,0-2,0,2,0.717457,1,2,1-2,0.729511,0.010631,2,0-2,0,2,0.718879,1,2,1-2,0.730955,0.010653,2,0-2,0,2,0.720302,1,2,1-2,0.732399,0.010674,2,0-2,0,2,0.721725,1,2,1-2,0.733843,0.010695,2,0-2,0,2,0.723148,1,2,1-2,0.735287,0.010716,2,0-2,0,2,0.724571,1,2,1-2,0.736731,0.010737,2,0-2,0,2,0.725994,1,2,1-2,0.738175,0.010758,2,0-2,0,2,0.727417,1,2,1-2,0.739619,0.010779,2,0-2,0,2,0.72884,1,2,1-2,0.741063,0.0108,2,0-2,0,2,0.730263,1,2,1-2,0.742506,0.010821,2,0-2,0,2,0.731686,1,2,1-2,0.74395,0.010842,2,0-2,0,2,0.733109,1,2,1-2,0.745394,0.010863,2,0-2,0,2,0.734531,1,2,1-2,0.746838,0.010884,2,0-2,0,2,0.735954,1,2,1-2,0.748282,0.010905,2,0-2,0,2,0.737377,1,2,1-2,0.749726,0.010926,2,0-2,0,2,0.7388,1,2,1-2,0.75117,0.010947,2,0-2,0,2,0.740223
2010,2010-06-20T08:00:00+01:00,G,28,Italy,New Zealand,1,1,0.868675,0.098933,0.032392,2.9086,0.4337,0.810044,0.143401,0.046555,0.058631,home,home,False,0.058631,-0.044468,-0.014163,3,0,3-0,1.226461,0.002545,2,0,2-0,1.223915,0,3,0,3-0,1.155289,0.002398,0,2-0,2,0,1.152891,3,0,3-0,1.15947,0.002406,0,2-0,2,0,1.157063,3,0,3-0,1.163651,0.002415,0,2-0,2,0,1.161235,3,0,3-0,1.167832,0.002424,0,2-0,2,0,1.165408,3,0,3-0,1.172013,0.002432,0,2-0,2,0,1.16958,3,0,3-0,1.176193,0.002441,0,2-0,2,0,1.173752,3,0,3-0,1.180374,0.00245,0,2-0,2,0,1.177925,3,0,3-0,1.184555,0.002459,0,2-0,2,0,1.182097,3,0,3-0,1.188736,0.002467,0,2-0,2,0,1.186269,3,0,3-0,1.192917,0.002476,0,2-0,2,0,1.190442,3,0,3-0,1.197098,0.002485,0,2-0,2,0,1.194614,3,0,3-0,1.201279,0.002493,0,2-0,2,0,1.198786,3,0,3-0,1.20546,0.002502,0,2-0,2,0,1.202959,3,0,3-0,1.209641,0.002511,0,2-0,2,0,1.207131,3,0,3-0,1.213822,0.002519,0,2-0,2,0,1.211303,3,0,3-0,1.218003,0.002528,0,2-0,2,0,1.215475,3,0,3-0,1.222184,0.002537,0,2-0,2,0,1.219648,3,0,3-0,1.226365,0.002545,0,2-0,2,0,1.22382,3,0,3-0,1.230546,0.002554,0,2-0,2,0,1.227992,3,0,3-0,1.234727,0.002563,0,2-0,2,0,1.232165,3,0,3-0,1.238908,0.002571,0,2-0,2,0,1.236337
2010,2010-06-20T12:00:00+01:00,G,29,Brazil,Ivory Coast,3,1,0.718587,0.161166,0.120247,2.6437,1.0104,0.569745,0.268172,0.162083,0.148842,home,home,False,0.148842,-0.107006,-0.041836,3,1,3-1,0.995848,0.000829,3,0,3-0,0.995019,3,3,1,3-1,0.794248,0.000661,3,3-0,3,0,0.793587,3,1,3-1,0.804622,0.00067,3,3-0,3,0,0.803953,3,1,3-1,0.814997,0.000678,3,3-0,3,0,0.814319,3,1,3-1,0.825371,0.000687,3,3-0,3,0,0.824685,3,1,3-1,0.835746,0.000695,3,3-0,3,0,0.83505,3,1,3-1,0.846121,0.000704,3,3-0,3,0,0.845416,3,1,3-1,0.856495,0.000713,3,3-0,3,0,0.855782,3,1,3-1,0.86687,0.000721,3,3-0,3,0,0.866148,3,1,3-1,0.877244,0.00073,3,3-0,3,0,0.876514,3,1,3-1,0.887619,0.000739,3,3-0,3,0,0.88688,3,1,3-1,0.897994,0.000747,3,3-0,3,0,0.897246,3,1,3-1,0.908368,0.000756,3,3-0,3,0,0.907612,3,1,3-1,0.918743,0.000765,3,3-0,3,0,0.917978,3,1,3-1,0.929117,0.000773,3,3-0,3,0,0.928344,3,1,3-1,0.939492,0.000782,3,3-0,3,0,0.93871,3,1,3-1,0.949867,0.00079,3,3-0,3,0,0.949076,3,1,3-1,0.960241,0.000799,3,3-0,3,0,0.959442,3,1,3-1,0.970616,0.000808,3,3-0,3,0,0.969808,3,1,3-1,0.98099,0.000816,3,3-0,3,0,0.980174,3,1,3-1,0.991365,0.000825,3,3-0,3,0,0.99054,3,1,3-1,1.00174,0.000834,3,3-0,3,0,1.000906
2010,2010-06-21T05:00:00+01:00,G,30,Portugal,North Korea,7,0,0.737206,0.191586,0.071208,1.9507,0.4346,0.740053,0.182556,0.077391,0.00903,home,home,False,-0.002847,0.00903,-0.006183,2,0,2-0,1.162945,0.070398,1,0,1-0,1.092547,1,2,0,2-0,1.168532,0.070736,1,1-0,1,0,1.097796,2,0,2-0,1.168307,0.070723,1,1-0,1,0,1.097585,2,0,2-0,1.168082,0.070709,1,1-0,1,0,1.097373,2,0,2-0,1.167858,0.070695,1,1-0,1,0,1.097162,2,0,2-0,1.167633,0.070682,1,1-0,1,0,1.096951,2,0,2-0,1.167408,0.070668,1,1-0,1,0,1.09674,2,0,2-0,1.167183,0.070655,1,1-0,1,0,1.096529,2,0,2-0,1.166959,0.070641,1,1-0,1,0,1.096318,2,0,2-0,1.166734,0.070627,1,1-0,1,0,1.096106,2,0,2-0,1.166509,0.070614,1,1-0,1,0,1.095895,2,0,2-0,1.166284,0.0706,1,1-0,1,0,1.095684,2,0,2-0,1.16606,0.070587,1,1-0,1,0,1.095473,2,0,2-0,1.165835,0.070573,1,1-0,1,0,1.095262,2,0,2-0,1.16561,0.070559,1,1-0,1,0,1.095051,2,0,2-0,1.165385,0.070546,1,1-0,1,0,1.094839,2,0,2-0,1.16516,0.070532,1,1-0,1,0,1.094628,2,0,2-0,1.164936,0.070519,1,1-0,1,0,1.094417,2,0,2-0,1.164711,0.070505,1,1-0,1,0,1.094206,2,0,2-0,1.164486,0.070491,1,1-0,1,0,1.093995,2,0,2-0,1.164261,0.070478,1,1-0,1,0,1.093784,2,0,2-0,1.164037,0.070464,1,1-0,1,0,1.093572
2010,2010-06-21T08:00:00+01:00,G,31,Chile,Switzerland,1,0,0.404183,0.281782,0.314035,1.2822,1.0967,0.451896,0.294549,0.253556,0.06048,home,home,False,-0.047713,-0.012767,0.06048,2,1,2-1,0.647366,0.007368,2,0,2-0,0.639998,1,2,1,2-1,0.723843,0.008239,1,2-0,2,0,0.715604,2,1,2-1,0.720022,0.008195,1,2-0,2,0,0.711827,2,1,2-1,0.716201,0.008152,1,2-0,2,0,0.708049,2,1,2-1,0.712379,0.008108,1,2-0,2,0,0.704271,2,1,2-1,0.708558,0.008065,1,2-0,2,0,0.700493,2,1,2-1,0.704737,0.008021,1,2-0,2,0,0.696715,2,1,2-1,0.700915,0.007978,1,2-0,2,0,0.692938,2,1,2-1,0.697094,0.007934,1,2-0,2,0,0.68916,2,1,2-1,0.693273,0.007891,1,2-0,2,0,0.685382,2,1,2-1,0.689451,0.007847,1,2-0,2,0,0.681604,2,1,2-1,0.68563,0.007804,1,2-0,2,0,0.677826,2,1,2-1,0.681809,0.00776,1,2-0,2,0,0.674048,2,1,2-1,0.677987,0.007717,1,2-0,2,0,0.670271,2,1,2-1,0.674166,0.007673,1,2-0,2,0,0.666493,2,1,2-1,0.670345,0.00763,1,2-0,2,0,0.662715,2,1,2-1,0.666523,0.007586,1,2-0,2,0,0.658937,2,1,2-1,0.662702,0.007543,1,2-0,2,0,0.655159,2,1,2-1,0.658881,0.007499,1,2-0,2,0,0.651382,2,1,2-1,0.655059,0.007456,1,2-0,2,0,0.647604,2,1,2-1,0.651238,0.007412,1,2-0,2,0,0.643826,2,1,2-1,0.647417,0.007369,1,2-0,2,0,0.640048
2010,2010-06-21T12:00:00+01:00,G,32,Spain,Honduras,2,0,0.689517,0.185735,0.124748,2.2522,0.8462,0.858777,0.110062,0.031161,0.16926,home,home,False,-0.16926,0.075673,0.093587,2,0,2-0,1.013652,0.0176,2,1,2-1,0.996052,3,2,0,2-0,1.265369,0.021971,3,2-1,2,1,1.243398,2,0,2-0,1.252899,0.021754,3,2-1,2,1,1.231145,2,0,2-0,1.240429,0.021538,3,2-1,2,1,1.218892,2,0,2-0,1.227959,0.021321,3,2-1,2,1,1.206638,2,0,2-0,1.21549,0.021105,3,2-1,2,1,1.194385,2,0,2-0,1.20302,0.020888,3,2-1,2,1,1.182132,2,0,2-0,1.19055,0.020672,3,2-1,2,1,1.169878,2,0,2-0,1.17808,0.020455,3,2-1,2,1,1.157625,2,0,2-0,1.16561,0.020239,3,2-1,2,1,1.145372,2,0,2-0,1.15314,0.020022,3,2-1,2,1,1.133118,2,0,2-0,1.140671,0.019806,3,2-1,2,1,1.120865,2,0,2-0,1.128201,0.019589,3,2-1,2,1,1.108612,2,0,2-0,1.115731,0.019373,3,2-1,2,1,1.096358,2,0,2-0,1.103261,0.019156,3,2-1,2,1,1.084105,2,0,2-0,1.090791,0.01894,3,2-1,2,1,1.071852,2,0,2-0,1.078321,0.018723,3,2-1,2,1,1.059598,2,0,2-0,1.065852,0.018506,3,2-1,2,1,1.047345,2,0,2-0,1.053382,0.01829,3,2-1,2,1,1.035092,2,0,2-0,1.040912,0.018073,3,2-1,2,1,1.022838,2,0,2-0,1.028442,0.017857,3,2-1,2,1,1.010585,2,0,2-0,1.015972,0.01764,3,2-1,2,1,0.998332
2010,2010-06-22T08:00:00+01:00,G,33,Mexico,Uruguay,0,1,0.426926,0.249359,0.323714,1.5787,1.3459,0.285868,0.428477,0.285655,0.179118,home,draw,True,0.141058,-0.179118,0.03806,2,1,2-1,0.673773,0.023142,2,0,2-0,0.650631,0,1,1,1-1,0.828445,0.19166,0,2-2,2,2,0.636785,1,1,1-1,0.811129,0.187654,0,2-2,2,2,0.623475,1,1,1-1,0.793813,0.183648,0,2-2,2,2,0.610165,1,1,1-1,0.776497,0.179642,0,2-2,2,2,0.596855,1,1,1-1,0.759181,0.175636,0,2-2,2,2,0.583545,1,1,1-1,0.741866,0.17163,0,2-2,2,2,0.570236,1,1,1-1,0.72455,0.167624,0,2-2,2,2,0.556926,1,1,1-1,0.707234,0.163618,0,2-2,2,2,0.543616,1,1,1-1,0.689918,0.149543,0,2-1,2,1,0.540375,1,1,1-1,0.672602,0.121092,0,2-1,2,1,0.55151,1,1,1-1,0.655286,0.092642,0,2-1,2,1,0.562644,1,1,1-1,0.63797,0.064192,0,2-1,2,1,0.573778,1,1,1-1,0.620654,0.035741,0,2-1,2,1,0.584913,1,1,1-1,0.603338,0.007291,0,2-1,2,1,0.596047,2,1,2-1,0.607182,0.020855,0,2-0,2,0,0.586327,2,1,2-1,0.618316,0.021237,0,2-0,2,0,0.597079,2,1,2-1,0.629451,0.02162,0,2-0,2,0,0.607831,2,1,2-1,0.640585,0.022002,0,2-0,2,0,0.618583,2,1,2-1,0.651719,0.022385,0,2-0,2,0,0.629335,2,1,2-1,0.662854,0.022767,0,2-0,2,0,0.640087,2,1,2-1,0.673988,0.02315,0,2-0,2,0,0.650839
2010,2010-06-22T08:00:00+01:00,G,34,France,South Africa,1,2,0.640147,0.235896,0.123957,1.6987,0.5953,0.47118,0.276,0.25282,0.168967,home,home,False,0.168967,-0.040103,-0.128864,2,0,2-0,1.01758,0.039071,1,0,1-0,0.97851,0,2,0,2-0,0.749279,0.028769,0,1-0,1,0,0.72051,2,0,2-0,0.762714,0.029285,0,1-0,1,0,0.733429,2,0,2-0,0.776148,0.029801,0,1-0,1,0,0.746347,2,0,2-0,0.789583,0.030317,0,1-0,1,0,0.759266,2,0,2-0,0.803018,0.030832,0,1-0,1,0,0.772185,2,0,2-0,0.816452,0.031348,0,1-0,1,0,0.785104,2,0,2-0,0.829887,0.031864,0,1-0,1,0,0.798023,2,0,2-0,0.843322,0.03238,0,1-0,1,0,0.810942,2,0,2-0,0.856757,0.032896,0,1-0,1,0,0.823861,2,0,2-0,0.870191,0.033412,0,1-0,1,0,0.83678,2,0,2-0,0.883626,0.033927,0,1-0,1,0,0.849699,2,0,2-0,0.897061,0.034443,0,1-0,1,0,0.862618,2,0,2-0,0.910496,0.034959,0,1-0,1,0,0.875536,2,0,2-0,0.92393,0.035475,0,1-0,1,0,0.888455,2,0,2-0,0.937365,0.035991,0,1-0,1,0,0.901374,2,0,2-0,0.9508,0.036507,0,1-0,1,0,0.914293,2,0,2-0,0.964234,0.037022,0,1-0,1,0,0.927212,2,0,2-0,0.977669,0.037538,0,1-0,1,0,0.940131,2,0,2-0,0.991104,0.038054,0,1-0,1,0,0.95305,2,0,2-0,1.004539,0.03857,0,1-0,1,0,0.965969,2,0,2-0,1.017973,0.039086,0,1-0,1,0,0.978888
2010,2010-06-22T12:00:00+01:00,G,35,Nigeria,South Korea,2,2,0.384088,0.336099,0.279813,0.9763,0.7867,0.343206,0.28866,0.368134,0.088321,home,away,True,0.040882,0.047439,-0.088321,1,0,1-0,0.713747,0.029335,0,0,0-0,0.684412,0,0,1,0-1,0.716295,0.078513,0,1-0,1,0,0.637782,0,1,0-1,0.707703,0.066122,0,1-0,1,0,0.641581,0,1,0-1,0.69911,0.053731,0,1-0,1,0,0.645379,0,1,0-1,0.690518,0.04134,0,1-0,1,0,0.649178,0,1,0-1,0.681925,0.028949,0,1-0,1,0,0.652977,0,1,0-1,0.673333,0.016557,0,1-0,1,0,0.656775,0,1,0-1,0.66474,0.004166,0,1-0,1,0,0.660574,1,0,1-0,0.664372,0.008225,0,0-1,0,1,0.656148,1,0,1-0,0.668171,0.020616,0,0-1,0,1,0.647555,1,0,1-0,0.67197,0.033007,0,0-1,0,1,0.638962,1,0,1-0,0.675768,0.03965,0,0-0,0,0,0.636118,1,0,1-0,0.679567,0.038619,0,0-0,0,0,0.640948,1,0,1-0,0.683365,0.037587,0,0-0,0,0,0.645778,1,0,1-0,0.687164,0.036556,0,0-0,0,0,0.650608,1,0,1-0,0.690963,0.035524,0,0-0,0,0,0.655439,1,0,1-0,0.694761,0.034493,0,0-0,0,0,0.660269,1,0,1-0,0.69856,0.033461,0,0-0,0,0,0.665099,1,0,1-0,0.702359,0.03243,0,0-0,0,0,0.669929,1,0,1-0,0.706157,0.031398,0,0-0,0,0,0.674759,1,0,1-0,0.709956,0.030366,0,0-0,0,0,0.679589,1,0,1-0,0.713754,0.029335,0,0-0,0,0,0.684419
2010,2010-06-22T12:00:00+01:00,G,36,Greece,Argentina,0,2,0.142499,0.203232,0.654269,0.8545,2.0773,0.112474,0.226831,0.660695,0.030024,away,away,False,0.030024,-0.023599,-0.006426,0,2,0-2,0.98163,0.016732,1,2,1-2,0.964898,3,0,2,0-2,0.992652,0.01692,3,1-2,1,2,0.975733,0,2,0-2,0.99217,0.016912,3,1-2,1,2,0.975258,0,2,0-2,0.991687,0.016903,3,1-2,1,2,0.974784,0,2,0-2,0.991204,0.016895,3,1-2,1,2,0.974309,0,2,0-2,0.990722,0.016887,3,1-2,1,2,0.973835,0,2,0-2,0.990239,0.016879,3,1-2,1,2,0.97336,0,2,0-2,0.989756,0.01687,3,1-2,1,2,0.972886,0,2,0-2,0.989274,0.016862,3,1-2,1,2,0.972411,0,2,0-2,0.988791,0.016854,3,1-2,1,2,0.971937,0,2,0-2,0.988308,0.016846,3,1-2,1,2,0.971462,0,2,0-2,0.987825,0.016838,3,1-2,1,2,0.970988,0,2,0-2,0.987343,0.016829,3,1-2,1,2,0.970513,0,2,0-2,0.98686,0.016821,3,1-2,1,2,0.970039,0,2,0-2,0.986377,0.016813,3,1-2,1,2,0.969565,0,2,0-2,0.985895,0.016805,3,1-2,1,2,0.96909,0,2,0-2,0.985412,0.016796,3,1-2,1,2,0.968616,0,2,0-2,0.984929,0.016788,3,1-2,1,2,0.968141,0,2,0-2,0.984447,0.01678,3,1-2,1,2,0.967667,0,2,0-2,0.983964,0.016772,3,1-2,1,2,0.967192,0,2,0-2,0.983481,0.016763,3,1-2,1,2,0.966718,0,2,0-2,0.982998,0.016755,3,1-2,1,2,0.966243
2010,2010-06-23T08:00:00+01:00,G,37,Slovenia,England,0,1,0.112031,0.19396,0.694008,0.7047,2.0918,0.104888,0.209689,0.685423,0.015728,away,away,False,0.007143,-0.015728,0.008585,0,2,0-2,1.05411,0.039433,1,2,1-2,1.014677,1,0,2,0-2,1.042584,0.039002,1,1-2,1,2,1.003582,0,2,0-2,1.043237,0.039027,1,1-2,1,2,1.00421,0,2,0-2,1.04389,0.039051,1,1-2,1,2,1.004839,0,2,0-2,1.044543,0.039075,1,1-2,1,2,1.005467,0,2,0-2,1.045196,0.0391,1,1-2,1,2,1.006096,0,2,0-2,1.045849,0.039124,1,1-2,1,2,1.006724,0,2,0-2,1.046502,0.039149,1,1-2,1,2,1.007353,0,2,0-2,1.047154,0.039173,1,1-2,1,2,1.007981,0,2,0-2,1.047807,0.039198,1,1-2,1,2,1.00861,0,2,0-2,1.04846,0.039222,1,1-2,1,2,1.009238,0,2,0-2,1.049113,0.039246,1,1-2,1,2,1.009867,0,2,0-2,1.049766,0.039271,1,1-2,1,2,1.010495,0,2,0-2,1.050419,0.039295,1,1-2,1,2,1.011124,0,2,0-2,1.051072,0.03932,1,1-2,1,2,1.011752,0,2,0-2,1.051725,0.039344,1,1-2,1,2,1.012381,0,2,0-2,1.052378,0.039369,1,1-2,1,2,1.013009,0,2,0-2,1.053031,0.039393,1,1-2,1,2,1.013638,0,2,0-2,1.053684,0.039417,1,1-2,1,2,1.014266,0,2,0-2,1.054337,0.039442,1,1-2,1,2,1.014895,0,2,0-2,1.054989,0.039466,1,1-2,1,2,1.015523,0,2,0-2,1.055642,0.039491,1,1-2,1,2,1.016152
2010,2010-06-23T08:00:00+01:00,G,38,United States,Algeria,1,0,0.628288,0.215598,0.156115,1.9593,0.8618,0.527069,0.265701,0.20723,0.101219,home,home,False,0.101219,-0.050104,-0.051115,2,0,2-0,0.954746,0.0158,2,1,2-1,0.938946,1,2,0,2-0,0.801709,0.013267,1,2-1,2,1,0.788442,2,0,2-0,0.809407,0.013394,1,2-1,2,1,0.796012,2,0,2-0,0.817105,0.013522,1,2-1,2,1,0.803583,2,0,2-0,0.824803,0.013649,1,2-1,2,1,0.811154,2,0,2-0,0.832501,0.013777,1,2-1,2,1,0.818724,2,0,2-0,0.840199,0.013904,1,2-1,2,1,0.826295,2,0,2-0,0.847897,0.014031,1,2-1,2,1,0.833866,2,0,2-0,0.855595,0.014159,1,2-1,2,1,0.841436,2,0,2-0,0.863293,0.014286,1,2-1,2,1,0.849007,2,0,2-0,0.870991,0.014414,1,2-1,2,1,0.856578,2,0,2-0,0.878689,0.014541,1,2-1,2,1,0.864149,2,0,2-0,0.886388,0.014668,1,2-1,2,1,0.871719,2,0,2-0,0.894086,0.014796,1,2-1,2,1,0.87929,2,0,2-0,0.901784,0.014923,1,2-1,2,1,0.886861,2,0,2-0,0.909482,0.015051,1,2-1,2,1,0.894431,2,0,2-0,0.91718,0.015178,1,2-1,2,1,0.902002,2,0,2-0,0.924878,0.015305,1,2-1,2,1,0.909573,2,0,2-0,0.932576,0.015433,1,2-1,2,1,0.917143,2,0,2-0,0.940274,0.01556,1,2-1,2,1,0.924714,2,0,2-0,0.947972,0.015687,1,2-1,2,1,0.932285,2,0,2-0,0.95567,0.015815,1,2-1,2,1,0.939855
2010,2010-06-23T12:00:00+01:00,G,39,Ghana,Germany,0,1,0.172445,0.214332,0.613224,0.9637,2.0059,0.127249,0.223771,0.64898,0.045196,away,away,False,0.045196,-0.009439,-0.035756,0,2,0-2,0.918546,0.003747,1,2,1-2,0.914799,1,0,2,0-2,0.9732,0.00397,1,1-2,1,2,0.969231,0,2,0-2,0.970519,0.003959,1,1-2,1,2,0.966561,0,2,0-2,0.967838,0.003948,1,1-2,1,2,0.96389,0,2,0-2,0.965157,0.003937,1,1-2,1,2,0.96122,0,2,0-2,0.962476,0.003926,1,1-2,1,2,0.95855,0,2,0-2,0.959796,0.003915,1,1-2,1,2,0.95588,0,2,0-2,0.957115,0.003904,1,1-2,1,2,0.95321,0,2,0-2,0.954434,0.003893,1,1-2,1,2,0.95054,0,2,0-2,0.951753,0.003882,1,1-2,1,2,0.94787,0,2,0-2,0.949072,0.003871,1,1-2,1,2,0.9452,0,2,0-2,0.946391,0.003861,1,1-2,1,2,0.94253,0,2,0-2,0.94371,0.00385,1,1-2,1,2,0.93986,0,2,0-2,0.941029,0.003839,1,1-2,1,2,0.93719,0,2,0-2,0.938348,0.003828,1,1-2,1,2,0.93452,0,2,0-2,0.935667,0.003817,1,1-2,1,2,0.93185,0,2,0-2,0.932986,0.003806,1,1-2,1,2,0.92918,0,2,0-2,0.930305,0.003795,1,1-2,1,2,0.92651,0,2,0-2,0.927624,0.003784,1,1-2,1,2,0.92384,0,2,0-2,0.924943,0.003773,1,1-2,1,2,0.92117,0,2,0-2,0.922262,0.003762,1,1-2,1,2,0.9185,0,2,0-2,0.919581,0.003751,1,1-2,1,2,0.91583
2010,2010-06-23T12:00:00+01:00,G,40,Australia,Serbia,2,1,0.31791,0.263671,0.418418,1.2206,1.4378,0.223591,0.266429,0.509979,0.094319,away,away,False,0.094319,-0.002758,-0.091561,1,2,1-2,0.667545,0.015976,0,2,0-2,0.651569,0,1,2,1-2,0.813759,0.019475,0,0-2,0,2,0.794284,1,2,1-2,0.806454,0.019301,0,0-2,0,2,0.787154,1,2,1-2,0.799149,0.019126,0,0-2,0,2,0.780023,1,2,1-2,0.791844,0.018951,0,0-2,0,2,0.772893,1,2,1-2,0.784539,0.018776,0,0-2,0,2,0.765763,1,2,1-2,0.777234,0.018601,0,0-2,0,2,0.758633,1,2,1-2,0.769929,0.018426,0,0-2,0,2,0.751502,1,2,1-2,0.762624,0.018252,0,0-2,0,2,0.744372,1,2,1-2,0.755319,0.018077,0,0-2,0,2,0.737242,1,2,1-2,0.748014,0.017902,0,0-2,0,2,0.730112,1,2,1-2,0.740709,0.017727,0,0-2,0,2,0.722982,1,2,1-2,0.733404,0.017552,0,0-2,0,2,0.715851,1,2,1-2,0.726099,0.017377,0,0-2,0,2,0.708721,1,2,1-2,0.718793,0.017203,0,0-2,0,2,0.701591,1,2,1-2,0.711488,0.017028,0,0-2,0,2,0.694461,1,2,1-2,0.704183,0.016853,0,0-2,0,2,0.68733,1,2,1-2,0.696878,0.016678,0,0-2,0,2,0.6802,1,2,1-2,0.689573,0.016503,0,0-2,0,2,0.67307,1,2,1-2,0.682268,0.016328,0,0-2,0,2,0.66594,1,2,1-2,0.674963,0.016154,0,0-2,0,2,0.65881,1,2,1-2,0.667658,0.015979,0,0-2,0,2,0.651679
2010,2010-06-24T12:00:00+01:00,G,41,Denmark,Japan,1,3,0.480716,0.254389,0.264895,1.5894,1.1159,0.433642,0.285424,0.280934,0.047074,home,home,False,0.047074,-0.031035,-0.016039,2,1,2-1,0.753467,0.009788,2,0,2-0,0.743679,0,2,1,2-1,0.679869,0.008832,0,2-0,2,0,0.671036,2,1,2-1,0.683559,0.00888,0,2-0,2,0,0.674679,2,1,2-1,0.687249,0.008928,0,2-0,2,0,0.678321,2,1,2-1,0.690939,0.008976,0,2-0,2,0,0.681963,2,1,2-1,0.694629,0.009024,0,2-0,2,0,0.685605,2,1,2-1,0.698319,0.009072,0,2-0,2,0,0.689247,2,1,2-1,0.70201,0.00912,0,2-0,2,0,0.69289,2,1,2-1,0.7057,0.009168,0,2-0,2,0,0.696532,2,1,2-1,0.70939,0.009216,0,2-0,2,0,0.700174,2,1,2-1,0.71308,0.009264,0,2-0,2,0,0.703816,2,1,2-1,0.71677,0.009312,0,2-0,2,0,0.707459,2,1,2-1,0.72046,0.00936,0,2-0,2,0,0.711101,2,1,2-1,0.72415,0.009408,0,2-0,2,0,0.714743,2,1,2-1,0.727841,0.009455,0,2-0,2,0,0.718385,2,1,2-1,0.731531,0.009503,0,2-0,2,0,0.722027,2,1,2-1,0.735221,0.009551,0,2-0,2,0,0.72567,2,1,2-1,0.738911,0.009599,0,2-0,2,0,0.729312,2,1,2-1,0.742601,0.009647,0,2-0,2,0,0.732954,2,1,2-1,0.746291,0.009695,0,2-0,2,0,0.736596,2,1,2-1,0.749982,0.009743,0,2-0,2,0,0.740239,2,1,2-1,0.753672,0.009791,0,2-0,2,0,0.743881
2010,2010-06-24T12:00:00+01:00,G,42,Cameroon,Netherlands,1,2,0.147273,0.216154,0.636574,0.8076,1.9346,0.178335,0.246191,0.575474,0.061099,away,away,False,-0.031062,-0.030037,0.061099,0,2,0-2,0.974502,0.023191,1,2,1-2,0.951311,2,0,2,0-2,0.881755,0.020984,2,1-2,1,2,0.860771,0,2,0-2,0.886435,0.021095,2,1-2,1,2,0.86534,0,2,0-2,0.891116,0.021207,2,1-2,1,2,0.86991,0,2,0-2,0.895797,0.021318,2,1-2,1,2,0.874479,0,2,0-2,0.900478,0.021429,2,1-2,1,2,0.879049,0,2,0-2,0.905159,0.021541,2,1-2,1,2,0.883618,0,2,0-2,0.90984,0.021652,2,1-2,1,2,0.888188,0,2,0-2,0.914521,0.021764,2,1-2,1,2,0.892757,0,2,0-2,0.919202,0.021875,2,1-2,1,2,0.897327,0,2,0-2,0.923882,0.021986,2,1-2,1,2,0.901896,0,2,0-2,0.928563,0.022098,2,1-2,1,2,0.906465,0,2,0-2,0.933244,0.022209,2,1-2,1,2,0.911035,0,2,0-2,0.937925,0.022321,2,1-2,1,2,0.915604,0,2,0-2,0.942606,0.022432,2,1-2,1,2,0.920174,0,2,0-2,0.947287,0.022543,2,1-2,1,2,0.924743,0,2,0-2,0.951968,0.022655,2,1-2,1,2,0.929313,0,2,0-2,0.956649,0.022766,2,1-2,1,2,0.933882,0,2,0-2,0.961329,0.022878,2,1-2,1,2,0.938452,0,2,0-2,0.96601,0.022989,2,1-2,1,2,0.943021,0,2,0-2,0.970691,0.0231,2,1-2,1,2,0.947591,0,2,0-2,0.975372,0.023212,2,1-2,1,2,0.95216
2010,2010-06-24T08:00:00+01:00,G,43,Slovakia,Italy,3,2,0.186465,0.229149,0.584386,0.9432,1.8502,0.132601,0.250465,0.616934,0.053864,away,away,False,0.053864,-0.021316,-0.032548,0,2,0-2,0.892367,0.005956,1,2,1-2,0.886411,0,0,2,0-2,0.942706,0.006291,0,1-2,1,2,0.936415,0,2,0-2,0.94022,0.006275,0,1-2,1,2,0.933945,0,2,0-2,0.937733,0.006258,0,1-2,1,2,0.931475,0,2,0-2,0.935246,0.006242,0,1-2,1,2,0.929004,0,2,0-2,0.932759,0.006225,0,1-2,1,2,0.926534,0,2,0-2,0.930273,0.006208,0,1-2,1,2,0.924064,0,2,0-2,0.927786,0.006192,0,1-2,1,2,0.921594,0,2,0-2,0.925299,0.006175,0,1-2,1,2,0.919124,0,2,0-2,0.922812,0.006159,0,1-2,1,2,0.916654,0,2,0-2,0.920326,0.006142,0,1-2,1,2,0.914183,0,2,0-2,0.917839,0.006126,0,1-2,1,2,0.911713,0,2,0-2,0.915352,0.006109,0,1-2,1,2,0.909243,0,2,0-2,0.912865,0.006092,0,1-2,1,2,0.906773,0,2,0-2,0.910379,0.006076,0,1-2,1,2,0.904303,0,2,0-2,0.907892,0.006059,0,1-2,1,2,0.901833,0,2,0-2,0.905405,0.006043,0,1-2,1,2,0.899363,0,2,0-2,0.902918,0.006026,0,1-2,1,2,0.896892,0,2,0-2,0.900432,0.006009,0,1-2,1,2,0.894422,0,2,0-2,0.897945,0.005993,0,1-2,1,2,0.891952,0,2,0-2,0.895458,0.005976,0,1-2,1,2,0.889482,0,2,0-2,0.892971,0.00596,0,1-2,1,2,0.887012
2010,2010-06-24T08:00:00+01:00,G,44,Paraguay,New Zealand,0,0,0.80573,0.138181,0.056089,2.5117,0.5202,0.70344,0.210316,0.086244,0.102289,home,home,False,0.102289,-0.072135,-0.030155,2,0,2-0,1.185558,0.04516,3,0,3-0,1.140397,0,2,0,2-0,1.039585,0.0396,0,3-0,3,0,0.999985,2,0,2-0,1.047144,0.039888,0,3-0,3,0,1.007256,2,0,2-0,1.054702,0.040176,0,3-0,3,0,1.014526,2,0,2-0,1.062261,0.040464,0,3-0,3,0,1.021797,2,0,2-0,1.069819,0.040752,0,3-0,3,0,1.029067,2,0,2-0,1.077378,0.04104,0,3-0,3,0,1.036338,2,0,2-0,1.084936,0.041328,0,3-0,3,0,1.043609,2,0,2-0,1.092495,0.041615,0,3-0,3,0,1.050879,2,0,2-0,1.100053,0.041903,0,3-0,3,0,1.05815,2,0,2-0,1.107612,0.042191,0,3-0,3,0,1.06542,2,0,2-0,1.11517,0.042479,0,3-0,3,0,1.072691,2,0,2-0,1.122728,0.042767,0,3-0,3,0,1.079961,2,0,2-0,1.130287,0.043055,0,3-0,3,0,1.087232,2,0,2-0,1.137845,0.043343,0,3-0,3,0,1.094502,2,0,2-0,1.145404,0.043631,0,3-0,3,0,1.101773,2,0,2-0,1.152962,0.043919,0,3-0,3,0,1.109044,2,0,2-0,1.160521,0.044207,0,3-0,3,0,1.116314,2,0,2-0,1.168079,0.044495,0,3-0,3,0,1.123585,2,0,2-0,1.175638,0.044783,0,3-0,3,0,1.130855,2,0,2-0,1.183196,0.04507,0,3-0,3,0,1.138126,2,0,2-0,1.190755,0.045358,0,3-0,3,0,1.145396
2010,2010-06-25T08:00:00+01:00,G,45,Portugal,Brazil,0,0,0.204652,0.235509,0.559838,0.9916,1.7945,0.25498,0.312275,0.432745,0.127094,away,away,False,-0.050328,-0.076766,0.127094,0,2,0-2,0.856543,0.000838,1,2,1-2,0.855706,0,0,2,0-2,0.662463,0.000648,0,1-2,1,2,0.661815,0,2,0-2,0.672191,0.000658,0,1-2,1,2,0.671534,0,2,0-2,0.681919,0.000667,0,1-2,1,2,0.681252,0,2,0-2,0.691647,0.000677,0,1-2,1,2,0.690971,0,2,0-2,0.701375,0.000686,0,1-2,1,2,0.700689,0,2,0-2,0.711103,0.000696,0,1-2,1,2,0.710408,0,2,0-2,0.720831,0.000705,0,1-2,1,2,0.720126,0,2,0-2,0.730559,0.000715,0,1-2,1,2,0.729845,0,2,0-2,0.740287,0.000724,0,1-2,1,2,0.739563,0,2,0-2,0.750015,0.000734,0,1-2,1,2,0.749282,0,2,0-2,0.759743,0.000743,0,1-2,1,2,0.759,0,2,0-2,0.769471,0.000753,0,1-2,1,2,0.768719,0,2,0-2,0.779199,0.000762,0,1-2,1,2,0.778437,0,2,0-2,0.788927,0.000772,0,1-2,1,2,0.788156,0,2,0-2,0.798655,0.000781,0,1-2,1,2,0.797874,0,2,0-2,0.808383,0.000791,0,1-2,1,2,0.807593,0,2,0-2,0.818111,0.0008,0,1-2,1,2,0.817311,0,2,0-2,0.827839,0.00081,0,1-2,1,2,0.82703,0,2,0-2,0.837567,0.000819,0,1-2,1,2,0.836748,0,2,0-2,0.847296,0.000829,0,1-2,1,2,0.846467,0,2,0-2,0.857024,0.000838,0,1-2,1,2,0.856185
2010,2010-06-25T08:00:00+01:00,G,46,North Korea,Ivory Coast,0,3,0.108109,0.201743,0.690148,0.6403,1.9878,0.085727,0.181725,0.732548,0.0424,away,away,False,0.022382,0.020018,-0.0424,0,2,0-2,1.06612,0.051318,1,2,1-2,1.014802,1,0,2,0-2,1.132815,0.054528,1,1-2,1,2,1.078287,0,2,0-2,1.129537,0.054371,1,1-2,1,2,1.075166,0,2,0-2,1.126258,0.054213,1,1-2,1,2,1.072045,0,2,0-2,1.12298,0.054055,1,1-2,1,2,1.068925,0,2,0-2,1.119701,0.053897,1,1-2,1,2,1.065804,0,2,0-2,1.116423,0.053739,1,1-2,1,2,1.062684,0,2,0-2,1.113145,0.053582,1,1-2,1,2,1.059563,0,2,0-2,1.109866,0.053424,1,1-2,1,2,1.056442,0,2,0-2,1.106588,0.053266,1,1-2,1,2,1.053322,0,2,0-2,1.103309,0.053108,1,1-2,1,2,1.050201,0,2,0-2,1.100031,0.05295,1,1-2,1,2,1.047081,0,2,0-2,1.096753,0.052793,1,1-2,1,2,1.04396,0,2,0-2,1.093474,0.052635,1,1-2,1,2,1.040839,0,2,0-2,1.090196,0.052477,1,1-2,1,2,1.037719,0,2,0-2,1.086917,0.052319,1,1-2,1,2,1.034598,0,2,0-2,1.083639,0.052161,1,1-2,1,2,1.031478,0,2,0-2,1.080361,0.052004,1,1-2,1,2,1.028357,0,2,0-2,1.077082,0.051846,1,1-2,1,2,1.025236,0,2,0-2,1.073804,0.051688,1,1-2,1,2,1.022116,0,2,0-2,1.070525,0.05153,1,1-2,1,2,1.018995,0,2,0-2,1.067247,0.051372,1,1-2,1,2,1.015875
2010,2010-06-25T12:00:00+01:00,G,47,Chile,Spain,1,2,0.154977,0.219776,0.625247,0.8313,1.9095,0.13925,0.221672,0.639078,0.015727,away,away,False,0.015727,-0.001896,-0.013831,0,2,0-2,0.957765,0.019846,1,2,1-2,0.937919,2,0,2,0-2,0.979757,0.020302,2,1-2,1,2,0.959455,0,2,0-2,0.978697,0.02028,2,1-2,1,2,0.958417,0,2,0-2,0.977637,0.020258,2,1-2,1,2,0.957379,0,2,0-2,0.976576,0.020236,2,1-2,1,2,0.95634,0,2,0-2,0.975516,0.020214,2,1-2,1,2,0.955302,0,2,0-2,0.974456,0.020192,2,1-2,1,2,0.954264,0,2,0-2,0.973396,0.02017,2,1-2,1,2,0.953226,0,2,0-2,0.972335,0.020148,2,1-2,1,2,0.952187,0,2,0-2,0.971275,0.020126,2,1-2,1,2,0.951149,0,2,0-2,0.970215,0.020104,2,1-2,1,2,0.950111,0,2,0-2,0.969155,0.020082,2,1-2,1,2,0.949073,0,2,0-2,0.968095,0.02006,2,1-2,1,2,0.948034,0,2,0-2,0.967034,0.020038,2,1-2,1,2,0.946996,0,2,0-2,0.965974,0.020016,2,1-2,1,2,0.945958,0,2,0-2,0.964914,0.019994,2,1-2,1,2,0.94492,0,2,0-2,0.963854,0.019972,2,1-2,1,2,0.943881,0,2,0-2,0.962793,0.01995,2,1-2,1,2,0.942843,0,2,0-2,0.961733,0.019928,2,1-2,1,2,0.941805,0,2,0-2,0.960673,0.019906,2,1-2,1,2,0.940767,0,2,0-2,0.959613,0.019884,2,1-2,1,2,0.939728,0,2,0-2,0.958553,0.019862,2,1-2,1,2,0.93869
2010,2010-06-25T12:00:00+01:00,G,48,Switzerland,Honduras,0,0,0.362765,0.269023,0.368212,1.2936,1.3052,0.607769,0.243364,0.148867,0.245004,away,home,True,-0.245004,0.025659,0.219345,1,2,1-2,0.595383,0.008031,2,1,2-1,0.587352,0,2,1,2-1,0.984164,0.031822,0,2-0,2,0,0.952342,2,1,2-1,0.964327,0.031181,0,2-0,2,0,0.933147,2,1,2-1,0.944491,0.030539,0,2-0,2,0,0.913951,2,1,2-1,0.924654,0.029898,0,2-0,2,0,0.894756,2,1,2-1,0.904817,0.029257,0,2-0,2,0,0.87556,2,1,2-1,0.88498,0.028615,0,2-0,2,0,0.856365,2,1,2-1,0.865143,0.027974,0,2-0,2,0,0.83717,2,1,2-1,0.845306,0.027332,0,2-0,2,0,0.817974,2,1,2-1,0.82547,0.026691,0,2-0,2,0,0.798779,2,1,2-1,0.805633,0.02605,0,2-0,2,0,0.779583,2,1,2-1,0.785796,0.025408,0,2-0,2,0,0.760388,2,1,2-1,0.765959,0.024767,0,2-0,2,0,0.741192,2,1,2-1,0.746122,0.024125,0,2-0,2,0,0.721997,2,1,2-1,0.726285,0.023484,0,2-0,2,0,0.702802,2,1,2-1,0.706449,0.022842,0,2-0,2,0,0.683606,2,1,2-1,0.686612,0.022201,0,2-0,2,0,0.664411,2,1,2-1,0.666775,0.02156,0,2-0,2,0,0.645215,2,1,2-1,0.646938,0.020918,0,2-0,2,0,0.62602,2,1,2-1,0.627101,0.020277,0,2-0,2,0,0.606825,2,1,2-1,0.607265,0.019635,0,2-0,2,0,0.587629,1,2,1-2,0.595459,0.008032,0,2-1,2,1,0.587428
2010,2010-06-26T08:00:00+01:00,8,49,Uruguay,South Korea,2,1,0.493878,0.273142,0.23298,1.4385,0.8994,0.527699,0.288441,0.18386,0.04912,home,home,False,-0.03382,-0.015299,0.04912,2,0,2-0,0.783375,0.010042,2,1,2-1,0.773333,2,2,0,2-0,0.837131,0.010731,2,2-1,2,1,0.8264,2,0,2-0,0.834448,0.010697,2,2-1,2,1,0.823751,2,0,2-0,0.831766,0.010662,2,2-1,2,1,0.821103,2,0,2-0,0.829083,0.010628,2,2-1,2,1,0.818455,2,0,2-0,0.8264,0.010594,2,2-1,2,1,0.815807,2,0,2-0,0.823718,0.010559,2,2-1,2,1,0.813159,2,0,2-0,0.821035,0.010525,2,2-1,2,1,0.81051,2,0,2-0,0.818353,0.01049,2,2-1,2,1,0.807862,2,0,2-0,0.81567,0.010456,2,2-1,2,1,0.805214,2,0,2-0,0.812987,0.010422,2,2-1,2,1,0.802566,2,0,2-0,0.810305,0.010387,2,2-1,2,1,0.799918,2,0,2-0,0.807622,0.010353,2,2-1,2,1,0.797269,2,0,2-0,0.80494,0.010319,2,2-1,2,1,0.794621,2,0,2-0,0.802257,0.010284,2,2-1,2,1,0.791973,2,0,2-0,0.799575,0.01025,2,2-1,2,1,0.789325,2,0,2-0,0.796892,0.010215,2,2-1,2,1,0.786677,2,0,2-0,0.794209,0.010181,2,2-1,2,1,0.784028,2,0,2-0,0.791527,0.010147,2,2-1,2,1,0.78138,2,0,2-0,0.788844,0.010112,2,2-1,2,1,0.778732,2,0,2-0,0.786162,0.010078,2,2-1,2,1,0.776084,2,0,2-0,0.783479,0.010043,2,2-1,2,1,0.773436
2010,2010-06-26T12:00:00+01:00,8,50,United States,Ghana,1,2,0.444512,0.263949,0.291539,1.4705,1.1417,0.4015,0.309101,0.289399,0.045152,home,home,False,0.043012,-0.045152,0.00214,2,1,2-1,0.704911,0.01124,2,0,2-0,0.693671,0,2,1,2-1,0.636813,0.010154,0,2-0,2,0,0.626659,2,1,2-1,0.640224,0.010208,0,2-0,2,0,0.630015,2,1,2-1,0.643635,0.010263,0,2-0,2,0,0.633372,2,1,2-1,0.647046,0.010317,0,2-0,2,0,0.636729,2,1,2-1,0.650457,0.010372,0,2-0,2,0,0.640085,2,1,2-1,0.653868,0.010426,0,2-0,2,0,0.643442,2,1,2-1,0.657279,0.01048,0,2-0,2,0,0.646799,2,1,2-1,0.66069,0.010535,0,2-0,2,0,0.650155,2,1,2-1,0.664101,0.010589,0,2-0,2,0,0.653512,2,1,2-1,0.667512,0.010644,0,2-0,2,0,0.656869,2,1,2-1,0.670923,0.010698,0,2-0,2,0,0.660225,2,1,2-1,0.674334,0.010752,0,2-0,2,0,0.663582,2,1,2-1,0.677745,0.010807,0,2-0,2,0,0.666939,2,1,2-1,0.681156,0.010861,0,2-0,2,0,0.670295,2,1,2-1,0.684567,0.010916,0,2-0,2,0,0.673652,2,1,2-1,0.687978,0.01097,0,2-0,2,0,0.677009,2,1,2-1,0.69139,0.011024,0,2-0,2,0,0.680365,2,1,2-1,0.694801,0.011079,0,2-0,2,0,0.683722,2,1,2-1,0.698212,0.011133,0,2-0,2,0,0.687079,2,1,2-1,0.701623,0.011187,0,2-0,2,0,0.690435,2,1,2-1,0.705034,0.011242,0,2-0,2,0,0.693792
2010,2010-06-27T08:00:00+01:00,8,51,Germany,England,4,1,0.302237,0.244788,0.452975,1.3161,1.6596,0.321997,0.312839,0.365163,0.087812,away,away,False,-0.01976,-0.068052,0.087812,1,2,1-2,0.707957,0.022205,0,2,0-2,0.685752,0,1,1,1-1,0.603432,0.032487,0,1-2,1,2,0.570945,1,1,1-1,0.596869,0.019059,0,1-2,1,2,0.57781,1,1,1-1,0.590305,0.005631,0,1-2,1,2,0.584675,1,2,1-2,0.59154,0.007797,0,1-1,1,1,0.583742,1,2,1-2,0.598404,0.018769,0,0-2,0,2,0.579635,1,2,1-2,0.605269,0.018984,0,0-2,0,2,0.586285,1,2,1-2,0.612134,0.0192,0,0-2,0,2,0.592934,1,2,1-2,0.618999,0.019415,0,0-2,0,2,0.599584,1,2,1-2,0.625864,0.01963,0,0-2,0,2,0.606233,1,2,1-2,0.632729,0.019846,0,0-2,0,2,0.612883,1,2,1-2,0.639593,0.020061,0,0-2,0,2,0.619532,1,2,1-2,0.646458,0.020276,0,0-2,0,2,0.626182,1,2,1-2,0.653323,0.020492,0,0-2,0,2,0.632831,1,2,1-2,0.660188,0.020707,0,0-2,0,2,0.639481,1,2,1-2,0.667053,0.020922,0,0-2,0,2,0.64613,1,2,1-2,0.673917,0.021138,0,0-2,0,2,0.65278,1,2,1-2,0.680782,0.021353,0,0-2,0,2,0.659429,1,2,1-2,0.687647,0.021568,0,0-2,0,2,0.666079,1,2,1-2,0.694512,0.021783,0,0-2,0,2,0.672728,1,2,1-2,0.701377,0.021999,0,0-2,0,2,0.679378,1,2,1-2,0.708242,0.022214,0,0-2,0,2,0.686027
2010,2010-06-27T12:00:00+01:00,8,52,Argentina,Mexico,3,1,0.493376,0.237161,0.269463,1.7777,1.2597,0.603353,0.254144,0.142503,0.126959,home,home,False,-0.109977,-0.016982,0.126959,2,1,2-1,0.759803,0.019679,2,0,2-0,0.740124,1,2,1,2-1,0.929698,0.024079,1,2-0,2,0,0.905619,2,1,2-1,0.921225,0.023859,1,2-0,2,0,0.897365,2,1,2-1,0.912752,0.02364,1,2-0,2,0,0.889112,2,1,2-1,0.904278,0.023421,1,2-0,2,0,0.880858,2,1,2-1,0.895805,0.023201,1,2-0,2,0,0.872604,2,1,2-1,0.887332,0.022982,1,2-0,2,0,0.864351,2,1,2-1,0.878859,0.022762,1,2-0,2,0,0.856097,2,1,2-1,0.870386,0.022543,1,2-0,2,0,0.847843,2,1,2-1,0.861913,0.022323,1,2-0,2,0,0.83959,2,1,2-1,0.85344,0.022104,1,2-0,2,0,0.831336,2,1,2-1,0.844967,0.021884,1,2-0,2,0,0.823082,2,1,2-1,0.836494,0.021665,1,2-0,2,0,0.814829,2,1,2-1,0.828021,0.021446,1,2-0,2,0,0.806575,2,1,2-1,0.819548,0.021226,1,2-0,2,0,0.798321,2,1,2-1,0.811074,0.021007,1,2-0,2,0,0.790068,2,1,2-1,0.802601,0.020787,1,2-0,2,0,0.781814,2,1,2-1,0.794128,0.020568,1,2-0,2,0,0.773561,2,1,2-1,0.785655,0.020348,1,2-0,2,0,0.765307,2,1,2-1,0.777182,0.020129,1,2-0,2,0,0.757053,2,1,2-1,0.768709,0.019909,1,2-0,2,0,0.7488,2,1,2-1,0.760236,0.01969,1,2-0,2,0,0.740546
2010,2010-06-28T08:00:00+01:00,8,53,Netherlands,Slovakia,2,1,0.715476,0.177176,0.107348,2.2945,0.7677,0.694772,0.210532,0.094697,0.033356,home,home,False,0.020705,-0.033356,0.012651,2,0,2-0,1.054495,0.028602,2,1,2-1,1.025893,2,2,0,2-0,1.026601,0.027846,2,2-1,2,1,0.998755,2,0,2-0,1.028131,0.027887,2,2-1,2,1,1.000243,2,0,2-0,1.02966,0.027929,2,2-1,2,1,1.001731,2,0,2-0,1.03119,0.02797,2,2-1,2,1,1.00322,2,0,2-0,1.03272,0.028012,2,2-1,2,1,1.004708,2,0,2-0,1.034249,0.028053,2,2-1,2,1,1.006196,2,0,2-0,1.035779,0.028095,2,2-1,2,1,1.007684,2,0,2-0,1.037309,0.028136,2,2-1,2,1,1.009172,2,0,2-0,1.038838,0.028178,2,2-1,2,1,1.010661,2,0,2-0,1.040368,0.028219,2,2-1,2,1,1.012149,2,0,2-0,1.041898,0.028261,2,2-1,2,1,1.013637,2,0,2-0,1.043427,0.028302,2,2-1,2,1,1.015125,2,0,2-0,1.044957,0.028344,2,2-1,2,1,1.016613,2,0,2-0,1.046487,0.028385,2,2-1,2,1,1.018102,2,0,2-0,1.048016,0.028427,2,2-1,2,1,1.01959,2,0,2-0,1.049546,0.028468,2,2-1,2,1,1.021078,2,0,2-0,1.051076,0.02851,2,2-1,2,1,1.022566,2,0,2-0,1.052606,0.028551,2,2-1,2,1,1.024054,2,0,2-0,1.054135,0.028593,2,2-1,2,1,1.025542,2,0,2-0,1.055665,0.028634,2,2-1,2,1,1.027031,2,0,2-0,1.057195,0.028676,2,2-1,2,1,1.028519
2010,2010-06-28T12:00:00+01:00,8,54,Brazil,Chile,0,0,0.687661,0.190543,0.121796,2.1733,0.7931,0.63491,0.235633,0.129457,0.052752,home,home,False,0.052752,-0.04509,-0.007662,2,0,2-0,1.02602,0.025153,2,1,2-1,1.000866,0,2,0,2-0,0.949055,0.023267,0,2-1,2,1,0.925789,2,0,2-0,0.952998,0.023363,0,2-1,2,1,0.929635,2,0,2-0,0.956941,0.02346,0,2-1,2,1,0.933481,2,0,2-0,0.960883,0.023557,0,2-1,2,1,0.937327,2,0,2-0,0.964826,0.023653,0,2-1,2,1,0.941173,2,0,2-0,0.968769,0.02375,0,2-1,2,1,0.945019,2,0,2-0,0.972711,0.023846,0,2-1,2,1,0.948865,2,0,2-0,0.976654,0.023943,0,2-1,2,1,0.952711,2,0,2-0,0.980597,0.02404,0,2-1,2,1,0.956557,2,0,2-0,0.984539,0.024136,0,2-1,2,1,0.960403,2,0,2-0,0.988482,0.024233,0,2-1,2,1,0.964249,2,0,2-0,0.992424,0.02433,0,2-1,2,1,0.968095,2,0,2-0,0.996367,0.024426,0,2-1,2,1,0.971941,2,0,2-0,1.00031,0.024523,0,2-1,2,1,0.975787,2,0,2-0,1.004252,0.02462,0,2-1,2,1,0.979633,2,0,2-0,1.008195,0.024716,0,2-1,2,1,0.983479,2,0,2-0,1.012138,0.024813,0,2-1,2,1,0.987325,2,0,2-0,1.01608,0.02491,0,2-1,2,1,0.991171,2,0,2-0,1.020023,0.025006,0,2-1,2,1,0.995017,2,0,2-0,1.023966,0.025103,0,2-1,2,1,0.998863,2,0,2-0,1.027908,0.0252,0,2-1,2,1,1.002709
2010,2010-06-29T08:00:00+01:00,8,55,Paraguay,Japan,3,0,0.455173,0.270323,0.274504,1.4307,1.0503,0.445784,0.304922,0.249294,0.034599,home,home,False,0.009389,-0.034599,0.02521,2,1,2-1,0.720587,0.00431,2,0,2-0,0.716277,1,2,1,2-1,0.70582,0.004221,1,2-0,2,0,0.701599,2,1,2-1,0.706563,0.004226,1,2-0,2,0,0.702338,2,1,2-1,0.707307,0.00423,1,2-0,2,0,0.703076,2,1,2-1,0.70805,0.004235,1,2-0,2,0,0.703815,2,1,2-1,0.708793,0.004239,1,2-0,2,0,0.704554,2,1,2-1,0.709537,0.004244,1,2-0,2,0,0.705293,2,1,2-1,0.71028,0.004248,1,2-0,2,0,0.706032,2,1,2-1,0.711023,0.004252,1,2-0,2,0,0.706771,2,1,2-1,0.711767,0.004257,1,2-0,2,0,0.70751,2,1,2-1,0.71251,0.004261,1,2-0,2,0,0.708249,2,1,2-1,0.713253,0.004266,1,2-0,2,0,0.708987,2,1,2-1,0.713996,0.00427,1,2-0,2,0,0.709726,2,1,2-1,0.71474,0.004275,1,2-0,2,0,0.710465,2,1,2-1,0.715483,0.004279,1,2-0,2,0,0.711204,2,1,2-1,0.716226,0.004284,1,2-0,2,0,0.711943,2,1,2-1,0.71697,0.004288,1,2-0,2,0,0.712682,2,1,2-1,0.717713,0.004292,1,2-0,2,0,0.713421,2,1,2-1,0.718456,0.004297,1,2-0,2,0,0.714159,2,1,2-1,0.7192,0.004301,1,2-0,2,0,0.714898,2,1,2-1,0.719943,0.004306,1,2-0,2,0,0.715637,2,1,2-1,0.720686,0.00431,1,2-0,2,0,0.716376
2010,2010-06-29T12:00:00+01:00,8,56,Spain,Portugal,1,0,0.495607,0.256706,0.247687,1.5766,1.0392,0.489504,0.293859,0.216637,0.037154,home,home,False,0.006103,-0.037154,0.03105,2,1,2-1,0.775193,0.003566,2,0,2-0,0.771627,1,2,1,2-1,0.765838,0.003523,1,2-0,2,0,0.762315,2,1,2-1,0.766315,0.003525,1,2-0,2,0,0.76279,2,1,2-1,0.766793,0.003528,1,2-0,2,0,0.763265,2,1,2-1,0.76727,0.00353,1,2-0,2,0,0.763741,2,1,2-1,0.767748,0.003532,1,2-0,2,0,0.764216,2,1,2-1,0.768225,0.003534,1,2-0,2,0,0.764691,2,1,2-1,0.768703,0.003536,1,2-0,2,0,0.765166,2,1,2-1,0.76918,0.003538,1,2-0,2,0,0.765642,2,1,2-1,0.769657,0.003541,1,2-0,2,0,0.766117,2,1,2-1,0.770135,0.003543,1,2-0,2,0,0.766592,2,1,2-1,0.770612,0.003545,1,2-0,2,0,0.767067,2,1,2-1,0.77109,0.003547,1,2-0,2,0,0.767543,2,1,2-1,0.771567,0.003549,1,2-0,2,0,0.768018,2,1,2-1,0.772045,0.003552,1,2-0,2,0,0.768493,2,1,2-1,0.772522,0.003554,1,2-0,2,0,0.768968,2,1,2-1,0.773,0.003556,1,2-0,2,0,0.769444,2,1,2-1,0.773477,0.003558,1,2-0,2,0,0.769919,2,1,2-1,0.773954,0.00356,1,2-0,2,0,0.770394,2,1,2-1,0.774432,0.003563,1,2-0,2,0,0.770869,2,1,2-1,0.774909,0.003565,1,2-0,2,0,0.771345,2,1,2-1,0.775387,0.003567,1,2-0,2,0,0.77182
2010,2010-07-02T08:00:00+01:00,4,57,Netherlands,Brazil,1,1,0.30669,0.27052,0.42279,1.1442,1.39,0.227261,0.287541,0.485198,0.079429,away,away,False,0.079429,-0.01702,-0.062408,1,2,1-2,0.674733,0.011054,0,2,0-2,0.663679,0,1,2,1-2,0.77443,0.012687,0,0-2,0,2,0.761743,1,2,1-2,0.769449,0.012605,0,0-2,0,2,0.756844,1,2,1-2,0.764469,0.012524,0,0-2,0,2,0.751945,1,2,1-2,0.759488,0.012442,0,0-2,0,2,0.747046,1,2,1-2,0.754507,0.01236,0,0-2,0,2,0.742147,1,2,1-2,0.749527,0.012279,0,0-2,0,2,0.737248,1,2,1-2,0.744546,0.012197,0,0-2,0,2,0.732349,1,2,1-2,0.739566,0.012116,0,0-2,0,2,0.72745,1,2,1-2,0.734585,0.012034,0,0-2,0,2,0.722551,1,2,1-2,0.729605,0.011952,0,0-2,0,2,0.717652,1,2,1-2,0.724624,0.011871,0,0-2,0,2,0.712753,1,2,1-2,0.719644,0.011789,0,0-2,0,2,0.707855,1,2,1-2,0.714663,0.011708,0,0-2,0,2,0.702956,1,2,1-2,0.709683,0.011626,0,0-2,0,2,0.698057,1,2,1-2,0.704702,0.011545,0,0-2,0,2,0.693158,1,2,1-2,0.699722,0.011463,0,0-2,0,2,0.688259,1,2,1-2,0.694741,0.011381,0,0-2,0,2,0.68336,1,2,1-2,0.689761,0.0113,0,0-2,0,2,0.678461,1,2,1-2,0.68478,0.011218,0,0-2,0,2,0.673562,1,2,1-2,0.6798,0.011137,0,0-2,0,2,0.668663,1,2,1-2,0.674819,0.011055,0,0-2,0,2,0.663764
2010,2010-07-02T12:00:00+01:00,4,58,Uruguay,Ghana,0,4,0.521087,0.24848,0.230433,1.6633,1.0228,0.51104,0.285759,0.203201,0.037279,home,home,False,0.010047,-0.037279,0.027232,2,1,2-1,0.808005,0.002146,2,0,2-0,0.805859,0,2,1,2-1,0.792702,0.002105,0,2-0,2,0,0.790597,2,1,2-1,0.793482,0.002107,0,2-0,2,0,0.791374,2,1,2-1,0.794261,0.002109,0,2-0,2,0,0.792151,2,1,2-1,0.79504,0.002111,0,2-0,2,0,0.792929,2,1,2-1,0.795819,0.002113,0,2-0,2,0,0.793706,2,1,2-1,0.796598,0.002116,0,2-0,2,0,0.794483,2,1,2-1,0.797378,0.002118,0,2-0,2,0,0.79526,2,1,2-1,0.798157,0.00212,0,2-0,2,0,0.796037,2,1,2-1,0.798936,0.002122,0,2-0,2,0,0.796814,2,1,2-1,0.799715,0.002124,0,2-0,2,0,0.797591,2,1,2-1,0.800494,0.002126,0,2-0,2,0,0.798369,2,1,2-1,0.801274,0.002128,0,2-0,2,0,0.799146,2,1,2-1,0.802053,0.00213,0,2-0,2,0,0.799923,2,1,2-1,0.802832,0.002132,0,2-0,2,0,0.8007,2,1,2-1,0.803611,0.002134,0,2-0,2,0,0.801477,2,1,2-1,0.804391,0.002136,0,2-0,2,0,0.802254,2,1,2-1,0.80517,0.002138,0,2-0,2,0,0.803032,2,1,2-1,0.805949,0.00214,0,2-0,2,0,0.803809,2,1,2-1,0.806728,0.002142,0,2-0,2,0,0.804586,2,1,2-1,0.807507,0.002144,0,2-0,2,0,0.805363,2,1,2-1,0.808287,0.002147,0,2-0,2,0,0.80614
2010,2010-07-03T08:00:00+01:00,4,59,Argentina,Germany,2,1,0.469847,0.233664,0.29649,1.8027,1.3938,0.415715,0.290949,0.293336,0.057285,home,home,False,0.054131,-0.057285,0.003154,2,1,2-1,0.721277,0.026174,2,0,2-0,0.695103,3,2,1,2-1,0.638606,0.023174,3,2-0,2,0,0.615433,2,1,2-1,0.642764,0.023324,3,2-0,2,0,0.61944,2,1,2-1,0.646922,0.023475,3,2-0,2,0,0.623447,2,1,2-1,0.65108,0.023626,3,2-0,2,0,0.627453,2,1,2-1,0.655237,0.023777,3,2-0,2,0,0.63146,2,1,2-1,0.659395,0.023928,3,2-0,2,0,0.635467,2,1,2-1,0.663553,0.024079,3,2-0,2,0,0.639474,2,1,2-1,0.66771,0.02423,3,2-0,2,0,0.643481,2,1,2-1,0.671868,0.024381,3,2-0,2,0,0.647488,2,1,2-1,0.676026,0.024531,3,2-0,2,0,0.651494,2,1,2-1,0.680184,0.024682,3,2-0,2,0,0.655501,2,1,2-1,0.684341,0.024833,3,2-0,2,0,0.659508,2,1,2-1,0.688499,0.024984,3,2-0,2,0,0.663515,2,1,2-1,0.692657,0.025135,3,2-0,2,0,0.667522,2,1,2-1,0.696814,0.025286,3,2-0,2,0,0.671529,2,1,2-1,0.700972,0.025437,3,2-0,2,0,0.675535,2,1,2-1,0.70513,0.025588,3,2-0,2,0,0.679542,2,1,2-1,0.709288,0.025738,3,2-0,2,0,0.683549,2,1,2-1,0.713445,0.025889,3,2-0,2,0,0.687556,2,1,2-1,0.717603,0.02604,3,2-0,2,0,0.691563,2,1,2-1,0.721761,0.026191,3,2-0,2,0,0.69557
2010,2010-07-03T12:00:00+01:00,4,60,Paraguay,Spain,0,1,0.168131,0.231928,0.599941,0.8351,1.7997,0.09517,0.211649,0.693181,0.093239,away,away,False,0.072961,0.020279,-0.093239,0,2,0-2,0.928949,0.019153,1,2,1-2,0.909796,1,0,2,0-2,1.073926,0.022142,1,1-2,1,2,1.051784,0,2,0-2,1.066703,0.021993,1,1-2,1,2,1.04471,0,2,0-2,1.059481,0.021844,1,1-2,1,2,1.037637,0,2,0-2,1.052258,0.021695,1,1-2,1,2,1.030563,0,2,0-2,1.045035,0.021546,1,1-2,1,2,1.023489,0,2,0-2,1.037813,0.021398,1,1-2,1,2,1.016415,0,2,0-2,1.03059,0.021249,1,1-2,1,2,1.009342,0,2,0-2,1.023367,0.0211,1,1-2,1,2,1.002268,0,2,0-2,1.016145,0.020951,1,1-2,1,2,0.995194,0,2,0-2,1.008922,0.020802,1,1-2,1,2,0.98812,0,2,0-2,1.001699,0.020653,1,1-2,1,2,0.981047,0,2,0-2,0.994477,0.020504,1,1-2,1,2,0.973973,0,2,0-2,0.987254,0.020355,1,1-2,1,2,0.966899,0,2,0-2,0.980032,0.020206,1,1-2,1,2,0.959825,0,2,0-2,0.972809,0.020057,1,1-2,1,2,0.952752,0,2,0-2,0.965586,0.019908,1,1-2,1,2,0.945678,0,2,0-2,0.958364,0.019759,1,1-2,1,2,0.938604,0,2,0-2,0.951141,0.019611,1,1-2,1,2,0.93153,0,2,0-2,0.943918,0.019462,1,1-2,1,2,0.924457,0,2,0-2,0.936696,0.019313,1,1-2,1,2,0.917383,0,2,0-2,0.929473,0.019164,1,1-2,1,2,0.910309
2010,2010-07-06T12:00:00+01:00,2,61,Uruguay,Netherlands,2,3,0.196168,0.24138,0.562451,0.9177,1.7279,0.163402,0.268187,0.568411,0.032766,away,away,False,0.032766,-0.026806,-0.00596,0,2,0-2,0.8713,0.008723,1,2,1-2,0.862577,1,0,2,0-2,0.880918,0.008819,1,1-2,1,2,0.872098,0,2,0-2,0.880456,0.008815,1,1-2,1,2,0.871641,0,2,0-2,0.879994,0.00881,1,1-2,1,2,0.871184,0,2,0-2,0.879532,0.008806,1,1-2,1,2,0.870727,0,2,0-2,0.87907,0.008801,1,1-2,1,2,0.870269,0,2,0-2,0.878608,0.008796,1,1-2,1,2,0.869812,0,2,0-2,0.878147,0.008792,1,1-2,1,2,0.869355,0,2,0-2,0.877685,0.008787,1,1-2,1,2,0.868898,0,2,0-2,0.877223,0.008782,1,1-2,1,2,0.86844,0,2,0-2,0.876761,0.008778,1,1-2,1,2,0.867983,0,2,0-2,0.876299,0.008773,1,1-2,1,2,0.867526,0,2,0-2,0.875837,0.008769,1,1-2,1,2,0.867069,0,2,0-2,0.875376,0.008764,1,1-2,1,2,0.866612,0,2,0-2,0.874914,0.008759,1,1-2,1,2,0.866154,0,2,0-2,0.874452,0.008755,1,1-2,1,2,0.865697,0,2,0-2,0.87399,0.00875,1,1-2,1,2,0.86524,0,2,0-2,0.873528,0.008745,1,1-2,1,2,0.864783,0,2,0-2,0.873066,0.008741,1,1-2,1,2,0.864326,0,2,0-2,0.872605,0.008736,1,1-2,1,2,0.863868,0,2,0-2,0.872143,0.008732,1,1-2,1,2,0.863411,0,2,0-2,0.871681,0.008727,1,1-2,1,2,0.862954
2010,2010-07-07T12:00:00+01:00,2,62,Germany,Spain,0,1,0.252545,0.234463,0.512992,1.2124,1.8164,0.342274,0.283971,0.373755,0.139237,away,away,False,-0.089729,-0.049508,0.139237,1,2,1-2,0.785968,0.016948,0,2,0-2,0.769019,1,1,2,1-2,0.573003,0.007365,1,2-1,2,1,0.565638,1,2,1-2,0.583676,0.012586,1,0-2,0,2,0.57109,1,2,1-2,0.59435,0.012816,1,0-2,0,2,0.581533,1,2,1-2,0.605023,0.013047,1,0-2,0,2,0.591976,1,2,1-2,0.615696,0.013277,1,0-2,0,2,0.602419,1,2,1-2,0.626369,0.013507,1,0-2,0,2,0.612862,1,2,1-2,0.637042,0.013737,1,0-2,0,2,0.623305,1,2,1-2,0.647715,0.013967,1,0-2,0,2,0.633748,1,2,1-2,0.658389,0.014197,1,0-2,0,2,0.644191,1,2,1-2,0.669062,0.014427,1,0-2,0,2,0.654634,1,2,1-2,0.679735,0.014658,1,0-2,0,2,0.665077,1,2,1-2,0.690408,0.014888,1,0-2,0,2,0.675521,1,2,1-2,0.701081,0.015118,1,0-2,0,2,0.685964,1,2,1-2,0.711755,0.015348,1,0-2,0,2,0.696407,1,2,1-2,0.722428,0.015578,1,0-2,0,2,0.70685,1,2,1-2,0.733101,0.015808,1,0-2,0,2,0.717293,1,2,1-2,0.743774,0.016039,1,0-2,0,2,0.727736,1,2,1-2,0.754447,0.016269,1,0-2,0,2,0.738179,1,2,1-2,0.765121,0.016499,1,0-2,0,2,0.748622,1,2,1-2,0.775794,0.016729,1,0-2,0,2,0.759065,1,2,1-2,0.786467,0.016959,1,0-2,0,2,0.769508
2010,2010-07-10T12:00:00+01:00,1,63,Uruguay,Germany,2,3,0.299045,0.237843,0.463112,1.3648,1.7468,0.239062,0.261076,0.499862,0.059983,away,away,False,0.059983,-0.023233,-0.03675,1,2,1-2,0.716228,0.024785,0,2,0-2,0.691443,1,1,2,1-2,0.773492,0.026767,1,0-2,0,2,0.746725,1,2,1-2,0.770649,0.026668,1,0-2,0,2,0.74398,1,2,1-2,0.767805,0.02657,1,0-2,0,2,0.741235,1,2,1-2,0.764962,0.026472,1,0-2,0,2,0.73849,1,2,1-2,0.762119,0.026373,1,0-2,0,2,0.735745,1,2,1-2,0.759275,0.026275,1,0-2,0,2,0.733,1,2,1-2,0.756432,0.026177,1,0-2,0,2,0.730255,1,2,1-2,0.753588,0.026078,1,0-2,0,2,0.72751,1,2,1-2,0.750745,0.02598,1,0-2,0,2,0.724765,1,2,1-2,0.747902,0.025881,1,0-2,0,2,0.72202,1,2,1-2,0.745058,0.025783,1,0-2,0,2,0.719275,1,2,1-2,0.742215,0.025685,1,0-2,0,2,0.71653,1,2,1-2,0.739371,0.025586,1,0-2,0,2,0.713785,1,2,1-2,0.736528,0.025488,1,0-2,0,2,0.71104,1,2,1-2,0.733685,0.025389,1,0-2,0,2,0.708295,1,2,1-2,0.730841,0.025291,1,0-2,0,2,0.70555,1,2,1-2,0.727998,0.025193,1,0-2,0,2,0.702805,1,2,1-2,0.725154,0.025094,1,0-2,0,2,0.70006,1,2,1-2,0.722311,0.024996,1,0-2,0,2,0.697315,1,2,1-2,0.719468,0.024897,1,0-2,0,2,0.69457,1,2,1-2,0.716624,0.024799,1,0-2,0,2,0.691825
2010,2010-07-11T12:00:00+01:00,0,64,Netherlands,Spain,0,1,0.354469,0.28043,0.365101,1.1993,1.2213,0.242611,0.280833,0.476556,0.111858,away,away,False,0.111858,-0.000404,-0.111455,1,2,1-2,0.590321,0.013208,0,2,0-2,0.577113,1,1,2,1-2,0.770589,0.017241,1,0-2,0,2,0.753348,1,2,1-2,0.761578,0.017039,1,0-2,0,2,0.744538,1,2,1-2,0.752567,0.016838,1,0-2,0,2,0.735729,1,2,1-2,0.743555,0.016636,1,0-2,0,2,0.726919,1,2,1-2,0.734544,0.016434,1,0-2,0,2,0.71811,1,2,1-2,0.725533,0.016233,1,0-2,0,2,0.7093,1,2,1-2,0.716522,0.016031,1,0-2,0,2,0.700491,1,2,1-2,0.707511,0.01583,1,0-2,0,2,0.691682,1,2,1-2,0.6985,0.015628,1,0-2,0,2,0.682872,1,2,1-2,0.689489,0.015426,1,0-2,0,2,0.674063,1,2,1-2,0.680478,0.015225,1,0-2,0,2,0.665253,1,2,1-2,0.671467,0.015023,1,0-2,0,2,0.656444,1,2,1-2,0.662456,0.014822,1,0-2,0,2,0.647634,1,2,1-2,0.653445,0.01462,1,0-2,0,2,0.638825,1,2,1-2,0.644434,0.014418,1,0-2,0,2,0.630015,1,2,1-2,0.635422,0.014217,1,0-2,0,2,0.621206,1,2,1-2,0.626411,0.014015,1,0-2,0,2,0.612396,1,2,1-2,0.6174,0.013814,1,0-2,0,2,0.603587,1,2,1-2,0.608389,0.013612,1,0-2,0,2,0.594777,1,2,1-2,0.599378,0.01341,1,0-2,0,2,0.585968,1,2,1-2,0.590367,0.013209,1,0-2,0,2,0.577158
2014,2014-06-12T17:00:00-03:00,G,1,Brazil,Croatia,3,1,0.688569,0.193226,0.118205,2.1559,0.7716,0.74496,0.183013,0.072027,0.056392,home,home,False,-0.056392,0.010213,0.046178,2,0,2-0,1.032158,0.028413,2,1,2-1,1.003745,1,2,0,2-0,1.118645,0.030794,1,2-1,2,1,1.087851,2,0,2-0,1.114411,0.030677,1,2-1,2,1,1.083734,2,0,2-0,1.110177,0.030561,1,2-1,2,1,1.079616,2,0,2-0,1.105943,0.030444,1,2-1,2,1,1.075499,2,0,2-0,1.101709,0.030328,1,2-1,2,1,1.071382,2,0,2-0,1.097475,0.030211,1,2-1,2,1,1.067264,2,0,2-0,1.093242,0.030095,1,2-1,2,1,1.063147,2,0,2-0,1.089008,0.029978,1,2-1,2,1,1.059029,2,0,2-0,1.084774,0.029862,1,2-1,2,1,1.054912,2,0,2-0,1.08054,0.029745,1,2-1,2,1,1.050795,2,0,2-0,1.076306,0.029629,1,2-1,2,1,1.046677,2,0,2-0,1.072072,0.029512,1,2-1,2,1,1.04256,2,0,2-0,1.067838,0.029395,1,2-1,2,1,1.038443,2,0,2-0,1.063604,0.029279,1,2-1,2,1,1.034325,2,0,2-0,1.05937,0.029162,1,2-1,2,1,1.030208,2,0,2-0,1.055136,0.029046,1,2-1,2,1,1.02609,2,0,2-0,1.050902,0.028929,1,2-1,2,1,1.021973,2,0,2-0,1.046668,0.028813,1,2-1,2,1,1.017856,2,0,2-0,1.042434,0.028696,1,2-1,2,1,1.013738,2,0,2-0,1.038201,0.02858,1,2-1,2,1,1.009621,2,0,2-0,1.033967,0.028463,1,2-1,2,1,1.005504
2014,2014-06-13T13:00:00-03:00,G,2,Mexico,Cameroon,1,0,0.487252,0.25881,0.253938,1.5797,1.0717,0.442648,0.303935,0.253417,0.045125,home,home,False,0.044604,-0.045125,0.000521,2,1,2-1,0.763845,0.006309,2,0,2-0,0.757536,1,2,1,2-1,0.694099,0.005733,1,2-0,2,0,0.688366,2,1,2-1,0.697596,0.005762,1,2-0,2,0,0.691835,2,1,2-1,0.701093,0.005791,1,2-0,2,0,0.695303,2,1,2-1,0.704591,0.00582,1,2-0,2,0,0.698771,2,1,2-1,0.708088,0.005848,1,2-0,2,0,0.702239,2,1,2-1,0.711585,0.005877,1,2-0,2,0,0.705707,2,1,2-1,0.715082,0.005906,1,2-0,2,0,0.709176,2,1,2-1,0.718579,0.005935,1,2-0,2,0,0.712644,2,1,2-1,0.722076,0.005964,1,2-0,2,0,0.716112,2,1,2-1,0.725573,0.005993,1,2-0,2,0,0.71958,2,1,2-1,0.72907,0.006022,1,2-0,2,0,0.723048,2,1,2-1,0.732567,0.006051,1,2-0,2,0,0.726517,2,1,2-1,0.736064,0.006079,1,2-0,2,0,0.729985,2,1,2-1,0.739561,0.006108,1,2-0,2,0,0.733453,2,1,2-1,0.743059,0.006137,1,2-0,2,0,0.736921,2,1,2-1,0.746556,0.006166,1,2-0,2,0,0.740389,2,1,2-1,0.750053,0.006195,1,2-0,2,0,0.743858,2,1,2-1,0.75355,0.006224,1,2-0,2,0,0.747326,2,1,2-1,0.757047,0.006253,1,2-0,2,0,0.750794,2,1,2-1,0.760544,0.006282,1,2-0,2,0,0.754262,2,1,2-1,0.764041,0.006311,1,2-0,2,0,0.75773
2014,2014-06-13T16:00:00-03:00,G,3,Spain,Netherlands,1,5,0.471309,0.285433,0.243258,1.3579,0.8956,0.526289,0.28667,0.187041,0.056217,home,home,False,-0.054981,-0.001236,0.056217,2,0,2-0,0.751655,0.003271,1,0,1-0,0.748384,0,2,0,2-0,0.839416,0.003653,0,1-0,1,0,0.835763,2,0,2-0,0.835031,0.003633,0,1-0,1,0,0.831398,2,0,2-0,0.830647,0.003614,0,1-0,1,0,0.827032,2,0,2-0,0.826262,0.003595,0,1-0,1,0,0.822667,2,0,2-0,0.821877,0.003576,0,1-0,1,0,0.818301,2,0,2-0,0.817493,0.003557,0,1-0,1,0,0.813936,2,0,2-0,0.813108,0.003538,0,1-0,1,0,0.80957,2,0,2-0,0.808724,0.003519,0,1-0,1,0,0.805205,2,0,2-0,0.804339,0.0035,0,1-0,1,0,0.800839,2,0,2-0,0.799954,0.003481,0,1-0,1,0,0.796473,2,0,2-0,0.79557,0.003462,0,1-0,1,0,0.792108,2,0,2-0,0.791185,0.003443,0,1-0,1,0,0.787742,2,0,2-0,0.7868,0.003424,0,1-0,1,0,0.783377,2,0,2-0,0.782416,0.003405,0,1-0,1,0,0.779011,2,0,2-0,0.778031,0.003385,0,1-0,1,0,0.774646,2,0,2-0,0.773647,0.003366,0,1-0,1,0,0.77028,2,0,2-0,0.769262,0.003347,0,1-0,1,0,0.765915,2,0,2-0,0.764877,0.003328,0,1-0,1,0,0.761549,2,0,2-0,0.760493,0.003309,0,1-0,1,0,0.757184,2,0,2-0,0.756108,0.00329,0,1-0,1,0,0.752818,2,0,2-0,0.751723,0.003271,0,1-0,1,0,0.748452
2014,2014-06-13T18:00:00-04:00,G,4,Chile,Australia,3,1,0.557373,0.234826,0.2078,1.8335,1.0335,0.684315,0.212774,0.102912,0.126941,home,home,False,-0.126941,0.022053,0.104889,2,1,2-1,0.850185,0.003203,2,0,2-0,0.846982,1,2,1,2-1,1.044487,0.003935,1,2-0,2,0,1.040552,2,1,2-1,1.0348,0.003898,1,2-0,2,0,1.030901,2,1,2-1,1.025112,0.003862,1,2-0,2,0,1.02125,2,1,2-1,1.015424,0.003825,1,2-0,2,0,1.011599,2,1,2-1,1.005736,0.003789,1,2-0,2,0,1.001948,2,1,2-1,0.996049,0.003752,1,2-0,2,0,0.992296,2,1,2-1,0.986361,0.003716,1,2-0,2,0,0.982645,2,1,2-1,0.976673,0.003679,1,2-0,2,0,0.972994,2,1,2-1,0.966986,0.003643,1,2-0,2,0,0.963343,2,1,2-1,0.957298,0.003606,1,2-0,2,0,0.953692,2,1,2-1,0.94761,0.00357,1,2-0,2,0,0.94404,2,1,2-1,0.937923,0.003533,1,2-0,2,0,0.934389,2,1,2-1,0.928235,0.003497,1,2-0,2,0,0.924738,2,1,2-1,0.918547,0.00346,1,2-0,2,0,0.915087,2,1,2-1,0.90886,0.003424,1,2-0,2,0,0.905436,2,1,2-1,0.899172,0.003387,1,2-0,2,0,0.895784,2,1,2-1,0.889484,0.003351,1,2-0,2,0,0.886133,2,1,2-1,0.879796,0.003314,1,2-0,2,0,0.876482,2,1,2-1,0.870109,0.003278,1,2-0,2,0,0.866831,2,1,2-1,0.860421,0.003241,1,2-0,2,0,0.85718,2,1,2-1,0.850733,0.003205,1,2-0,2,0,0.847528
2014,2014-06-14T13:00:00-03:00,G,5,Colombia,Greece,3,0,0.473977,0.310896,0.215127,1.2056,0.7137,0.526117,0.292003,0.181881,0.052139,home,home,False,-0.052139,0.018893,0.033247,1,0,1-0,0.819675,0.056381,2,0,2-0,0.763294,1,1,0,1-0,0.909878,0.062586,1,2-0,2,0,0.847292,1,0,1-0,0.905369,0.062276,1,2-0,2,0,0.843094,1,0,1-0,0.900861,0.061966,1,2-0,2,0,0.838895,1,0,1-0,0.896352,0.061655,1,2-0,2,0,0.834697,1,0,1-0,0.891844,0.061345,1,2-0,2,0,0.830498,1,0,1-0,0.887335,0.061035,1,2-0,2,0,0.8263,1,0,1-0,0.882827,0.060725,1,2-0,2,0,0.822102,1,0,1-0,0.878318,0.060415,1,2-0,2,0,0.817903,1,0,1-0,0.87381,0.060105,1,2-0,2,0,0.813705,1,0,1-0,0.869301,0.059795,1,2-0,2,0,0.809506,1,0,1-0,0.864793,0.059485,1,2-0,2,0,0.805308,1,0,1-0,0.860284,0.059175,1,2-0,2,0,0.80111,1,0,1-0,0.855776,0.058864,1,2-0,2,0,0.796911,1,0,1-0,0.851267,0.058554,1,2-0,2,0,0.792713,1,0,1-0,0.846758,0.058244,1,2-0,2,0,0.788514,1,0,1-0,0.84225,0.057934,1,2-0,2,0,0.784316,1,0,1-0,0.837741,0.057624,1,2-0,2,0,0.780117,1,0,1-0,0.833233,0.057314,1,2-0,2,0,0.775919,1,0,1-0,0.828724,0.057004,1,2-0,2,0,0.771721,1,0,1-0,0.824216,0.056694,1,2-0,2,0,0.767522,1,0,1-0,0.819707,0.056383,1,2-0,2,0,0.763324
2014,2014-06-14T16:00:00-03:00,G,6,Uruguay,Costa Rica,1,3,0.660226,0.202929,0.136845,2.0962,0.8409,0.67628,0.224683,0.099037,0.037808,home,home,False,-0.016054,-0.021753,0.037808,2,0,2-0,0.990183,0.018538,2,1,2-1,0.971645,0,2,0,2-0,1.015756,0.019016,0,2-1,2,1,0.99674,2,0,2-0,1.014551,0.018994,0,2-1,2,1,0.995557,2,0,2-0,1.013345,0.018971,0,2-1,2,1,0.994374,2,0,2-0,1.012139,0.018949,0,2-1,2,1,0.993191,2,0,2-0,1.010934,0.018926,0,2-1,2,1,0.992008,2,0,2-0,1.009728,0.018904,0,2-1,2,1,0.990824,2,0,2-0,1.008522,0.018881,0,2-1,2,1,0.989641,2,0,2-0,1.007317,0.018858,0,2-1,2,1,0.988458,2,0,2-0,1.006111,0.018836,0,2-1,2,1,0.987275,2,0,2-0,1.004905,0.018813,0,2-1,2,1,0.986092,2,0,2-0,1.0037,0.018791,0,2-1,2,1,0.984909,2,0,2-0,1.002494,0.018768,0,2-1,2,1,0.983726,2,0,2-0,1.001288,0.018746,0,2-1,2,1,0.982543,2,0,2-0,1.000083,0.018723,0,2-1,2,1,0.98136,2,0,2-0,0.998877,0.0187,0,2-1,2,1,0.980177,2,0,2-0,0.997671,0.018678,0,2-1,2,1,0.978994,2,0,2-0,0.996466,0.018655,0,2-1,2,1,0.977811,2,0,2-0,0.99526,0.018633,0,2-1,2,1,0.976627,2,0,2-0,0.994055,0.01861,0,2-1,2,1,0.975444,2,0,2-0,0.992849,0.018588,0,2-1,2,1,0.974261,2,0,2-0,0.991643,0.018565,0,2-1,2,1,0.973078
2014,2014-06-14T18:00:00-04:00,G,7,England,Italy,1,2,0.474704,0.262642,0.262653,1.537,1.0789,0.383722,0.320433,0.295845,0.090982,home,home,False,0.090982,-0.05779,-0.033192,2,1,2-1,0.747268,0.006814,2,0,2-0,0.740454,0,1,1,1-1,0.625709,0.021532,0,2-1,2,1,0.604178,1,1,1-1,0.620067,0.008727,0,2-1,2,1,0.61134,2,1,2-1,0.618503,0.004078,0,1-1,1,1,0.614425,2,1,2-1,0.625665,0.005705,0,2-0,2,0,0.61996,2,1,2-1,0.632828,0.00577,0,2-0,2,0,0.627058,2,1,2-1,0.639991,0.005836,0,2-0,2,0,0.634155,2,1,2-1,0.647153,0.005901,0,2-0,2,0,0.641252,2,1,2-1,0.654316,0.005966,0,2-0,2,0,0.64835,2,1,2-1,0.661479,0.006032,0,2-0,2,0,0.655447,2,1,2-1,0.668641,0.006097,0,2-0,2,0,0.662544,2,1,2-1,0.675804,0.006162,0,2-0,2,0,0.669642,2,1,2-1,0.682967,0.006228,0,2-0,2,0,0.676739,2,1,2-1,0.690129,0.006293,0,2-0,2,0,0.683836,2,1,2-1,0.697292,0.006358,0,2-0,2,0,0.690934,2,1,2-1,0.704455,0.006424,0,2-0,2,0,0.698031,2,1,2-1,0.711617,0.006489,0,2-0,2,0,0.705128,2,1,2-1,0.71878,0.006554,0,2-0,2,0,0.712226,2,1,2-1,0.725943,0.006619,0,2-0,2,0,0.719323,2,1,2-1,0.733105,0.006685,0,2-0,2,0,0.72642,2,1,2-1,0.740268,0.00675,0,2-0,2,0,0.733518,2,1,2-1,0.74743,0.006815,0,2-0,2,0,0.740615
2014,2014-06-14T22:00:00-03:00,G,8,Ivory Coast,Japan,2,1,0.499525,0.22879,0.271685,1.9149,1.3682,0.35765,0.287434,0.354917,0.141875,home,home,False,0.141875,-0.058644,-0.083231,2,1,2-1,0.756035,0.025322,2,0,2-0,0.730713,3,1,2,1-2,0.576647,0.03417,0,1-1,1,1,0.542477,1,2,1-2,0.569885,0.017332,0,2-1,2,1,0.552553,2,1,2-1,0.563299,0.000175,3,1-2,1,2,0.563124,2,1,2-1,0.574046,0.017683,3,1-2,1,2,0.556363,2,1,2-1,0.584792,0.019587,3,2-0,2,0,0.565205,2,1,2-1,0.595539,0.019947,3,2-0,2,0,0.575592,2,1,2-1,0.606285,0.020307,3,2-0,2,0,0.585978,2,1,2-1,0.617031,0.020667,3,2-0,2,0,0.596365,2,1,2-1,0.627778,0.021027,3,2-0,2,0,0.606751,2,1,2-1,0.638524,0.021387,3,2-0,2,0,0.617138,2,1,2-1,0.649271,0.021746,3,2-0,2,0,0.627524,2,1,2-1,0.660017,0.022106,3,2-0,2,0,0.637911,2,1,2-1,0.670764,0.022466,3,2-0,2,0,0.648297,2,1,2-1,0.68151,0.022826,3,2-0,2,0,0.658684,2,1,2-1,0.692256,0.023186,3,2-0,2,0,0.66907,2,1,2-1,0.703003,0.023546,3,2-0,2,0,0.679457,2,1,2-1,0.713749,0.023906,3,2-0,2,0,0.689843,2,1,2-1,0.724496,0.024266,3,2-0,2,0,0.70023,2,1,2-1,0.735242,0.024626,3,2-0,2,0,0.710616,2,1,2-1,0.745988,0.024986,3,2-0,2,0,0.721002,2,1,2-1,0.756735,0.025346,3,2-0,2,0,0.731389
2014,2014-06-15T13:00:00-03:00,G,9,Switzerland,Ecuador,2,1,0.340148,0.282164,0.377688,1.1795,1.2574,0.399982,0.296075,0.303943,0.073745,away,home,True,-0.059833,-0.013912,0.073745,1,2,1-2,0.609827,0.012407,0,2,0-2,0.59742,0,2,1,2-1,0.651363,0.018412,3,2-0,2,0,0.632951,2,1,2-1,0.646491,0.018274,3,2-0,2,0,0.628217,2,1,2-1,0.641619,0.018137,3,2-0,2,0,0.623482,2,1,2-1,0.636747,0.017999,3,2-0,2,0,0.618748,2,1,2-1,0.631875,0.017861,3,2-0,2,0,0.614014,2,1,2-1,0.627003,0.017724,3,2-0,2,0,0.60928,2,1,2-1,0.622132,0.017586,3,2-0,2,0,0.604546,2,1,2-1,0.61726,0.017448,3,2-0,2,0,0.599812,2,1,2-1,0.612388,0.01731,3,2-0,2,0,0.595077,2,1,2-1,0.607516,0.017173,3,2-0,2,0,0.590343,2,1,2-1,0.602644,0.017035,3,2-0,2,0,0.585609,2,1,2-1,0.597772,0.016897,3,2-0,2,0,0.580875,2,1,2-1,0.5929,0.01676,3,2-0,2,0,0.576141,2,1,2-1,0.588028,0.016622,3,2-0,2,0,0.571407,2,1,2-1,0.583157,0.009003,3,1-2,1,2,0.574154,1,2,1-2,0.580108,0.001823,0,2-1,2,1,0.578285,1,2,1-2,0.586062,0.011923,0,0-2,0,2,0.574139,1,2,1-2,0.592016,0.012044,0,0-2,0,2,0.579972,1,2,1-2,0.59797,0.012165,0,0-2,0,2,0.585805,1,2,1-2,0.603924,0.012286,0,0-2,0,2,0.591637,1,2,1-2,0.609878,0.012408,0,0-2,0,2,0.59747
2014,2014-06-15T16:00:00-03:00,G,10,France,Honduras,3,0,0.616225,0.242677,0.141098,1.6894,0.6704,0.774149,0.156826,0.069025,0.157923,home,home,False,-0.157923,0.085851,0.072073,2,0,2-0,0.975877,0.044415,2,1,2-1,0.931462,1,2,0,2-0,1.226427,0.055819,1,2-1,2,1,1.170609,2,0,2-0,1.213918,0.055249,1,2-1,2,1,1.158669,2,0,2-0,1.201409,0.05468,1,2-1,2,1,1.146729,2,0,2-0,1.188899,0.05411,1,2-1,2,1,1.134789,2,0,2-0,1.17639,0.053541,1,2-1,2,1,1.122849,2,0,2-0,1.163881,0.052972,1,2-1,2,1,1.110909,2,0,2-0,1.151371,0.052402,1,2-1,2,1,1.098969,2,0,2-0,1.138862,0.051833,1,2-1,2,1,1.087029,2,0,2-0,1.126353,0.051264,1,2-1,2,1,1.075089,2,0,2-0,1.113843,0.050694,1,2-1,2,1,1.063149,2,0,2-0,1.101334,0.050125,1,2-1,2,1,1.051209,2,0,2-0,1.088825,0.049556,1,2-1,2,1,1.039269,2,0,2-0,1.076315,0.048986,1,2-1,2,1,1.027329,2,0,2-0,1.063806,0.048417,1,2-1,2,1,1.015389,2,0,2-0,1.051297,0.047848,1,2-1,2,1,1.003449,2,0,2-0,1.038787,0.047278,1,2-1,2,1,0.991509,2,0,2-0,1.026278,0.046709,1,2-1,2,1,0.979569,2,0,2-0,1.013769,0.04614,1,2-1,2,1,0.967629,2,0,2-0,1.001259,0.04557,1,2-1,2,1,0.955689,2,0,2-0,0.98875,0.045001,1,2-1,2,1,0.943749,2,0,2-0,0.976241,0.044432,1,2-1,2,1,0.931809
2014,2014-06-15T19:00:00-03:00,G,11,Argentina,Bosnia and Herzegovina,2,1,0.673892,0.180978,0.14513,2.45,1.0652,0.745564,0.167797,0.086639,0.071672,home,home,False,-0.071672,0.013181,0.058491,2,1,2-1,0.950772,0.005816,2,0,2-0,0.944956,3,2,1,2-1,1.055891,0.006459,3,2-0,2,0,1.049432,2,1,2-1,1.050816,0.006428,3,2-0,2,0,1.044388,2,1,2-1,1.045741,0.006397,3,2-0,2,0,1.039343,2,1,2-1,1.040665,0.006366,3,2-0,2,0,1.034299,2,1,2-1,1.03559,0.006335,3,2-0,2,0,1.029255,2,1,2-1,1.030515,0.006304,3,2-0,2,0,1.024211,2,1,2-1,1.02544,0.006273,3,2-0,2,0,1.019167,2,1,2-1,1.020365,0.006242,3,2-0,2,0,1.014123,2,1,2-1,1.015289,0.006211,3,2-0,2,0,1.009078,2,1,2-1,1.010214,0.00618,3,2-0,2,0,1.004034,2,1,2-1,1.005139,0.006149,3,2-0,2,0,0.99899,2,1,2-1,1.000064,0.006118,3,2-0,2,0,0.993946,2,1,2-1,0.994989,0.006087,3,2-0,2,0,0.988902,2,1,2-1,0.989913,0.006056,3,2-0,2,0,0.983858,2,1,2-1,0.984838,0.006025,3,2-0,2,0,0.978813,2,1,2-1,0.979763,0.005994,3,2-0,2,0,0.973769,2,1,2-1,0.974688,0.005963,3,2-0,2,0,0.968725,2,1,2-1,0.969612,0.005931,3,2-0,2,0,0.963681,2,1,2-1,0.964537,0.0059,3,2-0,2,0,0.958637,2,1,2-1,0.959462,0.005869,3,2-0,2,0,0.953593,2,1,2-1,0.954387,0.005838,3,2-0,2,0,0.948548
2014,2014-06-16T13:00:00-03:00,G,12,Germany,Portugal,4,0,0.396637,0.24818,0.355183,1.5657,1.4707,0.466838,0.272418,0.260743,0.09444,home,home,False,-0.070201,-0.024238,0.09444,2,1,2-1,0.628406,0.027699,2,0,2-0,0.600707,1,2,1,2-1,0.739906,0.032613,1,2-0,2,0,0.707292,2,1,2-1,0.734342,0.032368,1,2-0,2,0,0.701974,2,1,2-1,0.728779,0.032123,1,2-0,2,0,0.696656,2,1,2-1,0.723216,0.031878,1,2-0,2,0,0.691338,2,1,2-1,0.717653,0.031632,1,2-0,2,0,0.68602,2,1,2-1,0.712089,0.031387,1,2-0,2,0,0.680702,2,1,2-1,0.706526,0.031142,1,2-0,2,0,0.675384,2,1,2-1,0.700963,0.030897,1,2-0,2,0,0.670066,2,1,2-1,0.6954,0.030652,1,2-0,2,0,0.664748,2,1,2-1,0.689837,0.030406,1,2-0,2,0,0.65943,2,1,2-1,0.684273,0.030161,1,2-0,2,0,0.654112,2,1,2-1,0.67871,0.029916,1,2-0,2,0,0.648794,2,1,2-1,0.673147,0.029671,1,2-0,2,0,0.643476,2,1,2-1,0.667584,0.029426,1,2-0,2,0,0.638158,2,1,2-1,0.662021,0.02918,1,2-0,2,0,0.63284,2,1,2-1,0.656457,0.028935,1,2-0,2,0,0.627522,2,1,2-1,0.650894,0.02869,1,2-0,2,0,0.622204,2,1,2-1,0.645331,0.028445,1,2-0,2,0,0.616886,2,1,2-1,0.639768,0.0282,1,2-0,2,0,0.611568,2,1,2-1,0.634205,0.027954,1,2-0,2,0,0.60625,2,1,2-1,0.628641,0.027709,1,2-0,2,0,0.600932
2014,2014-06-16T16:00:00-03:00,G,13,Iran,Nigeria,0,0,0.300198,0.284397,0.415406,1.0674,1.3044,0.196298,0.277254,0.526448,0.111043,away,away,False,0.1039,0.007142,-0.111043,1,2,1-2,0.66422,0.005352,0,2,0-2,0.658869,0,1,2,1-2,0.841843,0.006783,0,0-2,0,2,0.83506,1,2,1-2,0.832965,0.006711,0,0-2,0,2,0.826254,1,2,1-2,0.824086,0.00664,0,0-2,0,2,0.817447,1,2,1-2,0.815208,0.006568,0,0-2,0,2,0.80864,1,2,1-2,0.806329,0.006497,0,0-2,0,2,0.799833,1,2,1-2,0.797451,0.006425,0,0-2,0,2,0.791026,1,2,1-2,0.788573,0.006353,0,0-2,0,2,0.782219,1,2,1-2,0.779694,0.006282,0,0-2,0,2,0.773412,1,2,1-2,0.770816,0.00621,0,0-2,0,2,0.764605,1,2,1-2,0.761937,0.006139,0,0-2,0,2,0.755799,1,2,1-2,0.753059,0.006067,0,0-2,0,2,0.746992,1,2,1-2,0.744181,0.005996,0,0-2,0,2,0.738185,1,2,1-2,0.735302,0.005924,0,0-2,0,2,0.729378,1,2,1-2,0.726424,0.005853,0,0-2,0,2,0.720571,1,2,1-2,0.717545,0.005781,0,0-2,0,2,0.711764,1,2,1-2,0.708667,0.00571,0,0-2,0,2,0.702957,1,2,1-2,0.699789,0.005638,0,0-2,0,2,0.69415,1,2,1-2,0.69091,0.005567,0,0-2,0,2,0.685343,1,2,1-2,0.682032,0.005495,0,0-2,0,2,0.676537,1,2,1-2,0.673153,0.005424,0,0-2,0,2,0.66773,1,2,1-2,0.664275,0.005352,0,0-2,0,2,0.658923
2014,2014-06-16T19:00:00-03:00,G,14,Ghana,United States,1,2,0.373736,0.277729,0.348535,1.2795,1.2266,0.398313,0.281322,0.320364,0.02817,home,home,False,-0.024577,-0.003593,0.02817,2,1,2-1,0.60432,0.015132,2,0,2-0,0.589188,0,2,1,2-1,0.644126,0.016128,0,2-0,2,0,0.627997,2,1,2-1,0.642139,0.016079,0,2-0,2,0,0.62606,2,1,2-1,0.640151,0.016029,0,2-0,2,0,0.624122,2,1,2-1,0.638164,0.015979,0,2-0,2,0,0.622185,2,1,2-1,0.636177,0.015929,0,2-0,2,0,0.620247,2,1,2-1,0.63419,0.01588,0,2-0,2,0,0.61831,2,1,2-1,0.632202,0.01583,0,2-0,2,0,0.616373,2,1,2-1,0.630215,0.01578,0,2-0,2,0,0.614435,2,1,2-1,0.628228,0.01573,0,2-0,2,0,0.612498,2,1,2-1,0.626241,0.015681,0,2-0,2,0,0.61056,2,1,2-1,0.624253,0.015631,0,2-0,2,0,0.608623,2,1,2-1,0.622266,0.015581,0,2-0,2,0,0.606685,2,1,2-1,0.620279,0.015531,0,2-0,2,0,0.604748,2,1,2-1,0.618292,0.015482,0,2-0,2,0,0.60281,2,1,2-1,0.616304,0.015432,0,2-0,2,0,0.600873,2,1,2-1,0.614317,0.015382,0,2-0,2,0,0.598935,2,1,2-1,0.61233,0.015332,0,2-0,2,0,0.596998,2,1,2-1,0.610343,0.015283,0,2-0,2,0,0.59506,2,1,2-1,0.608355,0.015233,0,2-0,2,0,0.593123,2,1,2-1,0.606368,0.015183,0,2-0,2,0,0.591185,2,1,2-1,0.604381,0.015133,0,2-0,2,0,0.589248
2014,2014-06-17T13:00:00-03:00,G,15,Belgium,Algeria,2,1,0.569765,0.236591,0.193644,1.8045,0.9551,0.72819,0.182031,0.089779,0.158425,home,home,False,-0.158425,0.05456,0.103864,2,0,2-0,0.874072,0.00463,2,1,2-1,0.869442,2,2,0,2-0,1.117756,0.005921,2,2-1,2,1,1.111835,2,0,2-0,1.105597,0.005856,2,2-1,2,1,1.099741,2,0,2-0,1.093438,0.005792,2,2-1,2,1,1.087646,2,0,2-0,1.081279,0.005727,2,2-1,2,1,1.075552,2,0,2-0,1.06912,0.005663,2,2-1,2,1,1.063457,2,0,2-0,1.056961,0.005599,2,2-1,2,1,1.051363,2,0,2-0,1.044802,0.005534,2,2-1,2,1,1.039268,2,0,2-0,1.032643,0.00547,2,2-1,2,1,1.027174,2,0,2-0,1.020484,0.005405,2,2-1,2,1,1.015079,2,0,2-0,1.008325,0.005341,2,2-1,2,1,1.002984,2,0,2-0,0.996167,0.005277,2,2-1,2,1,0.99089,2,0,2-0,0.984008,0.005212,2,2-1,2,1,0.978795,2,0,2-0,0.971849,0.005148,2,2-1,2,1,0.966701,2,0,2-0,0.95969,0.005083,2,2-1,2,1,0.954606,2,0,2-0,0.947531,0.005019,2,2-1,2,1,0.942512,2,0,2-0,0.935372,0.004955,2,2-1,2,1,0.930417,2,0,2-0,0.923213,0.00489,2,2-1,2,1,0.918323,2,0,2-0,0.911054,0.004826,2,2-1,2,1,0.906228,2,0,2-0,0.898895,0.004761,2,2-1,2,1,0.894134,2,0,2-0,0.886736,0.004697,2,2-1,2,1,0.882039,2,0,2-0,0.874577,0.004633,2,2-1,2,1,0.869945
2014,2014-06-17T16:00:00-03:00,G,16,Brazil,Mexico,0,0,0.678073,0.193376,0.128551,2.1936,0.8445,0.726551,0.176869,0.096581,0.048477,home,home,False,-0.048477,0.016507,0.03197,2,0,2-0,1.004742,0.01793,2,1,2-1,0.986813,0,2,0,2-0,1.078673,0.019249,0,2-1,2,1,1.059424,2,0,2-0,1.075075,0.019185,0,2-1,2,1,1.05589,2,0,2-0,1.071476,0.01912,0,2-1,2,1,1.052356,2,0,2-0,1.067877,0.019056,0,2-1,2,1,1.048821,2,0,2-0,1.064279,0.018992,0,2-1,2,1,1.045287,2,0,2-0,1.06068,0.018928,0,2-1,2,1,1.041753,2,0,2-0,1.057082,0.018863,0,2-1,2,1,1.038218,2,0,2-0,1.053483,0.018799,0,2-1,2,1,1.034684,2,0,2-0,1.049884,0.018735,0,2-1,2,1,1.031149,2,0,2-0,1.046286,0.018671,0,2-1,2,1,1.027615,2,0,2-0,1.042687,0.018607,0,2-1,2,1,1.024081,2,0,2-0,1.039089,0.018542,0,2-1,2,1,1.020546,2,0,2-0,1.03549,0.018478,0,2-1,2,1,1.017012,2,0,2-0,1.031891,0.018414,0,2-1,2,1,1.013478,2,0,2-0,1.028293,0.01835,0,2-1,2,1,1.009943,2,0,2-0,1.024694,0.018286,0,2-1,2,1,1.006409,2,0,2-0,1.021096,0.018221,0,2-1,2,1,1.002874,2,0,2-0,1.017497,0.018157,0,2-1,2,1,0.99934,2,0,2-0,1.013899,0.018093,0,2-1,2,1,0.995806,2,0,2-0,1.0103,0.018029,0,2-1,2,1,0.992271,2,0,2-0,1.006701,0.017964,0,2-1,2,1,0.988737
2014,2014-06-17T18:00:00-04:00,G,17,Russia,South Korea,1,1,0.57167,0.247951,0.180379,1.6815,0.8321,0.52936,0.266707,0.203933,0.042309,home,home,False,0.042309,-0.018756,-0.023554,2,0,2-0,0.895682,0.019227,2,1,2-1,0.876455,0,2,0,2-0,0.829694,0.017811,0,2-1,2,1,0.811884,2,0,2-0,0.83301,0.017882,0,2-1,2,1,0.815128,2,0,2-0,0.836325,0.017953,0,2-1,2,1,0.818373,2,0,2-0,0.839641,0.018024,0,2-1,2,1,0.821617,2,0,2-0,0.842957,0.018095,0,2-1,2,1,0.824862,2,0,2-0,0.846273,0.018166,0,2-1,2,1,0.828106,2,0,2-0,0.849588,0.018238,0,2-1,2,1,0.831351,2,0,2-0,0.852904,0.018309,0,2-1,2,1,0.834595,2,0,2-0,0.85622,0.01838,0,2-1,2,1,0.83784,2,0,2-0,0.859535,0.018451,0,2-1,2,1,0.841084,2,0,2-0,0.862851,0.018522,0,2-1,2,1,0.844329,2,0,2-0,0.866167,0.018594,0,2-1,2,1,0.847573,2,0,2-0,0.869482,0.018665,0,2-1,2,1,0.850818,2,0,2-0,0.872798,0.018736,0,2-1,2,1,0.854062,2,0,2-0,0.876114,0.018807,0,2-1,2,1,0.857307,2,0,2-0,0.879429,0.018878,0,2-1,2,1,0.860551,2,0,2-0,0.882745,0.018949,0,2-1,2,1,0.863796,2,0,2-0,0.886061,0.019021,0,2-1,2,1,0.86704,2,0,2-0,0.889377,0.019092,0,2-1,2,1,0.870285,2,0,2-0,0.892692,0.019163,0,2-1,2,1,0.873529,2,0,2-0,0.896008,0.019234,0,2-1,2,1,0.876774
2014,2014-06-18T13:00:00-03:00,G,18,Australia,Netherlands,2,3,0.135722,0.20866,0.655618,0.8,2.0228,0.068398,0.142832,0.78877,0.133153,away,away,False,0.067325,0.065828,-0.133153,0,2,0-2,0.995344,0.024326,1,2,1-2,0.971018,1,0,2,0-2,1.198907,0.0293,1,1-2,1,2,1.169606,0,2,0-2,1.188787,0.029053,1,1-2,1,2,1.159734,0,2,0-2,1.178668,0.028806,1,1-2,1,2,1.149862,0,2,0-2,1.168549,0.028559,1,1-2,1,2,1.13999,0,2,0-2,1.158429,0.028311,1,1-2,1,2,1.130118,0,2,0-2,1.14831,0.028064,1,1-2,1,2,1.120246,0,2,0-2,1.13819,0.027817,1,1-2,1,2,1.110374,0,2,0-2,1.128071,0.027569,1,1-2,1,2,1.100502,0,2,0-2,1.117952,0.027322,1,1-2,1,2,1.09063,0,2,0-2,1.107832,0.027075,1,1-2,1,2,1.080758,0,2,0-2,1.097713,0.026827,1,1-2,1,2,1.070886,0,2,0-2,1.087593,0.02658,1,1-2,1,2,1.061013,0,2,0-2,1.077474,0.026333,1,1-2,1,2,1.051141,0,2,0-2,1.067355,0.026085,1,1-2,1,2,1.041269,0,2,0-2,1.057235,0.025838,1,1-2,1,2,1.031397,0,2,0-2,1.047116,0.025591,1,1-2,1,2,1.021525,0,2,0-2,1.036997,0.025343,1,1-2,1,2,1.011653,0,2,0-2,1.026877,0.025096,1,1-2,1,2,1.001781,0,2,0-2,1.016758,0.024849,1,1-2,1,2,0.991909,0,2,0-2,1.006638,0.024602,1,1-2,1,2,0.982037,0,2,0-2,0.996519,0.024354,1,1-2,1,2,0.972165
2014,2014-06-18T16:00:00-03:00,G,19,Spain,Chile,0,2,0.594173,0.23905,0.166777,1.7543,0.8117,0.619213,0.213407,0.16738,0.025643,home,home,False,-0.02504,0.025643,-0.000603,2,0,2-0,0.926347,0.022262,2,1,2-1,0.904086,0,2,0,2-0,0.965848,0.023211,0,2-1,2,1,0.942637,2,0,2-0,0.963895,0.023164,0,2-1,2,1,0.940731,2,0,2-0,0.961942,0.023117,0,2-1,2,1,0.938825,2,0,2-0,0.959989,0.02307,0,2-1,2,1,0.936919,2,0,2-0,0.958036,0.023023,0,2-1,2,1,0.935013,2,0,2-0,0.956083,0.022976,0,2-1,2,1,0.933107,2,0,2-0,0.954131,0.022929,0,2-1,2,1,0.931201,2,0,2-0,0.952178,0.022883,0,2-1,2,1,0.929295,2,0,2-0,0.950225,0.022836,0,2-1,2,1,0.927389,2,0,2-0,0.948272,0.022789,0,2-1,2,1,0.925483,2,0,2-0,0.946319,0.022742,0,2-1,2,1,0.923577,2,0,2-0,0.944366,0.022695,0,2-1,2,1,0.921671,2,0,2-0,0.942413,0.022648,0,2-1,2,1,0.919765,2,0,2-0,0.94046,0.022601,0,2-1,2,1,0.917859,2,0,2-0,0.938508,0.022554,0,2-1,2,1,0.915954,2,0,2-0,0.936555,0.022507,0,2-1,2,1,0.914048,2,0,2-0,0.934602,0.02246,0,2-1,2,1,0.912142,2,0,2-0,0.932649,0.022413,0,2-1,2,1,0.910236,2,0,2-0,0.930696,0.022366,0,2-1,2,1,0.90833,2,0,2-0,0.928743,0.022319,0,2-1,2,1,0.906424,2,0,2-0,0.92679,0.022272,0,2-1,2,1,0.904518
2014,2014-06-18T18:00:00-04:00,G,20,Cameroon,Croatia,0,4,0.271624,0.27203,0.456346,1.0532,1.4433,0.169635,0.242646,0.587718,0.131372,away,away,False,0.101989,0.029384,-0.131372,1,2,1-2,0.722796,0.004568,0,2,0-2,0.718227,1,1,2,1-2,0.931009,0.005884,1,0-2,0,2,0.925125,1,2,1-2,0.920604,0.005819,1,0-2,0,2,0.914785,1,2,1-2,0.910198,0.005753,1,0-2,0,2,0.904446,1,2,1-2,0.899793,0.005687,1,0-2,0,2,0.894106,1,2,1-2,0.889388,0.005621,1,0-2,0,2,0.883766,1,2,1-2,0.878982,0.005555,1,0-2,0,2,0.873427,1,2,1-2,0.868577,0.00549,1,0-2,0,2,0.863087,1,2,1-2,0.858171,0.005424,1,0-2,0,2,0.852747,1,2,1-2,0.847766,0.005358,1,0-2,0,2,0.842408,1,2,1-2,0.837361,0.005292,1,0-2,0,2,0.832068,1,2,1-2,0.826955,0.005227,1,0-2,0,2,0.821729,1,2,1-2,0.81655,0.005161,1,0-2,0,2,0.811389,1,2,1-2,0.806144,0.005095,1,0-2,0,2,0.801049,1,2,1-2,0.795739,0.005029,1,0-2,0,2,0.79071,1,2,1-2,0.785334,0.004964,1,0-2,0,2,0.78037,1,2,1-2,0.774928,0.004898,1,0-2,0,2,0.77003,1,2,1-2,0.764523,0.004832,1,0-2,0,2,0.759691,1,2,1-2,0.754117,0.004766,1,0-2,0,2,0.749351,1,2,1-2,0.743712,0.0047,1,0-2,0,2,0.739011,1,2,1-2,0.733306,0.004635,1,0-2,0,2,0.728672,1,2,1-2,0.722901,0.004569,1,0-2,0,2,0.718332
2014,2014-06-19T13:00:00-03:00,G,21,Colombia,Ivory Coast,2,1,0.431352,0.269267,0.29938,1.4367,1.1543,0.478524,0.272293,0.249183,0.050197,home,home,False,-0.047171,-0.003026,0.050197,2,1,2-1,0.687192,0.011938,2,0,2-0,0.675254,3,2,1,2-1,0.762459,0.013245,3,2-0,2,0,0.749214,2,1,2-1,0.758701,0.01318,3,2-0,2,0,0.745521,2,1,2-1,0.754943,0.013115,3,2-0,2,0,0.741829,2,1,2-1,0.751185,0.013049,3,2-0,2,0,0.738136,2,1,2-1,0.747427,0.012984,3,2-0,2,0,0.734443,2,1,2-1,0.743669,0.012919,3,2-0,2,0,0.73075,2,1,2-1,0.739911,0.012853,3,2-0,2,0,0.727058,2,1,2-1,0.736153,0.012788,3,2-0,2,0,0.723365,2,1,2-1,0.732395,0.012723,3,2-0,2,0,0.719672,2,1,2-1,0.728637,0.012658,3,2-0,2,0,0.715979,2,1,2-1,0.724879,0.012592,3,2-0,2,0,0.712287,2,1,2-1,0.721121,0.012527,3,2-0,2,0,0.708594,2,1,2-1,0.717363,0.012462,3,2-0,2,0,0.704901,2,1,2-1,0.713605,0.012396,3,2-0,2,0,0.701208,2,1,2-1,0.709847,0.012331,3,2-0,2,0,0.697515,2,1,2-1,0.706089,0.012266,3,2-0,2,0,0.693823,2,1,2-1,0.702331,0.012201,3,2-0,2,0,0.69013,2,1,2-1,0.698573,0.012135,3,2-0,2,0,0.686437,2,1,2-1,0.694814,0.01207,3,2-0,2,0,0.682744,2,1,2-1,0.691056,0.012005,3,2-0,2,0,0.679052,2,1,2-1,0.687298,0.011939,3,2-0,2,0,0.675359
2014,2014-06-19T16:00:00-03:00,G,22,Uruguay,England,2,1,0.326578,0.257651,0.415771,1.3139,1.5119,0.253604,0.25431,0.492086,0.076315,away,away,False,0.072973,0.003341,-0.076315,1,2,1-2,0.66138,0.021261,0,2,0-2,0.640119,0,1,2,1-2,0.78297,0.02517,0,0-2,0,2,0.7578,1,2,1-2,0.776898,0.024974,0,0-2,0,2,0.751924,1,2,1-2,0.770827,0.024779,0,0-2,0,2,0.746048,1,2,1-2,0.764756,0.024584,0,0-2,0,2,0.740172,1,2,1-2,0.758684,0.024389,0,0-2,0,2,0.734296,1,2,1-2,0.752613,0.024194,0,0-2,0,2,0.728419,1,2,1-2,0.746542,0.023999,0,0-2,0,2,0.722543,1,2,1-2,0.740471,0.023803,0,0-2,0,2,0.716667,1,2,1-2,0.734399,0.023608,0,0-2,0,2,0.710791,1,2,1-2,0.728328,0.023413,0,0-2,0,2,0.704915,1,2,1-2,0.722257,0.023218,0,0-2,0,2,0.699039,1,2,1-2,0.716185,0.023023,0,0-2,0,2,0.693163,1,2,1-2,0.710114,0.022828,0,0-2,0,2,0.687287,1,2,1-2,0.704043,0.022632,0,0-2,0,2,0.68141,1,2,1-2,0.697971,0.022437,0,0-2,0,2,0.675534,1,2,1-2,0.6919,0.022242,0,0-2,0,2,0.669658,1,2,1-2,0.685829,0.022047,0,0-2,0,2,0.663782,1,2,1-2,0.679758,0.021852,0,0-2,0,2,0.657906,1,2,1-2,0.673686,0.021657,0,0-2,0,2,0.65203,1,2,1-2,0.667615,0.021461,0,0-2,0,2,0.646154,1,2,1-2,0.661544,0.021266,0,0-2,0,2,0.640278
2014,2014-06-19T19:00:00-03:00,G,23,Japan,Greece,0,0,0.346345,0.289742,0.363913,1.1481,1.1839,0.403586,0.285115,0.311299,0.057241,away,home,True,-0.057241,0.004627,0.052614,1,2,1-2,0.588193,0.002792,0,1,0-1,0.5854,0,2,1,2-1,0.65475,0.001127,0,1-0,1,0,0.653623,2,1,2-1,0.650107,0.001119,0,1-0,1,0,0.648987,2,1,2-1,0.645464,0.001111,0,1-0,1,0,0.644352,2,1,2-1,0.64082,0.001103,0,1-0,1,0,0.639717,2,1,2-1,0.636177,0.001095,0,1-0,1,0,0.635082,2,1,2-1,0.631534,0.001087,0,1-0,1,0,0.630447,2,1,2-1,0.626891,0.001079,0,1-0,1,0,0.625811,2,1,2-1,0.622248,0.001071,0,1-0,1,0,0.621176,2,1,2-1,0.617604,0.001063,0,1-0,1,0,0.616541,2,1,2-1,0.612961,0.001055,0,1-0,1,0,0.611906,2,1,2-1,0.608318,0.001047,0,1-0,1,0,0.607271,2,1,2-1,0.603675,0.001039,0,1-0,1,0,0.602635,2,1,2-1,0.599032,0.001031,0,1-0,1,0,0.598,2,1,2-1,0.594388,0.001023,0,1-0,1,0,0.593365,2,1,2-1,0.589745,0.001015,0,1-0,1,0,0.58873,2,1,2-1,0.585102,0.001007,0,1-0,1,0,0.584095,2,1,2-1,0.580459,0.000999,0,1-0,1,0,0.579459,2,1,2-1,0.575816,0.000344,0,1-2,1,2,0.575472,1,2,1-2,0.579724,0.002752,0,0-1,0,1,0.576972,1,2,1-2,0.583976,0.002772,0,0-1,0,1,0.581204,1,2,1-2,0.588229,0.002792,0,0-1,0,1,0.585436
2014,2014-06-20T13:00:00-03:00,G,24,Italy,Costa Rica,0,1,0.575378,0.24379,0.180832,1.7213,0.8548,0.62394,0.236289,0.139771,0.048561,home,home,False,-0.048561,0.007501,0.04106,2,0,2-0,0.896841,0.016357,2,1,2-1,0.880484,0,2,0,2-0,0.972945,0.017745,0,2-1,2,1,0.955201,2,0,2-0,0.969159,0.017676,0,2-1,2,1,0.951484,2,0,2-0,0.965373,0.017607,0,2-1,2,1,0.947767,2,0,2-0,0.961587,0.017537,0,2-1,2,1,0.944049,2,0,2-0,0.957801,0.017468,0,2-1,2,1,0.940332,2,0,2-0,0.954014,0.017399,0,2-1,2,1,0.936615,2,0,2-0,0.950228,0.01733,0,2-1,2,1,0.932898,2,0,2-0,0.946442,0.017261,0,2-1,2,1,0.929181,2,0,2-0,0.942656,0.017192,0,2-1,2,1,0.925463,2,0,2-0,0.938869,0.017123,0,2-1,2,1,0.921746,2,0,2-0,0.935083,0.017054,0,2-1,2,1,0.918029,2,0,2-0,0.931297,0.016985,0,2-1,2,1,0.914312,2,0,2-0,0.927511,0.016916,0,2-1,2,1,0.910595,2,0,2-0,0.923724,0.016847,0,2-1,2,1,0.906878,2,0,2-0,0.919938,0.016778,0,2-1,2,1,0.90316,2,0,2-0,0.916152,0.016709,0,2-1,2,1,0.899443,2,0,2-0,0.912366,0.01664,0,2-1,2,1,0.895726,2,0,2-0,0.908579,0.016571,0,2-1,2,1,0.892009,2,0,2-0,0.904793,0.016502,0,2-1,2,1,0.888292,2,0,2-0,0.901007,0.016433,0,2-1,2,1,0.884574,2,0,2-0,0.897221,0.016364,0,2-1,2,1,0.880857
2014,2014-06-20T16:00:00-03:00,G,25,Switzerland,France,2,5,0.245369,0.302046,0.452586,0.8329,1.2374,0.202003,0.272845,0.525152,0.072566,away,away,False,0.043365,0.029201,-0.072566,0,1,0-1,0.756476,0.030313,0,2,0-2,0.726163,1,0,1,0-1,0.87781,0.035175,1,0-2,0,2,0.842635,0,1,0-1,0.871745,0.034932,1,0-2,0,2,0.836813,0,1,0-1,0.865681,0.034689,1,0-2,0,2,0.830991,0,1,0-1,0.859616,0.034446,1,0-2,0,2,0.825169,0,1,0-1,0.853551,0.034203,1,0-2,0,2,0.819348,0,1,0-1,0.847486,0.03396,1,0-2,0,2,0.813526,0,1,0-1,0.841421,0.033717,1,0-2,0,2,0.807704,0,1,0-1,0.835356,0.033474,1,0-2,0,2,0.801882,0,1,0-1,0.829291,0.033231,1,0-2,0,2,0.79606,0,1,0-1,0.823227,0.032988,1,0-2,0,2,0.790238,0,1,0-1,0.817162,0.032745,1,0-2,0,2,0.784417,0,1,0-1,0.811097,0.032502,1,0-2,0,2,0.778595,0,1,0-1,0.805032,0.032259,1,0-2,0,2,0.772773,0,1,0-1,0.798967,0.032016,1,0-2,0,2,0.766951,0,1,0-1,0.792902,0.031773,1,0-2,0,2,0.761129,0,1,0-1,0.786837,0.03153,1,0-2,0,2,0.755307,0,1,0-1,0.780772,0.031287,1,0-2,0,2,0.749486,0,1,0-1,0.774708,0.031044,1,0-2,0,2,0.743664,0,1,0-1,0.768643,0.030801,1,0-2,0,2,0.737842,0,1,0-1,0.762578,0.030558,1,0-2,0,2,0.73202,0,1,0-1,0.756513,0.030315,1,0-2,0,2,0.726198
2014,2014-06-20T19:00:00-03:00,G,26,Honduras,Ecuador,1,2,0.203852,0.245589,0.550559,0.9494,1.7168,0.162813,0.228797,0.608391,0.057832,away,away,False,0.041039,0.016792,-0.057832,0,2,0-2,0.852473,0.00518,1,2,1-2,0.847292,2,0,2,0-2,0.942414,0.005727,2,1-2,1,2,0.936687,0,2,0-2,0.937935,0.0057,2,1-2,1,2,0.932235,0,2,0-2,0.933456,0.005673,2,1-2,1,2,0.927783,0,2,0-2,0.928977,0.005645,2,1-2,1,2,0.923331,0,2,0-2,0.924498,0.005618,2,1-2,1,2,0.918879,0,2,0-2,0.920018,0.005591,2,1-2,1,2,0.914428,0,2,0-2,0.915539,0.005564,2,1-2,1,2,0.909976,0,2,0-2,0.91106,0.005536,2,1-2,1,2,0.905524,0,2,0-2,0.906581,0.005509,2,1-2,1,2,0.901072,0,2,0-2,0.902102,0.005482,2,1-2,1,2,0.89662,0,2,0-2,0.897623,0.005455,2,1-2,1,2,0.892168,0,2,0-2,0.893144,0.005428,2,1-2,1,2,0.887716,0,2,0-2,0.888664,0.0054,2,1-2,1,2,0.883264,0,2,0-2,0.884185,0.005373,2,1-2,1,2,0.878812,0,2,0-2,0.879706,0.005346,2,1-2,1,2,0.87436,0,2,0-2,0.875227,0.005319,2,1-2,1,2,0.869908,0,2,0-2,0.870748,0.005291,2,1-2,1,2,0.865456,0,2,0-2,0.866269,0.005264,2,1-2,1,2,0.861005,0,2,0-2,0.86179,0.005237,2,1-2,1,2,0.856553,0,2,0-2,0.85731,0.00521,2,1-2,1,2,0.852101,0,2,0-2,0.852831,0.005183,2,1-2,1,2,0.847649
2014,2014-06-21T13:00:00-03:00,G,27,Argentina,Iran,1,0,0.725852,0.174772,0.099377,2.3197,0.7378,0.85641,0.10619,0.0374,0.130558,home,home,False,-0.130558,0.068582,0.061977,2,0,2-0,1.070115,0.03316,2,1,2-1,1.036956,1,2,0,2-0,1.266048,0.039231,1,2-1,2,1,1.226816,2,0,2-0,1.256397,0.038932,1,2-1,2,1,1.217465,2,0,2-0,1.246747,0.038633,1,2-1,2,1,1.208114,2,0,2-0,1.237097,0.038334,1,2-1,2,1,1.198763,2,0,2-0,1.227446,0.038035,1,2-1,2,1,1.189411,2,0,2-0,1.217796,0.037736,1,2-1,2,1,1.18006,2,0,2-0,1.208146,0.037437,1,2-1,2,1,1.170709,2,0,2-0,1.198495,0.037138,1,2-1,2,1,1.161357,2,0,2-0,1.188845,0.036839,1,2-1,2,1,1.152006,2,0,2-0,1.179195,0.03654,1,2-1,2,1,1.142655,2,0,2-0,1.169544,0.036241,1,2-1,2,1,1.133303,2,0,2-0,1.159894,0.035942,1,2-1,2,1,1.123952,2,0,2-0,1.150244,0.035643,1,2-1,2,1,1.114601,2,0,2-0,1.140593,0.035344,1,2-1,2,1,1.105249,2,0,2-0,1.130943,0.035045,1,2-1,2,1,1.095898,2,0,2-0,1.121292,0.034746,1,2-1,2,1,1.086547,2,0,2-0,1.111642,0.034447,1,2-1,2,1,1.077195,2,0,2-0,1.101992,0.034148,1,2-1,2,1,1.067844,2,0,2-0,1.092341,0.033849,1,2-1,2,1,1.058493,2,0,2-0,1.082691,0.03355,1,2-1,2,1,1.049141,2,0,2-0,1.073041,0.033251,1,2-1,2,1,1.03979
2014,2014-06-21T16:00:00-03:00,G,28,Germany,Ghana,2,2,0.610825,0.208372,0.180803,2.1332,1.0803,0.732381,0.168838,0.098781,0.121556,home,home,False,-0.121556,0.039534,0.082022,2,1,2-1,0.899013,0.007349,2,0,2-0,0.891664,0,2,1,2-1,1.079706,0.008826,0,2-0,2,0,1.07088,2,1,2-1,1.070746,0.008752,0,2-0,2,0,1.061993,2,1,2-1,1.061786,0.008679,0,2-0,2,0,1.053107,2,1,2-1,1.052826,0.008606,0,2-0,2,0,1.04422,2,1,2-1,1.043865,0.008533,0,2-0,2,0,1.035333,2,1,2-1,1.034905,0.00846,0,2-0,2,0,1.026446,2,1,2-1,1.025945,0.008386,0,2-0,2,0,1.017559,2,1,2-1,1.016985,0.008313,0,2-0,2,0,1.008672,2,1,2-1,1.008025,0.00824,0,2-0,2,0,0.999785,2,1,2-1,0.999065,0.008167,0,2-0,2,0,0.990898,2,1,2-1,0.990105,0.008093,0,2-0,2,0,0.982011,2,1,2-1,0.981144,0.00802,0,2-0,2,0,0.973124,2,1,2-1,0.972184,0.007947,0,2-0,2,0,0.964237,2,1,2-1,0.963224,0.007874,0,2-0,2,0,0.955351,2,1,2-1,0.954264,0.0078,0,2-0,2,0,0.946464,2,1,2-1,0.945304,0.007727,0,2-0,2,0,0.937577,2,1,2-1,0.936344,0.007654,0,2-0,2,0,0.92869,2,1,2-1,0.927384,0.007581,0,2-0,2,0,0.919803,2,1,2-1,0.918423,0.007507,0,2-0,2,0,0.910916,2,1,2-1,0.909463,0.007434,0,2-0,2,0,0.902029,2,1,2-1,0.900503,0.007361,0,2-0,2,0,0.893142
2014,2014-06-21T18:00:00-04:00,G,29,Nigeria,Bosnia and Herzegovina,1,0,0.337052,0.253319,0.409629,1.3777,1.541,0.224175,0.263211,0.512614,0.112877,away,away,False,0.112877,-0.009892,-0.102985,1,2,1-2,0.650313,0.024217,0,2,0-2,0.626096,0,1,2,1-2,0.814052,0.030314,0,0-2,0,2,0.783737,1,2,1-2,0.805874,0.03001,0,0-2,0,2,0.775865,1,2,1-2,0.797697,0.029705,0,0-2,0,2,0.767992,1,2,1-2,0.78952,0.029401,0,0-2,0,2,0.760119,1,2,1-2,0.781343,0.029096,0,0-2,0,2,0.752246,1,2,1-2,0.773165,0.028792,0,0-2,0,2,0.744374,1,2,1-2,0.764988,0.028487,0,0-2,0,2,0.736501,1,2,1-2,0.756811,0.028183,0,0-2,0,2,0.728628,1,2,1-2,0.748634,0.027878,0,0-2,0,2,0.720756,1,2,1-2,0.740457,0.027574,0,0-2,0,2,0.712883,1,2,1-2,0.732279,0.027269,0,0-2,0,2,0.70501,1,2,1-2,0.724102,0.026965,0,0-2,0,2,0.697137,1,2,1-2,0.715925,0.02666,0,0-2,0,2,0.689265,1,2,1-2,0.707748,0.026356,0,0-2,0,2,0.681392,1,2,1-2,0.69957,0.026051,0,0-2,0,2,0.673519,1,2,1-2,0.691393,0.025747,0,0-2,0,2,0.665647,1,2,1-2,0.683216,0.025442,0,0-2,0,2,0.657774,1,2,1-2,0.675039,0.025138,0,0-2,0,2,0.649901,1,2,1-2,0.666861,0.024833,0,0-2,0,2,0.642028,1,2,1-2,0.658684,0.024529,0,0-2,0,2,0.634156,1,2,1-2,0.650507,0.024224,0,0-2,0,2,0.626283
2014,2014-06-22T13:00:00-03:00,G,30,Belgium,Russia,1,0,0.273353,0.265992,0.460655,1.0943,1.4964,0.435929,0.287259,0.276812,0.183843,away,home,True,-0.162576,-0.021267,0.183843,1,2,1-2,0.728202,0.007917,0,2,0-2,0.720285,0,2,1,2-1,0.721798,0.035542,1,2-0,2,0,0.686255,2,1,2-1,0.708339,0.03488,1,2-0,2,0,0.673459,2,1,2-1,0.694879,0.034217,1,2-0,2,0,0.660662,2,1,2-1,0.68142,0.033554,1,2-0,2,0,0.647866,2,1,2-1,0.66796,0.032891,1,2-0,2,0,0.635069,2,1,2-1,0.654501,0.032229,1,2-0,2,0,0.622272,2,1,2-1,0.641042,0.031566,1,2-0,2,0,0.609476,2,1,2-1,0.627582,0.030903,1,2-0,2,0,0.596679,2,1,2-1,0.614123,0.03024,1,2-0,2,0,0.583882,2,1,2-1,0.600663,0.029578,1,2-0,2,0,0.571086,2,1,2-1,0.587204,0.004202,1,1-2,1,2,0.583002,1,2,1-2,0.597535,0.006496,0,0-2,0,2,0.591039,1,2,1-2,0.612069,0.006654,0,0-2,0,2,0.605414,1,2,1-2,0.626603,0.006813,0,0-2,0,2,0.61979,1,2,1-2,0.641136,0.006971,0,0-2,0,2,0.634166,1,2,1-2,0.65567,0.007129,0,0-2,0,2,0.648541,1,2,1-2,0.670203,0.007287,0,0-2,0,2,0.662917,1,2,1-2,0.684737,0.007445,0,0-2,0,2,0.677292,1,2,1-2,0.699271,0.007603,0,0-2,0,2,0.691668,1,2,1-2,0.713804,0.007761,0,0-2,0,2,0.706044,1,2,1-2,0.728338,0.007919,0,0-2,0,2,0.720419
2014,2014-06-22T16:00:00-03:00,G,31,South Korea,Algeria,2,4,0.432607,0.27798,0.289413,1.372,1.0732,0.385284,0.292462,0.322254,0.047323,home,home,False,0.047323,-0.014483,-0.03284,2,1,2-1,0.689343,0.005972,2,0,2-0,0.683371,0,2,1,2-1,0.614003,0.005319,0,2-0,2,0,0.608683,2,1,2-1,0.617773,0.005352,0,2-0,2,0,0.612421,2,1,2-1,0.621544,0.005385,0,2-0,2,0,0.616159,2,1,2-1,0.625315,0.005417,0,2-0,2,0,0.619898,2,1,2-1,0.629086,0.00545,0,2-0,2,0,0.623636,2,1,2-1,0.632857,0.005483,0,2-0,2,0,0.627374,2,1,2-1,0.636627,0.005515,0,2-0,2,0,0.631112,2,1,2-1,0.640398,0.005548,0,2-0,2,0,0.63485,2,1,2-1,0.644169,0.005581,0,2-0,2,0,0.638588,2,1,2-1,0.64794,0.005613,0,2-0,2,0,0.642326,2,1,2-1,0.651711,0.005646,0,2-0,2,0,0.646064,2,1,2-1,0.655481,0.005679,0,2-0,2,0,0.649803,2,1,2-1,0.659252,0.005711,0,2-0,2,0,0.653541,2,1,2-1,0.663023,0.005744,0,2-0,2,0,0.657279,2,1,2-1,0.666794,0.005777,0,2-0,2,0,0.661017,2,1,2-1,0.670565,0.005809,0,2-0,2,0,0.664755,2,1,2-1,0.674335,0.005842,0,2-0,2,0,0.668493,2,1,2-1,0.678106,0.005875,0,2-0,2,0,0.672231,2,1,2-1,0.681877,0.005907,0,2-0,2,0,0.675969,2,1,2-1,0.685648,0.00594,0,2-0,2,0,0.679708,2,1,2-1,0.689419,0.005973,0,2-0,2,0,0.683446
2014,2014-06-22T18:00:00-04:00,G,32,United States,Portugal,2,2,0.188919,0.242291,0.56879,0.9003,1.742,0.20456,0.235225,0.560214,0.015641,away,away,False,-0.015641,0.007066,0.008575,0,2,0-2,0.881842,0.010774,1,2,1-2,0.871068,0,0,2,0-2,0.868947,0.010617,0,1-2,1,2,0.85833,0,2,0-2,0.869612,0.010625,0,1-2,1,2,0.858987,0,2,0-2,0.870277,0.010633,0,1-2,1,2,0.859644,0,2,0-2,0.870942,0.010641,0,1-2,1,2,0.860301,0,2,0-2,0.871607,0.010649,0,1-2,1,2,0.860958,0,2,0-2,0.872272,0.010657,0,1-2,1,2,0.861615,0,2,0-2,0.872937,0.010665,0,1-2,1,2,0.862272,0,2,0-2,0.873602,0.010673,0,1-2,1,2,0.862929,0,2,0-2,0.874267,0.010682,0,1-2,1,2,0.863586,0,2,0-2,0.874932,0.01069,0,1-2,1,2,0.864242,0,2,0-2,0.875597,0.010698,0,1-2,1,2,0.864899,0,2,0-2,0.876262,0.010706,0,1-2,1,2,0.865556,0,2,0-2,0.876927,0.010714,0,1-2,1,2,0.866213,0,2,0-2,0.877592,0.010722,0,1-2,1,2,0.86687,0,2,0-2,0.878257,0.01073,0,1-2,1,2,0.867527,0,2,0-2,0.878922,0.010738,0,1-2,1,2,0.868184,0,2,0-2,0.879587,0.010747,0,1-2,1,2,0.868841,0,2,0-2,0.880252,0.010755,0,1-2,1,2,0.869498,0,2,0-2,0.880918,0.010763,0,1-2,1,2,0.870155,0,2,0-2,0.881583,0.010771,0,1-2,1,2,0.870812,0,2,0-2,0.882248,0.010779,0,1-2,1,2,0.871469
2014,2014-06-23T13:00:00-03:00,G,33,Australia,Spain,0,3,0.07945,0.173619,0.746931,0.5787,2.2186,0.111612,0.176722,0.711666,0.035265,away,away,False,-0.032162,-0.003103,0.035265,0,2,0-2,1.132348,0.063225,1,2,1-2,1.069123,1,0,2,0-2,1.081137,0.060365,1,1-2,1,2,1.020772,0,2,0-2,1.083816,0.060515,1,1-2,1,2,1.023301,0,2,0-2,1.086494,0.060665,1,1-2,1,2,1.02583,0,2,0-2,1.089173,0.060814,1,1-2,1,2,1.028359,0,2,0-2,1.091852,0.060964,1,1-2,1,2,1.030888,0,2,0-2,1.09453,0.061113,1,1-2,1,2,1.033417,0,2,0-2,1.097209,0.061263,1,1-2,1,2,1.035946,0,2,0-2,1.099888,0.061412,1,1-2,1,2,1.038475,0,2,0-2,1.102566,0.061562,1,1-2,1,2,1.041004,0,2,0-2,1.105245,0.061712,1,1-2,1,2,1.043534,0,2,0-2,1.107924,0.061861,1,1-2,1,2,1.046063,0,2,0-2,1.110602,0.062011,1,1-2,1,2,1.048592,0,2,0-2,1.113281,0.06216,1,1-2,1,2,1.051121,0,2,0-2,1.11596,0.06231,1,1-2,1,2,1.05365,0,2,0-2,1.118638,0.062459,1,1-2,1,2,1.056179,0,2,0-2,1.121317,0.062609,1,1-2,1,2,1.058708,0,2,0-2,1.123996,0.062758,1,1-2,1,2,1.061237,0,2,0-2,1.126674,0.062908,1,1-2,1,2,1.063766,0,2,0-2,1.129353,0.063058,1,1-2,1,2,1.066295,0,2,0-2,1.132032,0.063207,1,1-2,1,2,1.068825,0,2,0-2,1.13471,0.063357,1,1-2,1,2,1.071354
2014,2014-06-23T13:00:00-03:00,G,34,Netherlands,Chile,2,0,0.480389,0.256212,0.263399,1.5994,1.1221,0.361564,0.2726,0.365836,0.118825,home,away,True,0.118825,-0.016388,-0.102437,2,1,2-1,0.75319,0.010274,2,0,2-0,0.742916,2,1,2,1-2,0.607391,0.034485,0,0-2,0,2,0.572906,1,2,1-2,0.598888,0.022522,0,2-1,2,1,0.576365,1,2,1-2,0.590384,0.004701,0,2-1,2,1,0.585683,2,1,2-1,0.595001,0.008116,2,2-0,2,0,0.586885,2,1,2-1,0.604318,0.008243,2,2-0,2,0,0.596075,2,1,2-1,0.613636,0.00837,2,2-0,2,0,0.605266,2,1,2-1,0.622954,0.008497,2,2-0,2,0,0.614457,2,1,2-1,0.632272,0.008624,2,2-0,2,0,0.623647,2,1,2-1,0.64159,0.008752,2,2-0,2,0,0.632838,2,1,2-1,0.650907,0.008879,2,2-0,2,0,0.642029,2,1,2-1,0.660225,0.009006,2,2-0,2,0,0.651219,2,1,2-1,0.669543,0.009133,2,2-0,2,0,0.66041,2,1,2-1,0.678861,0.00926,2,2-0,2,0,0.669601,2,1,2-1,0.688178,0.009387,2,2-0,2,0,0.678791,2,1,2-1,0.697496,0.009514,2,2-0,2,0,0.687982,2,1,2-1,0.706814,0.009641,2,2-0,2,0,0.697173,2,1,2-1,0.716132,0.009768,2,2-0,2,0,0.706363,2,1,2-1,0.725449,0.009895,2,2-0,2,0,0.715554,2,1,2-1,0.734767,0.010023,2,2-0,2,0,0.724745,2,1,2-1,0.744085,0.01015,2,2-0,2,0,0.733935,2,1,2-1,0.753403,0.010277,2,2-0,2,0,0.743126
2014,2014-06-23T17:00:00-03:00,G,35,Cameroon,Brazil,1,4,0.072047,0.142399,0.785554,0.6894,2.6397,0.037052,0.095327,0.867621,0.082067,away,away,False,0.034995,0.047072,-0.082067,0,2,0-2,1.116665,0.014222,0,3,0-3,1.102443,1,0,2,0-2,1.240543,0.0158,1,0-3,0,3,1.224743,0,2,0-2,1.234676,0.015725,1,0-3,0,3,1.218951,0,2,0-2,1.228809,0.01565,1,0-3,0,3,1.213159,0,2,0-2,1.222942,0.015576,1,0-3,0,3,1.207366,0,2,0-2,1.217075,0.015501,1,0-3,0,3,1.201574,0,2,0-2,1.211208,0.015426,1,0-3,0,3,1.195782,0,2,0-2,1.205341,0.015351,1,0-3,0,3,1.189989,0,2,0-2,1.199474,0.015277,1,0-3,0,3,1.184197,0,2,0-2,1.193607,0.015202,1,0-3,0,3,1.178405,0,2,0-2,1.18774,0.015127,1,0-3,0,3,1.172612,0,2,0-2,1.181873,0.015053,1,0-3,0,3,1.16682,0,2,0-2,1.176006,0.014978,1,0-3,0,3,1.161028,0,2,0-2,1.170139,0.014903,1,0-3,0,3,1.155235,0,2,0-2,1.164271,0.014828,1,0-3,0,3,1.149443,0,2,0-2,1.158404,0.014754,1,0-3,0,3,1.143651,0,2,0-2,1.152537,0.014679,1,0-3,0,3,1.137858,0,2,0-2,1.14667,0.014604,1,0-3,0,3,1.132066,0,2,0-2,1.140803,0.01453,1,0-3,0,3,1.126274,0,2,0-2,1.134936,0.014455,1,0-3,0,3,1.120481,0,2,0-2,1.129069,0.01438,1,0-3,0,3,1.114689,0,2,0-2,1.123202,0.014305,1,0-3,0,3,1.108897
2014,2014-06-23T17:00:00-03:00,G,36,Croatia,Mexico,1,3,0.339065,0.278566,0.382369,1.1994,1.2902,0.35691,0.27629,0.3668,0.017845,away,away,False,-0.017845,0.002276,0.015569,1,2,1-2,0.616962,0.013768,0,2,0-2,0.603194,1,1,2,1-2,0.591899,0.010115,1,2-1,2,1,0.581784,1,2,1-2,0.593155,0.012826,1,2-1,2,1,0.58033,1,2,1-2,0.594412,0.013265,1,0-2,0,2,0.581147,1,2,1-2,0.595668,0.013293,1,0-2,0,2,0.582375,1,2,1-2,0.596924,0.013321,1,0-2,0,2,0.583603,1,2,1-2,0.59818,0.013349,1,0-2,0,2,0.584831,1,2,1-2,0.599436,0.013377,1,0-2,0,2,0.586059,1,2,1-2,0.600692,0.013405,1,0-2,0,2,0.587287,1,2,1-2,0.601949,0.013433,1,0-2,0,2,0.588515,1,2,1-2,0.603205,0.013461,1,0-2,0,2,0.589743,1,2,1-2,0.604461,0.013489,1,0-2,0,2,0.590972,1,2,1-2,0.605717,0.013517,1,0-2,0,2,0.5922,1,2,1-2,0.606973,0.013545,1,0-2,0,2,0.593428,1,2,1-2,0.608229,0.013573,1,0-2,0,2,0.594656,1,2,1-2,0.609485,0.013601,1,0-2,0,2,0.595884,1,2,1-2,0.610742,0.013629,1,0-2,0,2,0.597112,1,2,1-2,0.611998,0.013657,1,0-2,0,2,0.59834,1,2,1-2,0.613254,0.013685,1,0-2,0,2,0.599568,1,2,1-2,0.61451,0.013714,1,0-2,0,2,0.600797,1,2,1-2,0.615766,0.013742,1,0-2,0,2,0.602025,1,2,1-2,0.617022,0.01377,1,0-2,0,2,0.603253
2014,2014-06-24T13:00:00-03:00,G,37,Italy,Uruguay,0,1,0.305644,0.251418,0.442937,1.2997,1.6092,0.378619,0.27531,0.346071,0.096867,away,home,True,-0.072975,-0.023892,0.096867,1,2,1-2,0.696939,0.021164,0,2,0-2,0.675775,1,2,1,2-1,0.619407,0.034772,0,2-0,2,0,0.584636,2,1,2-1,0.613438,0.034437,0,2-0,2,0,0.579002,2,1,2-1,0.607469,0.034101,0,2-0,2,0,0.573367,2,1,2-1,0.6015,0.033766,0,2-0,2,0,0.567733,2,1,2-1,0.59553,0.020331,0,1-2,1,2,0.575199,2,1,2-1,0.589561,0.006739,0,1-2,1,2,0.582822,1,2,1-2,0.590446,0.006854,1,2-1,2,1,0.583592,1,2,1-2,0.598069,0.018161,1,0-2,0,2,0.579908,1,2,1-2,0.605692,0.018393,1,0-2,0,2,0.5873,1,2,1-2,0.613316,0.018624,1,0-2,0,2,0.594691,1,2,1-2,0.620939,0.018856,1,0-2,0,2,0.602083,1,2,1-2,0.628562,0.019087,1,0-2,0,2,0.609475,1,2,1-2,0.636186,0.019319,1,0-2,0,2,0.616867,1,2,1-2,0.643809,0.01955,1,0-2,0,2,0.624259,1,2,1-2,0.651432,0.019782,1,0-2,0,2,0.63165,1,2,1-2,0.659055,0.020013,1,0-2,0,2,0.639042,1,2,1-2,0.666679,0.020245,1,0-2,0,2,0.646434,1,2,1-2,0.674302,0.020476,1,0-2,0,2,0.653826,1,2,1-2,0.681925,0.020708,1,0-2,0,2,0.661218,1,2,1-2,0.689549,0.020939,1,0-2,0,2,0.668609,1,2,1-2,0.697172,0.021171,1,0-2,0,2,0.676001
2014,2014-06-24T13:00:00-03:00,G,38,Costa Rica,England,0,0,0.117195,0.205673,0.677132,0.698,2.0023,0.208563,0.239509,0.551928,0.125205,away,away,False,-0.091368,-0.033836,0.125205,0,2,0-2,1.03975,0.040673,1,2,1-2,0.999077,0,0,2,0-2,0.848434,0.033189,0,1-2,1,2,0.815244,0,2,0-2,0.858057,0.033566,0,1-2,1,2,0.824491,0,2,0-2,0.86768,0.033942,0,1-2,1,2,0.833738,0,2,0-2,0.877304,0.034318,0,1-2,1,2,0.842985,0,2,0-2,0.886927,0.034695,0,1-2,1,2,0.852232,0,2,0-2,0.89655,0.035071,0,1-2,1,2,0.861479,0,2,0-2,0.906174,0.035448,0,1-2,1,2,0.870726,0,2,0-2,0.915797,0.035824,0,1-2,1,2,0.879973,0,2,0-2,0.92542,0.036201,0,1-2,1,2,0.88922,0,2,0-2,0.935044,0.036577,0,1-2,1,2,0.898467,0,2,0-2,0.944667,0.036954,0,1-2,1,2,0.907713,0,2,0-2,0.95429,0.03733,0,1-2,1,2,0.91696,0,2,0-2,0.963914,0.037706,0,1-2,1,2,0.926207,0,2,0-2,0.973537,0.038083,0,1-2,1,2,0.935454,0,2,0-2,0.98316,0.038459,0,1-2,1,2,0.944701,0,2,0-2,0.992784,0.038836,0,1-2,1,2,0.953948,0,2,0-2,1.002407,0.039212,0,1-2,1,2,0.963195,0,2,0-2,1.01203,0.039589,0,1-2,1,2,0.972442,0,2,0-2,1.021654,0.039965,0,1-2,1,2,0.981689,0,2,0-2,1.031277,0.040342,0,1-2,1,2,0.990936,0,2,0-2,1.0409,0.040718,0,1-2,1,2,1.000182
2014,2014-06-24T16:00:00-04:00,G,39,Japan,Colombia,1,4,0.21241,0.260505,0.527085,0.9051,1.5766,0.276164,0.257424,0.466411,0.063754,away,away,False,-0.063754,0.003081,0.060673,0,2,0-2,0.828806,0.009862,1,2,1-2,0.818944,1,0,2,0-2,0.733578,0.008729,1,1-2,1,2,0.724849,0,2,0-2,0.73835,0.008786,1,1-2,1,2,0.729564,0,2,0-2,0.743121,0.008842,1,1-2,1,2,0.734279,0,2,0-2,0.747892,0.008899,1,1-2,1,2,0.738993,0,2,0-2,0.752664,0.008956,1,1-2,1,2,0.743708,0,2,0-2,0.757435,0.009013,1,1-2,1,2,0.748422,0,2,0-2,0.762206,0.009069,1,1-2,1,2,0.753137,0,2,0-2,0.766978,0.009126,1,1-2,1,2,0.757852,0,2,0-2,0.771749,0.009183,1,1-2,1,2,0.762566,0,2,0-2,0.776521,0.00924,1,1-2,1,2,0.767281,0,2,0-2,0.781292,0.009297,1,1-2,1,2,0.771995,0,2,0-2,0.786063,0.009353,1,1-2,1,2,0.77671,0,2,0-2,0.790835,0.00941,1,1-2,1,2,0.781425,0,2,0-2,0.795606,0.009467,1,1-2,1,2,0.786139,0,2,0-2,0.800378,0.009524,1,1-2,1,2,0.790854,0,2,0-2,0.805149,0.00958,1,1-2,1,2,0.795569,0,2,0-2,0.80992,0.009637,1,1-2,1,2,0.800283,0,2,0-2,0.814692,0.009694,1,1-2,1,2,0.804998,0,2,0-2,0.819463,0.009751,1,1-2,1,2,0.809712,0,2,0-2,0.824234,0.009808,1,1-2,1,2,0.814427,0,2,0-2,0.829006,0.009864,1,1-2,1,2,0.819142
2014,2014-06-24T17:00:00-03:00,G,40,Greece,Ivory Coast,2,1,0.27478,0.269341,0.455879,1.0788,1.4643,0.241562,0.267072,0.491365,0.035487,away,away,False,0.033218,0.002269,-0.035487,1,2,1-2,0.721954,0.006644,0,2,0-2,0.71531,0,1,2,1-2,0.778279,0.007163,0,0-2,0,2,0.771116,1,2,1-2,0.775468,0.007137,0,0-2,0,2,0.768332,1,2,1-2,0.772658,0.007111,0,0-2,0,2,0.765547,1,2,1-2,0.769848,0.007085,0,0-2,0,2,0.762763,1,2,1-2,0.767037,0.007059,0,0-2,0,2,0.759978,1,2,1-2,0.764227,0.007033,0,0-2,0,2,0.757193,1,2,1-2,0.761417,0.007008,0,0-2,0,2,0.754409,1,2,1-2,0.758606,0.006982,0,0-2,0,2,0.751624,1,2,1-2,0.755796,0.006956,0,0-2,0,2,0.74884,1,2,1-2,0.752985,0.00693,0,0-2,0,2,0.746055,1,2,1-2,0.750175,0.006904,0,0-2,0,2,0.743271,1,2,1-2,0.747365,0.006878,0,0-2,0,2,0.740486,1,2,1-2,0.744554,0.006852,0,0-2,0,2,0.737702,1,2,1-2,0.741744,0.006827,0,0-2,0,2,0.734917,1,2,1-2,0.738933,0.006801,0,0-2,0,2,0.732133,1,2,1-2,0.736123,0.006775,0,0-2,0,2,0.729348,1,2,1-2,0.733313,0.006749,0,0-2,0,2,0.726564,1,2,1-2,0.730502,0.006723,0,0-2,0,2,0.723779,1,2,1-2,0.727692,0.006697,0,0-2,0,2,0.720995,1,2,1-2,0.724882,0.006671,0,0-2,0,2,0.71821,1,2,1-2,0.722071,0.006645,0,0-2,0,2,0.715426
2014,2014-06-25T13:00:00-03:00,G,41,Nigeria,Argentina,2,3,0.131227,0.199205,0.669567,0.8263,2.1259,0.09461,0.224839,0.680551,0.036618,away,away,False,0.036618,-0.025634,-0.010984,0,2,0-2,1.002041,0.020503,1,2,1-2,0.981537,1,0,2,0-2,1.020116,0.020873,1,1-2,1,2,0.999243,0,2,0-2,1.019293,0.020856,1,1-2,1,2,0.998437,0,2,0-2,1.01847,0.02084,1,1-2,1,2,0.99763,0,2,0-2,1.017647,0.020823,1,1-2,1,2,0.996824,0,2,0-2,1.016823,0.020806,1,1-2,1,2,0.996017,0,2,0-2,1.016,0.020789,1,1-2,1,2,0.995211,0,2,0-2,1.015177,0.020772,1,1-2,1,2,0.994405,0,2,0-2,1.014354,0.020755,1,1-2,1,2,0.993598,0,2,0-2,1.01353,0.020738,1,1-2,1,2,0.992792,0,2,0-2,1.012707,0.020722,1,1-2,1,2,0.991986,0,2,0-2,1.011884,0.020705,1,1-2,1,2,0.991179,0,2,0-2,1.011061,0.020688,1,1-2,1,2,0.990373,0,2,0-2,1.010238,0.020671,1,1-2,1,2,0.989566,0,2,0-2,1.009414,0.020654,1,1-2,1,2,0.98876,0,2,0-2,1.008591,0.020637,1,1-2,1,2,0.987954,0,2,0-2,1.007768,0.020621,1,1-2,1,2,0.987147,0,2,0-2,1.006945,0.020604,1,1-2,1,2,0.986341,0,2,0-2,1.006122,0.020587,1,1-2,1,2,0.985535,0,2,0-2,1.005298,0.02057,1,1-2,1,2,0.984728,0,2,0-2,1.004475,0.020553,1,1-2,1,2,0.983922,0,2,0-2,1.003652,0.020536,1,1-2,1,2,0.983116
2014,2014-06-25T13:00:00-03:00,G,42,Bosnia and Herzegovina,Iran,3,1,0.475877,0.247575,0.276548,1.6815,1.2301,0.44317,0.270398,0.286432,0.032707,home,home,False,0.032707,-0.022823,-0.009884,2,1,2-1,0.741735,0.017695,2,0,2-0,0.724039,1,2,1,2-1,0.691035,0.016486,1,2-0,2,0,0.674549,2,1,2-1,0.693585,0.016547,1,2-0,2,0,0.677038,2,1,2-1,0.696135,0.016608,1,2-0,2,0,0.679528,2,1,2-1,0.698685,0.016668,1,2-0,2,0,0.682017,2,1,2-1,0.701235,0.016729,1,2-0,2,0,0.684506,2,1,2-1,0.703785,0.01679,1,2-0,2,0,0.686995,2,1,2-1,0.706335,0.016851,1,2-0,2,0,0.689484,2,1,2-1,0.708885,0.016912,1,2-0,2,0,0.691973,2,1,2-1,0.711435,0.016973,1,2-0,2,0,0.694463,2,1,2-1,0.713985,0.017033,1,2-0,2,0,0.696952,2,1,2-1,0.716535,0.017094,1,2-0,2,0,0.699441,2,1,2-1,0.719085,0.017155,1,2-0,2,0,0.70193,2,1,2-1,0.721635,0.017216,1,2-0,2,0,0.704419,2,1,2-1,0.724185,0.017277,1,2-0,2,0,0.706908,2,1,2-1,0.726735,0.017338,1,2-0,2,0,0.709397,2,1,2-1,0.729285,0.017398,1,2-0,2,0,0.711887,2,1,2-1,0.731835,0.017459,1,2-0,2,0,0.714376,2,1,2-1,0.734385,0.01752,1,2-0,2,0,0.716865,2,1,2-1,0.736935,0.017581,1,2-0,2,0,0.719354,2,1,2-1,0.739485,0.017642,1,2-0,2,0,0.721843,2,1,2-1,0.742035,0.017703,1,2-0,2,0,0.724332
2014,2014-06-25T16:00:00-04:00,G,43,Honduras,Switzerland,0,3,0.217719,0.27707,0.50521,0.8471,1.4368,0.132393,0.214175,0.653432,0.148221,away,away,False,0.085326,0.062895,-0.148221,0,2,0-2,0.804561,0.014543,0,1,0-1,0.790018,1,0,2,0-2,1.040743,0.018812,1,0-1,0,1,1.021931,0,2,0-2,1.028939,0.018599,1,0-1,0,1,1.01034,0,2,0-2,1.017136,0.018386,1,0-1,0,1,0.99875,0,2,0-2,1.005332,0.018172,1,0-1,0,1,0.987159,0,2,0-2,0.993528,0.017959,1,0-1,0,1,0.975569,0,2,0-2,0.981724,0.017745,1,0-1,0,1,0.963979,0,2,0-2,0.96992,0.017532,1,0-1,0,1,0.952388,0,2,0-2,0.958116,0.017319,1,0-1,0,1,0.940798,0,2,0-2,0.946312,0.017105,1,0-1,0,1,0.929207,0,2,0-2,0.934509,0.016892,1,0-1,0,1,0.917617,0,2,0-2,0.922705,0.016679,1,0-1,0,1,0.906026,0,2,0-2,0.910901,0.016465,1,0-1,0,1,0.894436,0,2,0-2,0.899097,0.016252,1,0-1,0,1,0.882845,0,2,0-2,0.887293,0.016039,1,0-1,0,1,0.871255,0,2,0-2,0.875489,0.015825,1,0-1,0,1,0.859664,0,2,0-2,0.863685,0.015612,1,0-1,0,1,0.848074,0,2,0-2,0.851882,0.015398,1,0-1,0,1,0.836483,0,2,0-2,0.840078,0.015185,1,0-1,0,1,0.824893,0,2,0-2,0.828274,0.014972,1,0-1,0,1,0.813302,0,2,0-2,0.81647,0.014758,1,0-1,0,1,0.801712,0,2,0-2,0.804666,0.014545,1,0-1,0,1,0.790121
2014,2014-06-25T17:00:00-03:00,G,44,Ecuador,France,0,0,0.265702,0.279332,0.454966,0.9952,1.3869,0.170144,0.231247,0.598609,0.143643,away,away,False,0.095558,0.048085,-0.143643,0,2,0-2,0.720964,0.00043,1,2,1-2,0.720535,0,0,2,0-2,0.948693,0.000565,0,1-2,1,2,0.948128,0,2,0-2,0.93731,0.000558,0,1-2,1,2,0.936752,0,2,0-2,0.925928,0.000552,0,1-2,1,2,0.925376,0,2,0-2,0.914545,0.000545,0,1-2,1,2,0.914001,0,2,0-2,0.903163,0.000538,0,1-2,1,2,0.902625,0,2,0-2,0.89178,0.000531,0,1-2,1,2,0.891249,0,2,0-2,0.880398,0.000525,0,1-2,1,2,0.879873,0,2,0-2,0.869016,0.000518,0,1-2,1,2,0.868498,0,2,0-2,0.857633,0.000511,0,1-2,1,2,0.857122,0,2,0-2,0.846251,0.000504,0,1-2,1,2,0.845746,0,2,0-2,0.834868,0.000497,0,1-2,1,2,0.834371,0,2,0-2,0.823486,0.000491,0,1-2,1,2,0.822995,0,2,0-2,0.812103,0.000484,0,1-2,1,2,0.811619,0,2,0-2,0.800721,0.000477,0,1-2,1,2,0.800244,0,2,0-2,0.789338,0.00047,0,1-2,1,2,0.788868,0,2,0-2,0.777956,0.000464,0,1-2,1,2,0.777492,0,2,0-2,0.766573,0.000457,0,1-2,1,2,0.766117,0,2,0-2,0.755191,0.00045,0,1-2,1,2,0.754741,0,2,0-2,0.743808,0.000443,0,1-2,1,2,0.743365,0,2,0-2,0.732426,0.000436,0,1-2,1,2,0.73199,0,2,0-2,0.721043,0.00043,0,1-2,1,2,0.720614
2014,2014-06-26T13:00:00-03:00,G,45,United States,Germany,0,1,0.169318,0.194501,0.636181,1.1226,2.3125,0.109397,0.305858,0.584745,0.111357,away,away,False,0.059921,-0.111357,0.051436,1,2,1-2,0.914056,0.010566,0,2,0-2,0.90349,1,1,2,1-2,0.842426,0.009738,1,0-2,0,2,0.832687,1,2,1-2,0.846131,0.009781,1,0-2,0,2,0.83635,1,2,1-2,0.849836,0.009824,1,0-2,0,2,0.840012,1,2,1-2,0.853541,0.009867,1,0-2,0,2,0.843674,1,2,1-2,0.857246,0.00991,1,0-2,0,2,0.847337,1,2,1-2,0.860951,0.009953,1,0-2,0,2,0.850999,1,2,1-2,0.864657,0.009995,1,0-2,0,2,0.854661,1,2,1-2,0.868362,0.010038,1,0-2,0,2,0.858324,1,2,1-2,0.872067,0.010081,1,0-2,0,2,0.861986,1,2,1-2,0.875772,0.010124,1,0-2,0,2,0.865648,1,2,1-2,0.879477,0.010167,1,0-2,0,2,0.86931,1,2,1-2,0.883182,0.01021,1,0-2,0,2,0.872973,1,2,1-2,0.886887,0.010252,1,0-2,0,2,0.876635,1,2,1-2,0.890593,0.010295,1,0-2,0,2,0.880297,1,2,1-2,0.894298,0.010338,1,0-2,0,2,0.88396,1,2,1-2,0.898003,0.010381,1,0-2,0,2,0.887622,1,2,1-2,0.901708,0.010424,1,0-2,0,2,0.891284,1,2,1-2,0.905413,0.010467,1,0-2,0,2,0.894947,1,2,1-2,0.909118,0.010509,1,0-2,0,2,0.898609,1,2,1-2,0.912823,0.010552,1,0-2,0,2,0.902271,1,2,1-2,0.916528,0.010595,1,0-2,0,2,0.905933
2014,2014-06-26T13:00:00-03:00,G,46,Portugal,Ghana,2,1,0.544543,0.256979,0.198477,1.6069,0.8663,0.550783,0.196648,0.252569,0.060331,home,home,False,-0.00624,0.060331,-0.054091,2,0,2-0,0.856404,0.014552,2,1,2-1,0.841852,2,2,0,2-0,0.866453,0.014722,2,2-1,2,1,0.85173,2,0,2-0,0.865962,0.014714,2,2-1,2,1,0.851248,2,0,2-0,0.865471,0.014706,2,2-1,2,1,0.850765,2,0,2-0,0.86498,0.014697,2,2-1,2,1,0.850283,2,0,2-0,0.864489,0.014689,2,2-1,2,1,0.8498,2,0,2-0,0.863999,0.014681,2,2-1,2,1,0.849318,2,0,2-0,0.863508,0.014672,2,2-1,2,1,0.848835,2,0,2-0,0.863017,0.014664,2,2-1,2,1,0.848353,2,0,2-0,0.862526,0.014656,2,2-1,2,1,0.84787,2,0,2-0,0.862035,0.014647,2,2-1,2,1,0.847388,2,0,2-0,0.861544,0.014639,2,2-1,2,1,0.846905,2,0,2-0,0.861054,0.014631,2,2-1,2,1,0.846423,2,0,2-0,0.860563,0.014622,2,2-1,2,1,0.845941,2,0,2-0,0.860072,0.014614,2,2-1,2,1,0.845458,2,0,2-0,0.859581,0.014606,2,2-1,2,1,0.844976,2,0,2-0,0.85909,0.014597,2,2-1,2,1,0.844493,2,0,2-0,0.8586,0.014589,2,2-1,2,1,0.844011,2,0,2-0,0.858109,0.014581,2,2-1,2,1,0.843528,2,0,2-0,0.857618,0.014572,2,2-1,2,1,0.843046,2,0,2-0,0.857127,0.014564,2,2-1,2,1,0.842563,2,0,2-0,0.856636,0.014556,2,2-1,2,1,0.842081
2014,2014-06-26T17:00:00-03:00,G,47,South Korea,Belgium,0,1,0.254203,0.249414,0.496383,1.1335,1.6752,0.204354,0.266942,0.528704,0.049849,away,away,False,0.049849,-0.017528,-0.032321,1,2,1-2,0.772534,0.011294,0,2,0-2,0.761239,1,1,2,1-2,0.823147,0.012034,1,0-2,0,2,0.811112,1,2,1-2,0.820631,0.011998,1,0-2,0,2,0.808633,1,2,1-2,0.818115,0.011961,1,0-2,0,2,0.806154,1,2,1-2,0.815598,0.011924,1,0-2,0,2,0.803674,1,2,1-2,0.813082,0.011887,1,0-2,0,2,0.801195,1,2,1-2,0.810566,0.01185,1,0-2,0,2,0.798716,1,2,1-2,0.80805,0.011814,1,0-2,0,2,0.796237,1,2,1-2,0.805534,0.011777,1,0-2,0,2,0.793757,1,2,1-2,0.803018,0.01174,1,0-2,0,2,0.791278,1,2,1-2,0.800502,0.011703,1,0-2,0,2,0.788799,1,2,1-2,0.797986,0.011666,1,0-2,0,2,0.786319,1,2,1-2,0.79547,0.01163,1,0-2,0,2,0.78384,1,2,1-2,0.792954,0.011593,1,0-2,0,2,0.781361,1,2,1-2,0.790438,0.011556,1,0-2,0,2,0.778882,1,2,1-2,0.787922,0.011519,1,0-2,0,2,0.776402,1,2,1-2,0.785406,0.011483,1,0-2,0,2,0.773923,1,2,1-2,0.782889,0.011446,1,0-2,0,2,0.771444,1,2,1-2,0.780373,0.011409,1,0-2,0,2,0.768964,1,2,1-2,0.777857,0.011372,1,0-2,0,2,0.766485,1,2,1-2,0.775341,0.011335,1,0-2,0,2,0.764006,1,2,1-2,0.772825,0.011299,1,0-2,0,2,0.761527
2014,2014-06-26T17:00:00-03:00,G,48,Algeria,Russia,1,1,0.135584,0.228402,0.636014,0.7011,1.8113,0.25837,0.259109,0.482521,0.153493,away,away,False,-0.122785,-0.030708,0.153493,0,2,0-2,0.994877,0.039757,1,2,1-2,0.95512,0,0,2,0-2,0.75522,0.03018,0,1-2,1,2,0.72504,0,2,0-2,0.767232,0.03066,0,1-2,1,2,0.736572,0,2,0-2,0.779244,0.03114,0,1-2,1,2,0.748104,0,2,0-2,0.791256,0.03162,0,1-2,1,2,0.759636,0,2,0-2,0.803268,0.0321,0,1-2,1,2,0.771168,0,2,0-2,0.81528,0.03258,0,1-2,1,2,0.7827,0,2,0-2,0.827292,0.03306,0,1-2,1,2,0.794232,0,2,0-2,0.839304,0.03354,0,1-2,1,2,0.805764,0,2,0-2,0.851316,0.03402,0,1-2,1,2,0.817296,0,2,0-2,0.863328,0.0345,0,1-2,1,2,0.828828,0,2,0-2,0.87534,0.03498,0,1-2,1,2,0.84036,0,2,0-2,0.887352,0.03546,0,1-2,1,2,0.851892,0,2,0-2,0.899364,0.03594,0,1-2,1,2,0.863424,0,2,0-2,0.911376,0.03642,0,1-2,1,2,0.874956,0,2,0-2,0.923388,0.0369,0,1-2,1,2,0.886488,0,2,0-2,0.9354,0.03738,0,1-2,1,2,0.89802,0,2,0-2,0.947412,0.03786,0,1-2,1,2,0.909552,0,2,0-2,0.959424,0.03834,0,1-2,1,2,0.921084,0,2,0-2,0.971436,0.03882,0,1-2,1,2,0.932616,0,2,0-2,0.983448,0.0393,0,1-2,1,2,0.944148,0,2,0-2,0.99546,0.03978,0,1-2,1,2,0.95568
2014,2014-06-28T13:00:00-03:00,8,49,Brazil,Chile,1,1,0.663109,0.195265,0.141626,2.214,0.924,0.639938,0.212882,0.14718,0.023171,home,home,False,0.023171,-0.017617,-0.005554,2,0,2-0,0.972547,0.00808,2,1,2-1,0.964468,0,2,0,2-0,0.940502,0.007814,0,2-1,2,1,0.932688,2,0,2-0,0.942205,0.007828,0,2-1,2,1,0.934377,2,0,2-0,0.943907,0.007842,0,2-1,2,1,0.936066,2,0,2-0,0.94561,0.007856,0,2-1,2,1,0.937754,2,0,2-0,0.947313,0.00787,0,2-1,2,1,0.939443,2,0,2-0,0.949016,0.007884,0,2-1,2,1,0.941131,2,0,2-0,0.950718,0.007898,0,2-1,2,1,0.94282,2,0,2-0,0.952421,0.007913,0,2-1,2,1,0.944509,2,0,2-0,0.954124,0.007927,0,2-1,2,1,0.946197,2,0,2-0,0.955827,0.007941,0,2-1,2,1,0.947886,2,0,2-0,0.957529,0.007955,0,2-1,2,1,0.949574,2,0,2-0,0.959232,0.007969,0,2-1,2,1,0.951263,2,0,2-0,0.960935,0.007983,0,2-1,2,1,0.952951,2,0,2-0,0.962637,0.007997,0,2-1,2,1,0.95464,2,0,2-0,0.96434,0.008012,0,2-1,2,1,0.956329,2,0,2-0,0.966043,0.008026,0,2-1,2,1,0.958017,2,0,2-0,0.967746,0.00804,0,2-1,2,1,0.959706,2,0,2-0,0.969448,0.008054,0,2-1,2,1,0.961394,2,0,2-0,0.971151,0.008068,0,2-1,2,1,0.963083,2,0,2-0,0.972854,0.008082,0,2-1,2,1,0.964771,2,0,2-0,0.974556,0.008096,0,2-1,2,1,0.96646
2014,2014-06-28T17:00:00-03:00,8,50,Colombia,Uruguay,2,0,0.356079,0.281336,0.362585,1.2198,1.2333,0.451341,0.287048,0.261611,0.100974,away,home,True,-0.095262,-0.005712,0.100974,1,2,1-2,0.587592,0.009687,2,1,2-1,0.577905,0,2,1,2-1,0.732575,0.018927,2,2-0,2,0,0.713648,2,1,2-1,0.724844,0.018727,2,2-0,2,0,0.706117,2,1,2-1,0.717113,0.018527,2,2-0,2,0,0.698585,2,1,2-1,0.709382,0.018328,2,2-0,2,0,0.691054,2,1,2-1,0.701651,0.018128,2,2-0,2,0,0.683523,2,1,2-1,0.69392,0.017928,2,2-0,2,0,0.675991,2,1,2-1,0.686189,0.017728,2,2-0,2,0,0.66846,2,1,2-1,0.678458,0.017529,2,2-0,2,0,0.660929,2,1,2-1,0.670727,0.017329,2,2-0,2,0,0.653398,2,1,2-1,0.662996,0.017129,2,2-0,2,0,0.645866,2,1,2-1,0.655265,0.016929,2,2-0,2,0,0.638335,2,1,2-1,0.647534,0.01673,2,2-0,2,0,0.630804,2,1,2-1,0.639803,0.01653,2,2-0,2,0,0.623272,2,1,2-1,0.632071,0.01633,2,2-0,2,0,0.615741,2,1,2-1,0.62434,0.016131,2,2-0,2,0,0.60821,2,1,2-1,0.616609,0.015931,2,2-0,2,0,0.600679,2,1,2-1,0.608878,0.015731,2,2-0,2,0,0.593147,2,1,2-1,0.601147,0.015531,2,2-0,2,0,0.585616,2,1,2-1,0.593416,0.015332,2,2-0,2,0,0.578085,2,1,2-1,0.585685,0.006226,2,1-2,1,2,0.57946,1,2,1-2,0.587642,0.009688,0,2-1,2,1,0.577954
2014,2014-06-29T13:00:00-03:00,8,51,Netherlands,Mexico,2,1,0.499491,0.258932,0.241577,1.5847,1.0256,0.453677,0.288999,0.257324,0.045815,home,home,False,0.045815,-0.030067,-0.015747,2,1,2-1,0.781004,0.002362,2,0,2-0,0.778642,3,2,1,2-1,0.70955,0.002146,3,2-0,2,0,0.707404,2,1,2-1,0.713133,0.002157,3,2-0,2,0,0.710976,2,1,2-1,0.716716,0.002168,3,2-0,2,0,0.714548,2,1,2-1,0.720299,0.002179,3,2-0,2,0,0.71812,2,1,2-1,0.723881,0.00219,3,2-0,2,0,0.721692,2,1,2-1,0.727464,0.0022,3,2-0,2,0,0.725264,2,1,2-1,0.731047,0.002211,3,2-0,2,0,0.728835,2,1,2-1,0.734629,0.002222,3,2-0,2,0,0.732407,2,1,2-1,0.738212,0.002233,3,2-0,2,0,0.735979,2,1,2-1,0.741795,0.002244,3,2-0,2,0,0.739551,2,1,2-1,0.745378,0.002255,3,2-0,2,0,0.743123,2,1,2-1,0.74896,0.002265,3,2-0,2,0,0.746695,2,1,2-1,0.752543,0.002276,3,2-0,2,0,0.750267,2,1,2-1,0.756126,0.002287,3,2-0,2,0,0.753839,2,1,2-1,0.759709,0.002298,3,2-0,2,0,0.757411,2,1,2-1,0.763291,0.002309,3,2-0,2,0,0.760982,2,1,2-1,0.766874,0.00232,3,2-0,2,0,0.764554,2,1,2-1,0.770457,0.00233,3,2-0,2,0,0.768126,2,1,2-1,0.774039,0.002341,3,2-0,2,0,0.771698,2,1,2-1,0.777622,0.002352,3,2-0,2,0,0.77527,2,1,2-1,0.781205,0.002363,3,2-0,2,0,0.778842
2014,2014-06-29T17:00:00-03:00,8,52,Costa Rica,Greece,1,1,0.248987,0.305204,0.445809,0.8311,1.213,0.360484,0.309795,0.32972,0.116089,away,home,True,-0.111497,-0.004592,0.116089,0,1,0-1,0.751634,0.036126,0,2,0-2,0.715508,0,1,0,1-0,0.660092,0.076818,0,1-1,1,1,0.583273,1,0,1-0,0.649883,0.067042,0,1-1,1,1,0.582841,1,0,1-0,0.639675,0.057266,0,1-1,1,1,0.582409,1,0,1-0,0.629467,0.044175,0,0-1,0,1,0.585292,1,0,1-0,0.619259,0.02418,0,0-1,0,1,0.595079,1,0,1-0,0.60905,0.004185,0,0-1,0,1,0.604866,0,1,0-1,0.614652,0.01581,0,1-0,1,0,0.598842,0,1,0-1,0.624439,0.030013,0,0-2,0,2,0.594426,0,1,0-1,0.634226,0.030483,0,0-2,0,2,0.603743,0,1,0-1,0.644013,0.030953,0,0-2,0,2,0.613059,0,1,0-1,0.653799,0.031424,0,0-2,0,2,0.622375,0,1,0-1,0.663586,0.031894,0,0-2,0,2,0.631692,0,1,0-1,0.673373,0.032365,0,0-2,0,2,0.641008,0,1,0-1,0.683159,0.032835,0,0-2,0,2,0.650324,0,1,0-1,0.692946,0.033305,0,0-2,0,2,0.659641,0,1,0-1,0.702733,0.033776,0,0-2,0,2,0.668957,0,1,0-1,0.712519,0.034246,0,0-2,0,2,0.678273,0,1,0-1,0.722306,0.034716,0,0-2,0,2,0.68759,0,1,0-1,0.732093,0.035187,0,0-2,0,2,0.696906,0,1,0-1,0.74188,0.035657,0,0-2,0,2,0.706222,0,1,0-1,0.751666,0.036128,0,0-2,0,2,0.715539
2014,2014-06-30T13:00:00-03:00,8,53,France,Nigeria,2,0,0.530923,0.272214,0.196863,1.479,0.7915,0.690027,0.203578,0.106394,0.159104,home,home,False,-0.159104,0.068636,0.090468,2,0,2-0,0.846098,0.017527,1,0,1-0,0.828571,3,2,0,2-0,1.099823,0.022783,3,1-0,1,0,1.077041,2,0,2-0,1.087144,0.02252,3,1-0,1,0,1.064624,2,0,2-0,1.074464,0.022257,3,1-0,1,0,1.052207,2,0,2-0,1.061784,0.021995,3,1-0,1,0,1.03979,2,0,2-0,1.049105,0.021732,3,1-0,1,0,1.027373,2,0,2-0,1.036425,0.021469,3,1-0,1,0,1.014956,2,0,2-0,1.023745,0.021207,3,1-0,1,0,1.002538,2,0,2-0,1.011066,0.020944,3,1-0,1,0,0.990121,2,0,2-0,0.998386,0.020682,3,1-0,1,0,0.977704,2,0,2-0,0.985706,0.020419,3,1-0,1,0,0.965287,2,0,2-0,0.973027,0.020156,3,1-0,1,0,0.95287,2,0,2-0,0.960347,0.019894,3,1-0,1,0,0.940453,2,0,2-0,0.947667,0.019631,3,1-0,1,0,0.928036,2,0,2-0,0.934988,0.019368,3,1-0,1,0,0.915619,2,0,2-0,0.922308,0.019106,3,1-0,1,0,0.903202,2,0,2-0,0.909628,0.018843,3,1-0,1,0,0.890785,2,0,2-0,0.896949,0.01858,3,1-0,1,0,0.878368,2,0,2-0,0.884269,0.018318,3,1-0,1,0,0.865951,2,0,2-0,0.871589,0.018055,3,1-0,1,0,0.853534,2,0,2-0,0.85891,0.017792,3,1-0,1,0,0.841117,2,0,2-0,0.84623,0.01753,3,1-0,1,0,0.8287
2014,2014-06-30T17:00:00-03:00,8,54,Germany,Algeria,2,1,0.792108,0.133347,0.074545,2.8499,0.792,0.744773,0.16822,0.087007,0.047336,home,home,False,0.047336,-0.034873,-0.012463,3,0,3-0,1.098927,0.016837,2,0,2-0,1.08209,1,3,0,3-0,1.042614,0.015974,1,2-0,2,0,1.026639,3,0,3-0,1.045927,0.016025,1,2-0,2,0,1.029902,3,0,3-0,1.04924,0.016076,1,2-0,2,0,1.033165,3,0,3-0,1.052554,0.016127,1,2-0,2,0,1.036427,3,0,3-0,1.055867,0.016177,1,2-0,2,0,1.03969,3,0,3-0,1.05918,0.016228,1,2-0,2,0,1.042952,3,0,3-0,1.062494,0.016279,1,2-0,2,0,1.046215,3,0,3-0,1.065807,0.01633,1,2-0,2,0,1.049477,3,0,3-0,1.06912,0.01638,1,2-0,2,0,1.05274,3,0,3-0,1.072433,0.016431,1,2-0,2,0,1.056002,3,0,3-0,1.075747,0.016482,1,2-0,2,0,1.059265,3,0,3-0,1.07906,0.016533,1,2-0,2,0,1.062527,3,0,3-0,1.082373,0.016583,1,2-0,2,0,1.06579,3,0,3-0,1.085687,0.016634,1,2-0,2,0,1.069052,3,0,3-0,1.089,0.016685,1,2-0,2,0,1.072315,3,0,3-0,1.092313,0.016736,1,2-0,2,0,1.075578,3,0,3-0,1.095627,0.016786,1,2-0,2,0,1.07884,3,0,3-0,1.09894,0.016837,1,2-0,2,0,1.082103,3,0,3-0,1.102253,0.016888,1,2-0,2,0,1.085365,3,0,3-0,1.105566,0.016939,1,2-0,2,0,1.088628,3,0,3-0,1.10888,0.01699,1,2-0,2,0,1.09189
2014,2014-07-01T13:00:00-03:00,8,55,Argentina,Switzerland,1,0,0.585133,0.237688,0.177179,1.7787,0.8694,0.623837,0.230797,0.145366,0.038704,home,home,False,-0.038704,0.00689,0.031814,2,0,2-0,0.906122,0.014622,2,1,2-1,0.8915,1,2,0,2-0,0.966564,0.015597,1,2-1,2,1,0.950967,2,0,2-0,0.963566,0.015548,1,2-1,2,1,0.948017,2,0,2-0,0.960567,0.0155,1,2-1,2,1,0.945067,2,0,2-0,0.957569,0.015452,1,2-1,2,1,0.942117,2,0,2-0,0.954571,0.015403,1,2-1,2,1,0.939167,2,0,2-0,0.951572,0.015355,1,2-1,2,1,0.936217,2,0,2-0,0.948574,0.015307,1,2-1,2,1,0.933267,2,0,2-0,0.945576,0.015258,1,2-1,2,1,0.930317,2,0,2-0,0.942577,0.01521,1,2-1,2,1,0.927367,2,0,2-0,0.939579,0.015161,1,2-1,2,1,0.924417,2,0,2-0,0.93658,0.015113,1,2-1,2,1,0.921467,2,0,2-0,0.933582,0.015065,1,2-1,2,1,0.918517,2,0,2-0,0.930584,0.015016,1,2-1,2,1,0.915567,2,0,2-0,0.927585,0.014968,1,2-1,2,1,0.912617,2,0,2-0,0.924587,0.01492,1,2-1,2,1,0.909667,2,0,2-0,0.921589,0.014871,1,2-1,2,1,0.906718,2,0,2-0,0.91859,0.014823,1,2-1,2,1,0.903768,2,0,2-0,0.915592,0.014774,1,2-1,2,1,0.900818,2,0,2-0,0.912594,0.014726,1,2-1,2,1,0.897868,2,0,2-0,0.909595,0.014678,1,2-1,2,1,0.894918,2,0,2-0,0.906597,0.014629,1,2-1,2,1,0.891968
2014,2014-07-01T17:00:00-03:00,8,56,Belgium,United States,2,1,0.395413,0.259038,0.345549,1.4642,1.3538,0.483595,0.282531,0.233874,0.111675,home,home,False,-0.088182,-0.023493,0.111675,2,1,2-1,0.632691,0.022652,2,0,2-0,0.610039,3,2,1,2-1,0.773967,0.02771,3,2-0,2,0,0.746256,2,1,2-1,0.76691,0.027458,3,2-0,2,0,0.739452,2,1,2-1,0.759854,0.027205,3,2-0,2,0,0.732649,2,1,2-1,0.752797,0.026952,3,2-0,2,0,0.725845,2,1,2-1,0.745741,0.0267,3,2-0,2,0,0.719041,2,1,2-1,0.738684,0.026447,3,2-0,2,0,0.712237,2,1,2-1,0.731628,0.026194,3,2-0,2,0,0.705433,2,1,2-1,0.724571,0.025942,3,2-0,2,0,0.698629,2,1,2-1,0.717514,0.025689,3,2-0,2,0,0.691825,2,1,2-1,0.710458,0.025437,3,2-0,2,0,0.685021,2,1,2-1,0.703401,0.025184,3,2-0,2,0,0.678218,2,1,2-1,0.696345,0.024931,3,2-0,2,0,0.671414,2,1,2-1,0.689288,0.024679,3,2-0,2,0,0.66461,2,1,2-1,0.682232,0.024426,3,2-0,2,0,0.657806,2,1,2-1,0.675175,0.024173,3,2-0,2,0,0.651002,2,1,2-1,0.668119,0.023921,3,2-0,2,0,0.644198,2,1,2-1,0.661062,0.023668,3,2-0,2,0,0.637394,2,1,2-1,0.654006,0.023415,3,2-0,2,0,0.63059,2,1,2-1,0.646949,0.023163,3,2-0,2,0,0.623786,2,1,2-1,0.639893,0.02291,3,2-0,2,0,0.616983,2,1,2-1,0.632836,0.022657,3,2-0,2,0,0.610179
2014,2014-07-04T13:00:00-03:00,4,57,France,Germany,0,1,0.325549,0.260558,0.413893,1.289,1.4834,0.344648,0.308143,0.347209,0.066683,away,away,False,-0.019099,-0.047585,0.066683,1,2,1-2,0.65989,0.019876,0,2,0-2,0.640014,1,1,1,1-1,0.599929,0.037144,0,2-1,2,1,0.562785,1,1,1-1,0.595297,0.034071,0,2-1,2,1,0.561226,1,1,1-1,0.590665,0.026337,0,1-2,1,2,0.564328,1,1,1-1,0.586033,0.016388,0,1-2,1,2,0.569645,1,1,1-1,0.581401,0.006438,0,1-2,1,2,0.574962,1,2,1-2,0.580279,0.003511,1,1-1,1,1,0.576769,1,2,1-2,0.585596,0.01346,1,1-1,1,1,0.572137,1,2,1-2,0.590913,0.017798,1,0-2,0,2,0.573115,1,2,1-2,0.59623,0.017959,1,0-2,0,2,0.578272,1,2,1-2,0.601547,0.018119,1,0-2,0,2,0.583429,1,2,1-2,0.606864,0.018279,1,0-2,0,2,0.588586,1,2,1-2,0.612181,0.018439,1,0-2,0,2,0.593742,1,2,1-2,0.617498,0.018599,1,0-2,0,2,0.598899,1,2,1-2,0.622815,0.018759,1,0-2,0,2,0.604056,1,2,1-2,0.628132,0.018919,1,0-2,0,2,0.609213,1,2,1-2,0.633449,0.01908,1,0-2,0,2,0.61437,1,2,1-2,0.638766,0.01924,1,0-2,0,2,0.619527,1,2,1-2,0.644083,0.0194,1,0-2,0,2,0.624683,1,2,1-2,0.6494,0.01956,1,0-2,0,2,0.62984,1,2,1-2,0.654717,0.01972,1,0-2,0,2,0.634997,1,2,1-2,0.660034,0.01988,1,0-2,0,2,0.640154
2014,2014-07-04T17:00:00-03:00,4,58,Brazil,Colombia,2,1,0.583775,0.24615,0.170075,1.6903,0.7935,0.55189,0.254882,0.193228,0.031885,home,home,False,0.031885,-0.008731,-0.023153,2,0,2-0,0.916486,0.024616,2,1,2-1,0.891871,2,2,0,2-0,0.866755,0.02328,2,2-1,2,1,0.843475,2,0,2-0,0.869259,0.023347,2,2-1,2,1,0.845912,2,0,2-0,0.871762,0.023414,2,2-1,2,1,0.848348,2,0,2-0,0.874266,0.023482,2,2-1,2,1,0.850785,2,0,2-0,0.87677,0.023549,2,2-1,2,1,0.853221,2,0,2-0,0.879274,0.023616,2,2-1,2,1,0.855658,2,0,2-0,0.881778,0.023683,2,2-1,2,1,0.858094,2,0,2-0,0.884281,0.023751,2,2-1,2,1,0.860531,2,0,2-0,0.886785,0.023818,2,2-1,2,1,0.862967,2,0,2-0,0.889289,0.023885,2,2-1,2,1,0.865404,2,0,2-0,0.891793,0.023952,2,2-1,2,1,0.86784,2,0,2-0,0.894296,0.02402,2,2-1,2,1,0.870277,2,0,2-0,0.8968,0.024087,2,2-1,2,1,0.872713,2,0,2-0,0.899304,0.024154,2,2-1,2,1,0.87515,2,0,2-0,0.901808,0.024221,2,2-1,2,1,0.877586,2,0,2-0,0.904311,0.024289,2,2-1,2,1,0.880023,2,0,2-0,0.906815,0.024356,2,2-1,2,1,0.882459,2,0,2-0,0.909319,0.024423,2,2-1,2,1,0.884896,2,0,2-0,0.911823,0.02449,2,2-1,2,1,0.887332,2,0,2-0,0.914327,0.024558,2,2-1,2,1,0.889769,2,0,2-0,0.91683,0.024625,2,2-1,2,1,0.892206
2014,2014-07-05T13:00:00-03:00,4,59,Argentina,Belgium,1,0,0.653772,0.195857,0.150371,2.2343,0.9805,0.48889,0.286313,0.224797,0.164882,home,home,False,0.164882,-0.090456,-0.074426,2,0,2-0,0.951146,0.001958,2,1,2-1,0.949188,1,2,0,2-0,0.71282,0.001467,1,2-1,2,1,0.711353,2,0,2-0,0.724841,0.001492,1,2-1,2,1,0.723349,2,0,2-0,0.736861,0.001517,1,2-1,2,1,0.735344,2,0,2-0,0.748881,0.001541,1,2-1,2,1,0.74734,2,0,2-0,0.760901,0.001566,1,2-1,2,1,0.759335,2,0,2-0,0.772922,0.001591,1,2-1,2,1,0.771331,2,0,2-0,0.784942,0.001616,1,2-1,2,1,0.783326,2,0,2-0,0.796962,0.00164,1,2-1,2,1,0.795322,2,0,2-0,0.808982,0.001665,1,2-1,2,1,0.807317,2,0,2-0,0.821003,0.00169,1,2-1,2,1,0.819313,2,0,2-0,0.833023,0.001715,1,2-1,2,1,0.831308,2,0,2-0,0.845043,0.001739,1,2-1,2,1,0.843304,2,0,2-0,0.857063,0.001764,1,2-1,2,1,0.855299,2,0,2-0,0.869084,0.001789,1,2-1,2,1,0.867295,2,0,2-0,0.881104,0.001814,1,2-1,2,1,0.87929,2,0,2-0,0.893124,0.001838,1,2-1,2,1,0.891286,2,0,2-0,0.905144,0.001863,1,2-1,2,1,0.903281,2,0,2-0,0.917165,0.001888,1,2-1,2,1,0.915277,2,0,2-0,0.929185,0.001912,1,2-1,2,1,0.927272,2,0,2-0,0.941205,0.001937,1,2-1,2,1,0.939268,2,0,2-0,0.953225,0.001962,1,2-1,2,1,0.951263
2014,2014-07-05T17:00:00-03:00,4,60,Netherlands,Costa Rica,0,0,0.699949,0.195401,0.10465,2.0754,0.6643,0.639778,0.229624,0.130597,0.060171,home,home,False,0.060171,-0.034224,-0.025948,2,0,2-0,1.069599,0.046701,2,1,2-1,1.022898,0,2,0,2-0,0.979004,0.042745,0,2-1,2,1,0.936259,2,0,2-0,0.983608,0.042946,0,2-1,2,1,0.940662,2,0,2-0,0.988211,0.043147,0,2-1,2,1,0.945064,2,0,2-0,0.992815,0.043348,0,2-1,2,1,0.949467,2,0,2-0,0.997419,0.043549,0,2-1,2,1,0.95387,2,0,2-0,1.002023,0.04375,0,2-1,2,1,0.958273,2,0,2-0,1.006626,0.043951,0,2-1,2,1,0.962675,2,0,2-0,1.01123,0.044152,0,2-1,2,1,0.967078,2,0,2-0,1.015834,0.044353,0,2-1,2,1,0.971481,2,0,2-0,1.020438,0.044554,0,2-1,2,1,0.975884,2,0,2-0,1.025042,0.044755,0,2-1,2,1,0.980286,2,0,2-0,1.029645,0.044956,0,2-1,2,1,0.984689,2,0,2-0,1.034249,0.045157,0,2-1,2,1,0.989092,2,0,2-0,1.038853,0.045358,0,2-1,2,1,0.993495,2,0,2-0,1.043457,0.045559,0,2-1,2,1,0.997897,2,0,2-0,1.04806,0.04576,0,2-1,2,1,1.0023,2,0,2-0,1.052664,0.045961,0,2-1,2,1,1.006703,2,0,2-0,1.057268,0.046162,0,2-1,2,1,1.011106,2,0,2-0,1.061872,0.046363,0,2-1,2,1,1.015508,2,0,2-0,1.066475,0.046564,0,2-1,2,1,1.019911,2,0,2-0,1.071079,0.046765,0,2-1,2,1,1.024314
2014,2014-07-08T17:00:00-03:00,2,61,Brazil,Germany,1,7,0.588012,0.206255,0.205733,2.208,1.2478,0.366717,0.304193,0.32909,0.221295,home,home,False,0.221295,-0.097938,-0.123357,2,1,2-1,0.855731,0.019067,2,0,2-0,0.836664,0,1,1,1-1,0.569414,0.027002,0,1-2,1,2,0.542412,1,1,1-1,0.560248,0.009324,0,2-1,2,1,0.550924,2,1,2-1,0.56706,0.012635,0,2-0,2,0,0.554425,2,1,2-1,0.583196,0.012995,0,2-0,2,0,0.570202,2,1,2-1,0.599332,0.013354,0,2-0,2,0,0.585978,2,1,2-1,0.615468,0.013714,0,2-0,2,0,0.601754,2,1,2-1,0.631604,0.014073,0,2-0,2,0,0.617531,2,1,2-1,0.64774,0.014433,0,2-0,2,0,0.633307,2,1,2-1,0.663876,0.014792,0,2-0,2,0,0.649083,2,1,2-1,0.680011,0.015152,0,2-0,2,0,0.66486,2,1,2-1,0.696147,0.015511,0,2-0,2,0,0.680636,2,1,2-1,0.712283,0.015871,0,2-0,2,0,0.696412,2,1,2-1,0.728419,0.01623,0,2-0,2,0,0.712189,2,1,2-1,0.744555,0.01659,0,2-0,2,0,0.727965,2,1,2-1,0.760691,0.016949,0,2-0,2,0,0.743742,2,1,2-1,0.776827,0.017309,0,2-0,2,0,0.759518,2,1,2-1,0.792963,0.017668,0,2-0,2,0,0.775294,2,1,2-1,0.809099,0.018028,0,2-0,2,0,0.791071,2,1,2-1,0.825234,0.018388,0,2-0,2,0,0.806847,2,1,2-1,0.84137,0.018747,0,2-0,2,0,0.822623,2,1,2-1,0.857506,0.019107,0,2-0,2,0,0.8384
2014,2014-07-09T17:00:00-03:00,2,62,Netherlands,Argentina,0,0,0.327875,0.264701,0.407425,1.265,1.4381,0.314998,0.299694,0.385308,0.034993,away,away,False,0.012877,-0.034993,0.022116,1,2,1-2,0.651902,0.01836,0,2,0-2,0.633542,0,1,2,1-2,0.616626,0.017367,0,0-2,0,2,0.59926,1,2,1-2,0.618396,0.017416,0,0-2,0,2,0.600979,1,2,1-2,0.620166,0.017466,0,0-2,0,2,0.602699,1,2,1-2,0.621935,0.017516,0,0-2,0,2,0.604419,1,2,1-2,0.623705,0.017566,0,0-2,0,2,0.606139,1,2,1-2,0.625475,0.017616,0,0-2,0,2,0.607859,1,2,1-2,0.627244,0.017666,0,0-2,0,2,0.609579,1,2,1-2,0.629014,0.017715,0,0-2,0,2,0.611299,1,2,1-2,0.630784,0.017765,0,0-2,0,2,0.613018,1,2,1-2,0.632554,0.017815,0,0-2,0,2,0.614738,1,2,1-2,0.634323,0.017865,0,0-2,0,2,0.616458,1,2,1-2,0.636093,0.017915,0,0-2,0,2,0.618178,1,2,1-2,0.637863,0.017965,0,0-2,0,2,0.619898,1,2,1-2,0.639632,0.018015,0,0-2,0,2,0.621618,1,2,1-2,0.641402,0.018064,0,0-2,0,2,0.623338,1,2,1-2,0.643172,0.018114,0,0-2,0,2,0.625058,1,2,1-2,0.644941,0.018164,0,0-2,0,2,0.626777,1,2,1-2,0.646711,0.018214,0,0-2,0,2,0.628497,1,2,1-2,0.648481,0.018264,0,0-2,0,2,0.630217,1,2,1-2,0.650251,0.018314,0,0-2,0,2,0.631937,1,2,1-2,0.65202,0.018363,0,0-2,0,2,0.633657
2014,2014-07-12T17:00:00-03:00,1,63,Brazil,Netherlands,0,3,0.53273,0.246297,0.220974,1.7137,1.0194,0.449257,0.26092,0.289823,0.083473,home,home,False,0.083473,-0.014623,-0.068849,2,1,2-1,0.822621,0.001855,2,0,2-0,0.820766,0,2,1,2-1,0.694017,0.001565,0,2-0,2,0,0.692452,2,1,2-1,0.700465,0.001579,0,2-0,2,0,0.698885,2,1,2-1,0.706912,0.001594,0,2-0,2,0,0.705318,2,1,2-1,0.71336,0.001608,0,2-0,2,0,0.711751,2,1,2-1,0.719807,0.001623,0,2-0,2,0,0.718184,2,1,2-1,0.726255,0.001637,0,2-0,2,0,0.724617,2,1,2-1,0.732702,0.001652,0,2-0,2,0,0.73105,2,1,2-1,0.73915,0.001667,0,2-0,2,0,0.737483,2,1,2-1,0.745597,0.001681,0,2-0,2,0,0.743916,2,1,2-1,0.752044,0.001696,0,2-0,2,0,0.750349,2,1,2-1,0.758492,0.00171,0,2-0,2,0,0.756782,2,1,2-1,0.764939,0.001725,0,2-0,2,0,0.763215,2,1,2-1,0.771387,0.001739,0,2-0,2,0,0.769648,2,1,2-1,0.777834,0.001754,0,2-0,2,0,0.776081,2,1,2-1,0.784282,0.001768,0,2-0,2,0,0.782514,2,1,2-1,0.790729,0.001783,0,2-0,2,0,0.788946,2,1,2-1,0.797177,0.001797,0,2-0,2,0,0.795379,2,1,2-1,0.803624,0.001812,0,2-0,2,0,0.801812,2,1,2-1,0.810072,0.001826,0,2-0,2,0,0.808245,2,1,2-1,0.816519,0.001841,0,2-0,2,0,0.814678,2,1,2-1,0.822967,0.001856,0,2-0,2,0,0.821111
2014,2014-07-13T16:00:00-03:00,0,64,Germany,Argentina,1,0,0.322094,0.230116,0.44779,1.5485,1.8528,0.412064,0.29722,0.290716,0.157075,away,home,True,-0.08997,-0.067105,0.157075,1,2,1-2,0.681782,0.031378,0,2,0-2,0.650404,0,2,1,2-1,0.652838,0.043635,1,2-0,2,0,0.609203,2,1,2-1,0.645711,0.043158,1,2-0,2,0,0.602552,2,1,2-1,0.638584,0.042682,1,2-0,2,0,0.595902,2,1,2-1,0.631457,0.042206,1,2-0,2,0,0.589251,2,1,2-1,0.62433,0.041729,1,2-0,2,0,0.5826,2,1,2-1,0.617203,0.041253,1,2-0,2,0,0.57595,2,1,2-1,0.610076,0.040777,1,2-0,2,0,0.569299,2,1,2-1,0.602949,0.0403,1,2-0,2,0,0.562648,2,1,2-1,0.595822,0.039824,1,2-0,2,0,0.555998,2,1,2-1,0.588695,0.03796,1,1-2,1,2,0.550735,2,1,2-1,0.581568,0.018864,1,1-2,1,2,0.562703,1,2,1-2,0.574672,0.000231,0,2-1,2,1,0.574441,1,2,1-2,0.58664,0.019326,0,2-1,2,1,0.567314,1,2,1-2,0.598608,0.02755,0,0-2,0,2,0.571058,1,2,1-2,0.610576,0.028101,0,0-2,0,2,0.582476,1,2,1-2,0.622545,0.028652,0,0-2,0,2,0.593893,1,2,1-2,0.634513,0.029202,0,0-2,0,2,0.605311,1,2,1-2,0.646481,0.029753,0,0-2,0,2,0.616728,1,2,1-2,0.65845,0.030304,0,0-2,0,2,0.628146,1,2,1-2,0.670418,0.030855,0,0-2,0,2,0.639563,1,2,1-2,0.682386,0.031406,0,0-2,0,2,0.65098
2018,2018-06-14T18:00:00+03:00,G,1,Russia,Saudi Arabia,5,0,0.623911,0.216031,0.160057,2.0689,0.957,0.673015,0.222713,0.104272,0.055785,home,home,False,-0.049103,-0.006682,0.055785,2,0,2-0,0.930088,0.004468,2,1,2-1,0.92562,1,2,0,2-0,1.004657,0.004826,1,2-1,2,1,0.999831,2,0,2-0,1.000992,0.004808,1,2-1,2,1,0.996184,2,0,2-0,0.997327,0.004791,1,2-1,2,1,0.992536,2,0,2-0,0.993662,0.004773,1,2-1,2,1,0.988889,2,0,2-0,0.989997,0.004755,1,2-1,2,1,0.985241,2,0,2-0,0.986332,0.004738,1,2-1,2,1,0.981594,2,0,2-0,0.982667,0.00472,1,2-1,2,1,0.977947,2,0,2-0,0.979002,0.004703,1,2-1,2,1,0.974299,2,0,2-0,0.975337,0.004685,1,2-1,2,1,0.970652,2,0,2-0,0.971672,0.004667,1,2-1,2,1,0.967004,2,0,2-0,0.968007,0.00465,1,2-1,2,1,0.963357,2,0,2-0,0.964342,0.004632,1,2-1,2,1,0.95971,2,0,2-0,0.960677,0.004615,1,2-1,2,1,0.956062,2,0,2-0,0.957012,0.004597,1,2-1,2,1,0.952415,2,0,2-0,0.953347,0.004579,1,2-1,2,1,0.948768,2,0,2-0,0.949682,0.004562,1,2-1,2,1,0.94512,2,0,2-0,0.946017,0.004544,1,2-1,2,1,0.941473,2,0,2-0,0.942352,0.004527,1,2-1,2,1,0.937825,2,0,2-0,0.938687,0.004509,1,2-1,2,1,0.934178,2,0,2-0,0.935022,0.004491,1,2-1,2,1,0.930531,2,0,2-0,0.931357,0.004474,1,2-1,2,1,0.926883
2018,2018-06-15T17:00:00+05:00,G,2,Egypt,Uruguay,0,1,0.224024,0.27583,0.500146,0.922,1.5025,0.110717,0.236131,0.653152,0.153006,away,away,False,0.113307,0.039699,-0.153006,0,2,0-2,0.792029,0.007798,1,2,1-2,0.784231,1,0,2,0-2,1.034513,0.010186,1,1-2,1,2,1.024327,0,2,0-2,1.022395,0.010066,1,1-2,1,2,1.012329,0,2,0-2,1.010278,0.009947,1,1-2,1,2,1.000331,0,2,0-2,0.998161,0.009828,1,1-2,1,2,0.988333,0,2,0-2,0.986044,0.009708,1,1-2,1,2,0.976336,0,2,0-2,0.973927,0.009589,1,1-2,1,2,0.964338,0,2,0-2,0.96181,0.00947,1,1-2,1,2,0.95234,0,2,0-2,0.949692,0.00935,1,1-2,1,2,0.940342,0,2,0-2,0.937575,0.009231,1,1-2,1,2,0.928344,0,2,0-2,0.925458,0.009112,1,1-2,1,2,0.916346,0,2,0-2,0.913341,0.008993,1,1-2,1,2,0.904348,0,2,0-2,0.901224,0.008873,1,1-2,1,2,0.89235,0,2,0-2,0.889107,0.008754,1,1-2,1,2,0.880353,0,2,0-2,0.876989,0.008635,1,1-2,1,2,0.868355,0,2,0-2,0.864872,0.008515,1,1-2,1,2,0.856357,0,2,0-2,0.852755,0.008396,1,1-2,1,2,0.844359,0,2,0-2,0.840638,0.008277,1,1-2,1,2,0.832361,0,2,0-2,0.828521,0.008157,1,1-2,1,2,0.820363,0,2,0-2,0.816404,0.008038,1,1-2,1,2,0.808365,0,2,0-2,0.804286,0.007919,1,1-2,1,2,0.796368,0,2,0-2,0.792169,0.0078,1,1-2,1,2,0.78437
2018,2018-06-15T18:00:00+03:00,G,3,Morocco,Iran,0,1,0.345952,0.35384,0.300208,0.9012,0.819,0.437392,0.328771,0.233837,0.09144,draw,home,True,-0.09144,0.025068,0.066371,0,0,0-0,0.728102,0.075638,1,0,1-0,0.652464,0,1,0,1-0,0.824925,0.128415,0,2-0,2,0,0.69651,1,0,1-0,0.816302,0.127072,0,2-0,2,0,0.68923,1,0,1-0,0.807679,0.12573,0,2-0,2,0,0.681949,1,0,1-0,0.799057,0.114795,0,0-0,0,0,0.684261,1,0,1-0,0.790434,0.103593,0,0-0,0,0,0.686841,1,0,1-0,0.781811,0.092391,0,0-0,0,0,0.68942,1,0,1-0,0.773188,0.081189,0,0-0,0,0,0.691999,1,0,1-0,0.764565,0.069987,0,0-0,0,0,0.694578,1,0,1-0,0.755943,0.058785,0,0-0,0,0,0.697157,1,0,1-0,0.74732,0.047583,0,0-0,0,0,0.699737,1,0,1-0,0.738697,0.036381,0,0-0,0,0,0.702316,1,0,1-0,0.730074,0.025179,0,0-0,0,0,0.704895,1,0,1-0,0.721451,0.013977,0,0-0,0,0,0.707474,1,0,1-0,0.712829,0.002775,0,0-0,0,0,0.710053,0,0,0-0,0.712633,0.008427,0,1-0,1,0,0.704206,0,0,0-0,0.715212,0.019629,0,1-0,1,0,0.695583,0,0,0-0,0.717791,0.030831,0,1-0,1,0,0.68696,0,0,0-0,0.72037,0.042033,0,1-0,1,0,0.678338,0,0,0-0,0.722949,0.053235,0,1-0,1,0,0.669715,0,0,0-0,0.725528,0.064437,0,1-0,1,0,0.661092,0,0,0-0,0.728108,0.075638,0,1-0,1,0,0.652469
2018,2018-06-15T21:00:00+03:00,G,4,Portugal,Spain,3,3,0.235326,0.273403,0.491271,0.9751,1.5188,0.222805,0.296395,0.4808,0.022992,away,away,False,0.012521,-0.022992,0.010471,0,2,0-2,0.774559,0.002369,1,2,1-2,0.772189,0,0,2,0-2,0.758196,0.002319,0,1-2,1,2,0.755877,0,2,0-2,0.759021,0.002322,0,1-2,1,2,0.7567,0,2,0-2,0.759847,0.002324,0,1-2,1,2,0.757523,0,2,0-2,0.760673,0.002327,0,1-2,1,2,0.758346,0,2,0-2,0.761498,0.002329,0,1-2,1,2,0.759169,0,2,0-2,0.762324,0.002332,0,1-2,1,2,0.759992,0,2,0-2,0.763149,0.002334,0,1-2,1,2,0.760815,0,2,0-2,0.763975,0.002337,0,1-2,1,2,0.761638,0,2,0-2,0.764801,0.002339,0,1-2,1,2,0.762461,0,2,0-2,0.765626,0.002342,0,1-2,1,2,0.763284,0,2,0-2,0.766452,0.002344,0,1-2,1,2,0.764107,0,2,0-2,0.767277,0.002347,0,1-2,1,2,0.764931,0,2,0-2,0.768103,0.002349,0,1-2,1,2,0.765754,0,2,0-2,0.768929,0.002352,0,1-2,1,2,0.766577,0,2,0-2,0.769754,0.002354,0,1-2,1,2,0.7674,0,2,0-2,0.77058,0.002357,0,1-2,1,2,0.768223,0,2,0-2,0.771405,0.00236,0,1-2,1,2,0.769046,0,2,0-2,0.772231,0.002362,0,1-2,1,2,0.769869,0,2,0-2,0.773057,0.002365,0,1-2,1,2,0.770692,0,2,0-2,0.773882,0.002367,0,1-2,1,2,0.771515,0,2,0-2,0.774708,0.00237,0,1-2,1,2,0.772338
2018,2018-06-16T13:00:00+03:00,G,5,France,Australia,2,1,0.662803,0.206528,0.130669,2.109,0.8294,0.779865,0.134193,0.085943,0.117062,home,home,False,-0.117062,0.072335,0.044727,2,0,2-0,0.994977,0.020091,2,1,2-1,0.974886,2,2,0,2-0,1.172498,0.023675,2,2-1,2,1,1.148823,2,0,2-0,1.163698,0.023497,2,2-1,2,1,1.140201,2,0,2-0,1.154898,0.02332,2,2-1,2,1,1.131579,2,0,2-0,1.146099,0.023142,2,2-1,2,1,1.122957,2,0,2-0,1.137299,0.022964,2,2-1,2,1,1.114334,2,0,2-0,1.128499,0.022787,2,2-1,2,1,1.105712,2,0,2-0,1.119699,0.022609,2,2-1,2,1,1.09709,2,0,2-0,1.110899,0.022431,2,2-1,2,1,1.088468,2,0,2-0,1.102099,0.022254,2,2-1,2,1,1.079845,2,0,2-0,1.093299,0.022076,2,2-1,2,1,1.071223,2,0,2-0,1.084499,0.021898,2,2-1,2,1,1.062601,2,0,2-0,1.075699,0.021721,2,2-1,2,1,1.053979,2,0,2-0,1.066899,0.021543,2,2-1,2,1,1.045357,2,0,2-0,1.0581,0.021365,2,2-1,2,1,1.036734,2,0,2-0,1.0493,0.021187,2,2-1,2,1,1.028112,2,0,2-0,1.0405,0.02101,2,2-1,2,1,1.01949,2,0,2-0,1.0317,0.020832,2,2-1,2,1,1.010868,2,0,2-0,1.0229,0.020654,2,2-1,2,1,1.002246,2,0,2-0,1.0141,0.020477,2,2-1,2,1,0.993623,2,0,2-0,1.0053,0.020299,2,2-1,2,1,0.985001,2,0,2-0,0.9965,0.020121,2,2-1,2,1,0.976379
2018,2018-06-16T16:00:00+03:00,G,6,Argentina,Iceland,1,1,0.774345,0.147879,0.077777,2.6859,0.7633,0.73852,0.179167,0.082312,0.035824,home,home,False,0.035824,-0.031289,-0.004536,2,0,2-0,1.086047,0.003269,3,0,3-0,1.082778,0,2,0,2-0,1.042504,0.003138,0,3-0,3,0,1.039366,2,0,2-0,1.045033,0.003145,0,3-0,3,0,1.041887,2,0,2-0,1.047561,0.003153,0,3-0,3,0,1.044408,2,0,2-0,1.05009,0.003161,0,3-0,3,0,1.046929,2,0,2-0,1.052618,0.003168,0,3-0,3,0,1.04945,2,0,2-0,1.055147,0.003176,0,3-0,3,0,1.051971,2,0,2-0,1.057675,0.003184,0,3-0,3,0,1.054492,2,0,2-0,1.060204,0.003191,0,3-0,3,0,1.057012,2,0,2-0,1.062732,0.003199,0,3-0,3,0,1.059533,2,0,2-0,1.065261,0.003206,0,3-0,3,0,1.062054,2,0,2-0,1.067789,0.003214,0,3-0,3,0,1.064575,2,0,2-0,1.070318,0.003222,0,3-0,3,0,1.067096,2,0,2-0,1.072846,0.003229,0,3-0,3,0,1.069617,2,0,2-0,1.075375,0.003237,0,3-0,3,0,1.072138,2,0,2-0,1.077903,0.003244,0,3-0,3,0,1.074659,2,0,2-0,1.080431,0.003252,0,3-0,3,0,1.077179,2,0,2-0,1.08296,0.00326,0,3-0,3,0,1.0797,2,0,2-0,1.085488,0.003267,0,3-0,3,0,1.082221,2,0,2-0,1.088017,0.003275,0,3-0,3,0,1.084742,2,0,2-0,1.090545,0.003282,0,3-0,3,0,1.087263,2,0,2-0,1.093074,0.00329,0,3-0,3,0,1.089784
2018,2018-06-16T19:00:00+03:00,G,7,Peru,Denmark,0,1,0.387224,0.303835,0.308942,1.1951,1.0384,0.262817,0.314335,0.422848,0.124407,home,away,True,0.124407,-0.0105,-0.113907,1,0,1-0,0.62703,0.004382,2,1,2-1,0.622649,0,0,1,0-1,0.705145,0.014222,3,1-2,1,2,0.690924,0,1,0-1,0.695648,0.01403,3,1-2,1,2,0.681618,0,1,0-1,0.68615,0.013838,3,1-2,1,2,0.672312,0,1,0-1,0.676652,0.013647,3,1-2,1,2,0.663006,0,1,0-1,0.667155,0.013455,3,1-2,1,2,0.653699,0,1,0-1,0.657657,0.013264,3,1-2,1,2,0.644393,0,1,0-1,0.64816,0.013072,3,1-2,1,2,0.635087,0,1,0-1,0.638662,0.012881,3,1-2,1,2,0.625781,0,1,0-1,0.629164,0.012689,3,1-2,1,2,0.616475,0,1,0-1,0.619667,0.012498,3,1-2,1,2,0.607169,0,1,0-1,0.610169,0.012306,3,1-2,1,2,0.597863,0,1,0-1,0.600672,0.005472,3,1-1,1,1,0.5952,1,1,1-1,0.594187,0.003013,0,0-1,0,1,0.591174,1,1,1-1,0.593174,0.011498,0,0-1,0,1,0.581677,1,1,1-1,0.592162,0.019983,0,0-1,0,1,0.572179,1,1,1-1,0.591149,0.014453,0,1-0,1,0,0.576696,1,1,1-1,0.590136,0.003367,0,1-0,1,0,0.586769,1,0,1-0,0.596842,0.004171,0,2-1,2,1,0.592671,1,0,1-0,0.606915,0.004241,0,2-1,2,1,0.602674,1,0,1-0,0.616988,0.004312,0,2-1,2,1,0.612677,1,0,1-0,0.627061,0.004382,0,2-1,2,1,0.622679
2018,2018-06-16T21:00:00+02:00,G,8,Croatia,Nigeria,2,0,0.482688,0.294912,0.2224,1.3541,0.8317,0.584103,0.257093,0.158805,0.101415,home,home,False,-0.101415,0.037819,0.063596,2,0,2-0,0.774413,0.002902,1,0,1-0,0.771511,3,2,0,2-0,0.937203,0.003512,3,1-0,1,0,0.933691,2,0,2-0,0.929067,0.003481,3,1-0,1,0,0.925585,2,0,2-0,0.920931,0.003451,3,1-0,1,0,0.91748,2,0,2-0,0.912795,0.003421,3,1-0,1,0,0.909374,2,0,2-0,0.904659,0.00339,3,1-0,1,0,0.901269,2,0,2-0,0.896523,0.00336,3,1-0,1,0,0.893163,2,0,2-0,0.888386,0.003329,3,1-0,1,0,0.885057,2,0,2-0,0.88025,0.003299,3,1-0,1,0,0.876952,2,0,2-0,0.872114,0.003268,3,1-0,1,0,0.868846,2,0,2-0,0.863978,0.003238,3,1-0,1,0,0.860741,2,0,2-0,0.855842,0.003207,3,1-0,1,0,0.852635,2,0,2-0,0.847706,0.003177,3,1-0,1,0,0.844529,2,0,2-0,0.83957,0.003146,3,1-0,1,0,0.836424,2,0,2-0,0.831434,0.003116,3,1-0,1,0,0.828318,2,0,2-0,0.823298,0.003085,3,1-0,1,0,0.820212,2,0,2-0,0.815161,0.003055,3,1-0,1,0,0.812107,2,0,2-0,0.807025,0.003024,3,1-0,1,0,0.804001,2,0,2-0,0.798889,0.002994,3,1-0,1,0,0.795896,2,0,2-0,0.790753,0.002963,3,1-0,1,0,0.78779,2,0,2-0,0.782617,0.002933,3,1-0,1,0,0.779684,2,0,2-0,0.774481,0.002902,3,1-0,1,0,0.771579
2018,2018-06-17T16:00:00+04:00,G,9,Costa Rica,Serbia,0,1,0.256246,0.273967,0.469787,1.0451,1.501,0.18118,0.285546,0.533275,0.075066,away,away,False,0.075066,-0.011579,-0.063487,1,2,1-2,0.742574,0.003984,0,2,0-2,0.73859,1,1,2,1-2,0.843082,0.004524,1,0-2,0,2,0.838558,1,2,1-2,0.838063,0.004497,1,0-2,0,2,0.833566,1,2,1-2,0.833045,0.00447,1,0-2,0,2,0.828575,1,2,1-2,0.828026,0.004443,1,0-2,0,2,0.823583,1,2,1-2,0.823007,0.004416,1,0-2,0,2,0.818592,1,2,1-2,0.817989,0.004389,1,0-2,0,2,0.8136,1,2,1-2,0.81297,0.004362,1,0-2,0,2,0.808608,1,2,1-2,0.807952,0.004335,1,0-2,0,2,0.803617,1,2,1-2,0.802933,0.004308,1,0-2,0,2,0.798625,1,2,1-2,0.797915,0.004281,1,0-2,0,2,0.793634,1,2,1-2,0.792896,0.004254,1,0-2,0,2,0.788642,1,2,1-2,0.787878,0.004227,1,0-2,0,2,0.78365,1,2,1-2,0.782859,0.0042,1,0-2,0,2,0.778659,1,2,1-2,0.777841,0.004174,1,0-2,0,2,0.773667,1,2,1-2,0.772822,0.004147,1,0-2,0,2,0.768676,1,2,1-2,0.767804,0.00412,1,0-2,0,2,0.763684,1,2,1-2,0.762785,0.004093,1,0-2,0,2,0.758692,1,2,1-2,0.757767,0.004066,1,0-2,0,2,0.753701,1,2,1-2,0.752748,0.004039,1,0-2,0,2,0.748709,1,2,1-2,0.74773,0.004012,1,0-2,0,2,0.743718,1,2,1-2,0.742711,0.003985,1,0-2,0,2,0.738726
2018,2018-06-17T18:00:00+03:00,G,10,Germany,Mexico,0,1,0.640687,0.202858,0.156454,2.2341,1.0258,0.659852,0.211022,0.129126,0.027328,home,home,False,-0.019165,-0.008164,0.027328,2,1,2-1,0.93167,0.002469,2,0,2-0,0.929201,0,2,1,2-1,0.961639,0.002549,0,2-0,2,0,0.95909,2,1,2-1,0.960242,0.002545,0,2-0,2,0,0.957697,2,1,2-1,0.958846,0.002541,0,2-0,2,0,0.956304,2,1,2-1,0.957449,0.002537,0,2-0,2,0,0.954912,2,1,2-1,0.956053,0.002534,0,2-0,2,0,0.953519,2,1,2-1,0.954656,0.00253,0,2-0,2,0,0.952126,2,1,2-1,0.95326,0.002526,0,2-0,2,0,0.950733,2,1,2-1,0.951863,0.002523,0,2-0,2,0,0.94934,2,1,2-1,0.950467,0.002519,0,2-0,2,0,0.947948,2,1,2-1,0.94907,0.002515,0,2-0,2,0,0.946555,2,1,2-1,0.947674,0.002512,0,2-0,2,0,0.945162,2,1,2-1,0.946277,0.002508,0,2-0,2,0,0.943769,2,1,2-1,0.944881,0.002504,0,2-0,2,0,0.942377,2,1,2-1,0.943484,0.0025,0,2-0,2,0,0.940984,2,1,2-1,0.942088,0.002497,0,2-0,2,0,0.939591,2,1,2-1,0.940691,0.002493,0,2-0,2,0,0.938198,2,1,2-1,0.939295,0.002489,0,2-0,2,0,0.936805,2,1,2-1,0.937898,0.002486,0,2-0,2,0,0.935413,2,1,2-1,0.936502,0.002482,0,2-0,2,0,0.93402,2,1,2-1,0.935105,0.002478,0,2-0,2,0,0.932627,2,1,2-1,0.933709,0.002475,0,2-0,2,0,0.931234
2018,2018-06-17T21:00:00+03:00,G,11,Brazil,Switzerland,1,1,0.643735,0.220985,0.135279,1.9545,0.7796,0.667558,0.218957,0.113485,0.023823,home,home,False,-0.023823,0.002028,0.021794,2,0,2-0,0.987971,0.027348,2,1,2-1,0.960624,0,2,0,2-0,1.025508,0.028387,0,2-1,2,1,0.997121,2,0,2-0,1.023678,0.028336,0,2-1,2,1,0.995342,2,0,2-0,1.021848,0.028286,0,2-1,2,1,0.993563,2,0,2-0,1.020019,0.028235,0,2-1,2,1,0.991784,2,0,2-0,1.018189,0.028184,0,2-1,2,1,0.990004,2,0,2-0,1.016359,0.028134,0,2-1,2,1,0.988225,2,0,2-0,1.014529,0.028083,0,2-1,2,1,0.986446,2,0,2-0,1.012699,0.028032,0,2-1,2,1,0.984667,2,0,2-0,1.010869,0.027982,0,2-1,2,1,0.982888,2,0,2-0,1.00904,0.027931,0,2-1,2,1,0.981109,2,0,2-0,1.00721,0.02788,0,2-1,2,1,0.979329,2,0,2-0,1.00538,0.02783,0,2-1,2,1,0.97755,2,0,2-0,1.00355,0.027779,0,2-1,2,1,0.975771,2,0,2-0,1.00172,0.027728,0,2-1,2,1,0.973992,2,0,2-0,0.99989,0.027678,0,2-1,2,1,0.972213,2,0,2-0,0.998061,0.027627,0,2-1,2,1,0.970434,2,0,2-0,0.996231,0.027576,0,2-1,2,1,0.968654,2,0,2-0,0.994401,0.027526,0,2-1,2,1,0.966875,2,0,2-0,0.992571,0.027475,0,2-1,2,1,0.965096,2,0,2-0,0.990741,0.027425,0,2-1,2,1,0.963317,2,0,2-0,0.988912,0.027374,0,2-1,2,1,0.961538
2018,2018-06-18T15:00:00+03:00,G,12,Sweden,South Korea,1,0,0.553575,0.252794,0.193631,1.7085,0.9159,0.430324,0.319528,0.250148,0.123251,home,home,False,0.123251,-0.066734,-0.056517,2,0,2-0,0.861817,0.008897,2,1,2-1,0.85292,1,2,0,2-0,0.670209,0.006919,1,2-1,2,1,0.66329,2,0,2-0,0.679807,0.007018,1,2-1,2,1,0.672789,2,0,2-0,0.689405,0.007117,1,2-1,2,1,0.682288,2,0,2-0,0.699003,0.007216,1,2-1,2,1,0.691787,2,0,2-0,0.708601,0.007315,1,2-1,2,1,0.701285,2,0,2-0,0.718198,0.007414,1,2-1,2,1,0.710784,2,0,2-0,0.727796,0.007513,1,2-1,2,1,0.720283,2,0,2-0,0.737394,0.007612,1,2-1,2,1,0.729782,2,0,2-0,0.746992,0.007711,1,2-1,2,1,0.739281,2,0,2-0,0.75659,0.00781,1,2-1,2,1,0.74878,2,0,2-0,0.766188,0.00791,1,2-1,2,1,0.758278,2,0,2-0,0.775786,0.008009,1,2-1,2,1,0.767777,2,0,2-0,0.785384,0.008108,1,2-1,2,1,0.777276,2,0,2-0,0.794982,0.008207,1,2-1,2,1,0.786775,2,0,2-0,0.80458,0.008306,1,2-1,2,1,0.796274,2,0,2-0,0.814178,0.008405,1,2-1,2,1,0.805773,2,0,2-0,0.823775,0.008504,1,2-1,2,1,0.815271,2,0,2-0,0.833373,0.008603,1,2-1,2,1,0.82477,2,0,2-0,0.842971,0.008702,1,2-1,2,1,0.834269,2,0,2-0,0.852569,0.008801,1,2-1,2,1,0.843768,2,0,2-0,0.862167,0.0089,1,2-1,2,1,0.853267
2018,2018-06-18T18:00:00+03:00,G,13,Belgium,Panama,3,0,0.724463,0.178872,0.096665,2.3268,0.7388,0.81347,0.138112,0.048418,0.089007,home,home,False,-0.089007,0.04076,0.048247,2,0,2-0,1.068142,0.032975,2,1,2-1,1.035168,1,2,0,2-0,1.202713,0.037129,1,2-1,2,1,1.165584,2,0,2-0,1.196133,0.036926,1,2-1,2,1,1.159207,2,0,2-0,1.189553,0.036723,1,2-1,2,1,1.15283,2,0,2-0,1.182973,0.03652,1,2-1,2,1,1.146453,2,0,2-0,1.176393,0.036317,1,2-1,2,1,1.140077,2,0,2-0,1.169813,0.036113,1,2-1,2,1,1.1337,2,0,2-0,1.163234,0.03591,1,2-1,2,1,1.127323,2,0,2-0,1.156654,0.035707,1,2-1,2,1,1.120947,2,0,2-0,1.150074,0.035504,1,2-1,2,1,1.11457,2,0,2-0,1.143494,0.035301,1,2-1,2,1,1.108193,2,0,2-0,1.136914,0.035098,1,2-1,2,1,1.101817,2,0,2-0,1.130335,0.034895,1,2-1,2,1,1.09544,2,0,2-0,1.123755,0.034692,1,2-1,2,1,1.089063,2,0,2-0,1.117175,0.034488,1,2-1,2,1,1.082687,2,0,2-0,1.110595,0.034285,1,2-1,2,1,1.07631,2,0,2-0,1.104015,0.034082,1,2-1,2,1,1.069933,2,0,2-0,1.097435,0.033879,1,2-1,2,1,1.063556,2,0,2-0,1.090856,0.033676,1,2-1,2,1,1.05718,2,0,2-0,1.084276,0.033473,1,2-1,2,1,1.050803,2,0,2-0,1.077696,0.03327,1,2-1,2,1,1.044426,2,0,2-0,1.071116,0.033067,1,2-1,2,1,1.03805
2018,2018-06-18T21:00:00+03:00,G,14,Tunisia,England,1,2,0.140273,0.247806,0.611921,0.6864,1.7028,0.109432,0.227876,0.662692,0.050771,away,away,False,0.030841,0.01993,-0.050771,0,2,0-2,0.968826,0.041687,1,2,1-2,0.927139,2,0,2,0-2,1.049621,0.045164,2,1-2,1,2,1.004458,0,2,0-2,1.045601,0.044991,2,1-2,1,2,1.00061,0,2,0-2,1.04158,0.044818,2,1-2,1,2,0.996762,0,2,0-2,1.037559,0.044645,2,1-2,1,2,0.992914,0,2,0-2,1.033538,0.044472,2,1-2,1,2,0.989067,0,2,0-2,1.029518,0.044299,2,1-2,1,2,0.985219,0,2,0-2,1.025497,0.044126,2,1-2,1,2,0.981371,0,2,0-2,1.021476,0.043953,2,1-2,1,2,0.977524,0,2,0-2,1.017456,0.04378,2,1-2,1,2,0.973676,0,2,0-2,1.013435,0.043607,2,1-2,1,2,0.969828,0,2,0-2,1.009414,0.043434,2,1-2,1,2,0.965981,0,2,0-2,1.005393,0.043261,2,1-2,1,2,0.962133,0,2,0-2,1.001373,0.043088,2,1-2,1,2,0.958285,0,2,0-2,0.997352,0.042915,2,1-2,1,2,0.954437,0,2,0-2,0.993331,0.042742,2,1-2,1,2,0.95059,0,2,0-2,0.989311,0.042569,2,1-2,1,2,0.946742,0,2,0-2,0.98529,0.042396,2,1-2,1,2,0.942894,0,2,0-2,0.981269,0.042223,2,1-2,1,2,0.939047,0,2,0-2,0.977248,0.04205,2,1-2,1,2,0.935199,0,2,0-2,0.973228,0.041877,2,1-2,1,2,0.931351,0,2,0-2,0.969207,0.041704,2,1-2,1,2,0.927503
2018,2018-06-19T15:00:00+03:00,G,15,Colombia,Japan,1,2,0.608392,0.242691,0.148916,1.7616,0.7514,0.520915,0.290053,0.189032,0.087477,home,home,False,0.087477,-0.047361,-0.040116,2,0,2-0,0.954007,0.031259,2,1,2-1,0.922748,0,2,0,2-0,0.817236,0.026778,0,2-1,2,1,0.790458,2,0,2-0,0.824098,0.027002,0,2-1,2,1,0.797095,2,0,2-0,0.83096,0.027227,0,2-1,2,1,0.803732,2,0,2-0,0.837822,0.027452,0,2-1,2,1,0.81037,2,0,2-0,0.844684,0.027677,0,2-1,2,1,0.817007,2,0,2-0,0.851545,0.027902,0,2-1,2,1,0.823644,2,0,2-0,0.858407,0.028127,0,2-1,2,1,0.830281,2,0,2-0,0.865269,0.028351,0,2-1,2,1,0.836918,2,0,2-0,0.872131,0.028576,0,2-1,2,1,0.843555,2,0,2-0,0.878993,0.028801,0,2-1,2,1,0.850192,2,0,2-0,0.885855,0.029026,0,2-1,2,1,0.856829,2,0,2-0,0.892717,0.029251,0,2-1,2,1,0.863466,2,0,2-0,0.899579,0.029476,0,2-1,2,1,0.870103,2,0,2-0,0.906441,0.0297,0,2-1,2,1,0.876741,2,0,2-0,0.913303,0.029925,0,2-1,2,1,0.883378,2,0,2-0,0.920165,0.03015,0,2-1,2,1,0.890015,2,0,2-0,0.927027,0.030375,0,2-1,2,1,0.896652,2,0,2-0,0.933889,0.0306,0,2-1,2,1,0.903289,2,0,2-0,0.940751,0.030825,0,2-1,2,1,0.909926,2,0,2-0,0.947613,0.03105,0,2-1,2,1,0.916563,2,0,2-0,0.954475,0.031274,0,2-1,2,1,0.9232
2018,2018-06-19T18:00:00+03:00,G,16,Poland,Senegal,1,2,0.379967,0.290058,0.329975,1.2668,1.1631,0.392724,0.315809,0.291466,0.038509,home,home,False,-0.012758,-0.025751,0.038509,2,1,2-1,0.614921,0.011523,2,0,2-0,0.603398,0,2,1,2-1,0.635621,0.011911,0,2-0,2,0,0.623709,2,1,2-1,0.634588,0.011892,0,2-0,2,0,0.622696,2,1,2-1,0.633556,0.011873,0,2-0,2,0,0.621683,2,1,2-1,0.632524,0.011853,0,2-0,2,0,0.62067,2,1,2-1,0.631491,0.011834,0,2-0,2,0,0.619657,2,1,2-1,0.630459,0.011815,0,2-0,2,0,0.618644,2,1,2-1,0.629426,0.011795,0,2-0,2,0,0.617631,2,1,2-1,0.628394,0.011776,0,2-0,2,0,0.616618,2,1,2-1,0.627361,0.011757,0,2-0,2,0,0.615605,2,1,2-1,0.626329,0.011737,0,2-0,2,0,0.614592,2,1,2-1,0.625297,0.011718,0,2-0,2,0,0.613579,2,1,2-1,0.624264,0.011699,0,2-0,2,0,0.612566,2,1,2-1,0.623232,0.011679,0,2-0,2,0,0.611553,2,1,2-1,0.622199,0.01166,0,2-0,2,0,0.61054,2,1,2-1,0.621167,0.01164,0,2-0,2,0,0.609527,2,1,2-1,0.620135,0.011621,0,2-0,2,0,0.608513,2,1,2-1,0.619102,0.011602,0,2-0,2,0,0.6075,2,1,2-1,0.61807,0.011582,0,2-0,2,0,0.606487,2,1,2-1,0.617037,0.011563,0,2-0,2,0,0.605474,2,1,2-1,0.616005,0.011544,0,2-0,2,0,0.604461,2,1,2-1,0.614972,0.011524,0,2-0,2,0,0.603448
2018,2018-06-19T21:00:00+03:00,G,17,Russia,Egypt,3,1,0.339464,0.308705,0.351831,1.0817,1.1062,0.499635,0.275897,0.224468,0.160171,away,home,True,-0.160171,0.032808,0.127364,1,1,1-1,0.593527,0.010012,0,1,0-1,0.583516,0,1,0,1-0,0.832576,0.022709,1,2-1,2,1,0.809867,1,0,1-0,0.819231,0.022345,1,2-1,2,1,0.796886,1,0,1-0,0.805886,0.021981,1,2-1,2,1,0.783905,1,0,1-0,0.79254,0.021617,1,2-1,2,1,0.770924,1,0,1-0,0.779195,0.021253,1,2-1,2,1,0.757943,1,0,1-0,0.76585,0.020889,1,2-1,2,1,0.744961,1,0,1-0,0.752505,0.020525,1,2-1,2,1,0.73198,1,0,1-0,0.73916,0.020161,1,2-1,2,1,0.718999,1,0,1-0,0.725814,0.019797,1,2-1,2,1,0.706018,1,0,1-0,0.712469,0.019433,1,2-1,2,1,0.693037,1,0,1-0,0.699124,0.019069,1,2-1,2,1,0.680055,1,0,1-0,0.685779,0.018705,1,2-1,2,1,0.667074,1,0,1-0,0.672434,0.018341,1,2-1,2,1,0.654093,1,0,1-0,0.659088,0.017977,1,2-1,2,1,0.641112,1,0,1-0,0.645743,0.017613,1,2-1,2,1,0.62813,1,0,1-0,0.632398,0.017249,1,2-1,2,1,0.615149,1,0,1-0,0.619053,0.016885,1,2-1,2,1,0.602168,1,0,1-0,0.605708,0.016521,1,2-1,2,1,0.589187,1,0,1-0,0.592362,0.00512,1,1-1,1,1,0.587242,1,1,1-1,0.590396,0.011379,0,1-0,1,0,0.579017,1,1,1-1,0.59355,0.010012,0,0-1,0,1,0.583538
2018,2018-06-20T15:00:00+03:00,G,18,Portugal,Morocco,1,0,0.489331,0.299584,0.211086,1.3267,0.7763,0.577117,0.263545,0.159338,0.087787,home,home,False,-0.087787,0.036039,0.051748,1,0,1-0,0.79784,0.010243,2,0,2-0,0.787597,3,1,0,1-0,0.941045,0.012082,3,2-0,2,0,0.928963,1,0,1-0,0.933888,0.01199,3,2-0,2,0,0.921898,1,0,1-0,0.926731,0.011898,3,2-0,2,0,0.914833,1,0,1-0,0.919573,0.011806,3,2-0,2,0,0.907767,1,0,1-0,0.912416,0.011714,3,2-0,2,0,0.900702,1,0,1-0,0.905259,0.011622,3,2-0,2,0,0.893636,1,0,1-0,0.898102,0.01153,3,2-0,2,0,0.886571,1,0,1-0,0.890944,0.011439,3,2-0,2,0,0.879506,1,0,1-0,0.883787,0.011347,3,2-0,2,0,0.87244,1,0,1-0,0.87663,0.011255,3,2-0,2,0,0.865375,1,0,1-0,0.869473,0.011163,3,2-0,2,0,0.85831,1,0,1-0,0.862315,0.011071,3,2-0,2,0,0.851244,1,0,1-0,0.855158,0.010979,3,2-0,2,0,0.844179,1,0,1-0,0.848001,0.010887,3,2-0,2,0,0.837114,1,0,1-0,0.840844,0.010795,3,2-0,2,0,0.830048,1,0,1-0,0.833686,0.010703,3,2-0,2,0,0.822983,1,0,1-0,0.826529,0.010612,3,2-0,2,0,0.815918,1,0,1-0,0.819372,0.01052,3,2-0,2,0,0.808852,1,0,1-0,0.812215,0.010428,3,2-0,2,0,0.801787,1,0,1-0,0.805058,0.010336,3,2-0,2,0,0.794722,1,0,1-0,0.7979,0.010244,3,2-0,2,0,0.787656
2018,2018-06-20T18:00:00+03:00,G,19,Uruguay,Saudi Arabia,1,0,0.792293,0.135432,0.072275,2.8738,0.7976,0.807038,0.142922,0.05004,0.022235,home,home,False,-0.014745,-0.00749,0.022235,3,0,3-0,1.098391,0.019652,2,0,2-0,1.078739,1,3,0,3-0,1.129453,0.020207,1,2-0,2,0,1.109245,3,0,3-0,1.128421,0.020189,1,2-0,2,0,1.108232,3,0,3-0,1.127389,0.02017,1,2-0,2,0,1.107219,3,0,3-0,1.126357,0.020152,1,2-0,2,0,1.106205,3,0,3-0,1.125325,0.020134,1,2-0,2,0,1.105192,3,0,3-0,1.124294,0.020115,1,2-0,2,0,1.104179,3,0,3-0,1.123262,0.020097,1,2-0,2,0,1.103165,3,0,3-0,1.12223,0.020078,1,2-0,2,0,1.102152,3,0,3-0,1.121198,0.02006,1,2-0,2,0,1.101139,3,0,3-0,1.120167,0.020041,1,2-0,2,0,1.100125,3,0,3-0,1.119135,0.020023,1,2-0,2,0,1.099112,3,0,3-0,1.118103,0.020004,1,2-0,2,0,1.098099,3,0,3-0,1.117071,0.019986,1,2-0,2,0,1.097085,3,0,3-0,1.11604,0.019967,1,2-0,2,0,1.096072,3,0,3-0,1.115008,0.019949,1,2-0,2,0,1.095059,3,0,3-0,1.113976,0.01993,1,2-0,2,0,1.094046,3,0,3-0,1.112944,0.019912,1,2-0,2,0,1.093032,3,0,3-0,1.111913,0.019894,1,2-0,2,0,1.092019,3,0,3-0,1.110881,0.019875,1,2-0,2,0,1.091006,3,0,3-0,1.109849,0.019857,1,2-0,2,0,1.089992,3,0,3-0,1.108817,0.019838,1,2-0,2,0,1.088979
2018,2018-06-20T21:00:00+03:00,G,20,Iran,Spain,0,1,0.115348,0.235769,0.648883,0.6019,1.7631,0.045705,0.139826,0.81447,0.165587,away,away,False,0.069644,0.095943,-0.165587,0,2,0-2,1.028489,0.058125,1,2,1-2,0.970364,1,0,2,0-2,1.291581,0.072993,1,1-2,1,2,1.218588,0,2,0-2,1.278452,0.072251,1,1-2,1,2,1.2062,0,2,0-2,1.265322,0.071509,1,1-2,1,2,1.193813,0,2,0-2,1.252193,0.070767,1,1-2,1,2,1.181426,0,2,0-2,1.239064,0.070025,1,1-2,1,2,1.169038,0,2,0-2,1.225934,0.069283,1,1-2,1,2,1.156651,0,2,0-2,1.212805,0.068541,1,1-2,1,2,1.144264,0,2,0-2,1.199676,0.067799,1,1-2,1,2,1.131876,0,2,0-2,1.186547,0.067057,1,1-2,1,2,1.119489,0,2,0-2,1.173417,0.066315,1,1-2,1,2,1.107102,0,2,0-2,1.160288,0.065573,1,1-2,1,2,1.094714,0,2,0-2,1.147159,0.064831,1,1-2,1,2,1.082327,0,2,0-2,1.134029,0.064089,1,1-2,1,2,1.06994,0,2,0-2,1.1209,0.063347,1,1-2,1,2,1.057553,0,2,0-2,1.107771,0.062605,1,1-2,1,2,1.045165,0,2,0-2,1.094641,0.061863,1,1-2,1,2,1.032778,0,2,0-2,1.081512,0.061121,1,1-2,1,2,1.020391,0,2,0-2,1.068383,0.060379,1,1-2,1,2,1.008003,0,2,0-2,1.055253,0.059637,1,1-2,1,2,0.995616,0,2,0-2,1.042124,0.058895,1,1-2,1,2,0.983229,0,2,0-2,1.028995,0.058153,1,1-2,1,2,0.970841
2018,2018-06-21T16:00:00+04:00,G,21,Denmark,Australia,1,1,0.504262,0.260042,0.235696,1.6419,1.0509,0.509637,0.282868,0.207495,0.028201,home,home,False,-0.005375,-0.022826,0.028201,2,1,2-1,0.787116,0.004642,2,0,2-0,0.782474,0,2,1,2-1,0.795763,0.004693,0,2-0,2,0,0.791071,2,1,2-1,0.795344,0.00469,0,2-0,2,0,0.790653,2,1,2-1,0.794924,0.004688,0,2-0,2,0,0.790236,2,1,2-1,0.794504,0.004685,0,2-0,2,0,0.789819,2,1,2-1,0.794085,0.004683,0,2-0,2,0,0.789402,2,1,2-1,0.793665,0.00468,0,2-0,2,0,0.788985,2,1,2-1,0.793245,0.004678,0,2-0,2,0,0.788568,2,1,2-1,0.792826,0.004675,0,2-0,2,0,0.78815,2,1,2-1,0.792406,0.004673,0,2-0,2,0,0.787733,2,1,2-1,0.791986,0.004671,0,2-0,2,0,0.787316,2,1,2-1,0.791567,0.004668,0,2-0,2,0,0.786899,2,1,2-1,0.791147,0.004666,0,2-0,2,0,0.786482,2,1,2-1,0.790728,0.004663,0,2-0,2,0,0.786064,2,1,2-1,0.790308,0.004661,0,2-0,2,0,0.785647,2,1,2-1,0.789888,0.004658,0,2-0,2,0,0.78523,2,1,2-1,0.789469,0.004656,0,2-0,2,0,0.784813,2,1,2-1,0.789049,0.004653,0,2-0,2,0,0.784396,2,1,2-1,0.788629,0.004651,0,2-0,2,0,0.783979,2,1,2-1,0.78821,0.004648,0,2-0,2,0,0.783561,2,1,2-1,0.78779,0.004646,0,2-0,2,0,0.783144,2,1,2-1,0.78737,0.004643,0,2-0,2,0,0.782727
2018,2018-06-21T20:00:00+05:00,G,22,France,Peru,1,0,0.449084,0.294216,0.2567,1.3339,0.9432,0.605384,0.251105,0.143511,0.1563,home,home,False,-0.1563,0.043111,0.113189,2,0,2-0,0.717631,0.005179,2,1,2-1,0.712452,1,2,0,2-0,0.967477,0.006982,1,2-1,2,1,0.960495,2,0,2-0,0.954988,0.006892,1,2-1,2,1,0.948096,2,0,2-0,0.942499,0.006802,1,2-1,2,1,0.935697,2,0,2-0,0.930009,0.006712,1,2-1,2,1,0.923298,2,0,2-0,0.91752,0.006622,1,2-1,2,1,0.910898,2,0,2-0,0.905031,0.006532,1,2-1,2,1,0.898499,2,0,2-0,0.892541,0.006441,1,2-1,2,1,0.8861,2,0,2-0,0.880052,0.006351,1,2-1,2,1,0.873701,2,0,2-0,0.867563,0.006261,1,2-1,2,1,0.861302,2,0,2-0,0.855074,0.006171,1,2-1,2,1,0.848903,2,0,2-0,0.842584,0.006081,1,2-1,2,1,0.836503,2,0,2-0,0.830095,0.005991,1,2-1,2,1,0.824104,2,0,2-0,0.817606,0.005901,1,2-1,2,1,0.811705,2,0,2-0,0.805116,0.00581,1,2-1,2,1,0.799306,2,0,2-0,0.792627,0.00572,1,2-1,2,1,0.786907,2,0,2-0,0.780138,0.00563,1,2-1,2,1,0.774508,2,0,2-0,0.767648,0.00554,1,2-1,2,1,0.762108,2,0,2-0,0.755159,0.00545,1,2-1,2,1,0.749709,2,0,2-0,0.74267,0.00536,1,2-1,2,1,0.73731,2,0,2-0,0.730181,0.00527,1,2-1,2,1,0.724911,2,0,2-0,0.717691,0.00518,1,2-1,2,1,0.712512
2018,2018-06-21T21:00:00+03:00,G,23,Argentina,Croatia,0,3,0.562674,0.257317,0.18001,1.6589,0.8326,0.465378,0.296237,0.238385,0.097296,home,home,False,0.097296,-0.03892,-0.058376,2,0,2-0,0.88514,0.019062,2,1,2-1,0.866078,0,2,0,2-0,0.732328,0.015771,0,2-1,2,1,0.716557,2,0,2-0,0.739984,0.015936,0,2-1,2,1,0.724047,2,0,2-0,0.747639,0.016101,0,2-1,2,1,0.731538,2,0,2-0,0.755294,0.016266,0,2-1,2,1,0.739028,2,0,2-0,0.76295,0.016431,0,2-1,2,1,0.746519,2,0,2-0,0.770605,0.016596,0,2-1,2,1,0.754009,2,0,2-0,0.77826,0.016761,0,2-1,2,1,0.7615,2,0,2-0,0.785916,0.016926,0,2-1,2,1,0.76899,2,0,2-0,0.793571,0.01709,0,2-1,2,1,0.776481,2,0,2-0,0.801226,0.017255,0,2-1,2,1,0.783971,2,0,2-0,0.808882,0.01742,0,2-1,2,1,0.791462,2,0,2-0,0.816537,0.017585,0,2-1,2,1,0.798952,2,0,2-0,0.824192,0.01775,0,2-1,2,1,0.806443,2,0,2-0,0.831848,0.017915,0,2-1,2,1,0.813933,2,0,2-0,0.839503,0.01808,0,2-1,2,1,0.821424,2,0,2-0,0.847158,0.018244,0,2-1,2,1,0.828914,2,0,2-0,0.854814,0.018409,0,2-1,2,1,0.836404,2,0,2-0,0.862469,0.018574,0,2-1,2,1,0.843895,2,0,2-0,0.870124,0.018739,0,2-1,2,1,0.851385,2,0,2-0,0.87778,0.018904,0,2-1,2,1,0.858876,2,0,2-0,0.885435,0.019069,0,2-1,2,1,0.866366
2018,2018-06-22T15:00:00+03:00,G,24,Brazil,Costa Rica,2,0,0.790049,0.148849,0.061102,2.5055,0.5747,0.81339,0.14087,0.04574,0.023341,home,home,False,-0.023341,0.007979,0.015362,2,0,2-0,1.157994,0.041319,3,0,3-0,1.116675,3,2,0,2-0,1.197356,0.042724,3,3-0,3,0,1.154632,2,0,2-0,1.195638,0.042662,3,3-0,3,0,1.152975,2,0,2-0,1.19392,0.042601,3,3-0,3,0,1.151319,2,0,2-0,1.192202,0.04254,3,3-0,3,0,1.149662,2,0,2-0,1.190484,0.042478,3,3-0,3,0,1.148005,2,0,2-0,1.188766,0.042417,3,3-0,3,0,1.146349,2,0,2-0,1.187048,0.042356,3,3-0,3,0,1.144692,2,0,2-0,1.18533,0.042295,3,3-0,3,0,1.143035,2,0,2-0,1.183612,0.042233,3,3-0,3,0,1.141379,2,0,2-0,1.181894,0.042172,3,3-0,3,0,1.139722,2,0,2-0,1.180176,0.042111,3,3-0,3,0,1.138066,2,0,2-0,1.178458,0.042049,3,3-0,3,0,1.136409,2,0,2-0,1.17674,0.041988,3,3-0,3,0,1.134752,2,0,2-0,1.175022,0.041927,3,3-0,3,0,1.133096,2,0,2-0,1.173304,0.041865,3,3-0,3,0,1.131439,2,0,2-0,1.171587,0.041804,3,3-0,3,0,1.129782,2,0,2-0,1.169869,0.041743,3,3-0,3,0,1.128126,2,0,2-0,1.168151,0.041682,3,3-0,3,0,1.126469,2,0,2-0,1.166433,0.04162,3,3-0,3,0,1.124812,2,0,2-0,1.164715,0.041559,3,3-0,3,0,1.123156,2,0,2-0,1.162997,0.041498,3,3-0,3,0,1.121499
2018,2018-06-22T18:00:00+03:00,G,25,Nigeria,Iceland,2,0,0.384896,0.279625,0.335479,1.3466,1.2412,0.325527,0.315764,0.358709,0.059369,home,away,True,0.059369,-0.036139,-0.02323,2,1,2-1,0.622231,0.016445,2,0,2-0,0.605786,2,1,1,1-1,0.616991,0.029547,0,1-2,1,2,0.587444,1,1,1-1,0.61346,0.027918,0,1-2,1,2,0.585542,1,1,1-1,0.60993,0.026289,0,1-2,1,2,0.58364,1,1,1-1,0.606399,0.024661,0,1-2,1,2,0.581738,1,1,1-1,0.602868,0.023032,0,1-2,1,2,0.579836,1,1,1-1,0.599337,0.021404,0,1-2,1,2,0.577934,1,1,1-1,0.595807,0.019775,0,1-2,1,2,0.576032,1,1,1-1,0.592276,0.018146,0,1-2,1,2,0.57413,1,1,1-1,0.588745,0.016518,0,1-2,1,2,0.572227,1,1,1-1,0.585214,0.014889,0,1-2,1,2,0.570325,1,1,1-1,0.581684,0.007368,0,2-1,2,1,0.574316,2,1,2-1,0.579115,0.000962,2,1-1,1,1,0.578153,2,1,2-1,0.583915,0.009292,2,1-1,1,1,0.574622,2,1,2-1,0.588714,0.015559,2,2-0,2,0,0.573155,2,1,2-1,0.593514,0.015686,2,2-0,2,0,0.577828,2,1,2-1,0.598313,0.015813,2,2-0,2,0,0.582501,2,1,2-1,0.603113,0.015939,2,2-0,2,0,0.587173,2,1,2-1,0.607912,0.016066,2,2-0,2,0,0.591846,2,1,2-1,0.612712,0.016193,2,2-0,2,0,0.596519,2,1,2-1,0.617511,0.01632,2,2-0,2,0,0.601191,2,1,2-1,0.622311,0.016447,2,2-0,2,0,0.605864
2018,2018-06-22T20:00:00+02:00,G,26,Serbia,Switzerland,1,2,0.3035,0.277502,0.418998,1.1709,1.4177,0.354577,0.317765,0.327658,0.09134,away,home,True,-0.051077,-0.040263,0.09134,1,2,1-2,0.671229,0.012903,0,2,0-2,0.658326,3,1,1,1-1,0.620898,0.035528,0,2-1,2,1,0.58537,1,1,1-1,0.616964,0.035811,0,2-1,2,1,0.581154,1,1,1-1,0.613031,0.036093,0,2-1,2,1,0.576938,1,1,1-1,0.609097,0.036376,0,2-1,2,1,0.572721,1,1,1-1,0.605164,0.036658,0,2-1,2,1,0.568505,1,1,1-1,0.60123,0.036941,0,2-1,2,1,0.564289,1,1,1-1,0.597296,0.028411,0,1-2,1,2,0.568885,1,1,1-1,0.593363,0.01716,0,1-2,1,2,0.576202,1,1,1-1,0.589429,0.005909,0,1-2,1,2,0.58352,1,2,1-2,0.590837,0.005342,3,1-1,1,1,0.585495,1,2,1-2,0.598155,0.011499,3,0-2,0,2,0.586656,1,2,1-2,0.605472,0.011639,3,0-2,0,2,0.593833,1,2,1-2,0.612789,0.01178,3,0-2,0,2,0.601009,1,2,1-2,0.620107,0.011921,3,0-2,0,2,0.608186,1,2,1-2,0.627424,0.012061,3,0-2,0,2,0.615363,1,2,1-2,0.634741,0.012202,3,0-2,0,2,0.622539,1,2,1-2,0.642059,0.012343,3,0-2,0,2,0.629716,1,2,1-2,0.649376,0.012483,3,0-2,0,2,0.636893,1,2,1-2,0.656693,0.012624,3,0-2,0,2,0.64407,1,2,1-2,0.664011,0.012765,3,0-2,0,2,0.651246,1,2,1-2,0.671328,0.012905,3,0-2,0,2,0.658423
2018,2018-06-23T15:00:00+03:00,G,27,Belgium,Tunisia,5,2,0.616425,0.224063,0.159512,1.9721,0.9041,0.733188,0.187789,0.079023,0.116764,home,home,False,-0.116764,0.036274,0.08049,2,0,2-0,0.934022,0.010511,2,1,2-1,0.923512,1,2,0,2-0,1.112068,0.012514,1,2-1,2,1,1.099554,2,0,2-0,1.103213,0.012415,1,2-1,2,1,1.090798,2,0,2-0,1.094358,0.012315,1,2-1,2,1,1.082043,2,0,2-0,1.085503,0.012215,1,2-1,2,1,1.073287,2,0,2-0,1.076648,0.012116,1,2-1,2,1,1.064532,2,0,2-0,1.067792,0.012016,1,2-1,2,1,1.055776,2,0,2-0,1.058937,0.011916,1,2-1,2,1,1.047021,2,0,2-0,1.050082,0.011817,1,2-1,2,1,1.038266,2,0,2-0,1.041227,0.011717,1,2-1,2,1,1.02951,2,0,2-0,1.032372,0.011617,1,2-1,2,1,1.020755,2,0,2-0,1.023517,0.011518,1,2-1,2,1,1.011999,2,0,2-0,1.014662,0.011418,1,2-1,2,1,1.003244,2,0,2-0,1.005807,0.011318,1,2-1,2,1,0.994488,2,0,2-0,0.996952,0.011219,1,2-1,2,1,0.985733,2,0,2-0,0.988097,0.011119,1,2-1,2,1,0.976977,2,0,2-0,0.979241,0.011019,1,2-1,2,1,0.968222,2,0,2-0,0.970386,0.01092,1,2-1,2,1,0.959467,2,0,2-0,0.961531,0.01082,1,2-1,2,1,0.950711,2,0,2-0,0.952676,0.010721,1,2-1,2,1,0.941956,2,0,2-0,0.943821,0.010621,1,2-1,2,1,0.9332,2,0,2-0,0.934966,0.010521,1,2-1,2,1,0.924445
2018,2018-06-23T18:00:00+03:00,G,28,South Korea,Mexico,1,2,0.222608,0.249745,0.527647,1.0603,1.7473,0.172118,0.253482,0.5744,0.05049,away,away,False,0.05049,-0.003737,-0.046753,1,2,1-2,0.814886,0.005552,0,2,0-2,0.809334,3,1,2,1-2,0.887515,0.006047,3,0-2,0,2,0.881468,1,2,1-2,0.883903,0.006022,3,0-2,0,2,0.877881,1,2,1-2,0.880291,0.005998,3,0-2,0,2,0.874294,1,2,1-2,0.876679,0.005973,3,0-2,0,2,0.870706,1,2,1-2,0.873067,0.005948,3,0-2,0,2,0.867119,1,2,1-2,0.869455,0.005924,3,0-2,0,2,0.863532,1,2,1-2,0.865843,0.005899,3,0-2,0,2,0.859944,1,2,1-2,0.862231,0.005875,3,0-2,0,2,0.856357,1,2,1-2,0.85862,0.00585,3,0-2,0,2,0.85277,1,2,1-2,0.855008,0.005825,3,0-2,0,2,0.849182,1,2,1-2,0.851396,0.005801,3,0-2,0,2,0.845595,1,2,1-2,0.847784,0.005776,3,0-2,0,2,0.842008,1,2,1-2,0.844172,0.005751,3,0-2,0,2,0.83842,1,2,1-2,0.84056,0.005727,3,0-2,0,2,0.834833,1,2,1-2,0.836948,0.005702,3,0-2,0,2,0.831246,1,2,1-2,0.833336,0.005678,3,0-2,0,2,0.827658,1,2,1-2,0.829724,0.005653,3,0-2,0,2,0.824071,1,2,1-2,0.826112,0.005628,3,0-2,0,2,0.820484,1,2,1-2,0.8225,0.005604,3,0-2,0,2,0.816896,1,2,1-2,0.818888,0.005579,3,0-2,0,2,0.813309,1,2,1-2,0.815276,0.005555,3,0-2,0,2,0.809722
2018,2018-06-23T21:00:00+03:00,G,29,Germany,Sweden,2,1,0.583257,0.231132,0.185612,1.9299,1.003,0.667389,0.20707,0.125541,0.084132,home,home,False,-0.084132,0.024061,0.060071,2,1,2-1,0.880792,0.000294,2,0,2-0,0.880498,3,2,1,2-1,1.008736,0.000337,3,2-0,2,0,1.008399,2,1,2-1,1.002378,0.000335,3,2-0,2,0,1.002043,2,1,2-1,0.99602,0.000332,3,2-0,2,0,0.995687,2,1,2-1,0.989661,0.00033,3,2-0,2,0,0.989331,2,1,2-1,0.983303,0.000328,3,2-0,2,0,0.982975,2,1,2-1,0.976945,0.000326,3,2-0,2,0,0.976619,2,1,2-1,0.970587,0.000324,3,2-0,2,0,0.970263,2,1,2-1,0.964229,0.000322,3,2-0,2,0,0.963907,2,1,2-1,0.957871,0.00032,3,2-0,2,0,0.957551,2,1,2-1,0.951513,0.000318,3,2-0,2,0,0.951195,2,1,2-1,0.945154,0.000315,3,2-0,2,0,0.944839,2,1,2-1,0.938796,0.000313,3,2-0,2,0,0.938483,2,1,2-1,0.932438,0.000311,3,2-0,2,0,0.932127,2,1,2-1,0.92608,0.000309,3,2-0,2,0,0.925771,2,1,2-1,0.919722,0.000307,3,2-0,2,0,0.919415,2,1,2-1,0.913364,0.000305,3,2-0,2,0,0.913059,2,1,2-1,0.907006,0.000303,3,2-0,2,0,0.906703,2,1,2-1,0.900648,0.000301,3,2-0,2,0,0.900347,2,1,2-1,0.894289,0.000298,3,2-0,2,0,0.893991,2,1,2-1,0.887931,0.000296,3,2-0,2,0,0.887635,2,1,2-1,0.881573,0.000294,3,2-0,2,0,0.881279
2018,2018-06-24T15:00:00+03:00,G,30,England,Panama,6,1,0.711273,0.201144,0.087583,2.0091,0.5609,0.805714,0.146953,0.047332,0.094441,home,home,False,-0.094441,0.05419,0.040251,2,0,2-0,1.106044,0.067825,2,1,2-1,1.038219,1,2,0,2-0,1.254317,0.076917,1,2-1,2,1,1.1774,2,0,2-0,1.246966,0.076467,1,2-1,2,1,1.170499,2,0,2-0,1.239615,0.076016,1,2-1,2,1,1.163599,2,0,2-0,1.232263,0.075565,1,2-1,2,1,1.156698,2,0,2-0,1.224912,0.075114,1,2-1,2,1,1.149798,2,0,2-0,1.217561,0.074663,1,2-1,2,1,1.142898,2,0,2-0,1.21021,0.074213,1,2-1,2,1,1.135997,2,0,2-0,1.202859,0.073762,1,2-1,2,1,1.129097,2,0,2-0,1.195508,0.073311,1,2-1,2,1,1.122197,2,0,2-0,1.188156,0.07286,1,2-1,2,1,1.115296,2,0,2-0,1.180805,0.072409,1,2-1,2,1,1.108396,2,0,2-0,1.173454,0.071959,1,2-1,2,1,1.101495,2,0,2-0,1.166103,0.071508,1,2-1,2,1,1.094595,2,0,2-0,1.158752,0.071057,1,2-1,2,1,1.087695,2,0,2-0,1.151401,0.070606,1,2-1,2,1,1.080794,2,0,2-0,1.144049,0.070155,1,2-1,2,1,1.073894,2,0,2-0,1.136698,0.069705,1,2-1,2,1,1.066994,2,0,2-0,1.129347,0.069254,1,2-1,2,1,1.060093,2,0,2-0,1.121996,0.068803,1,2-1,2,1,1.053193,2,0,2-0,1.114645,0.068352,1,2-1,2,1,1.046293,2,0,2-0,1.107294,0.067902,1,2-1,2,1,1.039392
2018,2018-06-24T20:00:00+05:00,G,31,Japan,Senegal,2,2,0.291776,0.289442,0.418782,1.0688,1.3316,0.307037,0.328266,0.364698,0.054084,away,away,False,-0.01526,-0.038824,0.054084,1,2,1-2,0.670989,0.005534,0,2,0-2,0.665455,0,1,1,1-1,0.638965,0.054578,1,1-2,1,2,0.584386,1,1,1-1,0.635186,0.046467,1,1-2,1,2,0.588719,1,1,1-1,0.631407,0.038355,1,1-2,1,2,0.593053,1,1,1-1,0.627629,0.030243,1,1-2,1,2,0.597386,1,1,1-1,0.62385,0.022131,1,1-2,1,2,0.601719,1,1,1-1,0.620072,0.01402,1,1-2,1,2,0.606052,1,1,1-1,0.616293,0.005908,1,1-2,1,2,0.610385,1,2,1-2,0.614719,0.002204,0,1-1,1,1,0.612515,1,2,1-2,0.619052,0.005105,0,0-2,0,2,0.613946,1,2,1-2,0.623385,0.005141,0,0-2,0,2,0.618244,1,2,1-2,0.627718,0.005177,0,0-2,0,2,0.622541,1,2,1-2,0.632052,0.005213,0,0-2,0,2,0.626839,1,2,1-2,0.636385,0.005248,0,0-2,0,2,0.631136,1,2,1-2,0.640718,0.005284,0,0-2,0,2,0.635434,1,2,1-2,0.645051,0.00532,0,0-2,0,2,0.639731,1,2,1-2,0.649384,0.005356,0,0-2,0,2,0.644029,1,2,1-2,0.653718,0.005391,0,0-2,0,2,0.648326,1,2,1-2,0.658051,0.005427,0,0-2,0,2,0.652624,1,2,1-2,0.662384,0.005463,0,0-2,0,2,0.656921,1,2,1-2,0.666717,0.005499,0,0-2,0,2,0.661219,1,2,1-2,0.67105,0.005534,0,0-2,0,2,0.665516
2018,2018-06-24T21:00:00+03:00,G,32,Poland,Colombia,0,3,0.210589,0.271889,0.517522,0.8905,1.5388,0.279635,0.280467,0.439898,0.077624,away,away,False,-0.069046,-0.008578,0.077624,0,2,0-2,0.818896,0.011417,1,2,1-2,0.807479,1,0,2,0-2,0.696212,0.009706,1,1-2,1,2,0.686506,0,2,0-2,0.702355,0.009792,1,1-2,1,2,0.692563,0,2,0-2,0.708497,0.009877,1,1-2,1,2,0.69862,0,2,0-2,0.71464,0.009963,1,1-2,1,2,0.704677,0,2,0-2,0.720782,0.010049,1,1-2,1,2,0.710734,0,2,0-2,0.726925,0.010134,1,1-2,1,2,0.716791,0,2,0-2,0.733068,0.01022,1,1-2,1,2,0.722848,0,2,0-2,0.73921,0.010306,1,1-2,1,2,0.728905,0,2,0-2,0.745353,0.010391,1,1-2,1,2,0.734962,0,2,0-2,0.751496,0.010477,1,1-2,1,2,0.741019,0,2,0-2,0.757638,0.010563,1,1-2,1,2,0.747076,0,2,0-2,0.763781,0.010648,1,1-2,1,2,0.753133,0,2,0-2,0.769923,0.010734,1,1-2,1,2,0.759189,0,2,0-2,0.776066,0.01082,1,1-2,1,2,0.765246,0,2,0-2,0.782209,0.010905,1,1-2,1,2,0.771303,0,2,0-2,0.788351,0.010991,1,1-2,1,2,0.77736,0,2,0-2,0.794494,0.011076,1,1-2,1,2,0.783417,0,2,0-2,0.800636,0.011162,1,1-2,1,2,0.789474,0,2,0-2,0.806779,0.011248,1,1-2,1,2,0.795531,0,2,0-2,0.812922,0.011333,1,1-2,1,2,0.801588,0,2,0-2,0.819064,0.011419,1,1-2,1,2,0.807645
2018,2018-06-25T18:00:00+04:00,G,33,Uruguay,Russia,3,0,0.524514,0.255802,0.219684,1.6857,1.0115,0.354938,0.317052,0.328011,0.169577,home,home,False,0.169577,-0.06125,-0.108327,2,1,2-1,0.81378,0.001098,2,0,2-0,0.812683,1,1,1,1-1,0.619466,0.066352,0,1-2,1,2,0.553114,1,1,1-1,0.613482,0.049431,0,2-1,2,1,0.564051,1,1,1-1,0.607499,0.030288,0,2-1,2,1,0.577211,1,1,1-1,0.601515,0.011144,0,2-1,2,1,0.590371,2,1,2-1,0.603531,0.000814,1,2-0,2,0,0.602717,2,1,2-1,0.616691,0.000832,1,2-0,2,0,0.615859,2,1,2-1,0.62985,0.00085,1,2-0,2,0,0.629001,2,1,2-1,0.64301,0.000867,1,2-0,2,0,0.642143,2,1,2-1,0.65617,0.000885,1,2-0,2,0,0.655285,2,1,2-1,0.66933,0.000903,1,2-0,2,0,0.668427,2,1,2-1,0.68249,0.000921,1,2-0,2,0,0.681569,2,1,2-1,0.695649,0.000938,1,2-0,2,0,0.694711,2,1,2-1,0.708809,0.000956,1,2-0,2,0,0.707853,2,1,2-1,0.721969,0.000974,1,2-0,2,0,0.720995,2,1,2-1,0.735129,0.000992,1,2-0,2,0,0.734137,2,1,2-1,0.748289,0.001009,1,2-0,2,0,0.74728,2,1,2-1,0.761449,0.001027,1,2-0,2,0,0.760422,2,1,2-1,0.774608,0.001045,1,2-0,2,0,0.773564,2,1,2-1,0.787768,0.001063,1,2-0,2,0,0.786706,2,1,2-1,0.800928,0.00108,1,2-0,2,0,0.799848,2,1,2-1,0.814088,0.001098,1,2-0,2,0,0.81299
2018,2018-06-25T17:00:00+03:00,G,34,Saudi Arabia,Egypt,2,1,0.157974,0.231641,0.610385,0.853,1.8859,0.18155,0.267422,0.551028,0.059357,away,away,False,-0.023576,-0.035781,0.059357,0,2,0-2,0.937889,0.016904,1,2,1-2,0.920985,0,0,2,0-2,0.847327,0.015271,0,1-2,1,2,0.832056,0,2,0-2,0.851891,0.015354,0,1-2,1,2,0.836537,0,2,0-2,0.856454,0.015436,0,1-2,1,2,0.841019,0,2,0-2,0.861018,0.015518,0,1-2,1,2,0.8455,0,2,0-2,0.865582,0.0156,0,1-2,1,2,0.849982,0,2,0-2,0.870146,0.015683,0,1-2,1,2,0.854463,0,2,0-2,0.874709,0.015765,0,1-2,1,2,0.858945,0,2,0-2,0.879273,0.015847,0,1-2,1,2,0.863426,0,2,0-2,0.883837,0.015929,0,1-2,1,2,0.867908,0,2,0-2,0.888401,0.016012,0,1-2,1,2,0.872389,0,2,0-2,0.892964,0.016094,0,1-2,1,2,0.876871,0,2,0-2,0.897528,0.016176,0,1-2,1,2,0.881352,0,2,0-2,0.902092,0.016258,0,1-2,1,2,0.885834,0,2,0-2,0.906656,0.016341,0,1-2,1,2,0.890315,0,2,0-2,0.911219,0.016423,0,1-2,1,2,0.894797,0,2,0-2,0.915783,0.016505,0,1-2,1,2,0.899278,0,2,0-2,0.920347,0.016587,0,1-2,1,2,0.90376,0,2,0-2,0.924911,0.01667,0,1-2,1,2,0.908241,0,2,0-2,0.929474,0.016752,0,1-2,1,2,0.912723,0,2,0-2,0.934038,0.016834,0,1-2,1,2,0.917204,0,2,0-2,0.938602,0.016916,0,1-2,1,2,0.921686
2018,2018-06-25T20:00:00+02:00,G,35,Spain,Morocco,2,2,0.63036,0.240702,0.128939,1.7469,0.6563,0.717999,0.188148,0.093853,0.087639,home,home,False,-0.087639,0.052554,0.035085,2,0,2-0,0.996579,0.047425,2,1,2-1,0.949154,0,2,0,2-0,1.13566,0.054044,0,2-1,2,1,1.081616,2,0,2-0,1.128729,0.053714,0,2-1,2,1,1.075015,2,0,2-0,1.121798,0.053384,0,2-1,2,1,1.068414,2,0,2-0,1.114867,0.053054,0,2-1,2,1,1.061813,2,0,2-0,1.107936,0.052724,0,2-1,2,1,1.055212,2,0,2-0,1.101005,0.052394,0,2-1,2,1,1.048611,2,0,2-0,1.094074,0.052065,0,2-1,2,1,1.04201,2,0,2-0,1.087143,0.051735,0,2-1,2,1,1.035409,2,0,2-0,1.080212,0.051405,0,2-1,2,1,1.028807,2,0,2-0,1.073282,0.051075,0,2-1,2,1,1.022206,2,0,2-0,1.066351,0.050745,0,2-1,2,1,1.015605,2,0,2-0,1.05942,0.050415,0,2-1,2,1,1.009004,2,0,2-0,1.052489,0.050086,0,2-1,2,1,1.002403,2,0,2-0,1.045558,0.049756,0,2-1,2,1,0.995802,2,0,2-0,1.038627,0.049426,0,2-1,2,1,0.989201,2,0,2-0,1.031696,0.049096,0,2-1,2,1,0.9826,2,0,2-0,1.024765,0.048766,0,2-1,2,1,0.975999,2,0,2-0,1.017834,0.048437,0,2-1,2,1,0.969398,2,0,2-0,1.010903,0.048107,0,2-1,2,1,0.962796,2,0,2-0,1.003972,0.047777,0,2-1,2,1,0.956195,2,0,2-0,0.997041,0.047447,0,2-1,2,1,0.949594
2018,2018-06-25T21:00:00+03:00,G,36,Iran,Portugal,1,1,0.1912,0.298765,0.510035,0.712,1.339,0.151946,0.238552,0.609501,0.099466,away,away,False,0.039253,0.060213,-0.099466,0,1,0-1,0.839379,0.016719,0,2,0-2,0.82266,0,0,1,0-1,1.003153,0.019981,0,0-2,0,2,0.983172,0,1,0-1,0.994968,0.019818,0,0-2,0,2,0.97515,0,1,0-1,0.986783,0.019655,0,0-2,0,2,0.967128,0,1,0-1,0.978597,0.019492,0,0-2,0,2,0.959105,0,1,0-1,0.970412,0.019329,0,0-2,0,2,0.951083,0,1,0-1,0.962227,0.019166,0,0-2,0,2,0.943061,0,1,0-1,0.954041,0.019003,0,0-2,0,2,0.935038,0,1,0-1,0.945856,0.01884,0,0-2,0,2,0.927016,0,1,0-1,0.93767,0.018677,0,0-2,0,2,0.918993,0,1,0-1,0.929485,0.018514,0,0-2,0,2,0.910971,0,1,0-1,0.9213,0.018351,0,0-2,0,2,0.902949,0,1,0-1,0.913114,0.018188,0,0-2,0,2,0.894926,0,1,0-1,0.904929,0.018025,0,0-2,0,2,0.886904,0,1,0-1,0.896743,0.017862,0,0-2,0,2,0.878882,0,1,0-1,0.888558,0.017699,0,0-2,0,2,0.870859,0,1,0-1,0.880373,0.017536,0,0-2,0,2,0.862837,0,1,0-1,0.872187,0.017373,0,0-2,0,2,0.854815,0,1,0-1,0.864002,0.01721,0,0-2,0,2,0.846792,0,1,0-1,0.855817,0.017047,0,0-2,0,2,0.83877,0,1,0-1,0.847631,0.016883,0,0-2,0,2,0.830748,0,1,0-1,0.839446,0.01672,0,0-2,0,2,0.822725
2018,2018-06-26T17:00:00+03:00,G,37,Australia,Peru,0,2,0.201826,0.257013,0.541161,0.9295,1.6713,0.334635,0.275973,0.389392,0.151769,away,away,False,-0.13281,-0.018959,0.151769,0,2,0-2,0.844622,0.007313,1,2,1-2,0.83731,3,0,2,0-2,0.607962,0.005264,3,1-2,1,2,0.602698,0,2,0-2,0.61981,0.005366,3,1-2,1,2,0.614443,0,2,0-2,0.631658,0.005469,3,1-2,1,2,0.626189,0,2,0-2,0.643506,0.005572,3,1-2,1,2,0.637934,0,2,0-2,0.655354,0.005674,3,1-2,1,2,0.649679,0,2,0-2,0.667201,0.005777,3,1-2,1,2,0.661425,0,2,0-2,0.679049,0.005879,3,1-2,1,2,0.67317,0,2,0-2,0.690897,0.005982,3,1-2,1,2,0.684915,0,2,0-2,0.702745,0.006084,3,1-2,1,2,0.696661,0,2,0-2,0.714593,0.006187,3,1-2,1,2,0.708406,0,2,0-2,0.726441,0.00629,3,1-2,1,2,0.720152,0,2,0-2,0.738289,0.006392,3,1-2,1,2,0.731897,0,2,0-2,0.750137,0.006495,3,1-2,1,2,0.743642,0,2,0-2,0.761985,0.006597,3,1-2,1,2,0.755388,0,2,0-2,0.773833,0.0067,3,1-2,1,2,0.767133,0,2,0-2,0.785681,0.006803,3,1-2,1,2,0.778878,0,2,0-2,0.797529,0.006905,3,1-2,1,2,0.790624,0,2,0-2,0.809377,0.007008,3,1-2,1,2,0.802369,0,2,0-2,0.821225,0.00711,3,1-2,1,2,0.814115,0,2,0-2,0.833073,0.007213,3,1-2,1,2,0.82586,0,2,0-2,0.844921,0.007315,3,1-2,1,2,0.837605
2018,2018-06-26T17:00:00+03:00,G,38,Denmark,France,0,0,0.224391,0.275149,0.50046,0.9266,1.5081,0.180842,0.349498,0.469659,0.074349,away,away,False,0.043549,-0.074349,0.030801,0,2,0-2,0.791985,0.007311,1,2,1-2,0.784673,0,0,2,0-2,0.743377,0.006863,0,1-2,1,2,0.736515,0,2,0-2,0.745815,0.006885,0,1-2,1,2,0.73893,0,2,0-2,0.748252,0.006908,0,1-2,1,2,0.741345,0,2,0-2,0.75069,0.00693,0,1-2,1,2,0.74376,0,2,0-2,0.753128,0.006953,0,1-2,1,2,0.746175,0,2,0-2,0.755565,0.006975,0,1-2,1,2,0.74859,0,2,0-2,0.758003,0.006998,0,1-2,1,2,0.751005,0,2,0-2,0.76044,0.00702,0,1-2,1,2,0.75342,0,2,0-2,0.762878,0.007043,0,1-2,1,2,0.755835,0,2,0-2,0.765315,0.007065,0,1-2,1,2,0.75825,0,2,0-2,0.767753,0.007088,0,1-2,1,2,0.760665,0,2,0-2,0.770191,0.00711,0,1-2,1,2,0.76308,0,2,0-2,0.772628,0.007133,0,1-2,1,2,0.765495,0,2,0-2,0.775066,0.007155,0,1-2,1,2,0.76791,0,2,0-2,0.777503,0.007178,0,1-2,1,2,0.770326,0,2,0-2,0.779941,0.0072,0,1-2,1,2,0.772741,0,2,0-2,0.782378,0.007223,0,1-2,1,2,0.775156,0,2,0-2,0.784816,0.007245,0,1-2,1,2,0.777571,0,2,0-2,0.787253,0.007268,0,1-2,1,2,0.779986,0,2,0-2,0.789691,0.00729,0,1-2,1,2,0.782401,0,2,0-2,0.792129,0.007313,0,1-2,1,2,0.784816
2018,2018-06-26T21:00:00+03:00,G,39,Iceland,Croatia,1,2,0.205636,0.240475,0.553888,1.0426,1.8416,0.221026,0.245947,0.533027,0.020861,away,away,False,-0.01539,-0.005471,0.020861,1,2,1-2,0.845969,0.004039,0,2,0-2,0.84193,3,1,2,1-2,0.814648,0.003889,3,0-2,0,2,0.810758,1,2,1-2,0.816242,0.003897,3,0-2,0,2,0.812345,1,2,1-2,0.817836,0.003905,3,0-2,0,2,0.813932,1,2,1-2,0.81943,0.003912,3,0-2,0,2,0.815518,1,2,1-2,0.821024,0.00392,3,0-2,0,2,0.817105,1,2,1-2,0.822619,0.003927,3,0-2,0,2,0.818691,1,2,1-2,0.824213,0.003935,3,0-2,0,2,0.820278,1,2,1-2,0.825807,0.003943,3,0-2,0,2,0.821864,1,2,1-2,0.827401,0.00395,3,0-2,0,2,0.823451,1,2,1-2,0.828995,0.003958,3,0-2,0,2,0.825037,1,2,1-2,0.830589,0.003965,3,0-2,0,2,0.826624,1,2,1-2,0.832184,0.003973,3,0-2,0,2,0.828211,1,2,1-2,0.833778,0.003981,3,0-2,0,2,0.829797,1,2,1-2,0.835372,0.003988,3,0-2,0,2,0.831384,1,2,1-2,0.836966,0.003996,3,0-2,0,2,0.83297,1,2,1-2,0.83856,0.004003,3,0-2,0,2,0.834557,1,2,1-2,0.840154,0.004011,3,0-2,0,2,0.836143,1,2,1-2,0.841749,0.004019,3,0-2,0,2,0.83773,1,2,1-2,0.843343,0.004026,3,0-2,0,2,0.839316,1,2,1-2,0.844937,0.004034,3,0-2,0,2,0.840903,1,2,1-2,0.846531,0.004042,3,0-2,0,2,0.84249
2018,2018-06-26T21:00:00+03:00,G,40,Nigeria,Argentina,1,2,0.099197,0.208805,0.691998,0.6089,1.9749,0.160377,0.185518,0.654105,0.061179,away,away,False,-0.061179,0.023287,0.037893,0,2,0-2,1.075357,0.057582,1,2,1-2,1.017775,2,0,2,0-2,1.017503,0.054484,2,1-2,1,2,0.963019,0,2,0-2,1.020451,0.054642,2,1-2,1,2,0.965809,0,2,0-2,1.023398,0.054799,2,1-2,1,2,0.968598,0,2,0-2,1.026345,0.054957,2,1-2,1,2,0.971388,0,2,0-2,1.029292,0.055115,2,1-2,1,2,0.974177,0,2,0-2,1.032239,0.055273,2,1-2,1,2,0.976966,0,2,0-2,1.035187,0.055431,2,1-2,1,2,0.979756,0,2,0-2,1.038134,0.055589,2,1-2,1,2,0.982545,0,2,0-2,1.041081,0.055746,2,1-2,1,2,0.985335,0,2,0-2,1.044028,0.055904,2,1-2,1,2,0.988124,0,2,0-2,1.046976,0.056062,2,1-2,1,2,0.990914,0,2,0-2,1.049923,0.05622,2,1-2,1,2,0.993703,0,2,0-2,1.05287,0.056378,2,1-2,1,2,0.996492,0,2,0-2,1.055817,0.056535,2,1-2,1,2,0.999282,0,2,0-2,1.058764,0.056693,2,1-2,1,2,1.002071,0,2,0-2,1.061712,0.056851,2,1-2,1,2,1.004861,0,2,0-2,1.064659,0.057009,2,1-2,1,2,1.00765,0,2,0-2,1.067606,0.057167,2,1-2,1,2,1.010439,0,2,0-2,1.070553,0.057325,2,1-2,1,2,1.013229,0,2,0-2,1.073501,0.057482,2,1-2,1,2,1.016018,0,2,0-2,1.076448,0.05764,2,1-2,1,2,1.018808
2018,2018-06-27T17:00:00+03:00,G,41,South Korea,Germany,2,0,0.076066,0.148138,0.775795,0.7424,2.6646,0.045571,0.113557,0.840872,0.065077,away,away,False,0.030495,0.034581,-0.065077,0,2,0-2,1.09368,0.007275,0,3,0-3,1.086404,0,0,2,0-2,1.192749,0.007934,0,0-3,0,3,1.184814,0,2,0-2,1.188133,0.007904,0,0-3,0,3,1.180229,0,2,0-2,1.183518,0.007873,0,0-3,0,3,1.175645,0,2,0-2,1.178902,0.007842,0,0-3,0,3,1.17106,0,2,0-2,1.174287,0.007812,0,0-3,0,3,1.166475,0,2,0-2,1.169671,0.007781,0,0-3,0,3,1.16189,0,2,0-2,1.165056,0.00775,0,0-3,0,3,1.157306,0,2,0-2,1.16044,0.00772,0,0-3,0,3,1.152721,0,2,0-2,1.155825,0.007689,0,0-3,0,3,1.148136,0,2,0-2,1.151209,0.007658,0,0-3,0,3,1.143551,0,2,0-2,1.146594,0.007627,0,0-3,0,3,1.138967,0,2,0-2,1.141979,0.007597,0,0-3,0,3,1.134382,0,2,0-2,1.137363,0.007566,0,0-3,0,3,1.129797,0,2,0-2,1.132748,0.007535,0,0-3,0,3,1.125212,0,2,0-2,1.128132,0.007505,0,0-3,0,3,1.120627,0,2,0-2,1.123517,0.007474,0,0-3,0,3,1.116043,0,2,0-2,1.118901,0.007443,0,0-3,0,3,1.111458,0,2,0-2,1.114286,0.007413,0,0-3,0,3,1.106873,0,2,0-2,1.10967,0.007382,0,0-3,0,3,1.102288,0,2,0-2,1.105055,0.007351,0,0-3,0,3,1.097704,0,2,0-2,1.100439,0.00732,0,0-3,0,3,1.093119
2018,2018-06-27T19:00:00+05:00,G,42,Mexico,Sweden,0,3,0.325476,0.272246,0.402277,1.2655,1.4325,0.438229,0.286727,0.275044,0.127234,away,home,True,-0.112753,-0.014481,0.127234,1,2,1-2,0.646163,0.018346,0,2,0-2,0.627817,1,2,1,2-1,0.718901,0.031405,0,2-0,2,0,0.687496,2,1,2-1,0.709653,0.031001,0,2-0,2,0,0.678652,2,1,2-1,0.700404,0.030597,0,2-0,2,0,0.669807,2,1,2-1,0.691156,0.030193,0,2-0,2,0,0.660963,2,1,2-1,0.681907,0.029789,0,2-0,2,0,0.652119,2,1,2-1,0.672659,0.029385,0,2-0,2,0,0.643274,2,1,2-1,0.663411,0.028981,0,2-0,2,0,0.63443,2,1,2-1,0.654162,0.028577,0,2-0,2,0,0.625585,2,1,2-1,0.644914,0.028173,0,2-0,2,0,0.616741,2,1,2-1,0.635666,0.027769,0,2-0,2,0,0.607897,2,1,2-1,0.626417,0.027365,0,2-0,2,0,0.599052,2,1,2-1,0.617169,0.026961,0,2-0,2,0,0.590208,2,1,2-1,0.60792,0.026557,0,2-0,2,0,0.581364,2,1,2-1,0.598672,0.023937,0,1-2,1,2,0.574735,2,1,2-1,0.589424,0.004468,0,1-2,1,2,0.584956,1,2,1-2,0.595176,0.015001,1,2-1,2,1,0.580175,1,2,1-2,0.605396,0.017189,1,0-2,0,2,0.588208,1,2,1-2,0.615617,0.017479,1,0-2,0,2,0.598138,1,2,1-2,0.625837,0.017769,1,0-2,0,2,0.608068,1,2,1-2,0.636057,0.018059,1,0-2,0,2,0.617998,1,2,1-2,0.646278,0.01835,1,0-2,0,2,0.627928
2018,2018-06-27T21:00:00+03:00,G,43,Serbia,Brazil,0,2,0.098512,0.168838,0.73265,0.8202,2.4897,0.128516,0.207208,0.664276,0.068374,away,away,False,-0.030004,-0.03837,0.068374,0,2,0-2,1.048829,0.020356,1,2,1-2,1.028473,3,0,2,0-2,0.954908,0.018533,3,1-2,1,2,0.936375,0,2,0-2,0.959823,0.018629,3,1-2,1,2,0.941194,0,2,0-2,0.964737,0.018724,3,1-2,1,2,0.946013,0,2,0-2,0.969652,0.01882,3,1-2,1,2,0.950832,0,2,0-2,0.974566,0.018915,3,1-2,1,2,0.955651,0,2,0-2,0.979481,0.01901,3,1-2,1,2,0.96047,0,2,0-2,0.984395,0.019106,3,1-2,1,2,0.965289,0,2,0-2,0.989309,0.019201,3,1-2,1,2,0.970108,0,2,0-2,0.994224,0.019296,3,1-2,1,2,0.974927,0,2,0-2,0.999138,0.019392,3,1-2,1,2,0.979746,0,2,0-2,1.004053,0.019487,3,1-2,1,2,0.984566,0,2,0-2,1.008967,0.019583,3,1-2,1,2,0.989385,0,2,0-2,1.013882,0.019678,3,1-2,1,2,0.994204,0,2,0-2,1.018796,0.019773,3,1-2,1,2,0.999023,0,2,0-2,1.02371,0.019869,3,1-2,1,2,1.003842,0,2,0-2,1.028625,0.019964,3,1-2,1,2,1.008661,0,2,0-2,1.033539,0.020059,3,1-2,1,2,1.01348,0,2,0-2,1.038454,0.020155,3,1-2,1,2,1.018299,0,2,0-2,1.043368,0.02025,3,1-2,1,2,1.023118,0,2,0-2,1.048283,0.020346,3,1-2,1,2,1.027937,0,2,0-2,1.053197,0.020441,3,1-2,1,2,1.032756
2018,2018-06-27T21:00:00+03:00,G,44,Switzerland,Costa Rica,2,2,0.505713,0.285887,0.208401,1.4267,0.8205,0.60964,0.262695,0.127666,0.103927,home,home,False,-0.103927,0.023192,0.080735,2,0,2-0,0.809062,0.016967,1,0,1-0,0.792095,0,2,0,2-0,0.97545,0.020456,0,1-0,1,0,0.954993,2,0,2-0,0.967135,0.020282,0,1-0,1,0,0.946853,2,0,2-0,0.958821,0.020108,0,1-0,1,0,0.938713,2,0,2-0,0.950506,0.019933,0,1-0,1,0,0.930573,2,0,2-0,0.942192,0.019759,0,1-0,1,0,0.922433,2,0,2-0,0.933878,0.019585,0,1-0,1,0,0.914293,2,0,2-0,0.925563,0.01941,0,1-0,1,0,0.906153,2,0,2-0,0.917249,0.019236,0,1-0,1,0,0.898013,2,0,2-0,0.908934,0.019061,0,1-0,1,0,0.889873,2,0,2-0,0.90062,0.018887,0,1-0,1,0,0.881733,2,0,2-0,0.892306,0.018713,0,1-0,1,0,0.873593,2,0,2-0,0.883991,0.018538,0,1-0,1,0,0.865453,2,0,2-0,0.875677,0.018364,0,1-0,1,0,0.857313,2,0,2-0,0.867362,0.01819,0,1-0,1,0,0.849173,2,0,2-0,0.859048,0.018015,0,1-0,1,0,0.841033,2,0,2-0,0.850734,0.017841,0,1-0,1,0,0.832893,2,0,2-0,0.842419,0.017667,0,1-0,1,0,0.824753,2,0,2-0,0.834105,0.017492,0,1-0,1,0,0.816613,2,0,2-0,0.825791,0.017318,0,1-0,1,0,0.808473,2,0,2-0,0.817476,0.017143,0,1-0,1,0,0.800333,2,0,2-0,0.809162,0.016969,0,1-0,1,0,0.792193
2018,2018-06-28T17:00:00+03:00,G,45,Japan,Poland,0,1,0.275897,0.251243,0.47286,1.2614,1.7115,0.327934,0.307708,0.364357,0.108502,away,away,False,-0.052037,-0.056465,0.108502,1,2,1-2,0.736585,0.019582,0,2,0-2,0.717003,1,1,1,1-1,0.594922,0.027095,0,1-2,1,2,0.567828,1,1,1-1,0.589464,0.013181,0,1-2,1,2,0.576283,1,2,1-2,0.584737,0.000732,1,1-1,1,1,0.584006,1,2,1-2,0.593192,0.014645,1,1-1,1,1,0.578547,1,2,1-2,0.601647,0.015995,1,0-2,0,2,0.585652,1,2,1-2,0.610101,0.016219,1,0-2,0,2,0.593882,1,2,1-2,0.618556,0.016444,1,0-2,0,2,0.602112,1,2,1-2,0.627011,0.016669,1,0-2,0,2,0.610342,1,2,1-2,0.635465,0.016894,1,0-2,0,2,0.618572,1,2,1-2,0.64392,0.017118,1,0-2,0,2,0.626802,1,2,1-2,0.652375,0.017343,1,0-2,0,2,0.635032,1,2,1-2,0.66083,0.017568,1,0-2,0,2,0.643262,1,2,1-2,0.669284,0.017793,1,0-2,0,2,0.651492,1,2,1-2,0.677739,0.018018,1,0-2,0,2,0.659722,1,2,1-2,0.686194,0.018242,1,0-2,0,2,0.667951,1,2,1-2,0.694648,0.018467,1,0-2,0,2,0.676181,1,2,1-2,0.703103,0.018692,1,0-2,0,2,0.684411,1,2,1-2,0.711558,0.018917,1,0-2,0,2,0.692641,1,2,1-2,0.720013,0.019141,1,0-2,0,2,0.700871,1,2,1-2,0.728467,0.019366,1,0-2,0,2,0.709101,1,2,1-2,0.736922,0.019591,1,0-2,0,2,0.717331
2018,2018-06-28T18:00:00+04:00,G,46,Senegal,Colombia,0,1,0.190728,0.304126,0.505145,0.6928,1.3039,0.188545,0.254657,0.556798,0.051653,away,away,False,0.002183,0.04947,-0.051653,0,1,0-1,0.844165,0.028243,0,2,0-2,0.815922,3,0,1,0-1,0.930545,0.031133,3,0-2,0,2,0.899412,0,1,0-1,0.926229,0.030989,3,0-2,0,2,0.89524,0,1,0-1,0.921913,0.030844,3,0-2,0,2,0.891068,0,1,0-1,0.917596,0.0307,3,0-2,0,2,0.886897,0,1,0-1,0.91328,0.030555,3,0-2,0,2,0.882725,0,1,0-1,0.908964,0.030411,3,0-2,0,2,0.878553,0,1,0-1,0.904648,0.030266,3,0-2,0,2,0.874381,0,1,0-1,0.900331,0.030122,3,0-2,0,2,0.870209,0,1,0-1,0.896015,0.029978,3,0-2,0,2,0.866038,0,1,0-1,0.891699,0.029833,3,0-2,0,2,0.861866,0,1,0-1,0.887383,0.029689,3,0-2,0,2,0.857694,0,1,0-1,0.883067,0.029544,3,0-2,0,2,0.853522,0,1,0-1,0.87875,0.0294,3,0-2,0,2,0.84935,0,1,0-1,0.874434,0.029256,3,0-2,0,2,0.845178,0,1,0-1,0.870118,0.029111,3,0-2,0,2,0.841007,0,1,0-1,0.865802,0.028967,3,0-2,0,2,0.836835,0,1,0-1,0.861485,0.028822,3,0-2,0,2,0.832663,0,1,0-1,0.857169,0.028678,3,0-2,0,2,0.828491,0,1,0-1,0.852853,0.028534,3,0-2,0,2,0.824319,0,1,0-1,0.848537,0.028389,3,0-2,0,2,0.820148,0,1,0-1,0.844221,0.028245,3,0-2,0,2,0.815976
2018,2018-06-28T20:00:00+02:00,G,47,England,Belgium,0,1,0.39862,0.280284,0.321095,1.3658,1.201,0.396082,0.340865,0.263053,0.060581,home,home,False,0.002538,-0.060581,0.058043,2,1,2-1,0.6422,0.014392,2,0,2-0,0.627808,0,1,1,1-1,0.666006,0.027813,0,2-1,2,1,0.638193,1,1,1-1,0.660087,0.02169,0,2-1,2,1,0.638397,1,1,1-1,0.654169,0.015567,0,2-1,2,1,0.638602,1,1,1-1,0.648251,0.009444,0,2-1,2,1,0.638806,1,1,1-1,0.642332,0.003322,0,2-1,2,1,0.639011,2,1,2-1,0.639215,0.002801,0,1-1,1,1,0.636414,2,1,2-1,0.63942,0.008924,0,1-1,1,1,0.630496,2,1,2-1,0.639624,0.014334,0,2-0,2,0,0.62529,2,1,2-1,0.639828,0.014339,0,2-0,2,0,0.625489,2,1,2-1,0.640033,0.014344,0,2-0,2,0,0.625689,2,1,2-1,0.640237,0.014348,0,2-0,2,0,0.625889,2,1,2-1,0.640442,0.014353,0,2-0,2,0,0.626089,2,1,2-1,0.640646,0.014357,0,2-0,2,0,0.626289,2,1,2-1,0.640851,0.014362,0,2-0,2,0,0.626489,2,1,2-1,0.641055,0.014367,0,2-0,2,0,0.626689,2,1,2-1,0.64126,0.014371,0,2-0,2,0,0.626889,2,1,2-1,0.641464,0.014376,0,2-0,2,0,0.627089,2,1,2-1,0.641669,0.01438,0,2-0,2,0,0.627288,2,1,2-1,0.641873,0.014385,0,2-0,2,0,0.627488,2,1,2-1,0.642078,0.014389,0,2-0,2,0,0.627688,2,1,2-1,0.642282,0.014394,0,2-0,2,0,0.627888
2018,2018-06-28T21:00:00+03:00,G,48,Panama,Tunisia,1,2,0.251191,0.295405,0.453404,0.9211,1.3299,0.221126,0.258515,0.520358,0.066955,away,away,False,0.030065,0.03689,-0.066955,0,2,0-2,0.725367,0.00735,1,2,1-2,0.718017,2,0,2,0-2,0.83255,0.008436,2,1-2,1,2,0.824115,0,2,0-2,0.827194,0.008381,2,1-2,1,2,0.818813,0,2,0-2,0.821838,0.008327,2,1-2,1,2,0.813511,0,2,0-2,0.816482,0.008273,2,1-2,1,2,0.808209,0,2,0-2,0.811125,0.008218,2,1-2,1,2,0.802907,0,2,0-2,0.805769,0.008164,2,1-2,1,2,0.797605,0,2,0-2,0.800413,0.00811,2,1-2,1,2,0.792303,0,2,0-2,0.795057,0.008056,2,1-2,1,2,0.787001,0,2,0-2,0.7897,0.008001,2,1-2,1,2,0.781699,0,2,0-2,0.784344,0.007947,2,1-2,1,2,0.776397,0,2,0-2,0.778988,0.007893,2,1-2,1,2,0.771095,0,2,0-2,0.773632,0.007839,2,1-2,1,2,0.765793,0,2,0-2,0.768275,0.007784,2,1-2,1,2,0.760491,0,2,0-2,0.762919,0.00773,2,1-2,1,2,0.755189,0,2,0-2,0.757563,0.007676,2,1-2,1,2,0.749887,0,2,0-2,0.752207,0.007622,2,1-2,1,2,0.744585,0,2,0-2,0.746851,0.007567,2,1-2,1,2,0.739283,0,2,0-2,0.741494,0.007513,2,1-2,1,2,0.733981,0,2,0-2,0.736138,0.007459,2,1-2,1,2,0.728679,0,2,0-2,0.730782,0.007404,2,1-2,1,2,0.723377,0,2,0-2,0.725426,0.00735,2,1-2,1,2,0.718075
2018,2018-06-30T17:00:00+03:00,8,49,France,Argentina,4,3,0.262615,0.282767,0.454618,1.0182,1.4197,0.400205,0.309922,0.289873,0.164745,away,home,True,-0.13759,-0.027155,0.164745,1,2,1-2,0.721831,0.0016,0,2,0-2,0.720231,0,2,1,2-1,0.665146,0.017409,1,1-0,1,0,0.647737,2,1,2-1,0.653712,0.01711,1,1-0,1,0,0.636603,2,1,2-1,0.642279,0.016811,1,1-0,1,0,0.625468,2,1,2-1,0.630845,0.016511,1,1-0,1,0,0.614334,2,1,2-1,0.619411,0.016212,1,1-0,1,0,0.603199,2,1,2-1,0.607977,0.015913,1,1-0,1,0,0.592064,2,1,2-1,0.596543,0.00873,1,1-1,1,1,0.587813,1,1,1-1,0.585168,5.9e-05,0,2-1,2,1,0.58511,1,1,1-1,0.582524,0.008848,0,2-1,2,1,0.573676,1,1,1-1,0.579879,0.001842,0,1-2,1,2,0.578037,1,2,1-2,0.591118,0.00131,0,0-2,0,2,0.589808,1,2,1-2,0.604199,0.001339,0,0-2,0,2,0.602859,1,2,1-2,0.617279,0.001368,0,0-2,0,2,0.615911,1,2,1-2,0.63036,0.001397,0,0-2,0,2,0.628962,1,2,1-2,0.64344,0.001426,0,0-2,0,2,0.642014,1,2,1-2,0.656521,0.001455,0,0-2,0,2,0.655066,1,2,1-2,0.669601,0.001484,0,0-2,0,2,0.668117,1,2,1-2,0.682682,0.001513,0,0-2,0,2,0.681169,1,2,1-2,0.695763,0.001542,0,0-2,0,2,0.69422,1,2,1-2,0.708843,0.001571,0,0-2,0,2,0.707272,1,2,1-2,0.721924,0.0016,0,0-2,0,2,0.720324
2018,2018-06-30T21:00:00+03:00,8,50,Uruguay,Portugal,2,1,0.327531,0.281772,0.390698,1.2079,1.3417,0.318507,0.326154,0.35534,0.044382,away,away,False,0.009024,-0.044382,0.035358,1,2,1-2,0.630812,0.014615,0,2,0-2,0.616198,0,1,1,1-1,0.637205,0.063413,0,1-2,1,2,0.573792,1,1,1-1,0.63287,0.056223,0,1-2,1,2,0.576647,1,1,1-1,0.628534,0.049033,0,1-2,1,2,0.579502,1,1,1-1,0.624199,0.041842,0,1-2,1,2,0.582357,1,1,1-1,0.619863,0.034652,0,1-2,1,2,0.585211,1,1,1-1,0.615528,0.027462,0,1-2,1,2,0.588066,1,1,1-1,0.611193,0.020272,0,1-2,1,2,0.590921,1,1,1-1,0.606857,0.013082,0,1-2,1,2,0.593776,1,1,1-1,0.602522,0.005891,0,1-2,1,2,0.59663,1,2,1-2,0.599485,0.001299,0,1-1,1,1,0.598186,1,2,1-2,0.60234,0.008489,0,1-1,1,1,0.593851,1,2,1-2,0.605194,0.014021,0,0-2,0,2,0.591173,1,2,1-2,0.608049,0.014087,0,0-2,0,2,0.593962,1,2,1-2,0.610904,0.014153,0,0-2,0,2,0.596751,1,2,1-2,0.613759,0.01422,0,0-2,0,2,0.599539,1,2,1-2,0.616613,0.014286,0,0-2,0,2,0.602328,1,2,1-2,0.619468,0.014352,0,0-2,0,2,0.605116,1,2,1-2,0.622323,0.014418,0,0-2,0,2,0.607905,1,2,1-2,0.625178,0.014484,0,0-2,0,2,0.610694,1,2,1-2,0.628032,0.01455,0,0-2,0,2,0.613482,1,2,1-2,0.630887,0.014616,0,0-2,0,2,0.616271
2018,2018-07-01T17:00:00+03:00,8,51,Spain,Russia,1,1,0.688022,0.200203,0.111775,2.1196,0.7351,0.616493,0.234366,0.149141,0.071529,home,home,False,0.071529,-0.034163,-0.037366,2,0,2-0,1.040664,0.034256,2,1,2-1,1.006407,0,2,0,2-0,0.933944,0.030743,0,2-1,2,1,0.9032,2,0,2-0,0.939362,0.030922,0,2-1,2,1,0.90844,2,0,2-0,0.94478,0.0311,0,2-1,2,1,0.91368,2,0,2-0,0.950198,0.031279,0,2-1,2,1,0.91892,2,0,2-0,0.955616,0.031457,0,2-1,2,1,0.924159,2,0,2-0,0.961034,0.031635,0,2-1,2,1,0.929399,2,0,2-0,0.966452,0.031814,0,2-1,2,1,0.934639,2,0,2-0,0.97187,0.031992,0,2-1,2,1,0.939878,2,0,2-0,0.977289,0.03217,0,2-1,2,1,0.945118,2,0,2-0,0.982707,0.032349,0,2-1,2,1,0.950358,2,0,2-0,0.988125,0.032527,0,2-1,2,1,0.955598,2,0,2-0,0.993543,0.032705,0,2-1,2,1,0.960837,2,0,2-0,0.998961,0.032884,0,2-1,2,1,0.966077,2,0,2-0,1.004379,0.033062,0,2-1,2,1,0.971317,2,0,2-0,1.009797,0.03324,0,2-1,2,1,0.976557,2,0,2-0,1.015215,0.033419,0,2-1,2,1,0.981796,2,0,2-0,1.020633,0.033597,0,2-1,2,1,0.987036,2,0,2-0,1.026051,0.033775,0,2-1,2,1,0.992276,2,0,2-0,1.031469,0.033954,0,2-1,2,1,0.997515,2,0,2-0,1.036887,0.034132,0,2-1,2,1,1.002755,2,0,2-0,1.042305,0.034311,0,2-1,2,1,1.007995
2018,2018-07-01T21:00:00+03:00,8,52,Croatia,Denmark,1,1,0.388198,0.29765,0.314152,1.2333,1.0828,0.491335,0.300796,0.207869,0.106283,home,home,False,-0.103137,-0.003146,0.106283,2,1,2-1,0.625694,0.006211,2,0,2-0,0.619483,0,2,1,2-1,0.791978,0.007861,0,2-0,2,0,0.784117,2,1,2-1,0.783666,0.007779,0,2-0,2,0,0.775887,2,1,2-1,0.775354,0.007696,0,2-0,2,0,0.767657,2,1,2-1,0.767041,0.007614,0,2-0,2,0,0.759428,2,1,2-1,0.758729,0.007531,0,2-0,2,0,0.751198,2,1,2-1,0.750417,0.007449,0,2-0,2,0,0.742968,2,1,2-1,0.742105,0.007366,0,2-0,2,0,0.734739,2,1,2-1,0.733792,0.007284,0,2-0,2,0,0.726509,2,1,2-1,0.72548,0.007201,0,2-0,2,0,0.718279,2,1,2-1,0.717168,0.007118,0,2-0,2,0,0.710049,2,1,2-1,0.708856,0.007036,0,2-0,2,0,0.70182,2,1,2-1,0.700543,0.006953,0,2-0,2,0,0.69359,2,1,2-1,0.692231,0.006871,0,2-0,2,0,0.68536,2,1,2-1,0.683919,0.006788,0,2-0,2,0,0.67713,2,1,2-1,0.675607,0.006706,0,2-0,2,0,0.668901,2,1,2-1,0.667294,0.006623,0,2-0,2,0,0.660671,2,1,2-1,0.658982,0.006541,0,2-0,2,0,0.652441,2,1,2-1,0.65067,0.006458,0,2-0,2,0,0.644211,2,1,2-1,0.642358,0.006376,0,2-0,2,0,0.635982,2,1,2-1,0.634045,0.006293,0,2-0,2,0,0.627752,2,1,2-1,0.625733,0.006211,0,2-0,2,0,0.619522
2018,2018-07-02T18:00:00+03:00,8,53,Brazil,Mexico,2,0,0.715566,0.177516,0.106918,2.4046,0.8341,0.659631,0.216743,0.123625,0.055935,home,home,False,0.055935,-0.039227,-0.016708,2,0,2-0,1.034461,0.018813,2,1,2-1,1.015648,3,2,0,2-0,0.956833,0.017401,3,2-1,2,1,0.939431,2,0,2-0,0.960889,0.017475,3,2-1,2,1,0.943414,2,0,2-0,0.964946,0.017549,3,2-1,2,1,0.947397,2,0,2-0,0.969003,0.017623,3,2-1,2,1,0.95138,2,0,2-0,0.97306,0.017696,3,2-1,2,1,0.955363,2,0,2-0,0.977117,0.01777,3,2-1,2,1,0.959347,2,0,2-0,0.981174,0.017844,3,2-1,2,1,0.96333,2,0,2-0,0.98523,0.017918,3,2-1,2,1,0.967313,2,0,2-0,0.989287,0.017992,3,2-1,2,1,0.971296,2,0,2-0,0.993344,0.018065,3,2-1,2,1,0.975279,2,0,2-0,0.997401,0.018139,3,2-1,2,1,0.979262,2,0,2-0,1.001458,0.018213,3,2-1,2,1,0.983245,2,0,2-0,1.005515,0.018287,3,2-1,2,1,0.987228,2,0,2-0,1.009571,0.01836,3,2-1,2,1,0.991211,2,0,2-0,1.013628,0.018434,3,2-1,2,1,0.995194,2,0,2-0,1.017685,0.018508,3,2-1,2,1,0.999177,2,0,2-0,1.021742,0.018582,3,2-1,2,1,1.00316,2,0,2-0,1.025799,0.018656,3,2-1,2,1,1.007143,2,0,2-0,1.029855,0.018729,3,2-1,2,1,1.011126,2,0,2-0,1.033912,0.018803,3,2-1,2,1,1.015109,2,0,2-0,1.037969,0.018877,3,2-1,2,1,1.019092
2018,2018-07-02T21:00:00+03:00,8,54,Belgium,Japan,3,2,0.603266,0.215851,0.180883,2.1113,1.0819,0.687434,0.203794,0.108772,0.084168,home,home,False,-0.084168,0.012057,0.072111,2,1,2-1,0.891728,0.007488,2,0,2-0,0.88424,1,2,1,2-1,1.017723,0.008546,1,2-0,2,0,1.009178,2,1,2-1,1.011493,0.008493,1,2-0,2,0,1.003,2,1,2-1,1.005263,0.008441,1,2-0,2,0,0.996822,2,1,2-1,0.999032,0.008389,1,2-0,2,0,0.990644,2,1,2-1,0.992802,0.008336,1,2-0,2,0,0.984466,2,1,2-1,0.986572,0.008284,1,2-0,2,0,0.978288,2,1,2-1,0.980341,0.008232,1,2-0,2,0,0.972109,2,1,2-1,0.974111,0.008179,1,2-0,2,0,0.965931,2,1,2-1,0.96788,0.008127,1,2-0,2,0,0.959753,2,1,2-1,0.96165,0.008075,1,2-0,2,0,0.953575,2,1,2-1,0.95542,0.008022,1,2-0,2,0,0.947397,2,1,2-1,0.949189,0.00797,1,2-0,2,0,0.941219,2,1,2-1,0.942959,0.007918,1,2-0,2,0,0.935041,2,1,2-1,0.936728,0.007866,1,2-0,2,0,0.928863,2,1,2-1,0.930498,0.007813,1,2-0,2,0,0.922685,2,1,2-1,0.924268,0.007761,1,2-0,2,0,0.916507,2,1,2-1,0.918037,0.007709,1,2-0,2,0,0.910329,2,1,2-1,0.911807,0.007656,1,2-0,2,0,0.904151,2,1,2-1,0.905577,0.007604,1,2-0,2,0,0.897973,2,1,2-1,0.899346,0.007552,1,2-0,2,0,0.891795,2,1,2-1,0.893116,0.007499,1,2-0,2,0,0.885616
2018,2018-07-03T17:00:00+03:00,8,55,Sweden,Switzerland,1,0,0.347239,0.29643,0.356331,1.1643,1.1829,0.286772,0.328692,0.384536,0.060467,away,away,False,0.060467,-0.032263,-0.028204,1,2,1-2,0.57902,0.003044,1,1,1-1,0.575976,0,1,1,1-1,0.638705,0.013815,0,1-2,1,2,0.62489,1,1,1-1,0.63557,0.012972,0,1-2,1,2,0.622598,1,1,1-1,0.632436,0.012129,0,1-2,1,2,0.620307,1,1,1-1,0.629301,0.011286,0,1-2,1,2,0.618015,1,1,1-1,0.626166,0.010443,0,1-2,1,2,0.615723,1,1,1-1,0.623032,0.0096,0,1-2,1,2,0.613432,1,1,1-1,0.619897,0.008757,0,1-2,1,2,0.61114,1,1,1-1,0.616763,0.007914,0,1-2,1,2,0.608848,1,1,1-1,0.613628,0.007071,0,1-2,1,2,0.606557,1,1,1-1,0.610493,0.006228,0,1-2,1,2,0.604265,1,1,1-1,0.607359,0.005385,0,1-2,1,2,0.601973,1,1,1-1,0.604224,0.004543,0,1-2,1,2,0.599682,1,1,1-1,0.60109,0.0037,0,1-2,1,2,0.59739,1,1,1-1,0.597955,0.002857,0,1-2,1,2,0.595098,1,1,1-1,0.59482,0.002014,0,1-2,1,2,0.592807,1,1,1-1,0.591686,0.001171,0,1-2,1,2,0.590515,1,1,1-1,0.588551,0.000328,0,1-2,1,2,0.588223,1,2,1-2,0.585932,0.000515,0,1-1,1,1,0.585417,1,2,1-2,0.58364,0.001358,0,1-1,1,1,0.582282,1,2,1-2,0.581348,0.002201,0,1-1,1,1,0.579147,1,2,1-2,0.579057,0.003044,0,1-1,1,1,0.576013
2018,2018-07-03T21:00:00+03:00,8,56,Colombia,England,1,1,0.349348,0.329611,0.32104,1.0021,0.9486,0.235707,0.310931,0.453362,0.132322,home,away,True,0.113642,0.01868,-0.132322,0,0,0-0,0.630531,0.012783,1,0,1-0,0.617749,1,0,1,0-1,0.810914,0.086182,0,1-2,1,2,0.724733,0,1,0-1,0.79908,0.084924,0,1-2,1,2,0.714156,0,1,0-1,0.787246,0.083666,0,1-2,1,2,0.70358,0,1,0-1,0.775412,0.082409,0,1-2,1,2,0.693004,0,1,0-1,0.763578,0.081151,0,1-2,1,2,0.682428,0,1,0-1,0.751744,0.079893,0,1-2,1,2,0.671851,0,1,0-1,0.73991,0.078636,0,1-2,1,2,0.661275,0,1,0-1,0.728077,0.077378,0,1-2,1,2,0.650699,0,1,0-1,0.716243,0.07612,0,1-2,1,2,0.640122,0,1,0-1,0.704409,0.074863,0,1-2,1,2,0.629546,0,1,0-1,0.692575,0.073605,0,1-2,1,2,0.61897,0,1,0-1,0.680741,0.066279,0,0-0,0,0,0.614462,0,1,0-1,0.668907,0.052658,0,0-0,0,0,0.616249,0,1,0-1,0.657073,0.039037,0,0-0,0,0,0.618035,0,1,0-1,0.645239,0.025417,0,0-0,0,0,0.619822,0,1,0-1,0.633405,0.011796,0,0-0,0,0,0.621609,0,0,0-0,0.623396,0.001825,1,0-1,0,1,0.621571,0,0,0-0,0.625182,0.013954,1,1-1,1,1,0.611228,0,0,0-0,0.626969,0.013994,1,1-1,1,1,0.612975,0,0,0-0,0.628756,0.014034,1,1-1,1,1,0.614722,0,0,0-0,0.630542,0.012783,1,1-0,1,0,0.61776
2018,2018-07-06T17:00:00+03:00,4,57,Uruguay,France,0,2,0.30076,0.276532,0.422707,1.1692,1.4303,0.206082,0.309749,0.484169,0.094678,away,away,False,0.094678,-0.033217,-0.061462,1,2,1-2,0.676402,0.012859,0,2,0-2,0.663543,2,1,2,1-2,0.77487,0.014731,2,0-2,0,2,0.760139,1,2,1-2,0.769952,0.014637,2,0-2,0,2,0.755314,1,2,1-2,0.765033,0.014544,2,0-2,0,2,0.750489,1,2,1-2,0.760115,0.01445,2,0-2,0,2,0.745665,1,2,1-2,0.755197,0.014357,2,0-2,0,2,0.74084,1,2,1-2,0.750279,0.014264,2,0-2,0,2,0.736015,1,2,1-2,0.745361,0.01417,2,0-2,0,2,0.731191,1,2,1-2,0.740443,0.014077,2,0-2,0,2,0.726366,1,2,1-2,0.735524,0.013983,2,0-2,0,2,0.721541,1,2,1-2,0.730606,0.01389,2,0-2,0,2,0.716717,1,2,1-2,0.725688,0.013796,2,0-2,0,2,0.711892,1,2,1-2,0.72077,0.013703,2,0-2,0,2,0.707067,1,2,1-2,0.715852,0.013609,2,0-2,0,2,0.702243,1,2,1-2,0.710933,0.013516,2,0-2,0,2,0.697418,1,2,1-2,0.706015,0.013422,2,0-2,0,2,0.692593,1,2,1-2,0.701097,0.013329,2,0-2,0,2,0.687769,1,2,1-2,0.696179,0.013235,2,0-2,0,2,0.682944,1,2,1-2,0.691261,0.013142,2,0-2,0,2,0.678119,1,2,1-2,0.686342,0.013048,2,0-2,0,2,0.673294,1,2,1-2,0.681424,0.012955,2,0-2,0,2,0.66847,1,2,1-2,0.676506,0.012861,2,0-2,0,2,0.663645
2018,2018-07-06T21:00:00+03:00,4,58,Brazil,Belgium,1,2,0.592189,0.222192,0.185619,2.0372,1.063,0.458902,0.281151,0.259946,0.133286,home,home,False,0.133286,-0.058959,-0.074327,2,1,2-1,0.883618,0.005886,2,0,2-0,0.877732,0,2,1,2-1,0.685593,0.004567,0,2-0,2,0,0.681026,2,1,2-1,0.695549,0.004633,0,2-0,2,0,0.690916,2,1,2-1,0.705506,0.004699,0,2-0,2,0,0.700806,2,1,2-1,0.715462,0.004766,0,2-0,2,0,0.710696,2,1,2-1,0.725418,0.004832,0,2-0,2,0,0.720586,2,1,2-1,0.735375,0.004898,0,2-0,2,0,0.730476,2,1,2-1,0.745331,0.004965,0,2-0,2,0,0.740366,2,1,2-1,0.755287,0.005031,0,2-0,2,0,0.750257,2,1,2-1,0.765244,0.005097,0,2-0,2,0,0.760147,2,1,2-1,0.7752,0.005164,0,2-0,2,0,0.770037,2,1,2-1,0.785157,0.00523,0,2-0,2,0,0.779927,2,1,2-1,0.795113,0.005296,0,2-0,2,0,0.789817,2,1,2-1,0.805069,0.005363,0,2-0,2,0,0.799707,2,1,2-1,0.815026,0.005429,0,2-0,2,0,0.809597,2,1,2-1,0.824982,0.005495,0,2-0,2,0,0.819487,2,1,2-1,0.834939,0.005562,0,2-0,2,0,0.829377,2,1,2-1,0.844895,0.005628,0,2-0,2,0,0.839267,2,1,2-1,0.854851,0.005694,0,2-0,2,0,0.849157,2,1,2-1,0.864808,0.00576,0,2-0,2,0,0.859047,2,1,2-1,0.874764,0.005827,0,2-0,2,0,0.868937,2,1,2-1,0.884721,0.005893,0,2-0,2,0,0.878827
2018,2018-07-07T18:00:00+03:00,4,59,Sweden,England,0,2,0.240963,0.288273,0.470764,0.9214,1.3926,0.186488,0.286812,0.5267,0.055936,away,away,False,0.054475,0.001461,-0.055936,0,2,0-2,0.750784,0.007536,1,2,1-2,0.743247,3,0,2,0-2,0.840082,0.008433,3,1-2,1,2,0.831649,0,2,0-2,0.835621,0.008388,3,1-2,1,2,0.827233,0,2,0-2,0.83116,0.008343,3,1-2,1,2,0.822817,0,2,0-2,0.8267,0.008298,3,1-2,1,2,0.818401,0,2,0-2,0.822239,0.008254,3,1-2,1,2,0.813985,0,2,0-2,0.817778,0.008209,3,1-2,1,2,0.809569,0,2,0-2,0.813317,0.008164,3,1-2,1,2,0.805153,0,2,0-2,0.808856,0.008119,3,1-2,1,2,0.800737,0,2,0-2,0.804395,0.008074,3,1-2,1,2,0.796321,0,2,0-2,0.799935,0.00803,3,1-2,1,2,0.791905,0,2,0-2,0.795474,0.007985,3,1-2,1,2,0.787489,0,2,0-2,0.791013,0.00794,3,1-2,1,2,0.783073,0,2,0-2,0.786552,0.007895,3,1-2,1,2,0.778657,0,2,0-2,0.782091,0.007851,3,1-2,1,2,0.774241,0,2,0-2,0.77763,0.007806,3,1-2,1,2,0.769825,0,2,0-2,0.773169,0.007761,3,1-2,1,2,0.765408,0,2,0-2,0.768709,0.007716,3,1-2,1,2,0.760992,0,2,0-2,0.764248,0.007671,3,1-2,1,2,0.756576,0,2,0-2,0.759787,0.007627,3,1-2,1,2,0.75216,0,2,0-2,0.755326,0.007582,3,1-2,1,2,0.747744,0,2,0-2,0.750865,0.007537,3,1-2,1,2,0.743328
2018,2018-07-07T21:00:00+03:00,4,60,Russia,Croatia,2,2,0.256036,0.28545,0.458514,0.9835,1.4034,0.236612,0.30528,0.458107,0.019831,away,away,False,0.019424,-0.019831,0.000407,0,2,0-2,0.728501,0.001489,1,2,1-2,0.727012,0,0,2,0-2,0.727941,0.001488,0,1-2,1,2,0.726452,0,2,0-2,0.727973,0.001488,0,1-2,1,2,0.726485,0,2,0-2,0.728005,0.001488,0,1-2,1,2,0.726517,0,2,0-2,0.728038,0.001488,0,1-2,1,2,0.726549,0,2,0-2,0.72807,0.001489,0,1-2,1,2,0.726581,0,2,0-2,0.728102,0.001489,0,1-2,1,2,0.726614,0,2,0-2,0.728134,0.001489,0,1-2,1,2,0.726646,0,2,0-2,0.728167,0.001489,0,1-2,1,2,0.726678,0,2,0-2,0.728199,0.001489,0,1-2,1,2,0.72671,0,2,0-2,0.728231,0.001489,0,1-2,1,2,0.726742,0,2,0-2,0.728264,0.001489,0,1-2,1,2,0.726775,0,2,0-2,0.728296,0.001489,0,1-2,1,2,0.726807,0,2,0-2,0.728328,0.001489,0,1-2,1,2,0.726839,0,2,0-2,0.728361,0.001489,0,1-2,1,2,0.726871,0,2,0-2,0.728393,0.001489,0,1-2,1,2,0.726904,0,2,0-2,0.728425,0.001489,0,1-2,1,2,0.726936,0,2,0-2,0.728457,0.001489,0,1-2,1,2,0.726968,0,2,0-2,0.72849,0.001489,0,1-2,1,2,0.727,0,2,0-2,0.728522,0.001489,0,1-2,1,2,0.727033,0,2,0-2,0.728554,0.00149,0,1-2,1,2,0.727065,0,2,0-2,0.728587,0.00149,0,1-2,1,2,0.727097
2018,2018-07-10T21:00:00+03:00,2,61,France,Belgium,1,0,0.417944,0.268093,0.313964,1.491,1.2627,0.373494,0.307488,0.319018,0.04445,home,home,False,0.04445,-0.039395,-0.005055,2,1,2-1,0.667434,0.018599,2,0,2-0,0.648834,1,1,1,1-1,0.599459,0.00288,0,2-1,2,1,0.596579,2,1,2-1,0.600129,0.00451,1,1-1,1,1,0.595619,2,1,2-1,0.603679,0.0119,1,1-1,1,1,0.591779,2,1,2-1,0.607229,0.016922,1,2-0,2,0,0.590307,2,1,2-1,0.610779,0.017021,1,2-0,2,0,0.593758,2,1,2-1,0.614328,0.017119,1,2-0,2,0,0.597209,2,1,2-1,0.617878,0.017218,1,2-0,2,0,0.60066,2,1,2-1,0.621428,0.017317,1,2-0,2,0,0.604111,2,1,2-1,0.624978,0.017416,1,2-0,2,0,0.607562,2,1,2-1,0.628528,0.017515,1,2-0,2,0,0.611013,2,1,2-1,0.632078,0.017614,1,2-0,2,0,0.614464,2,1,2-1,0.635628,0.017713,1,2-0,2,0,0.617915,2,1,2-1,0.639178,0.017812,1,2-0,2,0,0.621366,2,1,2-1,0.642728,0.017911,1,2-0,2,0,0.624817,2,1,2-1,0.646278,0.01801,1,2-0,2,0,0.628268,2,1,2-1,0.649828,0.018109,1,2-0,2,0,0.631719,2,1,2-1,0.653378,0.018208,1,2-0,2,0,0.63517,2,1,2-1,0.656928,0.018307,1,2-0,2,0,0.638621,2,1,2-1,0.660478,0.018406,1,2-0,2,0,0.642072,2,1,2-1,0.664028,0.018504,1,2-0,2,0,0.645523,2,1,2-1,0.667578,0.018603,1,2-0,2,0,0.648974
2018,2018-07-11T21:00:00+03:00,2,62,Croatia,England,2,1,0.262076,0.301552,0.436372,0.9258,1.274,0.251361,0.3227,0.425939,0.021148,away,away,False,0.010716,-0.021148,0.010432,0,1,0-1,0.702725,0.003227,0,2,0-2,0.699499,0,0,1,0-1,0.685968,0.00315,0,0-2,0,2,0.682818,0,1,0-1,0.686808,0.003154,0,0-2,0,2,0.683654,0,1,0-1,0.687648,0.003158,0,0-2,0,2,0.68449,0,1,0-1,0.688488,0.003161,0,0-2,0,2,0.685327,0,1,0-1,0.689328,0.003165,0,0-2,0,2,0.686163,0,1,0-1,0.690168,0.003169,0,0-2,0,2,0.686999,0,1,0-1,0.691008,0.003173,0,0-2,0,2,0.687835,0,1,0-1,0.691848,0.003177,0,0-2,0,2,0.688671,0,1,0-1,0.692688,0.003181,0,0-2,0,2,0.689508,0,1,0-1,0.693528,0.003185,0,0-2,0,2,0.690344,0,1,0-1,0.694368,0.003188,0,0-2,0,2,0.69118,0,1,0-1,0.695208,0.003192,0,0-2,0,2,0.692016,0,1,0-1,0.696048,0.003196,0,0-2,0,2,0.692852,0,1,0-1,0.696889,0.0032,0,0-2,0,2,0.693689,0,1,0-1,0.697729,0.003204,0,0-2,0,2,0.694525,0,1,0-1,0.698569,0.003208,0,0-2,0,2,0.695361,0,1,0-1,0.699409,0.003212,0,0-2,0,2,0.696197,0,1,0-1,0.700249,0.003215,0,0-2,0,2,0.697033,0,1,0-1,0.701089,0.003219,0,0-2,0,2,0.69787,0,1,0-1,0.701929,0.003223,0,0-2,0,2,0.698706,0,1,0-1,0.702769,0.003227,0,0-2,0,2,0.699542
2018,2018-07-14T17:00:00+03:00,1,63,Belgium,England,2,0,0.321095,0.280284,0.39862,1.201,1.3658,0.441436,0.255955,0.302609,0.120341,away,home,True,-0.120341,0.024329,0.096011,1,2,1-2,0.6422,0.014392,0,2,0-2,0.627808,0,2,1,2-1,0.725547,0.027849,2,2-0,2,0,0.697698,2,1,2-1,0.715658,0.027469,2,2-0,2,0,0.688188,2,1,2-1,0.705768,0.02709,2,2-0,2,0,0.678678,2,1,2-1,0.695878,0.02671,2,2-0,2,0,0.669168,2,1,2-1,0.685989,0.026331,2,2-0,2,0,0.659658,2,1,2-1,0.676099,0.025951,2,2-0,2,0,0.650148,2,1,2-1,0.666209,0.025571,2,2-0,2,0,0.640638,2,1,2-1,0.65632,0.025192,2,2-0,2,0,0.631128,2,1,2-1,0.64643,0.024812,2,2-0,2,0,0.621618,2,1,2-1,0.636541,0.024433,2,2-0,2,0,0.612108,2,1,2-1,0.626651,0.024053,2,2-0,2,0,0.602598,2,1,2-1,0.616761,0.023673,2,2-0,2,0,0.593088,2,1,2-1,0.606872,0.023294,2,2-0,2,0,0.583578,2,1,2-1,0.596982,0.008845,2,1-2,1,2,0.588137,1,2,1-2,0.595872,0.00878,0,2-1,2,1,0.587092,1,2,1-2,0.603607,0.013527,0,0-2,0,2,0.59008,1,2,1-2,0.611342,0.013701,0,0-2,0,2,0.597642,1,2,1-2,0.619077,0.013874,0,0-2,0,2,0.605203,1,2,1-2,0.626812,0.014047,0,0-2,0,2,0.612765,1,2,1-2,0.634547,0.014221,0,0-2,0,2,0.620326,1,2,1-2,0.642282,0.014394,0,0-2,0,2,0.627888
2018,2018-07-15T18:00:00+03:00,0,64,France,Croatia,4,2,0.457542,0.287076,0.255382,1.3908,0.9734,0.457076,0.312437,0.230487,0.025361,home,home,False,0.000466,-0.025361,0.024895,2,0,2-0,0.727892,0.002421,2,1,2-1,0.725471,1,2,0,2-0,0.72723,0.002419,1,2-1,2,1,0.724811,2,0,2-0,0.727268,0.002419,1,2-1,2,1,0.724848,2,0,2-0,0.727305,0.002419,1,2-1,2,1,0.724885,2,0,2-0,0.727342,0.002419,1,2-1,2,1,0.724922,2,0,2-0,0.727379,0.00242,1,2-1,2,1,0.724959,2,0,2-0,0.727416,0.00242,1,2-1,2,1,0.724996,2,0,2-0,0.727453,0.00242,1,2-1,2,1,0.725033,2,0,2-0,0.72749,0.00242,1,2-1,2,1,0.72507,2,0,2-0,0.727527,0.00242,1,2-1,2,1,0.725107,2,0,2-0,0.727564,0.00242,1,2-1,2,1,0.725144,2,0,2-0,0.727601,0.00242,1,2-1,2,1,0.725181,2,0,2-0,0.727639,0.00242,1,2-1,2,1,0.725218,2,0,2-0,0.727676,0.002421,1,2-1,2,1,0.725255,2,0,2-0,0.727713,0.002421,1,2-1,2,1,0.725292,2,0,2-0,0.72775,0.002421,1,2-1,2,1,0.725329,2,0,2-0,0.727787,0.002421,1,2-1,2,1,0.725366,2,0,2-0,0.727824,0.002421,1,2-1,2,1,0.725403,2,0,2-0,0.727861,0.002421,1,2-1,2,1,0.72544,2,0,2-0,0.727898,0.002421,1,2-1,2,1,0.725477,2,0,2-0,0.727935,0.002421,1,2-1,2,1,0.725514,2,0,2-0,0.727973,0.002422,1,2-1,2,1,0.725551
2022,2022-11-21T19:00:00+03:00,G,1,Senegal,Netherlands,0,2,0.192873,0.264294,0.542833,0.791,1.5181,0.155819,0.258891,0.58529,0.042458,away,away,False,0.037054,0.005403,-0.042458,0,2,0-2,0.862247,0.022508,0,1,0-1,0.839739,3,0,2,0-2,0.92986,0.024273,3,0-1,0,1,0.905587,0,2,0-2,0.926488,0.024185,3,0-1,0,1,0.902303,0,2,0-2,0.923115,0.024097,3,0-1,0,1,0.899018,0,2,0-2,0.919742,0.024009,3,0-1,0,1,0.895734,0,2,0-2,0.91637,0.023921,3,0-1,0,1,0.892449,0,2,0-2,0.912997,0.023833,3,0-1,0,1,0.889164,0,2,0-2,0.909624,0.023745,3,0-1,0,1,0.88588,0,2,0-2,0.906252,0.023657,3,0-1,0,1,0.882595,0,2,0-2,0.902879,0.023569,3,0-1,0,1,0.879311,0,2,0-2,0.899506,0.023481,3,0-1,0,1,0.876026,0,2,0-2,0.896134,0.023392,3,0-1,0,1,0.872741,0,2,0-2,0.892761,0.023304,3,0-1,0,1,0.869457,0,2,0-2,0.889388,0.023216,3,0-1,0,1,0.866172,0,2,0-2,0.886016,0.023128,3,0-1,0,1,0.862887,0,2,0-2,0.882643,0.02304,3,0-1,0,1,0.859603,0,2,0-2,0.87927,0.022952,3,0-1,0,1,0.856318,0,2,0-2,0.875898,0.022864,3,0-1,0,1,0.853034,0,2,0-2,0.872525,0.022776,3,0-1,0,1,0.849749,0,2,0-2,0.869152,0.022688,3,0-1,0,1,0.846464,0,2,0-2,0.86578,0.0226,3,0-1,0,1,0.84318,0,2,0-2,0.862407,0.022512,3,0-1,0,1,0.839895
2022,2022-11-21T16:00:00+03:00,G,2,England,Iran,6,2,0.561503,0.278187,0.16031,1.4105,0.6163,0.709515,0.204703,0.085782,0.148012,home,home,False,-0.148012,0.073483,0.074528,1,0,1-0,0.928696,0.024335,2,0,2-0,0.904361,1,1,0,1-0,1.173631,0.030753,1,2-0,2,0,1.142878,1,0,1-0,1.16139,0.030432,1,2-0,2,0,1.130958,1,0,1-0,1.149148,0.030111,1,2-0,2,0,1.119037,1,0,1-0,1.136907,0.029791,1,2-0,2,0,1.107116,1,0,1-0,1.124665,0.02947,1,2-0,2,0,1.095195,1,0,1-0,1.112424,0.029149,1,2-0,2,0,1.083275,1,0,1-0,1.100182,0.028828,1,2-0,2,0,1.071354,1,0,1-0,1.087941,0.028508,1,2-0,2,0,1.059433,1,0,1-0,1.075699,0.028187,1,2-0,2,0,1.047512,1,0,1-0,1.063458,0.027866,1,2-0,2,0,1.035592,1,0,1-0,1.051216,0.027545,1,2-0,2,0,1.023671,1,0,1-0,1.038975,0.027225,1,2-0,2,0,1.01175,1,0,1-0,1.026733,0.026904,1,2-0,2,0,0.999829,1,0,1-0,1.014492,0.026583,1,2-0,2,0,0.987908,1,0,1-0,1.00225,0.026262,1,2-0,2,0,0.975988,1,0,1-0,0.990008,0.025941,1,2-0,2,0,0.964067,1,0,1-0,0.977767,0.025621,1,2-0,2,0,0.952146,1,0,1-0,0.965525,0.0253,1,2-0,2,0,0.940225,1,0,1-0,0.953284,0.024979,1,2-0,2,0,0.928305,1,0,1-0,0.941042,0.024658,1,2-0,2,0,0.916384,1,0,1-0,0.928801,0.024338,1,2-0,2,0,0.904463
2022,2022-11-20T19:00:00+03:00,G,3,Qatar,Ecuador,0,2,0.155681,0.191178,0.65314,1.0301,2.2858,0.262599,0.305044,0.432358,0.220783,away,away,False,-0.106917,-0.113865,0.220783,1,2,1-2,0.941714,0.002857,0,2,0-2,0.938858,2,1,2,1-2,0.624951,0.001896,2,0-2,0,2,0.623055,1,2,1-2,0.640907,0.001944,2,0-2,0,2,0.638963,1,2,1-2,0.656864,0.001993,2,0-2,0,2,0.654871,1,2,1-2,0.67282,0.002041,2,0-2,0,2,0.670779,1,2,1-2,0.688777,0.002089,2,0-2,0,2,0.686687,1,2,1-2,0.704733,0.002138,2,0-2,0,2,0.702596,1,2,1-2,0.72069,0.002186,2,0-2,0,2,0.718504,1,2,1-2,0.736646,0.002235,2,0-2,0,2,0.734412,1,2,1-2,0.752603,0.002283,2,0-2,0,2,0.75032,1,2,1-2,0.768559,0.002331,2,0-2,0,2,0.766228,1,2,1-2,0.784516,0.00238,2,0-2,0,2,0.782136,1,2,1-2,0.800472,0.002428,2,0-2,0,2,0.798044,1,2,1-2,0.816429,0.002477,2,0-2,0,2,0.813952,1,2,1-2,0.832385,0.002525,2,0-2,0,2,0.82986,1,2,1-2,0.848342,0.002573,2,0-2,0,2,0.845768,1,2,1-2,0.864298,0.002622,2,0-2,0,2,0.861677,1,2,1-2,0.880255,0.00267,2,0-2,0,2,0.877585,1,2,1-2,0.896211,0.002719,2,0-2,0,2,0.893493,1,2,1-2,0.912168,0.002767,2,0-2,0,2,0.909401,1,2,1-2,0.928124,0.002815,2,0-2,0,2,0.925309,1,2,1-2,0.944081,0.002864,2,0-2,0,2,0.941217
2022,2022-11-21T22:00:00+03:00,G,4,United States,Wales,1,1,0.335173,0.316475,0.348352,0.9729,0.9979,0.393166,0.308487,0.298347,0.057993,away,home,True,-0.057993,0.007988,0.050005,0,1,0-1,0.621199,0.020148,1,0,1-0,0.601051,0,1,0,1-0,0.70506,0.079977,0,2-0,2,0,0.625083,1,0,1-0,0.69986,0.079387,0,2-0,2,0,0.620473,1,0,1-0,0.69466,0.078797,0,2-0,2,0,0.615863,1,0,1-0,0.68946,0.078207,0,2-0,2,0,0.611253,1,0,1-0,0.68426,0.077618,0,2-0,2,0,0.606643,1,0,1-0,0.67906,0.077028,0,2-0,2,0,0.602033,1,0,1-0,0.67386,0.076438,0,2-0,2,0,0.597423,1,0,1-0,0.668661,0.075848,0,2-0,2,0,0.592813,1,0,1-0,0.663461,0.072156,0,0-0,0,0,0.591305,1,0,1-0,0.658261,0.066198,0,0-0,0,0,0.592063,1,0,1-0,0.653061,0.06024,0,0-0,0,0,0.592821,1,0,1-0,0.647861,0.054283,0,0-0,0,0,0.593578,1,0,1-0,0.642661,0.048325,0,0-0,0,0,0.594336,1,0,1-0,0.637461,0.042367,0,0-0,0,0,0.595094,1,0,1-0,0.632261,0.03641,0,0-0,0,0,0.595852,1,0,1-0,0.627061,0.028144,0,0-1,0,1,0.598917,1,0,1-0,0.621861,0.018486,0,0-1,0,1,0.603376,1,0,1-0,0.616661,0.008827,0,0-1,0,1,0.607834,0,1,0-1,0.612293,0.000831,0,1-0,1,0,0.611462,0,1,0-1,0.616752,0.01049,0,1-0,1,0,0.606262,0,1,0-1,0.62121,0.020148,0,1-0,1,0,0.601062
2022,2022-11-22T13:00:00+03:00,G,5,Argentina,Saudi Arabia,1,2,0.84964,0.111761,0.038599,2.7522,0.4502,0.877377,0.095591,0.027032,0.027737,home,home,False,-0.027737,0.01617,0.011567,2,0,2-0,1.220729,0.016858,3,0,3-0,1.203871,0,2,0,2-0,1.269951,0.017537,0,3-0,3,0,1.252414,2,0,2-0,1.267944,0.01751,0,3-0,3,0,1.250434,2,0,2-0,1.265937,0.017482,0,3-0,3,0,1.248455,2,0,2-0,1.263929,0.017454,0,3-0,3,0,1.246475,2,0,2-0,1.261922,0.017426,0,3-0,3,0,1.244495,2,0,2-0,1.259914,0.017399,0,3-0,3,0,1.242516,2,0,2-0,1.257907,0.017371,0,3-0,3,0,1.240536,2,0,2-0,1.2559,0.017343,0,3-0,3,0,1.238557,2,0,2-0,1.253892,0.017316,0,3-0,3,0,1.236577,2,0,2-0,1.251885,0.017288,0,3-0,3,0,1.234597,2,0,2-0,1.249878,0.01726,0,3-0,3,0,1.232618,2,0,2-0,1.24787,0.017232,0,3-0,3,0,1.230638,2,0,2-0,1.245863,0.017205,0,3-0,3,0,1.228658,2,0,2-0,1.243856,0.017177,0,3-0,3,0,1.226679,2,0,2-0,1.241848,0.017149,0,3-0,3,0,1.224699,2,0,2-0,1.239841,0.017122,0,3-0,3,0,1.222719,2,0,2-0,1.237834,0.017094,0,3-0,3,0,1.22074,2,0,2-0,1.235826,0.017066,0,3-0,3,0,1.21876,2,0,2-0,1.233819,0.017038,0,3-0,3,0,1.216781,2,0,2-0,1.231812,0.017011,0,3-0,3,0,1.214801,2,0,2-0,1.229804,0.016983,0,3-0,3,0,1.212821
2022,2022-11-22T16:00:00+03:00,G,6,Denmark,Tunisia,0,0,0.64843,0.219058,0.132512,1.8702,0.7077,0.61527,0.244949,0.139781,0.033161,home,home,False,0.033161,-0.025891,-0.007269,2,0,2-0,1.007522,0.038808,2,1,2-1,0.968713,0,2,0,2-0,0.956684,0.03685,0,2-1,2,1,0.919834,2,0,2-0,0.959262,0.036949,0,2-1,2,1,0.922313,2,0,2-0,0.96184,0.037049,0,2-1,2,1,0.924792,2,0,2-0,0.964419,0.037148,0,2-1,2,1,0.927271,2,0,2-0,0.966997,0.037247,0,2-1,2,1,0.929749,2,0,2-0,0.969575,0.037347,0,2-1,2,1,0.932228,2,0,2-0,0.972153,0.037446,0,2-1,2,1,0.934707,2,0,2-0,0.974731,0.037545,0,2-1,2,1,0.937186,2,0,2-0,0.977309,0.037645,0,2-1,2,1,0.939664,2,0,2-0,0.979887,0.037744,0,2-1,2,1,0.942143,2,0,2-0,0.982465,0.037843,0,2-1,2,1,0.944622,2,0,2-0,0.985043,0.037942,0,2-1,2,1,0.947101,2,0,2-0,0.987621,0.038042,0,2-1,2,1,0.94958,2,0,2-0,0.990199,0.038141,0,2-1,2,1,0.952058,2,0,2-0,0.992777,0.03824,0,2-1,2,1,0.954537,2,0,2-0,0.995355,0.03834,0,2-1,2,1,0.957016,2,0,2-0,0.997934,0.038439,0,2-1,2,1,0.959495,2,0,2-0,1.000512,0.038538,0,2-1,2,1,0.961973,2,0,2-0,1.00309,0.038638,0,2-1,2,1,0.964452,2,0,2-0,1.005668,0.038737,0,2-1,2,1,0.966931,2,0,2-0,1.008246,0.038836,0,2-1,2,1,0.96941
2022,2022-11-22T19:00:00+03:00,G,7,Mexico,Poland,0,0,0.327732,0.257603,0.414665,1.2907,1.482,0.386795,0.306602,0.306602,0.108063,away,home,True,-0.059063,-0.048999,0.108063,1,2,1-2,0.660357,0.01995,0,2,0-2,0.640407,0,2,1,2-1,0.630376,0.029618,0,2-0,2,0,0.600758,2,1,2-1,0.625563,0.029392,0,2-0,2,0,0.596171,2,1,2-1,0.62075,0.029166,0,2-0,2,0,0.591584,2,1,2-1,0.615937,0.02894,0,2-0,2,0,0.586998,2,1,2-1,0.611124,0.028714,0,2-0,2,0,0.582411,2,1,2-1,0.606312,0.028488,0,2-0,2,0,0.577824,2,1,2-1,0.601499,0.028261,0,2-0,2,0,0.573237,2,1,2-1,0.596686,0.028035,0,2-0,2,0,0.56865,2,1,2-1,0.591873,0.027809,0,2-0,2,0,0.564064,2,1,2-1,0.58706,0.021229,0,1-2,1,2,0.565831,2,1,2-1,0.582247,0.00781,0,1-2,1,2,0.574437,1,2,1-2,0.583043,0.005609,0,2-1,2,1,0.577434,1,2,1-2,0.59165,0.017874,0,0-2,0,2,0.573775,1,2,1-2,0.600256,0.018134,0,0-2,0,2,0.582122,1,2,1-2,0.608863,0.018394,0,0-2,0,2,0.590468,1,2,1-2,0.617469,0.018655,0,0-2,0,2,0.598814,1,2,1-2,0.626075,0.018915,0,0-2,0,2,0.607161,1,2,1-2,0.634682,0.019175,0,0-2,0,2,0.615507,1,2,1-2,0.643288,0.019435,0,0-2,0,2,0.623854,1,2,1-2,0.651895,0.019695,0,0-2,0,2,0.6322,1,2,1-2,0.660501,0.019955,0,0-2,0,2,0.640546
2022,2022-11-22T22:00:00+03:00,G,8,France,Australia,4,1,0.723353,0.173347,0.1033,2.3275,0.7584,0.807064,0.134989,0.057948,0.083711,home,home,False,-0.083711,0.038358,0.045353,2,0,2-0,1.062707,0.0299,2,1,2-1,1.032807,1,2,0,2-0,1.188997,0.033453,1,2-1,2,1,1.155544,2,0,2-0,1.18283,0.033279,1,2-1,2,1,1.149551,2,0,2-0,1.176664,0.033106,1,2-1,2,1,1.143558,2,0,2-0,1.170498,0.032932,1,2-1,2,1,1.137566,2,0,2-0,1.164332,0.032759,1,2-1,2,1,1.131573,2,0,2-0,1.158165,0.032585,1,2-1,2,1,1.12558,2,0,2-0,1.151999,0.032412,1,2-1,2,1,1.119587,2,0,2-0,1.145833,0.032238,1,2-1,2,1,1.113594,2,0,2-0,1.139666,0.032065,1,2-1,2,1,1.107602,2,0,2-0,1.1335,0.031891,1,2-1,2,1,1.101609,2,0,2-0,1.127334,0.031718,1,2-1,2,1,1.095616,2,0,2-0,1.121168,0.031544,1,2-1,2,1,1.089623,2,0,2-0,1.115001,0.031371,1,2-1,2,1,1.08363,2,0,2-0,1.108835,0.031197,1,2-1,2,1,1.077638,2,0,2-0,1.102669,0.031024,1,2-1,2,1,1.071645,2,0,2-0,1.096502,0.03085,1,2-1,2,1,1.065652,2,0,2-0,1.090336,0.030677,1,2-1,2,1,1.059659,2,0,2-0,1.08417,0.030503,1,2-1,2,1,1.053666,2,0,2-0,1.078004,0.03033,1,2-1,2,1,1.047674,2,0,2-0,1.071837,0.030156,1,2-1,2,1,1.041681,2,0,2-0,1.065671,0.029983,1,2-1,2,1,1.035688
2022,2022-11-23T13:00:00+03:00,G,9,Morocco,Croatia,0,0,0.2665,0.268046,0.465453,1.0368,1.4572,0.273584,0.293176,0.43324,0.032213,away,away,False,-0.007083,-0.02513,0.032213,1,2,1-2,0.734862,0.003227,0,2,0-2,0.731635,0,1,2,1-2,0.684108,0.003004,0,0-2,0,2,0.681104,1,2,1-2,0.686651,0.003015,0,0-2,0,2,0.683636,1,2,1-2,0.689194,0.003026,0,0-2,0,2,0.686168,1,2,1-2,0.691738,0.003037,0,0-2,0,2,0.6887,1,2,1-2,0.694281,0.003049,0,0-2,0,2,0.691233,1,2,1-2,0.696824,0.00306,0,0-2,0,2,0.693765,1,2,1-2,0.699368,0.003071,0,0-2,0,2,0.696297,1,2,1-2,0.701911,0.003082,0,0-2,0,2,0.698829,1,2,1-2,0.704454,0.003093,0,0-2,0,2,0.701361,1,2,1-2,0.706998,0.003104,0,0-2,0,2,0.703893,1,2,1-2,0.709541,0.003116,0,0-2,0,2,0.706426,1,2,1-2,0.712084,0.003127,0,0-2,0,2,0.708958,1,2,1-2,0.714628,0.003138,0,0-2,0,2,0.71149,1,2,1-2,0.717171,0.003149,0,0-2,0,2,0.714022,1,2,1-2,0.719714,0.00316,0,0-2,0,2,0.716554,1,2,1-2,0.722258,0.003171,0,0-2,0,2,0.719086,1,2,1-2,0.724801,0.003183,0,0-2,0,2,0.721618,1,2,1-2,0.727344,0.003194,0,0-2,0,2,0.724151,1,2,1-2,0.729888,0.003205,0,0-2,0,2,0.726683,1,2,1-2,0.732431,0.003216,0,0-2,0,2,0.729215,1,2,1-2,0.734974,0.003227,0,0-2,0,2,0.731747
2022,2022-11-23T16:00:00+03:00,G,10,Germany,Japan,1,2,0.712847,0.161757,0.125396,2.6643,1.0529,0.686154,0.189745,0.124102,0.027987,home,home,False,0.026694,-0.027987,0.001294,3,1,3-1,0.98883,0.004055,3,0,3-0,0.984775,0,3,1,3-1,0.957693,0.003927,0,3-0,3,0,0.953766,3,1,3-1,0.959556,0.003935,0,3-0,3,0,0.955621,3,1,3-1,0.961419,0.003943,0,3-0,3,0,0.957476,3,1,3-1,0.963282,0.00395,0,3-0,3,0,0.959332,3,1,3-1,0.965145,0.003958,0,3-0,3,0,0.961187,3,1,3-1,0.967008,0.003966,0,3-0,3,0,0.963042,3,1,3-1,0.968871,0.003973,0,3-0,3,0,0.964897,3,1,3-1,0.970733,0.003981,0,3-0,3,0,0.966753,3,1,3-1,0.972596,0.003988,0,3-0,3,0,0.968608,3,1,3-1,0.974459,0.003996,0,3-0,3,0,0.970463,3,1,3-1,0.976322,0.004004,0,3-0,3,0,0.972318,3,1,3-1,0.978185,0.004011,0,3-0,3,0,0.974174,3,1,3-1,0.980048,0.004019,0,3-0,3,0,0.976029,3,1,3-1,0.981911,0.004027,0,3-0,3,0,0.977884,3,1,3-1,0.983773,0.004034,0,3-0,3,0,0.979739,3,1,3-1,0.985636,0.004042,0,3-0,3,0,0.981594,3,1,3-1,0.987499,0.00405,0,3-0,3,0,0.98345,3,1,3-1,0.989362,0.004057,0,3-0,3,0,0.985305,3,1,3-1,0.991225,0.004065,0,3-0,3,0,0.98716,3,1,3-1,0.993088,0.004072,0,3-0,3,0,0.989015,3,1,3-1,0.994951,0.00408,0,3-0,3,0,0.990871
2022,2022-11-23T19:00:00+03:00,G,11,Spain,Costa Rica,7,0,0.766723,0.162845,0.070432,2.2703,0.536,0.851958,0.104432,0.043609,0.085235,home,home,False,-0.085235,0.058412,0.026823,2,0,2-0,1.159822,0.072257,2,1,2-1,1.087565,1,2,0,2-0,1.291849,0.080483,1,2-1,2,1,1.211367,2,0,2-0,1.285387,0.08008,1,2-1,2,1,1.205307,2,0,2-0,1.278925,0.079677,1,2-1,2,1,1.199248,2,0,2-0,1.272463,0.079275,1,2-1,2,1,1.193188,2,0,2-0,1.266001,0.078872,1,2-1,2,1,1.187128,2,0,2-0,1.259538,0.07847,1,2-1,2,1,1.181069,2,0,2-0,1.253076,0.078067,1,2-1,2,1,1.175009,2,0,2-0,1.246614,0.077664,1,2-1,2,1,1.168949,2,0,2-0,1.240152,0.077262,1,2-1,2,1,1.16289,2,0,2-0,1.233689,0.076859,1,2-1,2,1,1.15683,2,0,2-0,1.227227,0.076457,1,2-1,2,1,1.15077,2,0,2-0,1.220765,0.076054,1,2-1,2,1,1.144711,2,0,2-0,1.214303,0.075651,1,2-1,2,1,1.138651,2,0,2-0,1.20784,0.075249,1,2-1,2,1,1.132592,2,0,2-0,1.201378,0.074846,1,2-1,2,1,1.126532,2,0,2-0,1.194916,0.074444,1,2-1,2,1,1.120472,2,0,2-0,1.188454,0.074041,1,2-1,2,1,1.114413,2,0,2-0,1.181991,0.073638,1,2-1,2,1,1.108353,2,0,2-0,1.175529,0.073236,1,2-1,2,1,1.102293,2,0,2-0,1.169067,0.072833,1,2-1,2,1,1.096234,2,0,2-0,1.162605,0.072431,1,2-1,2,1,1.090174
2022,2022-11-23T22:00:00+03:00,G,12,Belgium,Canada,1,0,0.74896,0.153197,0.097843,2.6316,0.8593,0.616159,0.224541,0.1593,0.132801,home,home,False,0.132801,-0.071344,-0.061457,2,0,2-0,1.046384,0.002877,3,0,3-0,1.043507,1,2,0,2-0,0.865799,0.002381,1,3-0,3,0,0.863419,2,0,2-0,0.87513,0.002406,1,3-0,3,0,0.872723,2,0,2-0,0.88446,0.002432,1,3-0,3,0,0.882028,2,0,2-0,0.89379,0.002458,1,3-0,3,0,0.891333,2,0,2-0,0.903121,0.002483,1,3-0,3,0,0.900637,2,0,2-0,0.912451,0.002509,1,3-0,3,0,0.909942,2,0,2-0,0.921781,0.002535,1,3-0,3,0,0.919246,2,0,2-0,0.931111,0.00256,1,3-0,3,0,0.928551,2,0,2-0,0.940442,0.002586,1,3-0,3,0,0.937856,2,0,2-0,0.949772,0.002612,1,3-0,3,0,0.94716,2,0,2-0,0.959102,0.002637,1,3-0,3,0,0.956465,2,0,2-0,0.968433,0.002663,1,3-0,3,0,0.96577,2,0,2-0,0.977763,0.002689,1,3-0,3,0,0.975074,2,0,2-0,0.987093,0.002714,1,3-0,3,0,0.984379,2,0,2-0,0.996423,0.00274,1,3-0,3,0,0.993683,2,0,2-0,1.005754,0.002766,1,3-0,3,0,1.002988,2,0,2-0,1.015084,0.002791,1,3-0,3,0,1.012293,2,0,2-0,1.024414,0.002817,1,3-0,3,0,1.021597,2,0,2-0,1.033745,0.002843,1,3-0,3,0,1.030902,2,0,2-0,1.043075,0.002868,1,3-0,3,0,1.040207,2,0,2-0,1.052405,0.002894,1,3-0,3,0,1.049511
2022,2022-11-24T13:00:00+03:00,G,13,Switzerland,Cameroon,1,0,0.595532,0.238434,0.166034,1.7315,0.7912,0.53474,0.279316,0.185944,0.060792,home,home,False,0.060792,-0.040883,-0.019909,2,0,2-0,0.931018,0.025116,2,1,2-1,0.905902,1,2,0,2-0,0.836347,0.022562,1,2-1,2,1,0.813785,2,0,2-0,0.841101,0.02269,1,2-1,2,1,0.818411,2,0,2-0,0.845855,0.022818,1,2-1,2,1,0.823036,2,0,2-0,0.850609,0.022947,1,2-1,2,1,0.827662,2,0,2-0,0.855363,0.023075,1,2-1,2,1,0.832288,2,0,2-0,0.860117,0.023203,1,2-1,2,1,0.836914,2,0,2-0,0.864871,0.023331,1,2-1,2,1,0.841539,2,0,2-0,0.869625,0.02346,1,2-1,2,1,0.846165,2,0,2-0,0.874379,0.023588,1,2-1,2,1,0.850791,2,0,2-0,0.879133,0.023716,1,2-1,2,1,0.855417,2,0,2-0,0.883887,0.023844,1,2-1,2,1,0.860042,2,0,2-0,0.888641,0.023973,1,2-1,2,1,0.864668,2,0,2-0,0.893395,0.024101,1,2-1,2,1,0.869294,2,0,2-0,0.898149,0.024229,1,2-1,2,1,0.87392,2,0,2-0,0.902903,0.024357,1,2-1,2,1,0.878546,2,0,2-0,0.907657,0.024486,1,2-1,2,1,0.883171,2,0,2-0,0.912411,0.024614,1,2-1,2,1,0.887797,2,0,2-0,0.917165,0.024742,1,2-1,2,1,0.892423,2,0,2-0,0.921919,0.02487,1,2-1,2,1,0.897049,2,0,2-0,0.926673,0.024999,1,2-1,2,1,0.901674,2,0,2-0,0.931427,0.025127,1,2-1,2,1,0.9063
2022,2022-11-24T16:00:00+03:00,G,14,Uruguay,South Korea,0,0,0.59368,0.244687,0.161632,1.6695,0.742,0.543233,0.271037,0.18573,0.050447,home,home,False,0.050447,-0.02635,-0.024098,2,0,2-0,0.936166,0.032239,2,1,2-1,0.903927,0,2,0,2-0,0.856912,0.02951,0,2-1,2,1,0.827402,2,0,2-0,0.860891,0.029647,0,2-1,2,1,0.831244,2,0,2-0,0.86487,0.029784,0,2-1,2,1,0.835086,2,0,2-0,0.868849,0.029921,0,2-1,2,1,0.838928,2,0,2-0,0.872828,0.030058,0,2-1,2,1,0.84277,2,0,2-0,0.876807,0.030195,0,2-1,2,1,0.846612,2,0,2-0,0.880785,0.030332,0,2-1,2,1,0.850453,2,0,2-0,0.884764,0.030469,0,2-1,2,1,0.854295,2,0,2-0,0.888743,0.030606,0,2-1,2,1,0.858137,2,0,2-0,0.892722,0.030743,0,2-1,2,1,0.861979,2,0,2-0,0.896701,0.03088,0,2-1,2,1,0.865821,2,0,2-0,0.90068,0.031017,0,2-1,2,1,0.869663,2,0,2-0,0.904659,0.031154,0,2-1,2,1,0.873505,2,0,2-0,0.908637,0.031291,0,2-1,2,1,0.877346,2,0,2-0,0.912616,0.031428,0,2-1,2,1,0.881188,2,0,2-0,0.916595,0.031565,0,2-1,2,1,0.88503,2,0,2-0,0.920574,0.031702,0,2-1,2,1,0.888872,2,0,2-0,0.924553,0.031839,0,2-1,2,1,0.892714,2,0,2-0,0.928532,0.031976,0,2-1,2,1,0.896556,2,0,2-0,0.932511,0.032113,0,2-1,2,1,0.900397,2,0,2-0,0.93649,0.03225,0,2-1,2,1,0.904239
2022,2022-11-24T19:00:00+03:00,G,15,Portugal,Ghana,3,2,0.757046,0.16624,0.076713,2.267,0.574,0.750233,0.168881,0.080886,0.006814,home,home,False,0.006814,-0.00264,-0.004173,2,0,2-0,1.141307,0.063894,2,1,2-1,1.077413,1,2,0,2-0,1.133725,0.06347,1,2-1,2,1,1.070256,2,0,2-0,1.13424,0.063498,1,2-1,2,1,1.070742,2,0,2-0,1.134755,0.063527,1,2-1,2,1,1.071228,2,0,2-0,1.13527,0.063556,1,2-1,2,1,1.071714,2,0,2-0,1.135785,0.063585,1,2-1,2,1,1.0722,2,0,2-0,1.136299,0.063614,1,2-1,2,1,1.072686,2,0,2-0,1.136814,0.063642,1,2-1,2,1,1.073172,2,0,2-0,1.137329,0.063671,1,2-1,2,1,1.073658,2,0,2-0,1.137844,0.0637,1,2-1,2,1,1.074144,2,0,2-0,1.138359,0.063729,1,2-1,2,1,1.07463,2,0,2-0,1.138873,0.063758,1,2-1,2,1,1.075116,2,0,2-0,1.139388,0.063787,1,2-1,2,1,1.075602,2,0,2-0,1.139903,0.063815,1,2-1,2,1,1.076088,2,0,2-0,1.140418,0.063844,1,2-1,2,1,1.076574,2,0,2-0,1.140933,0.063873,1,2-1,2,1,1.07706,2,0,2-0,1.141448,0.063902,1,2-1,2,1,1.077546,2,0,2-0,1.141962,0.063931,1,2-1,2,1,1.078032,2,0,2-0,1.142477,0.06396,1,2-1,2,1,1.078518,2,0,2-0,1.142992,0.063988,1,2-1,2,1,1.079004,2,0,2-0,1.143507,0.064017,1,2-1,2,1,1.07949,2,0,2-0,1.144022,0.064046,1,2-1,2,1,1.079976
2022,2022-11-24T22:00:00+03:00,G,16,Brazil,Serbia,2,0,0.745007,0.167566,0.087427,2.3175,0.6591,0.669511,0.206007,0.124482,0.075497,home,home,False,0.075497,-0.038442,-0.037055,2,0,2-0,1.106926,0.046661,2,1,2-1,1.060265,3,2,0,2-0,0.997457,0.042046,3,2-1,2,1,0.95541,2,0,2-0,1.003081,0.042284,3,2-1,2,1,0.960797,2,0,2-0,1.008704,0.042521,3,2-1,2,1,0.966184,2,0,2-0,1.014328,0.042758,3,2-1,2,1,0.971571,2,0,2-0,1.019952,0.042995,3,2-1,2,1,0.976957,2,0,2-0,1.025576,0.043232,3,2-1,2,1,0.982344,2,0,2-0,1.0312,0.043469,3,2-1,2,1,0.987731,2,0,2-0,1.036824,0.043706,3,2-1,2,1,0.993118,2,0,2-0,1.042448,0.043943,3,2-1,2,1,0.998505,2,0,2-0,1.048071,0.04418,3,2-1,2,1,1.003891,2,0,2-0,1.053695,0.044417,3,2-1,2,1,1.009278,2,0,2-0,1.059319,0.044654,3,2-1,2,1,1.014665,2,0,2-0,1.064943,0.044891,3,2-1,2,1,1.020052,2,0,2-0,1.070567,0.045128,3,2-1,2,1,1.025439,2,0,2-0,1.076191,0.045365,3,2-1,2,1,1.030825,2,0,2-0,1.081815,0.045602,3,2-1,2,1,1.036212,2,0,2-0,1.087438,0.045839,3,2-1,2,1,1.041599,2,0,2-0,1.093062,0.046077,3,2-1,2,1,1.046986,2,0,2-0,1.098686,0.046314,3,2-1,2,1,1.052373,2,0,2-0,1.10431,0.046551,3,2-1,2,1,1.057759,2,0,2-0,1.109934,0.046788,3,2-1,2,1,1.063146
2022,2022-11-25T13:00:00+03:00,G,17,Wales,Iran,0,2,0.318913,0.33685,0.344237,0.8639,0.91,0.453471,0.298153,0.248376,0.134558,away,home,True,-0.134558,0.038697,0.095861,0,0,0-0,0.681356,0.0335,0,1,0-1,0.647856,0,1,0,1-0,0.862974,0.14751,0,2-0,2,0,0.715464,1,0,1-0,0.850171,0.145321,0,2-0,2,0,0.704849,1,0,1-0,0.837367,0.143133,0,2-0,2,0,0.694234,1,0,1-0,0.824564,0.140944,0,2-0,2,0,0.683619,1,0,1-0,0.81176,0.138756,0,2-0,2,0,0.673005,1,0,1-0,0.798957,0.136567,0,2-0,2,0,0.66239,1,0,1-0,0.786153,0.134379,0,2-0,2,0,0.651775,1,0,1-0,0.77335,0.13219,0,2-0,2,0,0.64116,1,0,1-0,0.760546,0.126149,0,0-0,0,0,0.634397,1,0,1-0,0.747743,0.109432,0,0-0,0,0,0.638311,1,0,1-0,0.734939,0.092714,0,0-0,0,0,0.642225,1,0,1-0,0.722135,0.075997,0,0-0,0,0,0.646138,1,0,1-0,0.709332,0.05928,0,0-0,0,0,0.650052,1,0,1-0,0.696528,0.042563,0,0-0,0,0,0.653966,1,0,1-0,0.683725,0.025845,0,0-0,0,0,0.657879,1,0,1-0,0.670921,0.009128,0,0-0,0,0,0.661793,0,0,0-0,0.665707,0.007589,0,1-0,1,0,0.658118,0,0,0-0,0.669621,0.024306,0,1-0,1,0,0.645314,0,0,0-0,0.673534,0.041023,0,1-0,1,0,0.632511,0,0,0-0,0.677448,0.038607,0,0-1,0,1,0.638841,0,0,0-0,0.681362,0.0335,0,0-1,0,1,0.647862
2022,2022-11-25T16:00:00+03:00,G,18,Qatar,Senegal,1,3,0.187238,0.261224,0.551538,0.7817,1.5423,0.168162,0.264633,0.567205,0.019076,away,away,False,0.019076,-0.003409,-0.015667,0,2,0-2,0.875253,0.025411,1,2,1-2,0.849842,1,0,2,0-2,0.900301,0.026138,1,1-2,1,2,0.874163,0,2,0-2,0.899058,0.026102,1,1-2,1,2,0.872956,0,2,0-2,0.897815,0.026066,1,1-2,1,2,0.871748,0,2,0-2,0.896571,0.02603,1,1-2,1,2,0.870541,0,2,0-2,0.895328,0.025994,1,1-2,1,2,0.869334,0,2,0-2,0.894084,0.025958,1,1-2,1,2,0.868126,0,2,0-2,0.892841,0.025922,1,1-2,1,2,0.866919,0,2,0-2,0.891598,0.025886,1,1-2,1,2,0.865712,0,2,0-2,0.890354,0.02585,1,1-2,1,2,0.864505,0,2,0-2,0.889111,0.025813,1,1-2,1,2,0.863297,0,2,0-2,0.887867,0.025777,1,1-2,1,2,0.86209,0,2,0-2,0.886624,0.025741,1,1-2,1,2,0.860883,0,2,0-2,0.885381,0.025705,1,1-2,1,2,0.859675,0,2,0-2,0.884137,0.025669,1,1-2,1,2,0.858468,0,2,0-2,0.882894,0.025633,1,1-2,1,2,0.857261,0,2,0-2,0.88165,0.025597,1,1-2,1,2,0.856054,0,2,0-2,0.880407,0.025561,1,1-2,1,2,0.854846,0,2,0-2,0.879164,0.025525,1,1-2,1,2,0.853639,0,2,0-2,0.87792,0.025489,1,1-2,1,2,0.852432,0,2,0-2,0.876677,0.025453,1,1-2,1,2,0.851224,0,2,0-2,0.875434,0.025416,1,1-2,1,2,0.850017
2022,2022-11-25T19:00:00+03:00,G,19,Netherlands,Ecuador,1,1,0.563158,0.219191,0.217651,2.0005,1.1724,0.525648,0.280105,0.194248,0.060914,home,home,False,0.03751,-0.060914,0.023404,2,1,2-1,0.842836,0.014447,2,0,2-0,0.828389,0,2,1,2-1,0.787588,0.0135,0,2-0,2,0,0.774087,2,1,2-1,0.790398,0.013549,0,2-0,2,0,0.776849,2,1,2-1,0.793208,0.013597,0,2-0,2,0,0.779611,2,1,2-1,0.796018,0.013645,0,2-0,2,0,0.782373,2,1,2-1,0.798828,0.013693,0,2-0,2,0,0.785135,2,1,2-1,0.801638,0.013741,0,2-0,2,0,0.787897,2,1,2-1,0.804448,0.013789,0,2-0,2,0,0.790659,2,1,2-1,0.807258,0.013838,0,2-0,2,0,0.793421,2,1,2-1,0.810069,0.013886,0,2-0,2,0,0.796183,2,1,2-1,0.812879,0.013934,0,2-0,2,0,0.798945,2,1,2-1,0.815689,0.013982,0,2-0,2,0,0.801707,2,1,2-1,0.818499,0.01403,0,2-0,2,0,0.804469,2,1,2-1,0.821309,0.014078,0,2-0,2,0,0.807231,2,1,2-1,0.824119,0.014127,0,2-0,2,0,0.809992,2,1,2-1,0.826929,0.014175,0,2-0,2,0,0.812754,2,1,2-1,0.829739,0.014223,0,2-0,2,0,0.815516,2,1,2-1,0.832549,0.014271,0,2-0,2,0,0.818278,2,1,2-1,0.835359,0.014319,0,2-0,2,0,0.82104,2,1,2-1,0.83817,0.014367,0,2-0,2,0,0.823802,2,1,2-1,0.84098,0.014416,0,2-0,2,0,0.826564,2,1,2-1,0.84379,0.014464,0,2-0,2,0,0.829326
2022,2022-11-25T22:00:00+03:00,G,20,England,United States,0,0,0.606276,0.247607,0.146118,1.6294,0.6589,0.661505,0.224091,0.114404,0.055229,home,home,False,-0.055229,0.023515,0.031714,2,0,2-0,0.964138,0.031682,1,0,1-0,0.932456,0,2,0,2-0,1.052276,0.034578,0,1-0,1,0,1.017698,2,0,2-0,1.047884,0.034434,0,1-0,1,0,1.01345,2,0,2-0,1.043491,0.03429,0,1-0,1,0,1.009201,2,0,2-0,1.039098,0.034145,0,1-0,1,0,1.004953,2,0,2-0,1.034705,0.034001,0,1-0,1,0,1.000704,2,0,2-0,1.030313,0.033857,0,1-0,1,0,0.996456,2,0,2-0,1.02592,0.033712,0,1-0,1,0,0.992208,2,0,2-0,1.021527,0.033568,0,1-0,1,0,0.987959,2,0,2-0,1.017135,0.033424,0,1-0,1,0,0.983711,2,0,2-0,1.012742,0.033279,0,1-0,1,0,0.979463,2,0,2-0,1.008349,0.033135,0,1-0,1,0,0.975214,2,0,2-0,1.003956,0.032991,0,1-0,1,0,0.970966,2,0,2-0,0.999564,0.032846,0,1-0,1,0,0.966717,2,0,2-0,0.995171,0.032702,0,1-0,1,0,0.962469,2,0,2-0,0.990778,0.032558,0,1-0,1,0,0.958221,2,0,2-0,0.986385,0.032413,0,1-0,1,0,0.953972,2,0,2-0,0.981993,0.032269,0,1-0,1,0,0.949724,2,0,2-0,0.9776,0.032124,0,1-0,1,0,0.945476,2,0,2-0,0.973207,0.03198,0,1-0,1,0,0.941227,2,0,2-0,0.968815,0.031836,0,1-0,1,0,0.936979,2,0,2-0,0.964422,0.031691,0,1-0,1,0,0.93273
2022,2022-11-26T13:00:00+03:00,G,21,Tunisia,Australia,0,1,0.348049,0.278754,0.373197,1.1947,1.247,0.443602,0.288512,0.267885,0.105312,away,home,True,-0.095554,-0.009758,0.105312,1,2,1-2,0.602463,0.013174,0,2,0-2,0.58929,1,2,1,2-1,0.720167,0.017959,0,1-0,1,0,0.702208,2,1,2-1,0.712411,0.017765,0,1-0,1,0,0.694645,2,1,2-1,0.704654,0.017572,0,1-0,1,0,0.687082,2,1,2-1,0.696898,0.017378,0,1-0,1,0,0.67952,2,1,2-1,0.689142,0.017185,0,1-0,1,0,0.671957,2,1,2-1,0.681385,0.016992,0,1-0,1,0,0.664394,2,1,2-1,0.673629,0.016798,0,1-0,1,0,0.656831,2,1,2-1,0.665873,0.016605,0,1-0,1,0,0.649268,2,1,2-1,0.658116,0.016411,0,1-0,1,0,0.641705,2,1,2-1,0.65036,0.016218,0,1-0,1,0,0.634142,2,1,2-1,0.642603,0.016024,0,1-0,1,0,0.626579,2,1,2-1,0.634847,0.015831,0,1-0,1,0,0.619016,2,1,2-1,0.627091,0.015638,0,1-0,1,0,0.611453,2,1,2-1,0.619334,0.015444,0,1-0,1,0,0.60389,2,1,2-1,0.611578,0.015251,0,1-0,1,0,0.596327,2,1,2-1,0.603822,0.015057,0,1-0,1,0,0.588764,2,1,2-1,0.596065,0.014864,0,1-0,1,0,0.581202,2,1,2-1,0.588309,0.011298,0,1-2,1,2,0.577011,1,2,1-2,0.585512,0.004959,1,2-1,2,1,0.580553,1,2,1-2,0.594013,0.012989,1,0-2,0,2,0.581024,1,2,1-2,0.602514,0.013175,1,0-2,0,2,0.589339
2022,2022-11-26T16:00:00+03:00,G,22,Poland,Saudi Arabia,2,0,0.660836,0.202908,0.136256,2.0618,0.8153,0.567028,0.265274,0.167698,0.093808,home,home,False,0.093808,-0.062366,-0.031442,2,0,2-0,0.996838,0.022099,2,1,2-1,0.974739,3,2,0,2-0,0.856471,0.018988,3,2-1,2,1,0.837484,2,0,2-0,0.863556,0.019145,3,2-1,2,1,0.844411,2,0,2-0,0.870641,0.019302,3,2-1,2,1,0.851339,2,0,2-0,0.877725,0.019459,3,2-1,2,1,0.858266,2,0,2-0,0.88481,0.019616,3,2-1,2,1,0.865194,2,0,2-0,0.891894,0.019773,3,2-1,2,1,0.872122,2,0,2-0,0.898979,0.01993,3,2-1,2,1,0.879049,2,0,2-0,0.906064,0.020087,3,2-1,2,1,0.885977,2,0,2-0,0.913148,0.020244,3,2-1,2,1,0.892904,2,0,2-0,0.920233,0.020401,3,2-1,2,1,0.899832,2,0,2-0,0.927318,0.020558,3,2-1,2,1,0.90676,2,0,2-0,0.934402,0.020715,3,2-1,2,1,0.913687,2,0,2-0,0.941487,0.020872,3,2-1,2,1,0.920615,2,0,2-0,0.948572,0.021029,3,2-1,2,1,0.927542,2,0,2-0,0.955656,0.021186,3,2-1,2,1,0.93447,2,0,2-0,0.962741,0.021343,3,2-1,2,1,0.941397,2,0,2-0,0.969826,0.021501,3,2-1,2,1,0.948325,2,0,2-0,0.97691,0.021658,3,2-1,2,1,0.955253,2,0,2-0,0.983995,0.021815,3,2-1,2,1,0.96218,2,0,2-0,0.991079,0.021972,3,2-1,2,1,0.969108,2,0,2-0,0.998164,0.022129,3,2-1,2,1,0.976035
2022,2022-11-26T19:00:00+03:00,G,23,France,Denmark,2,1,0.421383,0.271587,0.30703,1.3788,1.1374,0.531528,0.270733,0.197738,0.110146,home,home,False,-0.110146,0.000854,0.109292,2,1,2-1,0.672735,0.010551,2,0,2-0,0.662184,3,2,1,2-1,0.848685,0.01331,3,2-0,2,0,0.835374,2,1,2-1,0.839891,0.013173,3,2-0,2,0,0.826719,2,1,2-1,0.831098,0.013035,3,2-0,2,0,0.818063,2,1,2-1,0.822305,0.012897,3,2-0,2,0,0.809408,2,1,2-1,0.813511,0.012759,3,2-0,2,0,0.800752,2,1,2-1,0.804718,0.012621,3,2-0,2,0,0.792097,2,1,2-1,0.795924,0.012483,3,2-0,2,0,0.783441,2,1,2-1,0.787131,0.012345,3,2-0,2,0,0.774786,2,1,2-1,0.778337,0.012207,3,2-0,2,0,0.76613,2,1,2-1,0.769544,0.012069,3,2-0,2,0,0.757475,2,1,2-1,0.760751,0.011931,3,2-0,2,0,0.748819,2,1,2-1,0.751957,0.011793,3,2-0,2,0,0.740164,2,1,2-1,0.743164,0.011656,3,2-0,2,0,0.731508,2,1,2-1,0.73437,0.011518,3,2-0,2,0,0.722853,2,1,2-1,0.725577,0.01138,3,2-0,2,0,0.714197,2,1,2-1,0.716783,0.011242,3,2-0,2,0,0.705542,2,1,2-1,0.70799,0.011104,3,2-0,2,0,0.696886,2,1,2-1,0.699197,0.010966,3,2-0,2,0,0.688231,2,1,2-1,0.690403,0.010828,3,2-0,2,0,0.679575,2,1,2-1,0.68161,0.01069,3,2-0,2,0,0.67092,2,1,2-1,0.672816,0.010552,3,2-0,2,0,0.662264
2022,2022-11-26T22:00:00+03:00,G,24,Argentina,Mexico,2,0,0.669735,0.206824,0.123441,1.9782,0.7127,0.635122,0.239641,0.125237,0.034613,home,home,False,0.034613,-0.032817,-0.001796,2,0,2-0,1.029025,0.038127,2,1,2-1,0.990898,3,2,0,2-0,0.976843,0.036193,3,2-1,2,1,0.94065,2,0,2-0,0.979505,0.036292,3,2-1,2,1,0.943213,2,0,2-0,0.982167,0.036391,3,2-1,2,1,0.945776,2,0,2-0,0.984829,0.036489,3,2-1,2,1,0.948339,2,0,2-0,0.987491,0.036588,3,2-1,2,1,0.950903,2,0,2-0,0.990152,0.036687,3,2-1,2,1,0.953466,2,0,2-0,0.992814,0.036785,3,2-1,2,1,0.956029,2,0,2-0,0.995476,0.036884,3,2-1,2,1,0.958592,2,0,2-0,0.998138,0.036982,3,2-1,2,1,0.961156,2,0,2-0,1.0008,0.037081,3,2-1,2,1,0.963719,2,0,2-0,1.003462,0.03718,3,2-1,2,1,0.966282,2,0,2-0,1.006124,0.037278,3,2-1,2,1,0.968845,2,0,2-0,1.008785,0.037377,3,2-1,2,1,0.971409,2,0,2-0,1.011447,0.037476,3,2-1,2,1,0.973972,2,0,2-0,1.014109,0.037574,3,2-1,2,1,0.976535,2,0,2-0,1.016771,0.037673,3,2-1,2,1,0.979098,2,0,2-0,1.019433,0.037771,3,2-1,2,1,0.981661,2,0,2-0,1.022095,0.03787,3,2-1,2,1,0.984225,2,0,2-0,1.024757,0.037969,3,2-1,2,1,0.986788,2,0,2-0,1.027418,0.038067,3,2-1,2,1,0.989351,2,0,2-0,1.03008,0.038166,3,2-1,2,1,0.991914
2022,2022-11-27T13:00:00+03:00,G,25,Japan,Costa Rica,0,1,0.418784,0.290799,0.290417,1.2448,0.9874,0.656672,0.22335,0.119978,0.237888,home,home,False,-0.237888,0.067448,0.17044,1,0,1-0,0.680765,0.013671,2,0,2-0,0.667094,0,1,0,1-0,1.067531,0.021439,0,2-0,2,0,1.046092,1,0,1-0,1.048195,0.02105,0,2-0,2,0,1.027144,1,0,1-0,1.028858,0.020662,0,2-0,2,0,1.008196,1,0,1-0,1.009522,0.020274,0,2-0,2,0,0.989248,1,0,1-0,0.990185,0.019885,0,2-0,2,0,0.9703,1,0,1-0,0.970849,0.019497,0,2-0,2,0,0.951352,1,0,1-0,0.951513,0.019109,0,2-0,2,0,0.932404,1,0,1-0,0.932176,0.01872,0,2-0,2,0,0.913456,1,0,1-0,0.91284,0.018332,0,2-0,2,0,0.894508,1,0,1-0,0.893504,0.017944,0,2-0,2,0,0.87556,1,0,1-0,0.874167,0.017555,0,2-0,2,0,0.856612,1,0,1-0,0.854831,0.017167,0,2-0,2,0,0.837664,1,0,1-0,0.835495,0.016779,0,2-0,2,0,0.818716,1,0,1-0,0.816158,0.01639,0,2-0,2,0,0.799768,1,0,1-0,0.796822,0.016002,0,2-0,2,0,0.78082,1,0,1-0,0.777486,0.015614,0,2-0,2,0,0.761872,1,0,1-0,0.758149,0.015225,0,2-0,2,0,0.742924,1,0,1-0,0.738813,0.014837,0,2-0,2,0,0.723976,1,0,1-0,0.719477,0.014449,0,2-0,2,0,0.705028,1,0,1-0,0.70014,0.01406,0,2-0,2,0,0.68608,1,0,1-0,0.680804,0.013672,0,2-0,2,0,0.667132
2022,2022-11-27T16:00:00+03:00,G,26,Belgium,Morocco,0,2,0.631358,0.215335,0.153307,1.9552,0.8461,0.510347,0.280171,0.209481,0.121011,home,home,False,0.121011,-0.064836,-0.056175,2,0,2-0,0.961138,0.017867,2,1,2-1,0.943271,0,2,0,2-0,0.777661,0.014456,0,2-1,2,1,0.763205,2,0,2-0,0.786881,0.014627,0,2-1,2,1,0.772254,2,0,2-0,0.796101,0.014799,0,2-1,2,1,0.781302,2,0,2-0,0.80532,0.01497,0,2-1,2,1,0.79035,2,0,2-0,0.81454,0.015142,0,2-1,2,1,0.799399,2,0,2-0,0.82376,0.015313,0,2-1,2,1,0.808447,2,0,2-0,0.83298,0.015484,0,2-1,2,1,0.817495,2,0,2-0,0.842199,0.015656,0,2-1,2,1,0.826544,2,0,2-0,0.851419,0.015827,0,2-1,2,1,0.835592,2,0,2-0,0.860639,0.015998,0,2-1,2,1,0.84464,2,0,2-0,0.869858,0.01617,0,2-1,2,1,0.853689,2,0,2-0,0.879078,0.016341,0,2-1,2,1,0.862737,2,0,2-0,0.888298,0.016513,0,2-1,2,1,0.871785,2,0,2-0,0.897518,0.016684,0,2-1,2,1,0.880834,2,0,2-0,0.906737,0.016855,0,2-1,2,1,0.889882,2,0,2-0,0.915957,0.017027,0,2-1,2,1,0.89893,2,0,2-0,0.925177,0.017198,0,2-1,2,1,0.907979,2,0,2-0,0.934397,0.01737,0,2-1,2,1,0.917027,2,0,2-0,0.943616,0.017541,0,2-1,2,1,0.926075,2,0,2-0,0.952836,0.017712,0,2-1,2,1,0.935124,2,0,2-0,0.962056,0.017884,0,2-1,2,1,0.944172
2022,2022-11-27T19:00:00+03:00,G,27,Croatia,Canada,4,1,0.58248,0.220614,0.196905,1.9614,1.053,0.435772,0.29268,0.271549,0.146709,home,home,False,0.146709,-0.072066,-0.074643,2,1,2-1,0.875107,0.005004,2,0,2-0,0.870103,1,2,1,2-1,0.65534,0.003747,1,2-0,2,0,0.651593,2,1,2-1,0.666372,0.00381,1,2-0,2,0,0.662561,2,1,2-1,0.677403,0.003874,1,2-0,2,0,0.673529,2,1,2-1,0.688434,0.003937,1,2-0,2,0,0.684498,2,1,2-1,0.699466,0.004,1,2-0,2,0,0.695466,2,1,2-1,0.710497,0.004063,1,2-0,2,0,0.706435,2,1,2-1,0.721529,0.004126,1,2-0,2,0,0.717403,2,1,2-1,0.73256,0.004189,1,2-0,2,0,0.728372,2,1,2-1,0.743592,0.004252,1,2-0,2,0,0.73934,2,1,2-1,0.754623,0.004315,1,2-0,2,0,0.750308,2,1,2-1,0.765655,0.004378,1,2-0,2,0,0.761277,2,1,2-1,0.776686,0.004441,1,2-0,2,0,0.772245,2,1,2-1,0.787718,0.004504,1,2-0,2,0,0.783214,2,1,2-1,0.798749,0.004567,1,2-0,2,0,0.794182,2,1,2-1,0.809781,0.004631,1,2-0,2,0,0.80515,2,1,2-1,0.820812,0.004694,1,2-0,2,0,0.816119,2,1,2-1,0.831844,0.004757,1,2-0,2,0,0.827087,2,1,2-1,0.842875,0.00482,1,2-0,2,0,0.838056,2,1,2-1,0.853907,0.004883,1,2-0,2,0,0.849024,2,1,2-1,0.864938,0.004946,1,2-0,2,0,0.859993,2,1,2-1,0.87597,0.005009,1,2-0,2,0,0.870961
2022,2022-11-27T22:00:00+03:00,G,28,Spain,Germany,1,1,0.48522,0.225347,0.289433,1.9203,1.4463,0.381257,0.278512,0.340231,0.103963,home,home,False,0.103963,-0.053165,-0.050798,2,1,2-1,0.732398,0.028396,2,0,2-0,0.704002,0,2,1,2-1,0.57604,0.022334,0,2-0,2,0,0.553706,2,1,2-1,0.583894,0.022638,0,2-0,2,0,0.561255,2,1,2-1,0.591748,0.022943,0,2-0,2,0,0.568805,2,1,2-1,0.599601,0.023247,0,2-0,2,0,0.576354,2,1,2-1,0.607455,0.023552,0,2-0,2,0,0.583904,2,1,2-1,0.615309,0.023856,0,2-0,2,0,0.591453,2,1,2-1,0.623163,0.024161,0,2-0,2,0,0.599002,2,1,2-1,0.631017,0.024465,0,2-0,2,0,0.606552,2,1,2-1,0.638871,0.02477,0,2-0,2,0,0.614101,2,1,2-1,0.646725,0.025074,0,2-0,2,0,0.62165,2,1,2-1,0.654579,0.025379,0,2-0,2,0,0.6292,2,1,2-1,0.662432,0.025683,0,2-0,2,0,0.636749,2,1,2-1,0.670286,0.025988,0,2-0,2,0,0.644298,2,1,2-1,0.67814,0.026292,0,2-0,2,0,0.651848,2,1,2-1,0.685994,0.026597,0,2-0,2,0,0.659397,2,1,2-1,0.693848,0.026901,0,2-0,2,0,0.666947,2,1,2-1,0.701702,0.027206,0,2-0,2,0,0.674496,2,1,2-1,0.709556,0.02751,0,2-0,2,0,0.682045,2,1,2-1,0.71741,0.027815,0,2-0,2,0,0.689595,2,1,2-1,0.725263,0.028119,0,2-0,2,0,0.697144,2,1,2-1,0.733117,0.028424,0,2-0,2,0,0.704693
2022,2022-11-28T13:00:00+03:00,G,29,Cameroon,Serbia,3,3,0.201304,0.242925,0.555772,0.931,1.7135,0.177769,0.251388,0.570842,0.023534,away,away,False,0.023534,-0.008464,-0.015071,0,2,0-2,0.861225,0.0072,1,2,1-2,0.854025,0,0,2,0-2,0.884945,0.007398,0,1-2,1,2,0.877547,0,2,0-2,0.883777,0.007388,0,1-2,1,2,0.876389,0,2,0-2,0.882609,0.007379,0,1-2,1,2,0.87523,0,2,0-2,0.881441,0.007369,0,1-2,1,2,0.874072,0,2,0-2,0.880273,0.007359,0,1-2,1,2,0.872914,0,2,0-2,0.879104,0.007349,0,1-2,1,2,0.871755,0,2,0-2,0.877936,0.00734,0,1-2,1,2,0.870597,0,2,0-2,0.876768,0.00733,0,1-2,1,2,0.869438,0,2,0-2,0.8756,0.00732,0,1-2,1,2,0.86828,0,2,0-2,0.874432,0.00731,0,1-2,1,2,0.867122,0,2,0-2,0.873264,0.0073,0,1-2,1,2,0.865963,0,2,0-2,0.872095,0.007291,0,1-2,1,2,0.864805,0,2,0-2,0.870927,0.007281,0,1-2,1,2,0.863646,0,2,0-2,0.869759,0.007271,0,1-2,1,2,0.862488,0,2,0-2,0.868591,0.007261,0,1-2,1,2,0.86133,0,2,0-2,0.867423,0.007252,0,1-2,1,2,0.860171,0,2,0-2,0.866255,0.007242,0,1-2,1,2,0.859013,0,2,0-2,0.865087,0.007232,0,1-2,1,2,0.857854,0,2,0-2,0.863918,0.007222,0,1-2,1,2,0.856696,0,2,0-2,0.86275,0.007213,0,1-2,1,2,0.855538,0,2,0-2,0.861582,0.007203,0,1-2,1,2,0.854379
2022,2022-11-28T16:00:00+03:00,G,30,South Korea,Ghana,2,3,0.431483,0.295991,0.272526,1.2297,0.9157,0.351941,0.307905,0.340154,0.079542,home,home,False,0.079542,-0.011914,-0.067628,1,0,1-0,0.714148,0.024717,2,0,2-0,0.689431,0,0,1,0-1,0.601287,0.013905,1,1-1,1,1,0.587382,0,1,0-1,0.59531,0.0062,1,1-0,1,0,0.58911,1,0,1-0,0.595693,0.006361,0,0-1,0,1,0.589332,1,0,1-0,0.602276,0.018303,0,1-1,1,1,0.583972,1,0,1-0,0.608858,0.021073,0,2-0,2,0,0.587785,1,0,1-0,0.615441,0.021301,0,2-0,2,0,0.59414,1,0,1-0,0.622024,0.021529,0,2-0,2,0,0.600495,1,0,1-0,0.628607,0.021757,0,2-0,2,0,0.60685,1,0,1-0,0.63519,0.021985,0,2-0,2,0,0.613205,1,0,1-0,0.641772,0.022212,0,2-0,2,0,0.61956,1,0,1-0,0.648355,0.02244,0,2-0,2,0,0.625915,1,0,1-0,0.654938,0.022668,0,2-0,2,0,0.63227,1,0,1-0,0.661521,0.022896,0,2-0,2,0,0.638625,1,0,1-0,0.668104,0.023124,0,2-0,2,0,0.64498,1,0,1-0,0.674686,0.023352,0,2-0,2,0,0.651335,1,0,1-0,0.681269,0.023579,0,2-0,2,0,0.65769,1,0,1-0,0.687852,0.023807,0,2-0,2,0,0.664045,1,0,1-0,0.694435,0.024035,0,2-0,2,0,0.6704,1,0,1-0,0.701018,0.024263,0,2-0,2,0,0.676755,1,0,1-0,0.7076,0.024491,0,2-0,2,0,0.68311,1,0,1-0,0.714183,0.024719,0,2-0,2,0,0.689465
2022,2022-11-28T19:00:00+03:00,G,31,Brazil,Switzerland,1,0,0.679948,0.205261,0.114791,1.9696,0.666,0.657908,0.222011,0.120081,0.02204,home,home,False,0.02204,-0.016751,-0.005289,2,0,2-0,1.049914,0.046433,2,1,2-1,1.003481,1,2,0,2-0,1.016895,0.044973,1,2-1,2,1,0.971923,2,0,2-0,1.018599,0.045048,1,2-1,2,1,0.973551,2,0,2-0,1.020302,0.045123,1,2-1,2,1,0.975179,2,0,2-0,1.022005,0.045199,1,2-1,2,1,0.976807,2,0,2-0,1.023709,0.045274,1,2-1,2,1,0.978435,2,0,2-0,1.025412,0.045349,1,2-1,2,1,0.980063,2,0,2-0,1.027115,0.045425,1,2-1,2,1,0.981691,2,0,2-0,1.028818,0.0455,1,2-1,2,1,0.983318,2,0,2-0,1.030522,0.045575,1,2-1,2,1,0.984946,2,0,2-0,1.032225,0.045651,1,2-1,2,1,0.986574,2,0,2-0,1.033928,0.045726,1,2-1,2,1,0.988202,2,0,2-0,1.035632,0.045801,1,2-1,2,1,0.98983,2,0,2-0,1.037335,0.045877,1,2-1,2,1,0.991458,2,0,2-0,1.039038,0.045952,1,2-1,2,1,0.993086,2,0,2-0,1.040742,0.046027,1,2-1,2,1,0.994714,2,0,2-0,1.042445,0.046103,1,2-1,2,1,0.996342,2,0,2-0,1.044148,0.046178,1,2-1,2,1,0.99797,2,0,2-0,1.045851,0.046253,1,2-1,2,1,0.999598,2,0,2-0,1.047555,0.046329,1,2-1,2,1,1.001226,2,0,2-0,1.049258,0.046404,1,2-1,2,1,1.002854,2,0,2-0,1.050961,0.046479,1,2-1,2,1,1.004482
2022,2022-11-28T22:00:00+03:00,G,32,Portugal,Uruguay,2,0,0.439293,0.276198,0.284509,1.368,1.0465,0.50015,0.286171,0.213679,0.070831,home,home,False,-0.060858,-0.009973,0.070831,2,1,2-1,0.698018,0.00389,2,0,2-0,0.694128,2,2,1,2-1,0.794803,0.00443,2,2-0,2,0,0.790373,2,1,2-1,0.789967,0.004403,2,2-0,2,0,0.785564,2,1,2-1,0.785132,0.004376,2,2-0,2,0,0.780756,2,1,2-1,0.780296,0.004349,2,2-0,2,0,0.775947,2,1,2-1,0.775461,0.004322,2,2-0,2,0,0.771139,2,1,2-1,0.770625,0.004295,2,2-0,2,0,0.76633,2,1,2-1,0.76579,0.004268,2,2-0,2,0,0.761522,2,1,2-1,0.760954,0.004241,2,2-0,2,0,0.756713,2,1,2-1,0.756118,0.004214,2,2-0,2,0,0.751904,2,1,2-1,0.751283,0.004187,2,2-0,2,0,0.747096,2,1,2-1,0.746447,0.00416,2,2-0,2,0,0.742287,2,1,2-1,0.741612,0.004133,2,2-0,2,0,0.737479,2,1,2-1,0.736776,0.004106,2,2-0,2,0,0.73267,2,1,2-1,0.731941,0.004079,2,2-0,2,0,0.727861,2,1,2-1,0.727105,0.004052,2,2-0,2,0,0.723053,2,1,2-1,0.72227,0.004025,2,2-0,2,0,0.718244,2,1,2-1,0.717434,0.003999,2,2-0,2,0,0.713436,2,1,2-1,0.712599,0.003972,2,2-0,2,0,0.708627,2,1,2-1,0.707763,0.003945,2,2-0,2,0,0.703818,2,1,2-1,0.702927,0.003918,2,2-0,2,0,0.69901,2,1,2-1,0.698092,0.003891,2,2-0,2,0,0.694201
2022,2022-11-29T18:00:00+03:00,G,33,Ecuador,Senegal,1,2,0.380898,0.301849,0.317253,1.125,1.0003,0.390193,0.313658,0.296148,0.021105,home,home,False,-0.009296,-0.011809,0.021105,1,0,1-0,0.644316,0.036712,2,1,2-1,0.607603,0,1,0,1-0,0.660063,0.03761,0,2-1,2,1,0.622453,1,0,1-0,0.659276,0.037565,0,2-1,2,1,0.621712,1,0,1-0,0.65849,0.03752,0,2-1,2,1,0.62097,1,0,1-0,0.657704,0.037475,0,2-1,2,1,0.620229,1,0,1-0,0.656918,0.037431,0,2-1,2,1,0.619487,1,0,1-0,0.656131,0.037386,0,2-1,2,1,0.618746,1,0,1-0,0.655345,0.037341,0,2-1,2,1,0.618004,1,0,1-0,0.654559,0.037296,0,2-1,2,1,0.617263,1,0,1-0,0.653773,0.037251,0,2-1,2,1,0.616521,1,0,1-0,0.652986,0.037207,0,2-1,2,1,0.61578,1,0,1-0,0.6522,0.037162,0,2-1,2,1,0.615038,1,0,1-0,0.651414,0.037117,0,2-1,2,1,0.614297,1,0,1-0,0.650628,0.037072,0,2-1,2,1,0.613555,1,0,1-0,0.649841,0.037027,0,2-1,2,1,0.612814,1,0,1-0,0.649055,0.036983,0,2-1,2,1,0.612073,1,0,1-0,0.648269,0.036938,0,2-1,2,1,0.611331,1,0,1-0,0.647483,0.036893,0,2-1,2,1,0.61059,1,0,1-0,0.646696,0.036848,0,2-1,2,1,0.609848,1,0,1-0,0.64591,0.036803,0,2-1,2,1,0.609107,1,0,1-0,0.645124,0.036759,0,2-1,2,1,0.608365,1,0,1-0,0.644337,0.036714,0,2-1,2,1,0.607624
2022,2022-11-29T18:00:00+03:00,G,34,Netherlands,Qatar,2,0,0.816399,0.117221,0.06638,3.0845,0.8146,0.815179,0.130692,0.05413,0.013471,home,home,False,0.001221,-0.013471,0.01225,3,0,3-0,1.116886,0.018369,3,1,3-1,1.098517,1,3,0,3-0,1.130865,0.018599,1,3-1,3,1,1.112265,3,0,3-0,1.130949,0.018601,1,3-1,3,1,1.112349,3,0,3-0,1.131034,0.018602,1,3-1,3,1,1.112432,3,0,3-0,1.131119,0.018604,1,3-1,3,1,1.112515,3,0,3-0,1.131203,0.018605,1,3-1,3,1,1.112599,3,0,3-0,1.131288,0.018606,1,3-1,3,1,1.112682,3,0,3-0,1.131373,0.018608,1,3-1,3,1,1.112765,3,0,3-0,1.131457,0.018609,1,3-1,3,1,1.112848,3,0,3-0,1.131542,0.018611,1,3-1,3,1,1.112932,3,0,3-0,1.131627,0.018612,1,3-1,3,1,1.113015,3,0,3-0,1.131711,0.018613,1,3-1,3,1,1.113098,3,0,3-0,1.131796,0.018615,1,3-1,3,1,1.113181,3,0,3-0,1.131881,0.018616,1,3-1,3,1,1.113265,3,0,3-0,1.131965,0.018618,1,3-1,3,1,1.113348,3,0,3-0,1.13205,0.018619,1,3-1,3,1,1.113431,3,0,3-0,1.132135,0.01862,1,3-1,3,1,1.113514,3,0,3-0,1.132219,0.018622,1,3-1,3,1,1.113598,3,0,3-0,1.132304,0.018623,1,3-1,3,1,1.113681,3,0,3-0,1.132389,0.018624,1,3-1,3,1,1.113764,3,0,3-0,1.132473,0.018626,1,3-1,3,1,1.113848,3,0,3-0,1.132558,0.018627,1,3-1,3,1,1.113931
2022,2022-11-29T22:00:00+03:00,G,35,Wales,England,0,3,0.151093,0.260212,0.588694,0.6364,1.5343,0.10265,0.212277,0.685073,0.096379,away,away,False,0.048444,0.047935,-0.096379,0,2,0-2,0.942641,0.008254,0,1,0-1,0.934388,1,0,2,0-2,1.097184,0.009607,1,0-1,0,1,1.087577,0,2,0-2,1.089466,0.009539,1,0-1,0,1,1.079927,0,2,0-2,1.081748,0.009472,1,0-1,0,1,1.072277,0,2,0-2,1.074031,0.009404,1,0-1,0,1,1.064626,0,2,0-2,1.066313,0.009337,1,0-1,0,1,1.056976,0,2,0-2,1.058595,0.009269,1,0-1,0,1,1.049326,0,2,0-2,1.050877,0.009201,1,0-1,0,1,1.041676,0,2,0-2,1.043159,0.009134,1,0-1,0,1,1.034025,0,2,0-2,1.035441,0.009066,1,0-1,0,1,1.026375,0,2,0-2,1.027724,0.008999,1,0-1,0,1,1.018725,0,2,0-2,1.020006,0.008931,1,0-1,0,1,1.011075,0,2,0-2,1.012288,0.008864,1,0-1,0,1,1.003424,0,2,0-2,1.00457,0.008796,1,0-1,0,1,0.995774,0,2,0-2,0.996852,0.008728,1,0-1,0,1,0.988124,0,2,0-2,0.989135,0.008661,1,0-1,0,1,0.980474,0,2,0-2,0.981417,0.008593,1,0-1,0,1,0.972823,0,2,0-2,0.973699,0.008526,1,0-1,0,1,0.965173,0,2,0-2,0.965981,0.008458,1,0-1,0,1,0.957523,0,2,0-2,0.958263,0.008391,1,0-1,0,1,0.949873,0,2,0-2,0.950545,0.008323,1,0-1,0,1,0.942222,0,2,0-2,0.942828,0.008255,1,0-1,0,1,0.934572
2022,2022-11-29T22:00:00+03:00,G,36,Iran,United States,0,1,0.355786,0.327208,0.317007,0.9664,0.8945,0.230869,0.271983,0.497148,0.180141,home,away,True,0.124917,0.055224,-0.180141,1,0,1-0,0.651194,0.007694,0,0,0-0,0.6435,0,0,1,0-1,0.92535,0.138742,3,0-2,0,2,0.786608,0,1,0-1,0.908585,0.136229,3,0-2,0,2,0.772356,0,1,0-1,0.89182,0.133715,3,0-2,0,2,0.758105,0,1,0-1,0.875055,0.131201,3,0-2,0,2,0.743854,0,1,0-1,0.85829,0.128688,3,0-2,0,2,0.729602,0,1,0-1,0.841525,0.126174,3,0-2,0,2,0.715351,0,1,0-1,0.82476,0.12366,3,0-2,0,2,0.7011,0,1,0-1,0.807995,0.121147,3,0-2,0,2,0.686848,0,1,0-1,0.79123,0.118633,3,0-2,0,2,0.672597,0,1,0-1,0.774465,0.116119,3,0-2,0,2,0.658346,0,1,0-1,0.7577,0.113606,3,0-2,0,2,0.644094,0,1,0-1,0.740935,0.111092,3,0-2,0,2,0.629843,0,1,0-1,0.72417,0.108578,3,0-2,0,2,0.615592,0,1,0-1,0.707405,0.10191,3,0-0,0,0,0.605495,0,1,0-1,0.69064,0.079714,3,0-0,0,0,0.610926,0,1,0-1,0.673875,0.057519,3,0-0,0,0,0.616356,0,1,0-1,0.65711,0.035324,3,0-0,0,0,0.621787,0,1,0-1,0.640345,0.013128,3,0-0,0,0,0.627217,0,0,0-0,0.632647,0.004309,0,1-0,1,0,0.628339,1,0,1-0,0.639771,0.001693,0,0-0,0,0,0.638078,1,0,1-0,0.651203,0.007695,0,0-0,0,0,0.643508
2022,2022-11-30T18:00:00+03:00,G,37,Australia,Denmark,1,0,0.135994,0.202501,0.661506,0.8161,2.0661,0.114215,0.196594,0.689191,0.027685,away,away,False,0.021779,0.005906,-0.027685,0,2,0-2,0.99729,0.021992,1,2,1-2,0.975298,0,0,2,0-2,1.040428,0.022943,0,1-2,1,2,1.017485,0,2,0-2,1.038339,0.022897,0,1-2,1,2,1.015442,0,2,0-2,1.036249,0.022851,0,1-2,1,2,1.013398,0,2,0-2,1.034159,0.022805,0,1-2,1,2,1.011354,0,2,0-2,1.032069,0.022759,0,1-2,1,2,1.009311,0,2,0-2,1.02998,0.022713,0,1-2,1,2,1.007267,0,2,0-2,1.02789,0.022667,0,1-2,1,2,1.005223,0,2,0-2,1.0258,0.02262,0,1-2,1,2,1.00318,0,2,0-2,1.023711,0.022574,0,1-2,1,2,1.001136,0,2,0-2,1.021621,0.022528,0,1-2,1,2,0.999093,0,2,0-2,1.019531,0.022482,0,1-2,1,2,0.997049,0,2,0-2,1.017441,0.022436,0,1-2,1,2,0.995005,0,2,0-2,1.015352,0.02239,0,1-2,1,2,0.992962,0,2,0-2,1.013262,0.022344,0,1-2,1,2,0.990918,0,2,0-2,1.011172,0.022298,0,1-2,1,2,0.988874,0,2,0-2,1.009083,0.022252,0,1-2,1,2,0.986831,0,2,0-2,1.006993,0.022206,0,1-2,1,2,0.984787,0,2,0-2,1.004903,0.02216,0,1-2,1,2,0.982743,0,2,0-2,1.002813,0.022114,0,1-2,1,2,0.9807,0,2,0-2,1.000724,0.022067,0,1-2,1,2,0.978656,0,2,0-2,0.998634,0.022021,0,1-2,1,2,0.976613
2022,2022-11-30T18:00:00+03:00,G,38,Tunisia,France,1,0,0.102099,0.18931,0.708591,0.6577,2.1068,0.15544,0.24532,0.59924,0.109351,away,away,False,-0.05334,-0.056011,0.109351,0,2,0-2,1.07914,0.047857,1,2,1-2,1.031283,0,0,2,0-2,0.913991,0.040533,0,1-2,1,2,0.873458,0,2,0-2,0.922331,0.040903,0,1-2,1,2,0.881428,0,2,0-2,0.93067,0.041273,0,1-2,1,2,0.889397,0,2,0-2,0.939009,0.041643,0,1-2,1,2,0.897367,0,2,0-2,0.947349,0.042013,0,1-2,1,2,0.905336,0,2,0-2,0.955688,0.042382,0,1-2,1,2,0.913306,0,2,0-2,0.964028,0.042752,0,1-2,1,2,0.921275,0,2,0-2,0.972367,0.043122,0,1-2,1,2,0.929245,0,2,0-2,0.980707,0.043492,0,1-2,1,2,0.937215,0,2,0-2,0.989046,0.043862,0,1-2,1,2,0.945184,0,2,0-2,0.997385,0.044232,0,1-2,1,2,0.953154,0,2,0-2,1.005725,0.044601,0,1-2,1,2,0.961123,0,2,0-2,1.014064,0.044971,0,1-2,1,2,0.969093,0,2,0-2,1.022404,0.045341,0,1-2,1,2,0.977062,0,2,0-2,1.030743,0.045711,0,1-2,1,2,0.985032,0,2,0-2,1.039082,0.046081,0,1-2,1,2,0.993002,0,2,0-2,1.047422,0.046451,0,1-2,1,2,1.000971,0,2,0-2,1.055761,0.04682,0,1-2,1,2,1.008941,0,2,0-2,1.064101,0.04719,0,1-2,1,2,1.01691,0,2,0-2,1.07244,0.04756,0,1-2,1,2,1.02488,0,2,0-2,1.080779,0.04793,0,1-2,1,2,1.032849
2022,2022-11-30T22:00:00+03:00,G,39,Poland,Argentina,0,2,0.143781,0.204728,0.651492,0.8523,2.0604,0.107007,0.20779,0.685203,0.036774,away,away,False,0.036774,-0.003062,-0.033711,0,2,0-2,0.979558,0.017034,1,2,1-2,0.962524,3,0,2,0-2,1.031611,0.017939,3,1-2,1,2,1.013672,0,2,0-2,1.029073,0.017895,3,1-2,1,2,1.011178,0,2,0-2,1.026535,0.017851,3,1-2,1,2,1.008685,0,2,0-2,1.023998,0.017807,3,1-2,1,2,1.006191,0,2,0-2,1.02146,0.017763,3,1-2,1,2,1.003697,0,2,0-2,1.018922,0.017718,3,1-2,1,2,1.001204,0,2,0-2,1.016384,0.017674,3,1-2,1,2,0.99871,0,2,0-2,1.013847,0.01763,3,1-2,1,2,0.996217,0,2,0-2,1.011309,0.017586,3,1-2,1,2,0.993723,0,2,0-2,1.008771,0.017542,3,1-2,1,2,0.991229,0,2,0-2,1.006234,0.017498,3,1-2,1,2,0.988736,0,2,0-2,1.003696,0.017454,3,1-2,1,2,0.986242,0,2,0-2,1.001158,0.017409,3,1-2,1,2,0.983749,0,2,0-2,0.99862,0.017365,3,1-2,1,2,0.981255,0,2,0-2,0.996083,0.017321,3,1-2,1,2,0.978761,0,2,0-2,0.993545,0.017277,3,1-2,1,2,0.976268,0,2,0-2,0.991007,0.017233,3,1-2,1,2,0.973774,0,2,0-2,0.988469,0.017189,3,1-2,1,2,0.971281,0,2,0-2,0.985932,0.017145,3,1-2,1,2,0.968787,0,2,0-2,0.983394,0.017101,3,1-2,1,2,0.966293,0,2,0-2,0.980856,0.017056,3,1-2,1,2,0.9638
2022,2022-11-30T22:00:00+03:00,G,40,Saudi Arabia,Mexico,1,2,0.164944,0.239099,0.595957,0.7828,1.7241,0.169898,0.22604,0.604062,0.013059,away,away,False,-0.004954,0.013059,-0.008105,0,2,0-2,0.932864,0.026314,1,2,1-2,0.90655,2,0,2,0-2,0.945955,0.026683,2,1-2,1,2,0.919272,0,2,0-2,0.94532,0.026665,2,1-2,1,2,0.918655,0,2,0-2,0.944686,0.026647,2,1-2,1,2,0.918038,0,2,0-2,0.944051,0.02663,2,1-2,1,2,0.917422,0,2,0-2,0.943416,0.026612,2,1-2,1,2,0.916805,0,2,0-2,0.942782,0.026594,2,1-2,1,2,0.916188,0,2,0-2,0.942147,0.026576,2,1-2,1,2,0.915571,0,2,0-2,0.941512,0.026558,2,1-2,1,2,0.914955,0,2,0-2,0.940878,0.02654,2,1-2,1,2,0.914338,0,2,0-2,0.940243,0.026522,2,1-2,1,2,0.913721,0,2,0-2,0.939609,0.026504,2,1-2,1,2,0.913104,0,2,0-2,0.938974,0.026486,2,1-2,1,2,0.912488,0,2,0-2,0.938339,0.026468,2,1-2,1,2,0.911871,0,2,0-2,0.937705,0.02645,2,1-2,1,2,0.911254,0,2,0-2,0.93707,0.026433,2,1-2,1,2,0.910637,0,2,0-2,0.936435,0.026415,2,1-2,1,2,0.910021,0,2,0-2,0.935801,0.026397,2,1-2,1,2,0.909404,0,2,0-2,0.935166,0.026379,2,1-2,1,2,0.908787,0,2,0-2,0.934531,0.026361,2,1-2,1,2,0.90817,0,2,0-2,0.933897,0.026343,2,1-2,1,2,0.907554,0,2,0-2,0.933262,0.026325,2,1-2,1,2,0.906937
2022,2022-12-01T18:00:00+03:00,G,41,Croatia,Belgium,0,0,0.226572,0.211309,0.562119,1.2901,2.1211,0.318152,0.281377,0.400471,0.161648,away,away,False,-0.09158,-0.070068,0.161648,1,2,1-2,0.826981,0.021537,0,2,0-2,0.805444,0,1,2,1-2,0.590136,0.015369,0,0-2,0,2,0.574766,1,2,1-2,0.602046,0.015679,0,0-2,0,2,0.586367,1,2,1-2,0.613956,0.01599,0,0-2,0,2,0.597967,1,2,1-2,0.625866,0.0163,0,0-2,0,2,0.609567,1,2,1-2,0.637777,0.01661,0,0-2,0,2,0.621167,1,2,1-2,0.649687,0.01692,0,0-2,0,2,0.632767,1,2,1-2,0.661597,0.01723,0,0-2,0,2,0.644367,1,2,1-2,0.673507,0.01754,0,0-2,0,2,0.655967,1,2,1-2,0.685418,0.017851,0,0-2,0,2,0.667567,1,2,1-2,0.697328,0.018161,0,0-2,0,2,0.679167,1,2,1-2,0.709238,0.018471,0,0-2,0,2,0.690767,1,2,1-2,0.721149,0.018781,0,0-2,0,2,0.702367,1,2,1-2,0.733059,0.019091,0,0-2,0,2,0.713967,1,2,1-2,0.744969,0.019402,0,0-2,0,2,0.725567,1,2,1-2,0.756879,0.019712,0,0-2,0,2,0.737168,1,2,1-2,0.76879,0.020022,0,0-2,0,2,0.748768,1,2,1-2,0.7807,0.020332,0,0-2,0,2,0.760368,1,2,1-2,0.79261,0.020642,0,0-2,0,2,0.771968,1,2,1-2,0.80452,0.020952,0,0-2,0,2,0.783568,1,2,1-2,0.816431,0.021263,0,0-2,0,2,0.795168,1,2,1-2,0.828341,0.021573,0,0-2,0,2,0.806768
2022,2022-12-01T18:00:00+03:00,G,42,Canada,Morocco,1,2,0.278094,0.287356,0.43455,0.9706,1.2863,0.195884,0.275666,0.528451,0.0939,away,away,False,0.082211,0.01169,-0.0939,0,1,0-1,0.698737,0.006977,0,2,0-2,0.691761,1,0,1,0-1,0.849783,0.008485,1,0-2,0,2,0.841298,0,1,0-1,0.842233,0.008409,1,0-2,0,2,0.833824,0,1,0-1,0.834683,0.008334,1,0-2,0,2,0.826349,0,1,0-1,0.827133,0.008259,1,0-2,0,2,0.818875,0,1,0-1,0.819583,0.008183,1,0-2,0,2,0.8114,0,1,0-1,0.812033,0.008108,1,0-2,0,2,0.803926,0,1,0-1,0.804484,0.008032,1,0-2,0,2,0.796451,0,1,0-1,0.796934,0.007957,1,0-2,0,2,0.788977,0,1,0-1,0.789384,0.007882,1,0-2,0,2,0.781502,0,1,0-1,0.781834,0.007806,1,0-2,0,2,0.774028,0,1,0-1,0.774284,0.007731,1,0-2,0,2,0.766553,0,1,0-1,0.766734,0.007656,1,0-2,0,2,0.759079,0,1,0-1,0.759184,0.00758,1,0-2,0,2,0.751604,0,1,0-1,0.751634,0.007505,1,0-2,0,2,0.74413,0,1,0-1,0.744084,0.007429,1,0-2,0,2,0.736655,0,1,0-1,0.736534,0.007354,1,0-2,0,2,0.72918,0,1,0-1,0.728985,0.007279,1,0-2,0,2,0.721706,0,1,0-1,0.721435,0.007203,1,0-2,0,2,0.714231,0,1,0-1,0.713885,0.007128,1,0-2,0,2,0.706757,0,1,0-1,0.706335,0.007052,1,0-2,0,2,0.699282,0,1,0-1,0.698785,0.006977,1,0-2,0,2,0.691808
2022,2022-12-01T22:00:00+03:00,G,43,Japan,Spain,2,1,0.087682,0.1518,0.760518,0.7661,2.5738,0.126976,0.212149,0.660875,0.099643,away,away,False,-0.039294,-0.060349,0.099643,0,2,0-2,1.0814,0.016582,0,3,0-3,1.064818,0,0,2,0-2,0.944468,0.014482,0,0-3,0,3,0.929986,0,2,0-2,0.951588,0.014592,0,0-3,0,3,0.936996,0,2,0-2,0.958708,0.014701,0,0-3,0,3,0.944007,0,2,0-2,0.965828,0.01481,0,0-3,0,3,0.951018,0,2,0-2,0.972948,0.014919,0,0-3,0,3,0.958029,0,2,0-2,0.980068,0.015028,0,0-3,0,3,0.96504,0,2,0-2,0.987188,0.015137,0,0-3,0,3,0.972051,0,2,0-2,0.994308,0.015247,0,0-3,0,3,0.979062,0,2,0-2,1.001428,0.015356,0,0-3,0,3,0.986073,0,2,0-2,1.008548,0.015465,0,0-3,0,3,0.993083,0,2,0-2,1.015668,0.015574,0,0-3,0,3,1.000094,0,2,0-2,1.022788,0.015683,0,0-3,0,3,1.007105,0,2,0-2,1.029908,0.015792,0,0-3,0,3,1.014116,0,2,0-2,1.037029,0.015902,0,0-3,0,3,1.021127,0,2,0-2,1.044149,0.016011,0,0-3,0,3,1.028138,0,2,0-2,1.051269,0.01612,0,0-3,0,3,1.035149,0,2,0-2,1.058389,0.016229,0,0-3,0,3,1.042159,0,2,0-2,1.065509,0.016338,0,0-3,0,3,1.04917,0,2,0-2,1.072629,0.016448,0,0-3,0,3,1.056181,0,2,0-2,1.079749,0.016557,0,0-3,0,3,1.063192,0,2,0-2,1.086869,0.016666,0,0-3,0,3,1.070203
2022,2022-12-01T22:00:00+03:00,G,44,Costa Rica,Germany,2,4,0.098012,0.169793,0.732195,0.7367,2.3501,0.028089,0.079347,0.892564,0.160369,away,away,False,0.069923,0.090446,-0.160369,0,2,0-2,1.07501,0.033189,1,2,1-2,1.041821,1,0,2,0-2,1.314338,0.040577,1,1-2,1,2,1.27376,0,2,0-2,1.30253,0.040213,1,1-2,1,2,1.262317,0,2,0-2,1.290723,0.039848,1,1-2,1,2,1.250874,0,2,0-2,1.278915,0.039484,1,1-2,1,2,1.239431,0,2,0-2,1.267108,0.039119,1,1-2,1,2,1.227988,0,2,0-2,1.2553,0.038755,1,1-2,1,2,1.216545,0,2,0-2,1.243493,0.03839,1,1-2,1,2,1.205102,0,2,0-2,1.231685,0.038026,1,1-2,1,2,1.19366,0,2,0-2,1.219878,0.037661,1,1-2,1,2,1.182217,0,2,0-2,1.20807,0.037297,1,1-2,1,2,1.170774,0,2,0-2,1.196263,0.036932,1,1-2,1,2,1.159331,0,2,0-2,1.184455,0.036568,1,1-2,1,2,1.147888,0,2,0-2,1.172648,0.036203,1,1-2,1,2,1.136445,0,2,0-2,1.16084,0.035838,1,1-2,1,2,1.125002,0,2,0-2,1.149033,0.035474,1,1-2,1,2,1.113559,0,2,0-2,1.137225,0.035109,1,1-2,1,2,1.102116,0,2,0-2,1.125418,0.034745,1,1-2,1,2,1.090673,0,2,0-2,1.11361,0.03438,1,1-2,1,2,1.07923,0,2,0-2,1.101803,0.034016,1,1-2,1,2,1.067787,0,2,0-2,1.089995,0.033651,1,1-2,1,2,1.056344,0,2,0-2,1.078188,0.033287,1,1-2,1,2,1.044901
2022,2022-12-02T18:00:00+03:00,G,45,Ghana,Uruguay,0,2,0.113975,0.216359,0.669666,0.6134,1.8534,0.20476,0.250743,0.544497,0.125169,away,away,False,-0.090785,-0.034384,0.125169,0,2,0-2,1.050094,0.056341,1,2,1-2,0.993754,3,0,2,0-2,0.854397,0.045841,3,1-2,1,2,0.808556,0,2,0-2,0.864218,0.046368,3,1-2,1,2,0.81785,0,2,0-2,0.874038,0.046895,3,1-2,1,2,0.827143,0,2,0-2,0.883859,0.047422,3,1-2,1,2,0.836437,0,2,0-2,0.893679,0.047949,3,1-2,1,2,0.845731,0,2,0-2,0.9035,0.048475,3,1-2,1,2,0.855024,0,2,0-2,0.91332,0.049002,3,1-2,1,2,0.864318,0,2,0-2,0.92314,0.049529,3,1-2,1,2,0.873611,0,2,0-2,0.932961,0.050056,3,1-2,1,2,0.882905,0,2,0-2,0.942781,0.050583,3,1-2,1,2,0.892198,0,2,0-2,0.952602,0.05111,3,1-2,1,2,0.901492,0,2,0-2,0.962422,0.051637,3,1-2,1,2,0.910786,0,2,0-2,0.972243,0.052164,3,1-2,1,2,0.920079,0,2,0-2,0.982063,0.052691,3,1-2,1,2,0.929373,0,2,0-2,0.991884,0.053217,3,1-2,1,2,0.938666,0,2,0-2,1.001704,0.053744,3,1-2,1,2,0.94796,0,2,0-2,1.011525,0.054271,3,1-2,1,2,0.957253,0,2,0-2,1.021345,0.054798,3,1-2,1,2,0.966547,0,2,0-2,1.031165,0.055325,3,1-2,1,2,0.97584,0,2,0-2,1.040986,0.055852,3,1-2,1,2,0.985134,0,2,0-2,1.050806,0.056379,3,1-2,1,2,0.994428
2022,2022-12-02T18:00:00+03:00,G,46,South Korea,Portugal,2,1,0.114232,0.198667,0.687101,0.6943,2.0422,0.219186,0.251539,0.529275,0.157826,away,away,False,-0.104955,-0.052872,0.157826,0,2,0-2,1.050285,0.041298,1,2,1-2,1.008987,0,0,2,0-2,0.810049,0.031852,0,1-2,1,2,0.778197,0,2,0-2,0.822127,0.032327,0,1-2,1,2,0.7898,0,2,0-2,0.834204,0.032802,0,1-2,1,2,0.801403,0,2,0-2,0.846282,0.033276,0,1-2,1,2,0.813005,0,2,0-2,0.858359,0.033751,0,1-2,1,2,0.824608,0,2,0-2,0.870437,0.034226,0,1-2,1,2,0.836211,0,2,0-2,0.882514,0.034701,0,1-2,1,2,0.847813,0,2,0-2,0.894592,0.035176,0,1-2,1,2,0.859416,0,2,0-2,0.906669,0.035651,0,1-2,1,2,0.871019,0,2,0-2,0.918747,0.036126,0,1-2,1,2,0.882621,0,2,0-2,0.930825,0.036601,0,1-2,1,2,0.894224,0,2,0-2,0.942902,0.037076,0,1-2,1,2,0.905827,0,2,0-2,0.95498,0.03755,0,1-2,1,2,0.917429,0,2,0-2,0.967057,0.038025,0,1-2,1,2,0.929032,0,2,0-2,0.979135,0.0385,0,1-2,1,2,0.940635,0,2,0-2,0.991212,0.038975,0,1-2,1,2,0.952237,0,2,0-2,1.00329,0.03945,0,1-2,1,2,0.96384,0,2,0-2,1.015367,0.039925,0,1-2,1,2,0.975442,0,2,0-2,1.027445,0.0404,0,1-2,1,2,0.987045,0,2,0-2,1.039523,0.040875,0,1-2,1,2,0.998648,0,2,0-2,1.0516,0.04135,0,1-2,1,2,1.01025
2022,2022-12-02T22:00:00+03:00,G,47,Serbia,Switzerland,2,3,0.321154,0.243451,0.435395,1.3874,1.6497,0.378966,0.284015,0.337018,0.098377,away,home,True,-0.057813,-0.040564,0.098377,1,2,1-2,0.681631,0.02529,0,2,0-2,0.656341,1,2,1,2-1,0.613316,0.035412,0,2-0,2,0,0.577903,2,1,2-1,0.608637,0.035142,0,2-0,2,0,0.573495,2,1,2-1,0.603959,0.034872,0,2-0,2,0,0.569087,2,1,2-1,0.599281,0.034602,0,2-0,2,0,0.564679,2,1,2-1,0.594603,0.034332,0,2-0,2,0,0.560271,2,1,2-1,0.589925,0.023566,0,1-2,1,2,0.566358,2,1,2-1,0.585247,0.011184,0,1-2,1,2,0.574062,1,2,1-2,0.581766,0.001198,1,2-1,2,1,0.580568,1,2,1-2,0.58947,0.01358,1,2-1,2,1,0.57589,1,2,1-2,0.597174,0.022157,1,0-2,0,2,0.575017,1,2,1-2,0.604878,0.022442,1,0-2,0,2,0.582435,1,2,1-2,0.612582,0.022728,1,0-2,0,2,0.589853,1,2,1-2,0.620285,0.023014,1,0-2,0,2,0.597271,1,2,1-2,0.627989,0.0233,1,0-2,0,2,0.604689,1,2,1-2,0.635693,0.023586,1,0-2,0,2,0.612108,1,2,1-2,0.643397,0.023872,1,0-2,0,2,0.619526,1,2,1-2,0.651101,0.024157,1,0-2,0,2,0.626944,1,2,1-2,0.658805,0.024443,1,0-2,0,2,0.634362,1,2,1-2,0.666509,0.024729,1,0-2,0,2,0.64178,1,2,1-2,0.674213,0.025015,1,0-2,0,2,0.649198,1,2,1-2,0.681917,0.025301,1,0-2,0,2,0.656616
2022,2022-12-02T22:00:00+03:00,G,48,Cameroon,Brazil,1,0,0.040254,0.132006,0.82774,0.3759,2.4325,0.096426,0.175932,0.727642,0.100098,away,away,False,-0.056172,-0.043926,0.100098,0,2,0-2,1.248624,0.069959,0,3,0-3,1.178665,0,0,2,0-2,1.101612,0.061722,0,0-3,0,3,1.03989,0,2,0-2,1.109189,0.062146,0,0-3,0,3,1.047043,0,2,0-2,1.116766,0.062571,0,0-3,0,3,1.054196,0,2,0-2,1.124343,0.062995,0,0-3,0,3,1.061348,0,2,0-2,1.131921,0.06342,0,0-3,0,3,1.068501,0,2,0-2,1.139498,0.063844,0,0-3,0,3,1.075653,0,2,0-2,1.147075,0.064269,0,0-3,0,3,1.082806,0,2,0-2,1.154652,0.064693,0,0-3,0,3,1.089959,0,2,0-2,1.162229,0.065118,0,0-3,0,3,1.097111,0,2,0-2,1.169806,0.065542,0,0-3,0,3,1.104264,0,2,0-2,1.177384,0.065967,0,0-3,0,3,1.111417,0,2,0-2,1.184961,0.066392,0,0-3,0,3,1.118569,0,2,0-2,1.192538,0.066816,0,0-3,0,3,1.125722,0,2,0-2,1.200115,0.067241,0,0-3,0,3,1.132874,0,2,0-2,1.207692,0.067665,0,0-3,0,3,1.140027,0,2,0-2,1.215269,0.06809,0,0-3,0,3,1.14718,0,2,0-2,1.222846,0.068514,0,0-3,0,3,1.154332,0,2,0-2,1.230424,0.068939,0,0-3,0,3,1.161485,0,2,0-2,1.238001,0.069363,0,0-3,0,3,1.168637,0,2,0-2,1.245578,0.069788,0,0-3,0,3,1.17579,0,2,0-2,1.253155,0.070212,0,0-3,0,3,1.182943
2022,2022-12-03T15:00:00+00:00,8,49,Netherlands,United States,3,1,0.578196,0.234619,0.187185,1.7901,0.9131,0.504938,0.282928,0.212135,0.073258,home,home,False,0.073258,-0.048309,-0.024949,2,0,2-0,0.890557,0.009327,2,1,2-1,0.881229,1,2,0,2-0,0.778148,0.00815,1,2-1,2,1,0.769998,2,0,2-0,0.783792,0.008209,1,2-1,2,1,0.775583,2,0,2-0,0.789437,0.008268,1,2-1,2,1,0.781169,2,0,2-0,0.795082,0.008327,1,2-1,2,1,0.786755,2,0,2-0,0.800727,0.008386,1,2-1,2,1,0.792341,2,0,2-0,0.806372,0.008445,1,2-1,2,1,0.797926,2,0,2-0,0.812017,0.008505,1,2-1,2,1,0.803512,2,0,2-0,0.817661,0.008564,1,2-1,2,1,0.809098,2,0,2-0,0.823306,0.008623,1,2-1,2,1,0.814683,2,0,2-0,0.828951,0.008682,1,2-1,2,1,0.820269,2,0,2-0,0.834596,0.008741,1,2-1,2,1,0.825855,2,0,2-0,0.840241,0.0088,1,2-1,2,1,0.831441,2,0,2-0,0.845886,0.008859,1,2-1,2,1,0.837026,2,0,2-0,0.85153,0.008918,1,2-1,2,1,0.842612,2,0,2-0,0.857175,0.008978,1,2-1,2,1,0.848198,2,0,2-0,0.86282,0.009037,1,2-1,2,1,0.853783,2,0,2-0,0.868465,0.009096,1,2-1,2,1,0.859369,2,0,2-0,0.87411,0.009155,1,2-1,2,1,0.864955,2,0,2-0,0.879755,0.009214,1,2-1,2,1,0.870541,2,0,2-0,0.885399,0.009273,1,2-1,2,1,0.876126,2,0,2-0,0.891044,0.009332,1,2-1,2,1,0.881712
2022,2022-12-03T19:00:00+00:00,8,50,Argentina,Australia,2,1,0.773306,0.151857,0.074837,2.4649,0.6358,0.763641,0.15311,0.083249,0.009665,home,home,False,0.009665,-0.001253,-0.008411,2,0,2-0,1.130745,0.041583,3,0,3-0,1.089162,2,2,0,2-0,1.120995,0.041225,2,3-0,3,0,1.07977,2,0,2-0,1.121704,0.041251,2,3-0,3,0,1.080453,2,0,2-0,1.122414,0.041277,2,3-0,3,0,1.081137,2,0,2-0,1.123123,0.041303,2,3-0,3,0,1.08182,2,0,2-0,1.123832,0.041329,2,3-0,3,0,1.082503,2,0,2-0,1.124542,0.041355,2,3-0,3,0,1.083187,2,0,2-0,1.125251,0.041381,2,3-0,3,0,1.08387,2,0,2-0,1.12596,0.041407,2,3-0,3,0,1.084553,2,0,2-0,1.12667,0.041433,2,3-0,3,0,1.085236,2,0,2-0,1.127379,0.04146,2,3-0,3,0,1.08592,2,0,2-0,1.128089,0.041486,2,3-0,3,0,1.086603,2,0,2-0,1.128798,0.041512,2,3-0,3,0,1.087286,2,0,2-0,1.129507,0.041538,2,3-0,3,0,1.08797,2,0,2-0,1.130217,0.041564,2,3-0,3,0,1.088653,2,0,2-0,1.130926,0.04159,2,3-0,3,0,1.089336,2,0,2-0,1.131636,0.041616,2,3-0,3,0,1.09002,2,0,2-0,1.132345,0.041642,2,3-0,3,0,1.090703,2,0,2-0,1.133054,0.041668,2,3-0,3,0,1.091386,2,0,2-0,1.133764,0.041694,2,3-0,3,0,1.092069,2,0,2-0,1.134473,0.04172,2,3-0,3,0,1.092753,2,0,2-0,1.135183,0.041747,2,3-0,3,0,1.093436
2022,2022-12-04T19:00:00+00:00,8,51,England,Senegal,3,0,0.566433,0.282302,0.151265,1.3818,0.5708,0.60616,0.256766,0.137074,0.039727,home,home,False,-0.039727,0.025535,0.014191,1,0,1-0,0.954206,0.039556,2,0,2-0,0.91465,1,1,0,1-0,1.021229,0.042335,1,2-0,2,0,0.978895,1,0,1-0,1.017883,0.042196,1,2-0,2,0,0.975687,1,0,1-0,1.014536,0.042057,1,2-0,2,0,0.972479,1,0,1-0,1.01119,0.041918,1,2-0,2,0,0.969271,1,0,1-0,1.007843,0.04178,1,2-0,2,0,0.966064,1,0,1-0,1.004497,0.041641,1,2-0,2,0,0.962856,1,0,1-0,1.00115,0.041502,1,2-0,2,0,0.959648,1,0,1-0,0.997804,0.041364,1,2-0,2,0,0.95644,1,0,1-0,0.994457,0.041225,1,2-0,2,0,0.953233,1,0,1-0,0.991111,0.041086,1,2-0,2,0,0.950025,1,0,1-0,0.987764,0.040947,1,2-0,2,0,0.946817,1,0,1-0,0.984418,0.040809,1,2-0,2,0,0.943609,1,0,1-0,0.981071,0.04067,1,2-0,2,0,0.940402,1,0,1-0,0.977725,0.040531,1,2-0,2,0,0.937194,1,0,1-0,0.974378,0.040392,1,2-0,2,0,0.933986,1,0,1-0,0.971032,0.040254,1,2-0,2,0,0.930778,1,0,1-0,0.967685,0.040115,1,2-0,2,0,0.92757,1,0,1-0,0.964339,0.039976,1,2-0,2,0,0.924363,1,0,1-0,0.960993,0.039838,1,2-0,2,0,0.921155,1,0,1-0,0.957646,0.039699,1,2-0,2,0,0.917947,1,0,1-0,0.9543,0.03956,1,2-0,2,0,0.914739
2022,2022-12-04T15:00:00+00:00,8,52,France,Poland,3,1,0.587698,0.221323,0.190979,1.9455,1.0166,0.70243,0.193011,0.104559,0.114732,home,home,False,-0.114732,0.028312,0.08642,2,1,2-1,0.88398,0.001625,2,0,2-0,0.882355,1,2,1,2-1,1.057541,0.001944,1,2-0,2,0,1.055597,2,1,2-1,1.048904,0.001928,1,2-0,2,0,1.046976,2,1,2-1,1.040267,0.001912,1,2-0,2,0,1.038355,2,1,2-1,1.031631,0.001896,1,2-0,2,0,1.029734,2,1,2-1,1.022994,0.00188,1,2-0,2,0,1.021113,2,1,2-1,1.014357,0.001864,1,2-0,2,0,1.012493,2,1,2-1,1.00572,0.001849,1,2-0,2,0,1.003872,2,1,2-1,0.997084,0.001833,1,2-0,2,0,0.995251,2,1,2-1,0.988447,0.001817,1,2-0,2,0,0.98663,2,1,2-1,0.97981,0.001801,1,2-0,2,0,0.978009,2,1,2-1,0.971173,0.001785,1,2-0,2,0,0.969388,2,1,2-1,0.962537,0.001769,1,2-0,2,0,0.960767,2,1,2-1,0.9539,0.001753,1,2-0,2,0,0.952147,2,1,2-1,0.945263,0.001737,1,2-0,2,0,0.943526,2,1,2-1,0.936626,0.001722,1,2-0,2,0,0.934905,2,1,2-1,0.92799,0.001706,1,2-0,2,0,0.926284,2,1,2-1,0.919353,0.00169,1,2-0,2,0,0.917663,2,1,2-1,0.910716,0.001674,1,2-0,2,0,0.909042,2,1,2-1,0.90208,0.001658,1,2-0,2,0,0.900421,2,1,2-1,0.893443,0.001642,1,2-0,2,0,0.891801,2,1,2-1,0.884806,0.001626,1,2-0,2,0,0.88318
2022,2022-12-05T15:00:00+00:00,8,53,Japan,Croatia,1,1,0.199178,0.215857,0.584965,1.1013,2.0259,0.245121,0.294446,0.460432,0.124532,away,away,False,-0.045943,-0.078589,0.124532,1,2,1-2,0.872388,0.009111,0,2,0-2,0.863277,0,1,2,1-2,0.687498,0.00718,0,0-2,0,2,0.680318,1,2,1-2,0.696795,0.007277,0,0-2,0,2,0.689518,1,2,1-2,0.706092,0.007374,0,0-2,0,2,0.698718,1,2,1-2,0.715389,0.007471,0,0-2,0,2,0.707918,1,2,1-2,0.724687,0.007568,0,0-2,0,2,0.717118,1,2,1-2,0.733984,0.007665,0,0-2,0,2,0.726319,1,2,1-2,0.743281,0.007763,0,0-2,0,2,0.735519,1,2,1-2,0.752579,0.00786,0,0-2,0,2,0.744719,1,2,1-2,0.761876,0.007957,0,0-2,0,2,0.753919,1,2,1-2,0.771173,0.008054,0,0-2,0,2,0.763119,1,2,1-2,0.780471,0.008151,0,0-2,0,2,0.77232,1,2,1-2,0.789768,0.008248,0,0-2,0,2,0.78152,1,2,1-2,0.799065,0.008345,0,0-2,0,2,0.79072,1,2,1-2,0.808362,0.008442,0,0-2,0,2,0.79992,1,2,1-2,0.81766,0.008539,0,0-2,0,2,0.80912,1,2,1-2,0.826957,0.008636,0,0-2,0,2,0.818321,1,2,1-2,0.836254,0.008734,0,0-2,0,2,0.827521,1,2,1-2,0.845552,0.008831,0,0-2,0,2,0.836721,1,2,1-2,0.854849,0.008928,0,0-2,0,2,0.845921,1,2,1-2,0.864146,0.009025,0,0-2,0,2,0.855121,1,2,1-2,0.873444,0.009122,0,0-2,0,2,0.864322
2022,2022-12-05T19:00:00+00:00,8,54,Brazil,South Korea,4,1,0.806233,0.143315,0.050451,2.376,0.4362,0.802515,0.140921,0.056564,0.006113,home,home,False,0.003718,0.002395,-0.006113,2,0,2-0,1.216792,0.073149,3,0,3-0,1.143644,1,2,0,2-0,1.215002,0.073041,1,3-0,3,0,1.141961,2,0,2-0,1.215283,0.073058,1,3-0,3,0,1.142225,2,0,2-0,1.215565,0.073075,1,3-0,3,0,1.14249,2,0,2-0,1.215846,0.073092,1,3-0,3,0,1.142754,2,0,2-0,1.216128,0.073109,1,3-0,3,0,1.143019,2,0,2-0,1.216409,0.073126,1,3-0,3,0,1.143283,2,0,2-0,1.216691,0.073143,1,3-0,3,0,1.143548,2,0,2-0,1.216972,0.07316,1,3-0,3,0,1.143812,2,0,2-0,1.217254,0.073177,1,3-0,3,0,1.144077,2,0,2-0,1.217535,0.073194,1,3-0,3,0,1.144342,2,0,2-0,1.217817,0.07321,1,3-0,3,0,1.144606,2,0,2-0,1.218098,0.073227,1,3-0,3,0,1.144871,2,0,2-0,1.218379,0.073244,1,3-0,3,0,1.145135,2,0,2-0,1.218661,0.073261,1,3-0,3,0,1.1454,2,0,2-0,1.218942,0.073278,1,3-0,3,0,1.145664,2,0,2-0,1.219224,0.073295,1,3-0,3,0,1.145929,2,0,2-0,1.219505,0.073312,1,3-0,3,0,1.146193,2,0,2-0,1.219787,0.073329,1,3-0,3,0,1.146458,2,0,2-0,1.220068,0.073346,1,3-0,3,0,1.146722,2,0,2-0,1.22035,0.073363,1,3-0,3,0,1.146987,2,0,2-0,1.220631,0.07338,1,3-0,3,0,1.147252
2022,2022-12-06T15:00:00+00:00,8,55,Morocco,Spain,0,0,0.137287,0.221895,0.640818,0.7212,1.8513,0.149665,0.251365,0.59897,0.041849,away,away,False,-0.012379,-0.02947,0.041849,0,2,0-2,0.996386,0.036467,1,2,1-2,0.959919,0,0,2,0-2,0.931945,0.034109,0,1-2,1,2,0.897836,0,2,0-2,0.9352,0.034228,0,1-2,1,2,0.900972,0,2,0-2,0.938456,0.034347,0,1-2,1,2,0.904109,0,2,0-2,0.941711,0.034466,0,1-2,1,2,0.907245,0,2,0-2,0.944967,0.034585,0,1-2,1,2,0.910382,0,2,0-2,0.948223,0.034704,0,1-2,1,2,0.913518,0,2,0-2,0.951478,0.034824,0,1-2,1,2,0.916655,0,2,0-2,0.954734,0.034943,0,1-2,1,2,0.919791,0,2,0-2,0.95799,0.035062,0,1-2,1,2,0.922928,0,2,0-2,0.961245,0.035181,0,1-2,1,2,0.926064,0,2,0-2,0.964501,0.0353,0,1-2,1,2,0.929201,0,2,0-2,0.967757,0.035419,0,1-2,1,2,0.932337,0,2,0-2,0.971012,0.035539,0,1-2,1,2,0.935474,0,2,0-2,0.974268,0.035658,0,1-2,1,2,0.93861,0,2,0-2,0.977523,0.035777,0,1-2,1,2,0.941747,0,2,0-2,0.980779,0.035896,0,1-2,1,2,0.944883,0,2,0-2,0.984035,0.036015,0,1-2,1,2,0.94802,0,2,0-2,0.98729,0.036134,0,1-2,1,2,0.951156,0,2,0-2,0.990546,0.036253,0,1-2,1,2,0.954292,0,2,0-2,0.993802,0.036373,0,1-2,1,2,0.957429,0,2,0-2,0.997057,0.036492,0,1-2,1,2,0.960565
2022,2022-12-06T19:00:00+00:00,8,56,Portugal,Switzerland,6,1,0.519374,0.245438,0.235187,1.6929,1.0601,0.503446,0.265517,0.231037,0.020078,home,home,False,0.015928,-0.020078,0.00415,2,1,2-1,0.804141,0.005491,2,0,2-0,0.79865,1,2,1,2-1,0.779786,0.005324,1,2-0,2,0,0.774461,2,1,2-1,0.781019,0.005333,1,2-0,2,0,0.775686,2,1,2-1,0.782253,0.005341,1,2-0,2,0,0.776912,2,1,2-1,0.783486,0.00535,1,2-0,2,0,0.778137,2,1,2-1,0.78472,0.005358,1,2-0,2,0,0.779362,2,1,2-1,0.785953,0.005367,1,2-0,2,0,0.780587,2,1,2-1,0.787187,0.005375,1,2-0,2,0,0.781812,2,1,2-1,0.788421,0.005383,1,2-0,2,0,0.783037,2,1,2-1,0.789654,0.005392,1,2-0,2,0,0.784262,2,1,2-1,0.790888,0.0054,1,2-0,2,0,0.785487,2,1,2-1,0.792121,0.005409,1,2-0,2,0,0.786712,2,1,2-1,0.793355,0.005417,1,2-0,2,0,0.787938,2,1,2-1,0.794588,0.005425,1,2-0,2,0,0.789163,2,1,2-1,0.795822,0.005434,1,2-0,2,0,0.790388,2,1,2-1,0.797055,0.005442,1,2-0,2,0,0.791613,2,1,2-1,0.798289,0.005451,1,2-0,2,0,0.792838,2,1,2-1,0.799522,0.005459,1,2-0,2,0,0.794063,2,1,2-1,0.800756,0.005468,1,2-0,2,0,0.795288,2,1,2-1,0.801989,0.005476,1,2-0,2,0,0.796513,2,1,2-1,0.803223,0.005484,1,2-0,2,0,0.797739,2,1,2-1,0.804457,0.005493,1,2-0,2,0,0.798964
2022,2022-12-09T15:00:00+00:00,4,57,Croatia,Brazil,1,1,0.110453,0.192159,0.697388,0.7023,2.1063,0.102075,0.201964,0.695961,0.009805,away,away,False,0.008378,-0.009805,0.001428,0,2,0-2,1.057734,0.039817,1,2,1-2,1.017917,0,0,2,0-2,1.05717,0.039795,0,1-2,1,2,1.017374,0,2,0-2,1.057278,0.0398,0,1-2,1,2,1.017479,0,2,0-2,1.057387,0.039804,0,1-2,1,2,1.017583,0,2,0-2,1.057495,0.039808,0,1-2,1,2,1.017687,0,2,0-2,1.057603,0.039812,0,1-2,1,2,1.017792,0,2,0-2,1.057712,0.039816,0,1-2,1,2,1.017896,0,2,0-2,1.05782,0.03982,0,1-2,1,2,1.018,0,2,0-2,1.057929,0.039824,0,1-2,1,2,1.018105,0,2,0-2,1.058037,0.039828,0,1-2,1,2,1.018209,0,2,0-2,1.058146,0.039832,0,1-2,1,2,1.018313,0,2,0-2,1.058254,0.039836,0,1-2,1,2,1.018418,0,2,0-2,1.058362,0.03984,0,1-2,1,2,1.018522,0,2,0-2,1.058471,0.039844,0,1-2,1,2,1.018626,0,2,0-2,1.058579,0.039849,0,1-2,1,2,1.018731,0,2,0-2,1.058688,0.039853,0,1-2,1,2,1.018835,0,2,0-2,1.058796,0.039857,0,1-2,1,2,1.018939,0,2,0-2,1.058905,0.039861,0,1-2,1,2,1.019044,0,2,0-2,1.059013,0.039865,0,1-2,1,2,1.019148,0,2,0-2,1.059121,0.039869,0,1-2,1,2,1.019252,0,2,0-2,1.05923,0.039873,0,1-2,1,2,1.019357,0,2,0-2,1.059338,0.039877,0,1-2,1,2,1.019461
2022,2022-12-09T19:00:00+00:00,4,58,Netherlands,Argentina,2,2,0.26182,0.252344,0.485836,1.1173,1.6109,0.262018,0.308029,0.429953,0.055883,away,away,False,-0.000198,-0.055685,0.055883,1,2,1-2,0.759907,0.009942,0,2,0-2,0.749965,0,1,2,1-2,0.672698,0.008801,0,0-2,0,2,0.663897,1,2,1-2,0.67707,0.008858,0,0-2,0,2,0.668211,1,2,1-2,0.681441,0.008916,0,0-2,0,2,0.672526,1,2,1-2,0.685813,0.008973,0,0-2,0,2,0.67684,1,2,1-2,0.690185,0.00903,0,0-2,0,2,0.681155,1,2,1-2,0.694556,0.009087,0,0-2,0,2,0.685469,1,2,1-2,0.698928,0.009144,0,0-2,0,2,0.689784,1,2,1-2,0.7033,0.009202,0,0-2,0,2,0.694098,1,2,1-2,0.707671,0.009259,0,0-2,0,2,0.698413,1,2,1-2,0.712043,0.009316,0,0-2,0,2,0.702727,1,2,1-2,0.716415,0.009373,0,0-2,0,2,0.707042,1,2,1-2,0.720786,0.00943,0,0-2,0,2,0.711356,1,2,1-2,0.725158,0.009488,0,0-2,0,2,0.715671,1,2,1-2,0.72953,0.009545,0,0-2,0,2,0.719985,1,2,1-2,0.733901,0.009602,0,0-2,0,2,0.7243,1,2,1-2,0.738273,0.009659,0,0-2,0,2,0.728614,1,2,1-2,0.742645,0.009716,0,0-2,0,2,0.732928,1,2,1-2,0.747016,0.009774,0,0-2,0,2,0.737243,1,2,1-2,0.751388,0.009831,0,0-2,0,2,0.741557,1,2,1-2,0.75576,0.009888,0,0-2,0,2,0.745872,1,2,1-2,0.760131,0.009945,0,0-2,0,2,0.750186
2022,2022-12-10T15:00:00+00:00,4,59,Morocco,Portugal,1,0,0.159593,0.244569,0.595838,0.7331,1.6687,0.145291,0.245425,0.609284,0.014302,away,away,False,0.014302,-0.000856,-0.013446,0,2,0-2,0.940211,0.033648,1,2,1-2,0.906563,0,0,2,0-2,0.96176,0.034419,0,1-2,1,2,0.927341,0,2,0-2,0.960699,0.034381,0,1-2,1,2,0.926317,0,2,0-2,0.959637,0.034343,0,1-2,1,2,0.925294,0,2,0-2,0.958576,0.034305,0,1-2,1,2,0.924271,0,2,0-2,0.957515,0.034267,0,1-2,1,2,0.923248,0,2,0-2,0.956454,0.034229,0,1-2,1,2,0.922224,0,2,0-2,0.955393,0.034192,0,1-2,1,2,0.921201,0,2,0-2,0.954331,0.034154,0,1-2,1,2,0.920178,0,2,0-2,0.95327,0.034116,0,1-2,1,2,0.919155,0,2,0-2,0.952209,0.034078,0,1-2,1,2,0.918131,0,2,0-2,0.951148,0.03404,0,1-2,1,2,0.917108,0,2,0-2,0.950086,0.034002,0,1-2,1,2,0.916085,0,2,0-2,0.949025,0.033964,0,1-2,1,2,0.915062,0,2,0-2,0.947964,0.033926,0,1-2,1,2,0.914038,0,2,0-2,0.946903,0.033888,0,1-2,1,2,0.913015,0,2,0-2,0.945841,0.03385,0,1-2,1,2,0.911992,0,2,0-2,0.94478,0.033812,0,1-2,1,2,0.910969,0,2,0-2,0.943719,0.033774,0,1-2,1,2,0.909945,0,2,0-2,0.942658,0.033736,0,1-2,1,2,0.908922,0,2,0-2,0.941597,0.033698,0,1-2,1,2,0.907899,0,2,0-2,0.940535,0.03366,0,1-2,1,2,0.906876
2022,2022-12-10T19:00:00+00:00,4,60,England,France,1,2,0.384694,0.287452,0.327854,1.213,1.0976,0.33732,0.309701,0.352979,0.047374,home,away,True,0.047374,-0.022249,-0.025124,1,0,1-0,0.620215,0.002357,2,1,2-1,0.617858,0,1,1,1-1,0.599834,0.017894,0,0-1,0,1,0.58194,1,1,1-1,0.597679,0.017811,0,0-1,0,1,0.579869,1,1,1-1,0.595525,0.017727,0,0-1,0,1,0.577797,1,1,1-1,0.59337,0.017644,0,0-1,0,1,0.575726,1,1,1-1,0.591215,0.01756,0,0-1,0,1,0.573655,1,1,1-1,0.589061,0.017477,0,0-1,0,1,0.571584,1,1,1-1,0.586906,0.017393,0,0-1,0,1,0.569513,1,1,1-1,0.584752,0.014148,0,1-0,1,0,0.570603,1,1,1-1,0.582597,0.008174,0,1-0,1,0,0.574423,1,1,1-1,0.580442,0.002201,0,1-0,1,0,0.578242,1,0,1-0,0.582061,0.002212,0,2-1,2,1,0.579849,1,0,1-0,0.58588,0.002227,0,2-1,2,1,0.583653,1,0,1-0,0.589699,0.002241,0,2-1,2,1,0.587458,1,0,1-0,0.593518,0.002256,0,2-1,2,1,0.591262,1,0,1-0,0.597337,0.00227,0,2-1,2,1,0.595067,1,0,1-0,0.601156,0.002285,0,2-1,2,1,0.598871,1,0,1-0,0.604975,0.002299,0,2-1,2,1,0.602676,1,0,1-0,0.608794,0.002314,0,2-1,2,1,0.606481,1,0,1-0,0.612613,0.002328,0,2-1,2,1,0.610285,1,0,1-0,0.616433,0.002343,0,2-1,2,1,0.61409,1,0,1-0,0.620252,0.002357,0,2-1,2,1,0.617894
2022,2022-12-13T19:00:00+00:00,2,61,Argentina,Croatia,3,0,0.591012,0.225298,0.18369,1.8893,0.952,0.484465,0.307556,0.207979,0.106547,home,home,False,0.106547,-0.082259,-0.024288,2,0,2-0,0.897981,0.005003,2,1,2-1,0.892978,1,2,0,2-0,0.736664,0.004105,1,2-1,2,1,0.732559,2,0,2-0,0.744764,0.00415,1,2-1,2,1,0.740615,2,0,2-0,0.752865,0.004195,1,2-1,2,1,0.74867,2,0,2-0,0.760966,0.00424,1,2-1,2,1,0.756726,2,0,2-0,0.769066,0.004285,1,2-1,2,1,0.764781,2,0,2-0,0.777167,0.00433,1,2-1,2,1,0.772837,2,0,2-0,0.785267,0.004375,1,2-1,2,1,0.780892,2,0,2-0,0.793368,0.00442,1,2-1,2,1,0.788947,2,0,2-0,0.801469,0.004466,1,2-1,2,1,0.797003,2,0,2-0,0.809569,0.004511,1,2-1,2,1,0.805058,2,0,2-0,0.81767,0.004556,1,2-1,2,1,0.813114,2,0,2-0,0.82577,0.004601,1,2-1,2,1,0.821169,2,0,2-0,0.833871,0.004646,1,2-1,2,1,0.829225,2,0,2-0,0.841972,0.004691,1,2-1,2,1,0.83728,2,0,2-0,0.850072,0.004736,1,2-1,2,1,0.845336,2,0,2-0,0.858173,0.004782,1,2-1,2,1,0.853391,2,0,2-0,0.866273,0.004827,1,2-1,2,1,0.861447,2,0,2-0,0.874374,0.004872,1,2-1,2,1,0.869502,2,0,2-0,0.882475,0.004917,1,2-1,2,1,0.877558,2,0,2-0,0.890575,0.004962,1,2-1,2,1,0.885613,2,0,2-0,0.898676,0.005007,1,2-1,2,1,0.893669
2022,2022-12-14T19:00:00+00:00,2,62,France,Morocco,2,0,0.586892,0.24789,0.165218,1.6444,0.7447,0.610924,0.244667,0.144409,0.024032,home,home,False,-0.024032,0.003223,0.020809,2,0,2-0,0.927049,0.031661,2,1,2-1,0.895389,3,2,0,2-0,0.965312,0.032967,3,2-1,2,1,0.932345,2,0,2-0,0.963414,0.032902,3,2-1,2,1,0.930511,2,0,2-0,0.961515,0.032838,3,2-1,2,1,0.928677,2,0,2-0,0.959616,0.032773,3,2-1,2,1,0.926843,2,0,2-0,0.957718,0.032708,3,2-1,2,1,0.92501,2,0,2-0,0.955819,0.032643,3,2-1,2,1,0.923176,2,0,2-0,0.95392,0.032578,3,2-1,2,1,0.921342,2,0,2-0,0.952022,0.032513,3,2-1,2,1,0.919508,2,0,2-0,0.950123,0.032449,3,2-1,2,1,0.917675,2,0,2-0,0.948224,0.032384,3,2-1,2,1,0.915841,2,0,2-0,0.946326,0.032319,3,2-1,2,1,0.914007,2,0,2-0,0.944427,0.032254,3,2-1,2,1,0.912173,2,0,2-0,0.942528,0.032189,3,2-1,2,1,0.910339,2,0,2-0,0.94063,0.032124,3,2-1,2,1,0.908506,2,0,2-0,0.938731,0.032059,3,2-1,2,1,0.906672,2,0,2-0,0.936833,0.031995,3,2-1,2,1,0.904838,2,0,2-0,0.934934,0.03193,3,2-1,2,1,0.903004,2,0,2-0,0.933035,0.031865,3,2-1,2,1,0.90117,2,0,2-0,0.931137,0.0318,3,2-1,2,1,0.899337,2,0,2-0,0.929238,0.031735,3,2-1,2,1,0.897503,2,0,2-0,0.927339,0.03167,3,2-1,2,1,0.895669
2022,2022-12-17T15:00:00+00:00,1,63,Croatia,Morocco,2,1,0.465453,0.268046,0.2665,1.4572,1.0368,0.42753,0.267962,0.304507,0.038007,home,home,False,0.037923,8.4e-05,-0.038007,2,1,2-1,0.734862,0.003227,2,0,2-0,0.731635,3,2,1,2-1,0.675092,0.002964,3,2-0,2,0,0.672128,2,1,2-1,0.678086,0.002977,3,2-0,2,0,0.675109,2,1,2-1,0.68108,0.002991,3,2-0,2,0,0.67809,2,1,2-1,0.684074,0.003004,3,2-0,2,0,0.68107,2,1,2-1,0.687068,0.003017,3,2-0,2,0,0.684051,2,1,2-1,0.690062,0.00303,3,2-0,2,0,0.687032,2,1,2-1,0.693057,0.003043,3,2-0,2,0,0.690013,2,1,2-1,0.696051,0.003056,3,2-0,2,0,0.692994,2,1,2-1,0.699045,0.003069,3,2-0,2,0,0.695975,2,1,2-1,0.702039,0.003083,3,2-0,2,0,0.698956,2,1,2-1,0.705033,0.003096,3,2-0,2,0,0.701937,2,1,2-1,0.708027,0.003109,3,2-0,2,0,0.704918,2,1,2-1,0.711021,0.003122,3,2-0,2,0,0.707899,2,1,2-1,0.714015,0.003135,3,2-0,2,0,0.71088,2,1,2-1,0.71701,0.003148,3,2-0,2,0,0.713861,2,1,2-1,0.720004,0.003161,3,2-0,2,0,0.716842,2,1,2-1,0.722998,0.003175,3,2-0,2,0,0.719823,2,1,2-1,0.725992,0.003188,3,2-0,2,0,0.722804,2,1,2-1,0.728986,0.003201,3,2-0,2,0,0.725785,2,1,2-1,0.73198,0.003214,3,2-0,2,0,0.728766,2,1,2-1,0.734974,0.003227,3,2-0,2,0,0.731747
2022,2022-12-18T15:00:00+00:00,0,64,Argentina,France,3,3,0.429879,0.27611,0.294011,1.357,1.0742,0.362229,0.303293,0.334478,0.06765,home,home,False,0.06765,-0.027183,-0.040468,2,1,2-1,0.684727,0.006011,2,0,2-0,0.678716,0,1,1,1-1,0.59037,0.013339,1,2-1,2,1,0.577031,1,1,1-1,0.587724,0.005305,1,2-1,2,1,0.582419,2,1,2-1,0.587807,0.002729,0,1-1,1,1,0.585079,2,1,2-1,0.593196,0.005207,0,2-0,2,0,0.587989,2,1,2-1,0.598584,0.005254,0,2-0,2,0,0.59333,2,1,2-1,0.603972,0.005302,0,2-0,2,0,0.598671,2,1,2-1,0.609361,0.005349,0,2-0,2,0,0.604012,2,1,2-1,0.614749,0.005396,0,2-0,2,0,0.609353,2,1,2-1,0.620137,0.005444,0,2-0,2,0,0.614694,2,1,2-1,0.625526,0.005491,0,2-0,2,0,0.620035,2,1,2-1,0.630914,0.005538,0,2-0,2,0,0.625376,2,1,2-1,0.636302,0.005586,0,2-0,2,0,0.630717,2,1,2-1,0.641691,0.005633,0,2-0,2,0,0.636058,2,1,2-1,0.647079,0.00568,0,2-0,2,0,0.641399,2,1,2-1,0.652467,0.005727,0,2-0,2,0,0.64674,2,1,2-1,0.657856,0.005775,0,2-0,2,0,0.652081,2,1,2-1,0.663244,0.005822,0,2-0,2,0,0.657422,2,1,2-1,0.668632,0.005869,0,2-0,2,0,0.662763,2,1,2-1,0.674021,0.005917,0,2-0,2,0,0.668104,2,1,2-1,0.679409,0.005964,0,2-0,2,0,0.673445,2,1,2-1,0.684798,0.006011,0,2-0,2,0,0.678786
