year,date,phase,game_id,home_team,away_team,actual_home,actual_away,model_home,model_draw,model_away,lambda_home,lambda_away,book_home,book_draw,book_away,tvd,model_favorite,book_favorite,favorite_flip,diff_home,diff_draw,diff_away,model_pred_home,model_pred_away,model_prediction,model_expected_pts,model_decision_margin,model_second_pred_home,model_second_pred_away,model_second_prediction,model_second_expected_pts,model_points,blend00_pred_home,blend00_pred_away,blend00_prediction,blend00_expected_pts,blend00_decision_margin,blend00_points,blend00_second_prediction,blend00_second_pred_home,blend00_second_pred_away,blend00_second_expected_pts,blend005_pred_home,blend005_pred_away,blend005_prediction,blend005_expected_pts,blend005_decision_margin,blend005_points,blend005_second_prediction,blend005_second_pred_home,blend005_second_pred_away,blend005_second_expected_pts,blend01_pred_home,blend01_pred_away,blend01_prediction,blend01_expected_pts,blend01_decision_margin,blend01_points,blend01_second_prediction,blend01_second_pred_home,blend01_second_pred_away,blend01_second_expected_pts,blend015_pred_home,blend015_pred_away,blend015_prediction,blend015_expected_pts,blend015_decision_margin,blend015_points,blend015_second_prediction,blend015_second_pred_home,blend015_second_pred_away,blend015_second_expected_pts,blend02_pred_home,blend02_pred_away,blend02_prediction,blend02_expected_pts,blend02_decision_margin,blend02_points,blend02_second_prediction,blend02_second_pred_home,blend02_second_pred_away,blend02_second_expected_pts,blend025_pred_home,blend025_pred_away,blend025_prediction,blend025_expected_pts,blend025_decision_margin,blend025_points,blend025_second_prediction,blend025_second_pred_home,blend025_second_pred_away,blend025_second_expected_pts,blend03_pred_home,blend03_pred_away,blend03_prediction,blend03_expected_pts,blend03_decision_margin,blend03_points,blend03_second_prediction,blend03_second_pred_home,blend03_second_pred_away,blend03_second_expected_pts,blend035_pred_home,blend035_pred_away,blend035_prediction,blend035_expected_pts,blend035_decision_margin,blend035_points,blend035_second_prediction,blend035_second_pred_home,blend035_second_pred_away,blend035_second_expected_pts,blend04_pred_home,blend04_pred_away,blend04_prediction,blend04_expected_pts,blend04_decision_margin,blend04_points,blend04_second_prediction,blend04_second_pred_home,blend04_second_pred_away,blend04_second_expected_pts,blend045_pred_home,blend045_pred_away,blend045_prediction,blend045_expected_pts,blend045_decision_margin,blend045_points,blend045_second_prediction,blend045_second_pred_home,blend045_second_pred_away,blend045_second_expected_pts,blend05_pred_home,blend05_pred_away,blend05_prediction,blend05_expected_pts,blend05_decision_margin,blend05_points,blend05_second_prediction,blend05_second_pred_home,blend05_second_pred_away,blend05_second_expected_pts,blend055_pred_home,blend055_pred_away,blend055_prediction,blend055_expected_pts,blend055_decision_margin,blend055_points,blend055_second_prediction,blend055_second_pred_home,blend055_second_pred_away,blend055_second_expected_pts,blend06_pred_home,blend06_pred_away,blend06_prediction,blend06_expected_pts,blend06_decision_margin,blend06_points,blend06_second_prediction,blend06_second_pred_home,blend06_second_pred_away,blend06_second_expected_pts,blend065_pred_home,blend065_pred_away,blend065_prediction,blend065_expected_pts,blend065_decision_margin,blend065_points,blend065_second_prediction,blend065_second_pred_home,blend065_second_pred_away,blend065_second_expected_pts,blend07_pred_home,blend07_pred_away,blend07_prediction,blend07_expected_pts,blend07_decision_margin,blend07_points,blend07_second_prediction,blend07_second_pred_home,blend07_second_pred_away,blend07_second_expected_pts,blend075_pred_home,blend075_pred_away,blend075_prediction,blend075_expected_pts,blend075_decision_margin,blend075_points,blend075_second_prediction,blend075_second_pred_home,blend075_second_pred_away,blend075_second_expected_pts,blend08_pred_home,blend08_pred_away,blend08_prediction,blend08_expected_pts,blend08_decision_margin,blend08_points,blend08_second_prediction,blend08_second_pred_home,blend08_second_pred_away,blend08_second_expected_pts,blend085_pred_home,blend085_pred_away,blend085_prediction,blend085_expected_pts,blend085_decision_margin,blend085_points,blend085_second_prediction,blend085_second_pred_home,blend085_second_pred_away,blend085_second_expected_pts,blend09_pred_home,blend09_pred_away,blend09_prediction,blend09_expected_pts,blend09_decision_margin,blend09_points,blend09_second_prediction,blend09_second_pred_home,blend09_second_pred_away,blend09_second_expected_pts,blend095_pred_home,blend095_pred_away,blend095_prediction,blend095_expected_pts,blend095_decision_margin,blend095_points,blend095_second_prediction,blend095_second_pred_home,blend095_second_pred_away,blend095_second_expected_pts,blend10_pred_home,blend10_pred_away,blend10_prediction,blend10_expected_pts,blend10_decision_margin,blend10_points,blend10_second_prediction,blend10_second_pred_home,blend10_second_pred_away,blend10_second_expected_pts
2006,2006-06-09T18:00:00+01:00,G,1,Germany,Costa Rica,4,2,0.674673,0.184719,0.140608,2.4411,1.0458,0.745305,0.179389,0.075306,0.070632,home,home,False,-0.070632,0.00533,0.065302,2,1,2-1,0.954,0.004175,2,0,2-0,0.949825,1,2.0,1.0,2-1,1.057795,0.004629,1.0,2-0,2.0,0.0,1.053166,2.0,1.0,2-1,1.052783,0.004607,1.0,2-0,2.0,0.0,1.048175,2.0,1.0,2-1,1.04777,0.004585,1.0,2-0,2.0,0.0,1.043185,2.0,1.0,2-1,1.042758,0.004563,1.0,2-0,2.0,0.0,1.038195,2.0,1.0,2-1,1.037746,0.004541,1.0,2-0,2.0,0.0,1.033204,2.0,1.0,2-1,1.032733,0.004519,1.0,2-0,2.0,0.0,1.028214,2.0,1.0,2-1,1.027721,0.004497,1.0,2-0,2.0,0.0,1.023223,2.0,1.0,2-1,1.022708,0.004475,1.0,2-0,2.0,0.0,1.018233,2.0,1.0,2-1,1.017696,0.004454,1.0,2-0,2.0,0.0,1.013243,2.0,1.0,2-1,1.012684,0.004432,1.0,2-0,2.0,0.0,1.008252,2.0,1.0,2-1,1.007671,0.00441,1.0,2-0,2.0,0.0,1.003262,2.0,1.0,2-1,1.002659,0.004388,1.0,2-0,2.0,0.0,0.998271,2.0,1.0,2-1,0.997647,0.004366,1.0,2-0,2.0,0.0,0.993281,2.0,1.0,2-1,0.992634,0.004344,1.0,2-0,2.0,0.0,0.988291,2.0,1.0,2-1,0.987622,0.004322,1.0,2-0,2.0,0.0,0.9833,2.0,1.0,2-1,0.98261,0.0043,1.0,2-0,2.0,0.0,0.97831,2.0,1.0,2-1,0.977597,0.004278,1.0,2-0,2.0,0.0,0.973319,2.0,1.0,2-1,0.972585,0.004256,1.0,2-0,2.0,0.0,0.968329,2.0,1.0,2-1,0.967573,0.004234,1.0,2-0,2.0,0.0,0.963339,2.0,1.0,2-1,0.96256,0.004212,1.0,2-0,2.0,0.0,0.958348,2.0,1.0,2-1,0.957548,0.00419,1.0,2-0,2.0,0.0,0.953358
2006,2006-06-09T21:00:00+01:00,G,2,Poland,Ecuador,0,2,0.437105,0.278028,0.284868,1.4275,1.1047,0.488903,0.275525,0.235572,0.051799,home,home,False,-0.051799,0.002503,0.049296,2,1,2-1,0.696954,0.008482,2,0,2-0,0.688472,0,2.0,1.0,2-1,0.779658,0.009489,0.0,2-0,2.0,0.0,0.770169,2.0,1.0,2-1,0.775527,0.009439,0.0,2-0,2.0,0.0,0.766089,2.0,1.0,2-1,0.771397,0.009388,0.0,2-0,2.0,0.0,0.762009,2.0,1.0,2-1,0.767267,0.009338,0.0,2-0,2.0,0.0,0.757929,2.0,1.0,2-1,0.763137,0.009288,0.0,2-0,2.0,0.0,0.753849,2.0,1.0,2-1,0.759007,0.009237,0.0,2-0,2.0,0.0,0.749769,2.0,1.0,2-1,0.754876,0.009187,0.0,2-0,2.0,0.0,0.745689,2.0,1.0,2-1,0.750746,0.009137,0.0,2-0,2.0,0.0,0.741609,2.0,1.0,2-1,0.746616,0.009087,0.0,2-0,2.0,0.0,0.737529,2.0,1.0,2-1,0.742486,0.009036,0.0,2-0,2.0,0.0,0.733449,2.0,1.0,2-1,0.738356,0.008986,0.0,2-0,2.0,0.0,0.729369,2.0,1.0,2-1,0.734225,0.008936,0.0,2-0,2.0,0.0,0.72529,2.0,1.0,2-1,0.730095,0.008886,0.0,2-0,2.0,0.0,0.72121,2.0,1.0,2-1,0.725965,0.008835,0.0,2-0,2.0,0.0,0.71713,2.0,1.0,2-1,0.721835,0.008785,0.0,2-0,2.0,0.0,0.71305,2.0,1.0,2-1,0.717705,0.008735,0.0,2-0,2.0,0.0,0.70897,2.0,1.0,2-1,0.713574,0.008685,0.0,2-0,2.0,0.0,0.70489,2.0,1.0,2-1,0.709444,0.008634,0.0,2-0,2.0,0.0,0.70081,2.0,1.0,2-1,0.705314,0.008584,0.0,2-0,2.0,0.0,0.69673,2.0,1.0,2-1,0.701184,0.008534,0.0,2-0,2.0,0.0,0.69265,2.0,1.0,2-1,0.697054,0.008483,0.0,2-0,2.0,0.0,0.68857
2006,2006-06-10T15:00:00+01:00,G,3,England,Paraguay,1,0,0.515722,0.284762,0.199516,1.4285,0.7863,0.597613,0.267492,0.134895,0.081891,home,home,False,-0.081891,0.017271,0.06462,2,0,2-0,0.826042,0.012333,1,0,1-0,0.813709,1,2.0,0.0,2-0,0.957327,0.014294,1.0,1-0,1.0,0.0,0.943034,2.0,0.0,2-0,0.950768,0.014196,1.0,1-0,1.0,0.0,0.936572,2.0,0.0,2-0,0.944209,0.014098,1.0,1-0,1.0,0.0,0.930111,2.0,0.0,2-0,0.93765,0.014,1.0,1-0,1.0,0.0,0.92365,2.0,0.0,2-0,0.931091,0.013902,1.0,1-0,1.0,0.0,0.917189,2.0,0.0,2-0,0.924532,0.013804,1.0,1-0,1.0,0.0,0.910728,2.0,0.0,2-0,0.917972,0.013706,1.0,1-0,1.0,0.0,0.904266,2.0,0.0,2-0,0.911413,0.013608,1.0,1-0,1.0,0.0,0.897805,2.0,0.0,2-0,0.904854,0.01351,1.0,1-0,1.0,0.0,0.891344,2.0,0.0,2-0,0.898295,0.013412,1.0,1-0,1.0,0.0,0.884883,2.0,0.0,2-0,0.891736,0.013314,1.0,1-0,1.0,0.0,0.878422,2.0,0.0,2-0,0.885177,0.013216,1.0,1-0,1.0,0.0,0.87196,2.0,0.0,2-0,0.878618,0.013118,1.0,1-0,1.0,0.0,0.865499,2.0,0.0,2-0,0.872059,0.01302,1.0,1-0,1.0,0.0,0.859038,2.0,0.0,2-0,0.865499,0.012923,1.0,1-0,1.0,0.0,0.852577,2.0,0.0,2-0,0.85894,0.012825,1.0,1-0,1.0,0.0,0.846116,2.0,0.0,2-0,0.852381,0.012727,1.0,1-0,1.0,0.0,0.839655,2.0,0.0,2-0,0.845822,0.012629,1.0,1-0,1.0,0.0,0.833193,2.0,0.0,2-0,0.839263,0.012531,1.0,1-0,1.0,0.0,0.826732,2.0,0.0,2-0,0.832704,0.012433,1.0,1-0,1.0,0.0,0.820271,2.0,0.0,2-0,0.826145,0.012335,1.0,1-0,1.0,0.0,0.81381
2006,2006-06-10T18:00:00+01:00,G,4,Trinidad and Tobago,Sweden,0,0,0.06269,0.162364,0.774945,0.5172,2.3109,,,,,away,,,,,,0,2,0-2,1.170274,0.075021,0,3,0-3,1.095253,0,0.0,2.0,0-2,1.170274,0.075021,0.0,0-3,0.0,3.0,1.095253,0.0,2.0,0-2,1.170274,0.075021,0.0,0-3,0.0,3.0,1.095253,0.0,2.0,0-2,1.170274,0.075021,0.0,0-3,0.0,3.0,1.095253,0.0,2.0,0-2,1.170274,0.075021,0.0,0-3,0.0,3.0,1.095253,0.0,2.0,0-2,1.170274,0.075021,0.0,0-3,0.0,3.0,1.095253,0.0,2.0,0-2,1.170274,0.075021,0.0,0-3,0.0,3.0,1.095253,0.0,2.0,0-2,1.170274,0.075021,0.0,0-3,0.0,3.0,1.095253,0.0,2.0,0-2,1.170274,0.075021,0.0,0-3,0.0,3.0,1.095253,0.0,2.0,0-2,1.170274,0.075021,0.0,0-3,0.0,3.0,1.095253,0.0,2.0,0-2,1.170274,0.075021,0.0,0-3,0.0,3.0,1.095253,0.0,2.0,0-2,1.170274,0.075021,0.0,0-3,0.0,3.0,1.095253,0.0,2.0,0-2,1.170274,0.075021,0.0,0-3,0.0,3.0,1.095253,0.0,2.0,0-2,1.170274,0.075021,0.0,0-3,0.0,3.0,1.095253,0.0,2.0,0-2,1.170274,0.075021,0.0,0-3,0.0,3.0,1.095253,0.0,2.0,0-2,1.170274,0.075021,0.0,0-3,0.0,3.0,1.095253,0.0,2.0,0-2,1.170274,0.075021,0.0,0-3,0.0,3.0,1.095253,0.0,2.0,0-2,1.170274,0.075021,0.0,0-3,0.0,3.0,1.095253,0.0,2.0,0-2,1.170274,0.075021,0.0,0-3,0.0,3.0,1.095253,0.0,2.0,0-2,1.170274,0.075021,0.0,0-3,0.0,3.0,1.095253,0.0,2.0,0-2,1.170274,0.075021,0.0,0-3,0.0,3.0,1.095253,0.0,2.0,0-2,1.170274,0.075021,0.0,0-3,0.0,3.0,1.095253
2006,2006-06-10T21:00:00+01:00,G,5,Argentina,Ivory Coast,2,1,0.601302,0.229254,0.169444,1.9185,0.9203,,,,,home,,,,,,2,0,2-0,0.915163,0.008579,2,1,2-1,0.906584,2,2.0,0.0,2-0,0.915163,0.008579,2.0,2-1,2.0,1.0,0.906584,2.0,0.0,2-0,0.915163,0.008579,2.0,2-1,2.0,1.0,0.906584,2.0,0.0,2-0,0.915163,0.008579,2.0,2-1,2.0,1.0,0.906584,2.0,0.0,2-0,0.915163,0.008579,2.0,2-1,2.0,1.0,0.906584,2.0,0.0,2-0,0.915163,0.008579,2.0,2-1,2.0,1.0,0.906584,2.0,0.0,2-0,0.915163,0.008579,2.0,2-1,2.0,1.0,0.906584,2.0,0.0,2-0,0.915163,0.008579,2.0,2-1,2.0,1.0,0.906584,2.0,0.0,2-0,0.915163,0.008579,2.0,2-1,2.0,1.0,0.906584,2.0,0.0,2-0,0.915163,0.008579,2.0,2-1,2.0,1.0,0.906584,2.0,0.0,2-0,0.915163,0.008579,2.0,2-1,2.0,1.0,0.906584,2.0,0.0,2-0,0.915163,0.008579,2.0,2-1,2.0,1.0,0.906584,2.0,0.0,2-0,0.915163,0.008579,2.0,2-1,2.0,1.0,0.906584,2.0,0.0,2-0,0.915163,0.008579,2.0,2-1,2.0,1.0,0.906584,2.0,0.0,2-0,0.915163,0.008579,2.0,2-1,2.0,1.0,0.906584,2.0,0.0,2-0,0.915163,0.008579,2.0,2-1,2.0,1.0,0.906584,2.0,0.0,2-0,0.915163,0.008579,2.0,2-1,2.0,1.0,0.906584,2.0,0.0,2-0,0.915163,0.008579,2.0,2-1,2.0,1.0,0.906584,2.0,0.0,2-0,0.915163,0.008579,2.0,2-1,2.0,1.0,0.906584,2.0,0.0,2-0,0.915163,0.008579,2.0,2-1,2.0,1.0,0.906584,2.0,0.0,2-0,0.915163,0.008579,2.0,2-1,2.0,1.0,0.906584,2.0,0.0,2-0,0.915163,0.008579,2.0,2-1,2.0,1.0,0.906584
2006,2006-06-11T15:00:00+01:00,G,6,Serbia,Netherlands,0,1,0.171486,0.272504,0.55601,0.7254,1.5185,0.193542,0.30711,0.499348,0.056662,away,away,False,-0.022056,-0.034606,0.056662,0,2,0-2,0.88912,0.024379,0,1,0-1,0.864741,1,0.0,2.0,0-2,0.798659,0.021899,1.0,0-1,0.0,1.0,0.77676,0.0,2.0,0-2,0.803191,0.022023,1.0,0-1,0.0,1.0,0.781167,0.0,2.0,0-2,0.807722,0.022147,1.0,0-1,0.0,1.0,0.785574,0.0,2.0,0-2,0.812253,0.022272,1.0,0-1,0.0,1.0,0.789981,0.0,2.0,0-2,0.816784,0.022396,1.0,0-1,0.0,1.0,0.794389,0.0,2.0,0-2,0.821316,0.02252,1.0,0-1,0.0,1.0,0.798796,0.0,2.0,0-2,0.825847,0.022644,1.0,0-1,0.0,1.0,0.803203,0.0,2.0,0-2,0.830378,0.022769,1.0,0-1,0.0,1.0,0.80761,0.0,2.0,0-2,0.834909,0.022893,1.0,0-1,0.0,1.0,0.812017,0.0,2.0,0-2,0.839441,0.023017,1.0,0-1,0.0,1.0,0.816424,0.0,2.0,0-2,0.843972,0.023141,1.0,0-1,0.0,1.0,0.820831,0.0,2.0,0-2,0.848503,0.023266,1.0,0-1,0.0,1.0,0.825238,0.0,2.0,0-2,0.853035,0.02339,1.0,0-1,0.0,1.0,0.829645,0.0,2.0,0-2,0.857566,0.023514,1.0,0-1,0.0,1.0,0.834052,0.0,2.0,0-2,0.862097,0.023638,1.0,0-1,0.0,1.0,0.838459,0.0,2.0,0-2,0.866628,0.023763,1.0,0-1,0.0,1.0,0.842866,0.0,2.0,0-2,0.87116,0.023887,1.0,0-1,0.0,1.0,0.847273,0.0,2.0,0-2,0.875691,0.024011,1.0,0-1,0.0,1.0,0.85168,0.0,2.0,0-2,0.880222,0.024135,1.0,0-1,0.0,1.0,0.856087,0.0,2.0,0-2,0.884753,0.02426,1.0,0-1,0.0,1.0,0.860494,0.0,2.0,0-2,0.889285,0.024384,1.0,0-1,0.0,1.0,0.864901
2006,2006-06-11T18:00:00+01:00,G,7,Mexico,Iran,3,1,0.517396,0.264727,0.217877,1.5911,0.9468,,,,,home,,,,,,2,0,2-0,0.812056,0.005322,2,1,2-1,0.806735,1,2.0,0.0,2-0,0.812056,0.005322,1.0,2-1,2.0,1.0,0.806735,2.0,0.0,2-0,0.812056,0.005322,1.0,2-1,2.0,1.0,0.806735,2.0,0.0,2-0,0.812056,0.005322,1.0,2-1,2.0,1.0,0.806735,2.0,0.0,2-0,0.812056,0.005322,1.0,2-1,2.0,1.0,0.806735,2.0,0.0,2-0,0.812056,0.005322,1.0,2-1,2.0,1.0,0.806735,2.0,0.0,2-0,0.812056,0.005322,1.0,2-1,2.0,1.0,0.806735,2.0,0.0,2-0,0.812056,0.005322,1.0,2-1,2.0,1.0,0.806735,2.0,0.0,2-0,0.812056,0.005322,1.0,2-1,2.0,1.0,0.806735,2.0,0.0,2-0,0.812056,0.005322,1.0,2-1,2.0,1.0,0.806735,2.0,0.0,2-0,0.812056,0.005322,1.0,2-1,2.0,1.0,0.806735,2.0,0.0,2-0,0.812056,0.005322,1.0,2-1,2.0,1.0,0.806735,2.0,0.0,2-0,0.812056,0.005322,1.0,2-1,2.0,1.0,0.806735,2.0,0.0,2-0,0.812056,0.005322,1.0,2-1,2.0,1.0,0.806735,2.0,0.0,2-0,0.812056,0.005322,1.0,2-1,2.0,1.0,0.806735,2.0,0.0,2-0,0.812056,0.005322,1.0,2-1,2.0,1.0,0.806735,2.0,0.0,2-0,0.812056,0.005322,1.0,2-1,2.0,1.0,0.806735,2.0,0.0,2-0,0.812056,0.005322,1.0,2-1,2.0,1.0,0.806735,2.0,0.0,2-0,0.812056,0.005322,1.0,2-1,2.0,1.0,0.806735,2.0,0.0,2-0,0.812056,0.005322,1.0,2-1,2.0,1.0,0.806735,2.0,0.0,2-0,0.812056,0.005322,1.0,2-1,2.0,1.0,0.806735,2.0,0.0,2-0,0.812056,0.005322,1.0,2-1,2.0,1.0,0.806735
2006,2006-06-11T21:00:00+01:00,G,8,Angola,Portugal,0,1,0.094147,0.19257,0.713283,0.6388,2.1239,0.077415,0.225561,0.697025,0.032991,away,away,False,0.016733,-0.032991,0.016258,0,2,0-2,1.087835,0.05143,1,2,1-2,1.036404,1,0.0,2.0,0-2,1.064737,0.050338,1.0,1-2,1.0,2.0,1.014398,0.0,2.0,0-2,1.065978,0.050397,1.0,1-2,1.0,2.0,1.015581,0.0,2.0,0-2,1.06722,0.050456,1.0,1-2,1.0,2.0,1.016764,0.0,2.0,0-2,1.068462,0.050515,1.0,1-2,1.0,2.0,1.017947,0.0,2.0,0-2,1.069704,0.050573,1.0,1-2,1.0,2.0,1.01913,0.0,2.0,0-2,1.070945,0.050632,1.0,1-2,1.0,2.0,1.020313,0.0,2.0,0-2,1.072187,0.050691,1.0,1-2,1.0,2.0,1.021496,0.0,2.0,0-2,1.073429,0.050749,1.0,1-2,1.0,2.0,1.022679,0.0,2.0,0-2,1.074671,0.050808,1.0,1-2,1.0,2.0,1.023863,0.0,2.0,0-2,1.075912,0.050867,1.0,1-2,1.0,2.0,1.025046,0.0,2.0,0-2,1.077154,0.050925,1.0,1-2,1.0,2.0,1.026229,0.0,2.0,0-2,1.078396,0.050984,1.0,1-2,1.0,2.0,1.027412,0.0,2.0,0-2,1.079638,0.051043,1.0,1-2,1.0,2.0,1.028595,0.0,2.0,0-2,1.080879,0.051102,1.0,1-2,1.0,2.0,1.029778,0.0,2.0,0-2,1.082121,0.05116,1.0,1-2,1.0,2.0,1.030961,0.0,2.0,0-2,1.083363,0.051219,1.0,1-2,1.0,2.0,1.032144,0.0,2.0,0-2,1.084605,0.051278,1.0,1-2,1.0,2.0,1.033327,0.0,2.0,0-2,1.085846,0.051336,1.0,1-2,1.0,2.0,1.03451,0.0,2.0,0-2,1.087088,0.051395,1.0,1-2,1.0,2.0,1.035693,0.0,2.0,0-2,1.08833,0.051454,1.0,1-2,1.0,2.0,1.036876,0.0,2.0,0-2,1.089572,0.051513,1.0,1-2,1.0,2.0,1.038059
2006,2006-06-12T21:00:00+01:00,G,9,Italy,Ghana,2,0,0.600602,0.279521,0.119877,1.4355,0.4906,0.616854,0.263371,0.119775,0.016252,home,home,False,-0.016252,0.016151,0.000102,1,0,1-0,1.007278,0.03281,2,0,2-0,0.974469,1,1.0,0.0,1-0,1.034666,0.033702,1.0,2-0,2.0,0.0,1.000964,1.0,0.0,1-0,1.033303,0.033657,1.0,2-0,2.0,0.0,0.999646,1.0,0.0,1-0,1.03194,0.033613,1.0,2-0,2.0,0.0,0.998327,1.0,0.0,1-0,1.030577,0.033569,1.0,2-0,2.0,0.0,0.997008,1.0,0.0,1-0,1.029214,0.033524,1.0,2-0,2.0,0.0,0.99569,1.0,0.0,1-0,1.027851,0.03348,1.0,2-0,2.0,0.0,0.994371,1.0,0.0,1-0,1.026488,0.033435,1.0,2-0,2.0,0.0,0.993052,1.0,0.0,1-0,1.025125,0.033391,1.0,2-0,2.0,0.0,0.991734,1.0,0.0,1-0,1.023762,0.033347,1.0,2-0,2.0,0.0,0.990415,1.0,0.0,1-0,1.022399,0.033302,1.0,2-0,2.0,0.0,0.989096,1.0,0.0,1-0,1.021036,0.033258,1.0,2-0,2.0,0.0,0.987778,1.0,0.0,1-0,1.019673,0.033213,1.0,2-0,2.0,0.0,0.986459,1.0,0.0,1-0,1.01831,0.033169,1.0,2-0,2.0,0.0,0.985141,1.0,0.0,1-0,1.016947,0.033125,1.0,2-0,2.0,0.0,0.983822,1.0,0.0,1-0,1.015584,0.03308,1.0,2-0,2.0,0.0,0.982503,1.0,0.0,1-0,1.014221,0.033036,1.0,2-0,2.0,0.0,0.981185,1.0,0.0,1-0,1.012858,0.032991,1.0,2-0,2.0,0.0,0.979866,1.0,0.0,1-0,1.011495,0.032947,1.0,2-0,2.0,0.0,0.978547,1.0,0.0,1-0,1.010132,0.032903,1.0,2-0,2.0,0.0,0.977229,1.0,0.0,1-0,1.008768,0.032858,1.0,2-0,2.0,0.0,0.97591,1.0,0.0,1-0,1.007405,0.032814,1.0,2-0,2.0,0.0,0.974592
2006,2006-06-12T18:00:00+01:00,G,10,United States,Czech Republic,0,3,0.210413,0.319249,0.470338,0.7024,1.194,,,,,away,,,,,,0,1,0-1,0.814541,0.055067,0,2,0-2,0.759474,1,0.0,1.0,0-1,0.814541,0.055067,1.0,0-2,0.0,2.0,0.759474,0.0,1.0,0-1,0.814541,0.055067,1.0,0-2,0.0,2.0,0.759474,0.0,1.0,0-1,0.814541,0.055067,1.0,0-2,0.0,2.0,0.759474,0.0,1.0,0-1,0.814541,0.055067,1.0,0-2,0.0,2.0,0.759474,0.0,1.0,0-1,0.814541,0.055067,1.0,0-2,0.0,2.0,0.759474,0.0,1.0,0-1,0.814541,0.055067,1.0,0-2,0.0,2.0,0.759474,0.0,1.0,0-1,0.814541,0.055067,1.0,0-2,0.0,2.0,0.759474,0.0,1.0,0-1,0.814541,0.055067,1.0,0-2,0.0,2.0,0.759474,0.0,1.0,0-1,0.814541,0.055067,1.0,0-2,0.0,2.0,0.759474,0.0,1.0,0-1,0.814541,0.055067,1.0,0-2,0.0,2.0,0.759474,0.0,1.0,0-1,0.814541,0.055067,1.0,0-2,0.0,2.0,0.759474,0.0,1.0,0-1,0.814541,0.055067,1.0,0-2,0.0,2.0,0.759474,0.0,1.0,0-1,0.814541,0.055067,1.0,0-2,0.0,2.0,0.759474,0.0,1.0,0-1,0.814541,0.055067,1.0,0-2,0.0,2.0,0.759474,0.0,1.0,0-1,0.814541,0.055067,1.0,0-2,0.0,2.0,0.759474,0.0,1.0,0-1,0.814541,0.055067,1.0,0-2,0.0,2.0,0.759474,0.0,1.0,0-1,0.814541,0.055067,1.0,0-2,0.0,2.0,0.759474,0.0,1.0,0-1,0.814541,0.055067,1.0,0-2,0.0,2.0,0.759474,0.0,1.0,0-1,0.814541,0.055067,1.0,0-2,0.0,2.0,0.759474,0.0,1.0,0-1,0.814541,0.055067,1.0,0-2,0.0,2.0,0.759474,0.0,1.0,0-1,0.814541,0.055067,1.0,0-2,0.0,2.0,0.759474
2006,2006-06-13T21:00:00+01:00,G,11,Brazil,Croatia,1,0,0.550203,0.265175,0.184622,1.5829,0.8097,0.662456,0.245772,0.091771,0.112253,home,home,False,-0.112253,0.019402,0.092851,2,0,2-0,0.871769,0.021792,2,1,2-1,0.849976,1,2.0,0.0,2-0,1.049885,0.026245,1.0,2-1,2.0,1.0,1.02364,2.0,0.0,2-0,1.040989,0.026022,1.0,2-1,2.0,1.0,1.014967,2.0,0.0,2-0,1.032094,0.0258,1.0,2-1,2.0,1.0,1.006294,2.0,0.0,2-0,1.023199,0.025578,1.0,2-1,2.0,1.0,0.997622,2.0,0.0,2-0,1.014304,0.025355,1.0,2-1,2.0,1.0,0.988949,2.0,0.0,2-0,1.005409,0.025133,1.0,2-1,2.0,1.0,0.980276,2.0,0.0,2-0,0.996514,0.024911,1.0,2-1,2.0,1.0,0.971603,2.0,0.0,2-0,0.987619,0.024688,1.0,2-1,2.0,1.0,0.96293,2.0,0.0,2-0,0.978724,0.024466,1.0,2-1,2.0,1.0,0.954258,2.0,0.0,2-0,0.969828,0.024243,1.0,2-1,2.0,1.0,0.945585,2.0,0.0,2-0,0.960933,0.024021,1.0,2-1,2.0,1.0,0.936912,2.0,0.0,2-0,0.952038,0.023799,1.0,2-1,2.0,1.0,0.928239,2.0,0.0,2-0,0.943143,0.023576,1.0,2-1,2.0,1.0,0.919567,2.0,0.0,2-0,0.934248,0.023354,1.0,2-1,2.0,1.0,0.910894,2.0,0.0,2-0,0.925353,0.023132,1.0,2-1,2.0,1.0,0.902221,2.0,0.0,2-0,0.916458,0.022909,1.0,2-1,2.0,1.0,0.893548,2.0,0.0,2-0,0.907563,0.022687,1.0,2-1,2.0,1.0,0.884876,2.0,0.0,2-0,0.898667,0.022465,1.0,2-1,2.0,1.0,0.876203,2.0,0.0,2-0,0.889772,0.022242,1.0,2-1,2.0,1.0,0.86753,2.0,0.0,2-0,0.880877,0.02202,1.0,2-1,2.0,1.0,0.858857,2.0,0.0,2-0,0.871982,0.021798,1.0,2-1,2.0,1.0,0.850185
2006,2006-06-12T15:00:00+01:00,G,12,Australia,Japan,3,1,0.351865,0.294937,0.353198,1.1741,1.1769,,,,,away,,,,,,1,2,1-2,0.574086,0.000973,1,1,1-1,0.573113,0,1.0,2.0,1-2,0.574086,0.000973,0.0,1-1,1.0,1.0,0.573113,1.0,2.0,1-2,0.574086,0.000973,0.0,1-1,1.0,1.0,0.573113,1.0,2.0,1-2,0.574086,0.000973,0.0,1-1,1.0,1.0,0.573113,1.0,2.0,1-2,0.574086,0.000973,0.0,1-1,1.0,1.0,0.573113,1.0,2.0,1-2,0.574086,0.000973,0.0,1-1,1.0,1.0,0.573113,1.0,2.0,1-2,0.574086,0.000973,0.0,1-1,1.0,1.0,0.573113,1.0,2.0,1-2,0.574086,0.000973,0.0,1-1,1.0,1.0,0.573113,1.0,2.0,1-2,0.574086,0.000973,0.0,1-1,1.0,1.0,0.573113,1.0,2.0,1-2,0.574086,0.000973,0.0,1-1,1.0,1.0,0.573113,1.0,2.0,1-2,0.574086,0.000973,0.0,1-1,1.0,1.0,0.573113,1.0,2.0,1-2,0.574086,0.000973,0.0,1-1,1.0,1.0,0.573113,1.0,2.0,1-2,0.574086,0.000973,0.0,1-1,1.0,1.0,0.573113,1.0,2.0,1-2,0.574086,0.000973,0.0,1-1,1.0,1.0,0.573113,1.0,2.0,1-2,0.574086,0.000973,0.0,1-1,1.0,1.0,0.573113,1.0,2.0,1-2,0.574086,0.000973,0.0,1-1,1.0,1.0,0.573113,1.0,2.0,1-2,0.574086,0.000973,0.0,1-1,1.0,1.0,0.573113,1.0,2.0,1-2,0.574086,0.000973,0.0,1-1,1.0,1.0,0.573113,1.0,2.0,1-2,0.574086,0.000973,0.0,1-1,1.0,1.0,0.573113,1.0,2.0,1-2,0.574086,0.000973,0.0,1-1,1.0,1.0,0.573113,1.0,2.0,1-2,0.574086,0.000973,0.0,1-1,1.0,1.0,0.573113,1.0,2.0,1-2,0.574086,0.000973,0.0,1-1,1.0,1.0,0.573113
2006,2006-06-13T18:00:00+01:00,G,13,France,Switzerland,0,0,0.625789,0.247774,0.126436,1.6728,0.6116,0.553964,0.282179,0.163857,0.071825,home,home,False,0.071825,-0.034405,-0.037421,2,0,2-0,0.997684,0.043186,1,0,1-0,0.954499,0,2.0,0.0,2-0,0.883483,0.038242,0.0,1-0,1.0,0.0,0.845241,2.0,0.0,2-0,0.88921,0.03849,0.0,1-0,1.0,0.0,0.85072,2.0,0.0,2-0,0.894938,0.038738,0.0,1-0,1.0,0.0,0.8562,2.0,0.0,2-0,0.900665,0.038986,0.0,1-0,1.0,0.0,0.861679,2.0,0.0,2-0,0.906393,0.039234,0.0,1-0,1.0,0.0,0.867159,2.0,0.0,2-0,0.91212,0.039482,0.0,1-0,1.0,0.0,0.872638,2.0,0.0,2-0,0.917848,0.03973,0.0,1-0,1.0,0.0,0.878118,2.0,0.0,2-0,0.923575,0.039978,0.0,1-0,1.0,0.0,0.883598,2.0,0.0,2-0,0.929303,0.040226,0.0,1-0,1.0,0.0,0.889077,2.0,0.0,2-0,0.93503,0.040474,0.0,1-0,1.0,0.0,0.894557,2.0,0.0,2-0,0.940758,0.040722,0.0,1-0,1.0,0.0,0.900036,2.0,0.0,2-0,0.946485,0.040969,0.0,1-0,1.0,0.0,0.905516,2.0,0.0,2-0,0.952213,0.041217,0.0,1-0,1.0,0.0,0.910996,2.0,0.0,2-0,0.95794,0.041465,0.0,1-0,1.0,0.0,0.916475,2.0,0.0,2-0,0.963668,0.041713,0.0,1-0,1.0,0.0,0.921955,2.0,0.0,2-0,0.969395,0.041961,0.0,1-0,1.0,0.0,0.927434,2.0,0.0,2-0,0.975123,0.042209,0.0,1-0,1.0,0.0,0.932914,2.0,0.0,2-0,0.98085,0.042457,0.0,1-0,1.0,0.0,0.938393,2.0,0.0,2-0,0.986578,0.042705,0.0,1-0,1.0,0.0,0.943873,2.0,0.0,2-0,0.992305,0.042953,0.0,1-0,1.0,0.0,0.949353,2.0,0.0,2-0,0.998033,0.043201,0.0,1-0,1.0,0.0,0.954832
2006,2006-06-13T15:00:00+01:00,G,14,South Korea,Togo,2,1,0.470928,0.29719,0.231882,1.3237,0.8464,0.445312,0.307709,0.246979,0.025616,home,home,False,0.025616,-0.010519,-0.015096,1,0,1-0,0.758675,0.003082,2,0,2-0,0.755593,1,1.0,0.0,1-0,0.717462,0.002915,1.0,2-0,2.0,0.0,0.714547,1.0,0.0,1-0,0.719526,0.002923,1.0,2-0,2.0,0.0,0.716602,1.0,0.0,1-0,0.721589,0.002931,1.0,2-0,2.0,0.0,0.718658,1.0,0.0,1-0,0.723653,0.00294,1.0,2-0,2.0,0.0,0.720713,1.0,0.0,1-0,0.725716,0.002948,1.0,2-0,2.0,0.0,0.722768,1.0,0.0,1-0,0.72778,0.002957,1.0,2-0,2.0,0.0,0.724823,1.0,0.0,1-0,0.729843,0.002965,1.0,2-0,2.0,0.0,0.726878,1.0,0.0,1-0,0.731907,0.002973,1.0,2-0,2.0,0.0,0.728933,1.0,0.0,1-0,0.73397,0.002982,1.0,2-0,2.0,0.0,0.730988,1.0,0.0,1-0,0.736034,0.00299,1.0,2-0,2.0,0.0,0.733044,1.0,0.0,1-0,0.738097,0.002999,1.0,2-0,2.0,0.0,0.735099,1.0,0.0,1-0,0.740161,0.003007,1.0,2-0,2.0,0.0,0.737154,1.0,0.0,1-0,0.742224,0.003015,1.0,2-0,2.0,0.0,0.739209,1.0,0.0,1-0,0.744288,0.003024,1.0,2-0,2.0,0.0,0.741264,1.0,0.0,1-0,0.746351,0.003032,1.0,2-0,2.0,0.0,0.743319,1.0,0.0,1-0,0.748415,0.00304,1.0,2-0,2.0,0.0,0.745374,1.0,0.0,1-0,0.750478,0.003049,1.0,2-0,2.0,0.0,0.74743,1.0,0.0,1-0,0.752542,0.003057,1.0,2-0,2.0,0.0,0.749485,1.0,0.0,1-0,0.754605,0.003066,1.0,2-0,2.0,0.0,0.75154,1.0,0.0,1-0,0.756669,0.003074,1.0,2-0,2.0,0.0,0.753595,1.0,0.0,1-0,0.758732,0.003082,1.0,2-0,2.0,0.0,0.75565
2006,2006-06-14T15:00:00+01:00,G,15,Spain,Ukraine,4,0,0.492675,0.322824,0.1845,1.1875,0.6138,0.510385,0.294368,0.195247,0.028457,home,home,False,-0.01771,0.028457,-0.010747,1,0,1-0,0.871103,0.074213,2,0,2-0,0.79689,1,1.0,0.0,1-0,0.902447,0.076883,1.0,2-0,2.0,0.0,0.825563,1.0,0.0,1-0,0.900881,0.07675,1.0,2-0,2.0,0.0,0.824131,1.0,0.0,1-0,0.899315,0.076617,1.0,2-0,2.0,0.0,0.822699,1.0,0.0,1-0,0.897749,0.076483,1.0,2-0,2.0,0.0,0.821266,1.0,0.0,1-0,0.896184,0.07635,1.0,2-0,2.0,0.0,0.819834,1.0,0.0,1-0,0.894618,0.076217,1.0,2-0,2.0,0.0,0.818402,1.0,0.0,1-0,0.893052,0.076083,1.0,2-0,2.0,0.0,0.816969,1.0,0.0,1-0,0.891487,0.07595,1.0,2-0,2.0,0.0,0.815537,1.0,0.0,1-0,0.889921,0.075816,1.0,2-0,2.0,0.0,0.814105,1.0,0.0,1-0,0.888355,0.075683,1.0,2-0,2.0,0.0,0.812672,1.0,0.0,1-0,0.88679,0.07555,1.0,2-0,2.0,0.0,0.81124,1.0,0.0,1-0,0.885224,0.075416,1.0,2-0,2.0,0.0,0.809808,1.0,0.0,1-0,0.883658,0.075283,1.0,2-0,2.0,0.0,0.808376,1.0,0.0,1-0,0.882093,0.075149,1.0,2-0,2.0,0.0,0.806943,1.0,0.0,1-0,0.880527,0.075016,1.0,2-0,2.0,0.0,0.805511,1.0,0.0,1-0,0.878961,0.074883,1.0,2-0,2.0,0.0,0.804079,1.0,0.0,1-0,0.877396,0.074749,1.0,2-0,2.0,0.0,0.802646,1.0,0.0,1-0,0.87583,0.074616,1.0,2-0,2.0,0.0,0.801214,1.0,0.0,1-0,0.874264,0.074482,1.0,2-0,2.0,0.0,0.799782,1.0,0.0,1-0,0.872699,0.074349,1.0,2-0,2.0,0.0,0.798349,1.0,0.0,1-0,0.871133,0.074216,1.0,2-0,2.0,0.0,0.796917
2006,2006-06-14T18:00:00+01:00,G,16,Tunisia,Saudi Arabia,2,2,0.59395,0.245229,0.160821,1.7433,0.7922,,,,,home,,,,,,2,0,2-0,0.929813,0.02502,2,1,2-1,0.904793,0,2.0,0.0,2-0,0.929813,0.02502,0.0,2-1,2.0,1.0,0.904793,2.0,0.0,2-0,0.929813,0.02502,0.0,2-1,2.0,1.0,0.904793,2.0,0.0,2-0,0.929813,0.02502,0.0,2-1,2.0,1.0,0.904793,2.0,0.0,2-0,0.929813,0.02502,0.0,2-1,2.0,1.0,0.904793,2.0,0.0,2-0,0.929813,0.02502,0.0,2-1,2.0,1.0,0.904793,2.0,0.0,2-0,0.929813,0.02502,0.0,2-1,2.0,1.0,0.904793,2.0,0.0,2-0,0.929813,0.02502,0.0,2-1,2.0,1.0,0.904793,2.0,0.0,2-0,0.929813,0.02502,0.0,2-1,2.0,1.0,0.904793,2.0,0.0,2-0,0.929813,0.02502,0.0,2-1,2.0,1.0,0.904793,2.0,0.0,2-0,0.929813,0.02502,0.0,2-1,2.0,1.0,0.904793,2.0,0.0,2-0,0.929813,0.02502,0.0,2-1,2.0,1.0,0.904793,2.0,0.0,2-0,0.929813,0.02502,0.0,2-1,2.0,1.0,0.904793,2.0,0.0,2-0,0.929813,0.02502,0.0,2-1,2.0,1.0,0.904793,2.0,0.0,2-0,0.929813,0.02502,0.0,2-1,2.0,1.0,0.904793,2.0,0.0,2-0,0.929813,0.02502,0.0,2-1,2.0,1.0,0.904793,2.0,0.0,2-0,0.929813,0.02502,0.0,2-1,2.0,1.0,0.904793,2.0,0.0,2-0,0.929813,0.02502,0.0,2-1,2.0,1.0,0.904793,2.0,0.0,2-0,0.929813,0.02502,0.0,2-1,2.0,1.0,0.904793,2.0,0.0,2-0,0.929813,0.02502,0.0,2-1,2.0,1.0,0.904793,2.0,0.0,2-0,0.929813,0.02502,0.0,2-1,2.0,1.0,0.904793,2.0,0.0,2-0,0.929813,0.02502,0.0,2-1,2.0,1.0,0.904793
2006,2006-06-14T21:00:00+01:00,G,17,Germany,Poland,1,0,0.527168,0.229223,0.243609,1.9774,1.2939,,,,,home,,,,,,2,1,2-1,0.792841,0.021809,2,0,2-0,0.771032,1,2.0,1.0,2-1,0.792841,0.021809,1.0,2-0,2.0,0.0,0.771032,2.0,1.0,2-1,0.792841,0.021809,1.0,2-0,2.0,0.0,0.771032,2.0,1.0,2-1,0.792841,0.021809,1.0,2-0,2.0,0.0,0.771032,2.0,1.0,2-1,0.792841,0.021809,1.0,2-0,2.0,0.0,0.771032,2.0,1.0,2-1,0.792841,0.021809,1.0,2-0,2.0,0.0,0.771032,2.0,1.0,2-1,0.792841,0.021809,1.0,2-0,2.0,0.0,0.771032,2.0,1.0,2-1,0.792841,0.021809,1.0,2-0,2.0,0.0,0.771032,2.0,1.0,2-1,0.792841,0.021809,1.0,2-0,2.0,0.0,0.771032,2.0,1.0,2-1,0.792841,0.021809,1.0,2-0,2.0,0.0,0.771032,2.0,1.0,2-1,0.792841,0.021809,1.0,2-0,2.0,0.0,0.771032,2.0,1.0,2-1,0.792841,0.021809,1.0,2-0,2.0,0.0,0.771032,2.0,1.0,2-1,0.792841,0.021809,1.0,2-0,2.0,0.0,0.771032,2.0,1.0,2-1,0.792841,0.021809,1.0,2-0,2.0,0.0,0.771032,2.0,1.0,2-1,0.792841,0.021809,1.0,2-0,2.0,0.0,0.771032,2.0,1.0,2-1,0.792841,0.021809,1.0,2-0,2.0,0.0,0.771032,2.0,1.0,2-1,0.792841,0.021809,1.0,2-0,2.0,0.0,0.771032,2.0,1.0,2-1,0.792841,0.021809,1.0,2-0,2.0,0.0,0.771032,2.0,1.0,2-1,0.792841,0.021809,1.0,2-0,2.0,0.0,0.771032,2.0,1.0,2-1,0.792841,0.021809,1.0,2-0,2.0,0.0,0.771032,2.0,1.0,2-1,0.792841,0.021809,1.0,2-0,2.0,0.0,0.771032,2.0,1.0,2-1,0.792841,0.021809,1.0,2-0,2.0,0.0,0.771032
2006,2006-06-15T15:00:00+01:00,G,18,Ecuador,Costa Rica,3,0,0.409009,0.281526,0.309465,1.3638,1.1538,0.483364,0.284715,0.231921,0.077545,home,home,False,-0.074356,-0.003189,0.077545,2,1,2-1,0.657047,0.011537,2,0,2-0,0.64551,1,2.0,1.0,2-1,0.776586,0.013636,1.0,2-0,2.0,0.0,0.76295,2.0,1.0,2-1,0.770613,0.013531,1.0,2-0,2.0,0.0,0.757082,2.0,1.0,2-1,0.76464,0.013426,1.0,2-0,2.0,0.0,0.751214,2.0,1.0,2-1,0.758667,0.013322,1.0,2-0,2.0,0.0,0.745345,2.0,1.0,2-1,0.752694,0.013217,1.0,2-0,2.0,0.0,0.739477,2.0,1.0,2-1,0.746721,0.013112,1.0,2-0,2.0,0.0,0.733609,2.0,1.0,2-1,0.740748,0.013007,1.0,2-0,2.0,0.0,0.727741,2.0,1.0,2-1,0.734775,0.012902,1.0,2-0,2.0,0.0,0.721873,2.0,1.0,2-1,0.728801,0.012797,1.0,2-0,2.0,0.0,0.716004,2.0,1.0,2-1,0.722828,0.012692,1.0,2-0,2.0,0.0,0.710136,2.0,1.0,2-1,0.716855,0.012587,1.0,2-0,2.0,0.0,0.704268,2.0,1.0,2-1,0.710882,0.012482,1.0,2-0,2.0,0.0,0.6984,2.0,1.0,2-1,0.704909,0.012378,1.0,2-0,2.0,0.0,0.692531,2.0,1.0,2-1,0.698936,0.012273,1.0,2-0,2.0,0.0,0.686663,2.0,1.0,2-1,0.692963,0.012168,1.0,2-0,2.0,0.0,0.680795,2.0,1.0,2-1,0.68699,0.012063,1.0,2-0,2.0,0.0,0.674927,2.0,1.0,2-1,0.681017,0.011958,1.0,2-0,2.0,0.0,0.669059,2.0,1.0,2-1,0.675044,0.011853,1.0,2-0,2.0,0.0,0.66319,2.0,1.0,2-1,0.66907,0.011748,1.0,2-0,2.0,0.0,0.657322,2.0,1.0,2-1,0.663097,0.011643,1.0,2-0,2.0,0.0,0.651454,2.0,1.0,2-1,0.657124,0.011539,1.0,2-0,2.0,0.0,0.645586
2006,2006-06-15T18:00:00+01:00,G,19,England,Trinidad and Tobago,2,0,0.817769,0.134282,0.047949,2.5823,0.4973,0.824364,0.14033,0.035306,0.012643,home,home,False,-0.006596,-0.006048,0.012643,2,0,2-0,1.19641,0.036994,3,0,3-0,1.159416,3,2.0,0.0,2-0,1.212275,0.037485,3.0,3-0,3.0,0.0,1.17479,2.0,0.0,2-0,1.21179,0.03747,3.0,3-0,3.0,0.0,1.17432,2.0,0.0,2-0,1.211305,0.037455,3.0,3-0,3.0,0.0,1.17385,2.0,0.0,2-0,1.21082,0.03744,3.0,3-0,3.0,0.0,1.17338,2.0,0.0,2-0,1.210335,0.037425,3.0,3-0,3.0,0.0,1.17291,2.0,0.0,2-0,1.20985,0.03741,3.0,3-0,3.0,0.0,1.17244,2.0,0.0,2-0,1.209365,0.037395,3.0,3-0,3.0,0.0,1.17197,2.0,0.0,2-0,1.20888,0.03738,3.0,3-0,3.0,0.0,1.1715,2.0,0.0,2-0,1.208395,0.037365,3.0,3-0,3.0,0.0,1.17103,2.0,0.0,2-0,1.20791,0.03735,3.0,3-0,3.0,0.0,1.170561,2.0,0.0,2-0,1.207425,0.037335,3.0,3-0,3.0,0.0,1.170091,2.0,0.0,2-0,1.20694,0.03732,3.0,3-0,3.0,0.0,1.169621,2.0,0.0,2-0,1.206455,0.037305,3.0,3-0,3.0,0.0,1.169151,2.0,0.0,2-0,1.20597,0.03729,3.0,3-0,3.0,0.0,1.168681,2.0,0.0,2-0,1.205486,0.037275,3.0,3-0,3.0,0.0,1.168211,2.0,0.0,2-0,1.205001,0.03726,3.0,3-0,3.0,0.0,1.167741,2.0,0.0,2-0,1.204516,0.037245,3.0,3-0,3.0,0.0,1.167271,2.0,0.0,2-0,1.204031,0.03723,3.0,3-0,3.0,0.0,1.166801,2.0,0.0,2-0,1.203546,0.037215,3.0,3-0,3.0,0.0,1.166331,2.0,0.0,2-0,1.203061,0.0372,3.0,3-0,3.0,0.0,1.165861,2.0,0.0,2-0,1.202576,0.037185,3.0,3-0,3.0,0.0,1.165391
2006,2006-06-15T21:00:00+01:00,G,20,Sweden,Paraguay,1,0,0.465215,0.303756,0.23103,1.2784,0.8178,0.479545,0.281891,0.238564,0.021864,home,home,False,-0.014331,0.021864,-0.007534,1,0,1-0,0.764943,0.016715,2,0,2-0,0.748228,3,1.0,0.0,1-0,0.788553,0.017231,3.0,2-0,2.0,0.0,0.771322,1.0,0.0,1-0,0.787375,0.017205,3.0,2-0,2.0,0.0,0.77017,1.0,0.0,1-0,0.786197,0.01718,3.0,2-0,2.0,0.0,0.769017,1.0,0.0,1-0,0.785019,0.017154,3.0,2-0,2.0,0.0,0.767865,1.0,0.0,1-0,0.78384,0.017128,3.0,2-0,2.0,0.0,0.766712,1.0,0.0,1-0,0.782662,0.017102,3.0,2-0,2.0,0.0,0.76556,1.0,0.0,1-0,0.781484,0.017077,3.0,2-0,2.0,0.0,0.764407,1.0,0.0,1-0,0.780306,0.017051,3.0,2-0,2.0,0.0,0.763255,1.0,0.0,1-0,0.779127,0.017025,3.0,2-0,2.0,0.0,0.762102,1.0,0.0,1-0,0.777949,0.016999,3.0,2-0,2.0,0.0,0.76095,1.0,0.0,1-0,0.776771,0.016974,3.0,2-0,2.0,0.0,0.759797,1.0,0.0,1-0,0.775593,0.016948,3.0,2-0,2.0,0.0,0.758645,1.0,0.0,1-0,0.774415,0.016922,3.0,2-0,2.0,0.0,0.757492,1.0,0.0,1-0,0.773236,0.016896,3.0,2-0,2.0,0.0,0.75634,1.0,0.0,1-0,0.772058,0.016871,3.0,2-0,2.0,0.0,0.755187,1.0,0.0,1-0,0.77088,0.016845,3.0,2-0,2.0,0.0,0.754035,1.0,0.0,1-0,0.769702,0.016819,3.0,2-0,2.0,0.0,0.752882,1.0,0.0,1-0,0.768523,0.016793,3.0,2-0,2.0,0.0,0.75173,1.0,0.0,1-0,0.767345,0.016768,3.0,2-0,2.0,0.0,0.750577,1.0,0.0,1-0,0.766167,0.016742,3.0,2-0,2.0,0.0,0.749425,1.0,0.0,1-0,0.764989,0.016716,3.0,2-0,2.0,0.0,0.748272
2006,2006-06-16T15:00:00+01:00,G,21,Argentina,Serbia,6,0,0.528159,0.254968,0.216873,1.6832,0.9962,,,,,home,,,,,,2,0,2-0,0.819152,0.000374,2,1,2-1,0.818778,1,2.0,0.0,2-0,0.819152,0.000374,1.0,2-1,2.0,1.0,0.818778,2.0,0.0,2-0,0.819152,0.000374,1.0,2-1,2.0,1.0,0.818778,2.0,0.0,2-0,0.819152,0.000374,1.0,2-1,2.0,1.0,0.818778,2.0,0.0,2-0,0.819152,0.000374,1.0,2-1,2.0,1.0,0.818778,2.0,0.0,2-0,0.819152,0.000374,1.0,2-1,2.0,1.0,0.818778,2.0,0.0,2-0,0.819152,0.000374,1.0,2-1,2.0,1.0,0.818778,2.0,0.0,2-0,0.819152,0.000374,1.0,2-1,2.0,1.0,0.818778,2.0,0.0,2-0,0.819152,0.000374,1.0,2-1,2.0,1.0,0.818778,2.0,0.0,2-0,0.819152,0.000374,1.0,2-1,2.0,1.0,0.818778,2.0,0.0,2-0,0.819152,0.000374,1.0,2-1,2.0,1.0,0.818778,2.0,0.0,2-0,0.819152,0.000374,1.0,2-1,2.0,1.0,0.818778,2.0,0.0,2-0,0.819152,0.000374,1.0,2-1,2.0,1.0,0.818778,2.0,0.0,2-0,0.819152,0.000374,1.0,2-1,2.0,1.0,0.818778,2.0,0.0,2-0,0.819152,0.000374,1.0,2-1,2.0,1.0,0.818778,2.0,0.0,2-0,0.819152,0.000374,1.0,2-1,2.0,1.0,0.818778,2.0,0.0,2-0,0.819152,0.000374,1.0,2-1,2.0,1.0,0.818778,2.0,0.0,2-0,0.819152,0.000374,1.0,2-1,2.0,1.0,0.818778,2.0,0.0,2-0,0.819152,0.000374,1.0,2-1,2.0,1.0,0.818778,2.0,0.0,2-0,0.819152,0.000374,1.0,2-1,2.0,1.0,0.818778,2.0,0.0,2-0,0.819152,0.000374,1.0,2-1,2.0,1.0,0.818778,2.0,0.0,2-0,0.819152,0.000374,1.0,2-1,2.0,1.0,0.818778
2006,2006-06-16T18:00:00+01:00,G,22,Netherlands,Ivory Coast,2,1,0.62337,0.24247,0.13416,1.7308,0.6702,0.479545,0.281891,0.238564,0.143825,home,home,False,0.143825,-0.039421,-0.104404,2,0,2-0,0.98557,0.044775,2,1,2-1,0.940796,2,2.0,0.0,2-0,0.758509,0.034459,2.0,2-1,2.0,1.0,0.72405,2.0,0.0,2-0,0.769883,0.034976,2.0,2-1,2.0,1.0,0.734907,2.0,0.0,2-0,0.781258,0.035493,2.0,2-1,2.0,1.0,0.745765,2.0,0.0,2-0,0.792632,0.036009,2.0,2-1,2.0,1.0,0.756623,2.0,0.0,2-0,0.804007,0.036526,2.0,2-1,2.0,1.0,0.767481,2.0,0.0,2-0,0.815382,0.037043,2.0,2-1,2.0,1.0,0.778339,2.0,0.0,2-0,0.826756,0.03756,2.0,2-1,2.0,1.0,0.789197,2.0,0.0,2-0,0.838131,0.038076,2.0,2-1,2.0,1.0,0.800054,2.0,0.0,2-0,0.849505,0.038593,2.0,2-1,2.0,1.0,0.810912,2.0,0.0,2-0,0.86088,0.03911,2.0,2-1,2.0,1.0,0.82177,2.0,0.0,2-0,0.872255,0.039627,2.0,2-1,2.0,1.0,0.832628,2.0,0.0,2-0,0.883629,0.040143,2.0,2-1,2.0,1.0,0.843486,2.0,0.0,2-0,0.895004,0.04066,2.0,2-1,2.0,1.0,0.854344,2.0,0.0,2-0,0.906378,0.041177,2.0,2-1,2.0,1.0,0.865201,2.0,0.0,2-0,0.917753,0.041694,2.0,2-1,2.0,1.0,0.876059,2.0,0.0,2-0,0.929127,0.04221,2.0,2-1,2.0,1.0,0.886917,2.0,0.0,2-0,0.940502,0.042727,2.0,2-1,2.0,1.0,0.897775,2.0,0.0,2-0,0.951877,0.043244,2.0,2-1,2.0,1.0,0.908633,2.0,0.0,2-0,0.963251,0.043761,2.0,2-1,2.0,1.0,0.919491,2.0,0.0,2-0,0.974626,0.044277,2.0,2-1,2.0,1.0,0.930348,2.0,0.0,2-0,0.986,0.044794,2.0,2-1,2.0,1.0,0.941206
2006,2006-06-16T21:00:00+01:00,G,23,Mexico,Angola,0,0,0.569842,0.262942,0.167216,1.5928,0.7448,0.662456,0.245772,0.091771,0.092615,home,home,False,-0.092615,0.01717,0.075445,2,0,2-0,0.905897,0.031261,2,1,2-1,0.874636,0,2.0,0.0,2-0,1.053397,0.036351,0.0,2-1,2.0,1.0,1.017046,2.0,0.0,2-0,1.046034,0.036097,0.0,2-1,2.0,1.0,1.009937,2.0,0.0,2-0,1.03867,0.035843,0.0,2-1,2.0,1.0,1.002827,2.0,0.0,2-0,1.031307,0.035589,0.0,2-1,2.0,1.0,0.995718,2.0,0.0,2-0,1.023943,0.035335,0.0,2-1,2.0,1.0,0.988608,2.0,0.0,2-0,1.01658,0.035081,0.0,2-1,2.0,1.0,0.981499,2.0,0.0,2-0,1.009216,0.034827,0.0,2-1,2.0,1.0,0.97439,2.0,0.0,2-0,1.001853,0.034573,0.0,2-1,2.0,1.0,0.96728,2.0,0.0,2-0,0.994489,0.034319,0.0,2-1,2.0,1.0,0.960171,2.0,0.0,2-0,0.987126,0.034065,0.0,2-1,2.0,1.0,0.953061,2.0,0.0,2-0,0.979762,0.03381,0.0,2-1,2.0,1.0,0.945952,2.0,0.0,2-0,0.972399,0.033556,0.0,2-1,2.0,1.0,0.938843,2.0,0.0,2-0,0.965035,0.033302,0.0,2-1,2.0,1.0,0.931733,2.0,0.0,2-0,0.957672,0.033048,0.0,2-1,2.0,1.0,0.924624,2.0,0.0,2-0,0.950308,0.032794,0.0,2-1,2.0,1.0,0.917514,2.0,0.0,2-0,0.942945,0.03254,0.0,2-1,2.0,1.0,0.910405,2.0,0.0,2-0,0.935581,0.032286,0.0,2-1,2.0,1.0,0.903295,2.0,0.0,2-0,0.928218,0.032032,0.0,2-1,2.0,1.0,0.896186,2.0,0.0,2-0,0.920854,0.031778,0.0,2-1,2.0,1.0,0.889077,2.0,0.0,2-0,0.913491,0.031523,0.0,2-1,2.0,1.0,0.881967,2.0,0.0,2-0,0.906127,0.031269,0.0,2-1,2.0,1.0,0.874858
2006,2006-06-17T15:00:00+01:00,G,24,Portugal,Iran,2,0,0.669951,0.203452,0.126598,2.1217,0.812,0.716,0.210925,0.073075,0.053523,home,home,False,-0.046049,-0.007474,0.053523,2,0,2-0,1.005597,0.022507,2,1,2-1,0.98309,3,2.0,0.0,2-0,1.076424,0.024092,3.0,2-1,2.0,1.0,1.052332,2.0,0.0,2-0,1.072963,0.024015,3.0,2-1,2.0,1.0,1.048948,2.0,0.0,2-0,1.069501,0.023937,3.0,2-1,2.0,1.0,1.045564,2.0,0.0,2-0,1.06604,0.02386,3.0,2-1,2.0,1.0,1.04218,2.0,0.0,2-0,1.062578,0.023783,3.0,2-1,2.0,1.0,1.038796,2.0,0.0,2-0,1.059117,0.023705,3.0,2-1,2.0,1.0,1.035412,2.0,0.0,2-0,1.055655,0.023628,3.0,2-1,2.0,1.0,1.032028,2.0,0.0,2-0,1.052194,0.02355,3.0,2-1,2.0,1.0,1.028644,2.0,0.0,2-0,1.048732,0.023473,3.0,2-1,2.0,1.0,1.02526,2.0,0.0,2-0,1.045271,0.023395,3.0,2-1,2.0,1.0,1.021876,2.0,0.0,2-0,1.041809,0.023318,3.0,2-1,2.0,1.0,1.018491,2.0,0.0,2-0,1.038348,0.02324,3.0,2-1,2.0,1.0,1.015107,2.0,0.0,2-0,1.034886,0.023163,3.0,2-1,2.0,1.0,1.011723,2.0,0.0,2-0,1.031425,0.023085,3.0,2-1,2.0,1.0,1.008339,2.0,0.0,2-0,1.027963,0.023008,3.0,2-1,2.0,1.0,1.004955,2.0,0.0,2-0,1.024502,0.02293,3.0,2-1,2.0,1.0,1.001571,2.0,0.0,2-0,1.02104,0.022853,3.0,2-1,2.0,1.0,0.998187,2.0,0.0,2-0,1.017579,0.022775,3.0,2-1,2.0,1.0,0.994803,2.0,0.0,2-0,1.014117,0.022698,3.0,2-1,2.0,1.0,0.991419,2.0,0.0,2-0,1.010656,0.02262,3.0,2-1,2.0,1.0,0.988035,2.0,0.0,2-0,1.007194,0.022543,3.0,2-1,2.0,1.0,0.984651
2006,2006-06-17T21:00:00+01:00,G,25,Italy,United States,1,1,0.420723,0.372742,0.206535,0.9272,0.5604,,,,,home,,,,,,0,0,0-0,0.837854,0.011469,1,0,1-0,0.826384,1,0.0,0.0,0-0,0.837854,0.011469,1.0,1-0,1.0,0.0,0.826384,0.0,0.0,0-0,0.837854,0.011469,1.0,1-0,1.0,0.0,0.826384,0.0,0.0,0-0,0.837854,0.011469,1.0,1-0,1.0,0.0,0.826384,0.0,0.0,0-0,0.837854,0.011469,1.0,1-0,1.0,0.0,0.826384,0.0,0.0,0-0,0.837854,0.011469,1.0,1-0,1.0,0.0,0.826384,0.0,0.0,0-0,0.837854,0.011469,1.0,1-0,1.0,0.0,0.826384,0.0,0.0,0-0,0.837854,0.011469,1.0,1-0,1.0,0.0,0.826384,0.0,0.0,0-0,0.837854,0.011469,1.0,1-0,1.0,0.0,0.826384,0.0,0.0,0-0,0.837854,0.011469,1.0,1-0,1.0,0.0,0.826384,0.0,0.0,0-0,0.837854,0.011469,1.0,1-0,1.0,0.0,0.826384,0.0,0.0,0-0,0.837854,0.011469,1.0,1-0,1.0,0.0,0.826384,0.0,0.0,0-0,0.837854,0.011469,1.0,1-0,1.0,0.0,0.826384,0.0,0.0,0-0,0.837854,0.011469,1.0,1-0,1.0,0.0,0.826384,0.0,0.0,0-0,0.837854,0.011469,1.0,1-0,1.0,0.0,0.826384,0.0,0.0,0-0,0.837854,0.011469,1.0,1-0,1.0,0.0,0.826384,0.0,0.0,0-0,0.837854,0.011469,1.0,1-0,1.0,0.0,0.826384,0.0,0.0,0-0,0.837854,0.011469,1.0,1-0,1.0,0.0,0.826384,0.0,0.0,0-0,0.837854,0.011469,1.0,1-0,1.0,0.0,0.826384,0.0,0.0,0-0,0.837854,0.011469,1.0,1-0,1.0,0.0,0.826384,0.0,0.0,0-0,0.837854,0.011469,1.0,1-0,1.0,0.0,0.826384,0.0,0.0,0-0,0.837854,0.011469,1.0,1-0,1.0,0.0,0.826384
2006,2006-06-17T18:00:00+01:00,G,26,Czech Republic,Ghana,0,2,0.664647,0.224252,0.1111,1.8485,0.6149,0.572463,0.26348,0.164058,0.092184,home,home,False,0.092184,-0.039227,-0.052957,2,0,2-0,1.044597,0.056026,2,1,2-1,0.988571,0,2.0,0.0,2-0,0.900315,0.048288,0.0,2-1,2.0,1.0,0.852027,2.0,0.0,2-0,0.907564,0.048677,0.0,2-1,2.0,1.0,0.858887,2.0,0.0,2-0,0.914813,0.049065,0.0,2-1,2.0,1.0,0.865747,2.0,0.0,2-0,0.922062,0.049454,0.0,2-1,2.0,1.0,0.872608,2.0,0.0,2-0,0.929311,0.049843,0.0,2-1,2.0,1.0,0.879468,2.0,0.0,2-0,0.93656,0.050232,0.0,2-1,2.0,1.0,0.886328,2.0,0.0,2-0,0.943809,0.050621,0.0,2-1,2.0,1.0,0.893188,2.0,0.0,2-0,0.951058,0.051009,0.0,2-1,2.0,1.0,0.900048,2.0,0.0,2-0,0.958306,0.051398,0.0,2-1,2.0,1.0,0.906908,2.0,0.0,2-0,0.965555,0.051787,0.0,2-1,2.0,1.0,0.913768,2.0,0.0,2-0,0.972804,0.052176,0.0,2-1,2.0,1.0,0.920629,2.0,0.0,2-0,0.980053,0.052565,0.0,2-1,2.0,1.0,0.927489,2.0,0.0,2-0,0.987302,0.052953,0.0,2-1,2.0,1.0,0.934349,2.0,0.0,2-0,0.994551,0.053342,0.0,2-1,2.0,1.0,0.941209,2.0,0.0,2-0,1.0018,0.053731,0.0,2-1,2.0,1.0,0.948069,2.0,0.0,2-0,1.009049,0.05412,0.0,2-1,2.0,1.0,0.954929,2.0,0.0,2-0,1.016298,0.054509,0.0,2-1,2.0,1.0,0.96179,2.0,0.0,2-0,1.023547,0.054897,0.0,2-1,2.0,1.0,0.96865,2.0,0.0,2-0,1.030796,0.055286,0.0,2-1,2.0,1.0,0.97551,2.0,0.0,2-0,1.038045,0.055675,0.0,2-1,2.0,1.0,0.98237,2.0,0.0,2-0,1.045294,0.056064,0.0,2-1,2.0,1.0,0.98923
2006,2006-06-18T18:00:00+01:00,G,27,Brazil,Australia,2,0,0.6605,0.213177,0.126323,2.0057,0.7571,0.778406,0.162163,0.059431,0.117905,home,home,False,-0.117905,0.051014,0.066892,2,0,2-0,1.009776,0.030836,2,1,2-1,0.97894,3,2.0,0.0,2-0,1.191362,0.036382,3.0,2-1,2.0,1.0,1.154981,2.0,0.0,2-0,1.18234,0.036106,3.0,2-1,2.0,1.0,1.146234,2.0,0.0,2-0,1.173317,0.03583,3.0,2-1,2.0,1.0,1.137486,2.0,0.0,2-0,1.164294,0.035555,3.0,2-1,2.0,1.0,1.128739,2.0,0.0,2-0,1.155271,0.035279,3.0,2-1,2.0,1.0,1.119992,2.0,0.0,2-0,1.146248,0.035004,3.0,2-1,2.0,1.0,1.111244,2.0,0.0,2-0,1.137225,0.034728,3.0,2-1,2.0,1.0,1.102497,2.0,0.0,2-0,1.128203,0.034453,3.0,2-1,2.0,1.0,1.09375,2.0,0.0,2-0,1.11918,0.034177,3.0,2-1,2.0,1.0,1.085003,2.0,0.0,2-0,1.110157,0.033902,3.0,2-1,2.0,1.0,1.076255,2.0,0.0,2-0,1.101134,0.033626,3.0,2-1,2.0,1.0,1.067508,2.0,0.0,2-0,1.092111,0.033351,3.0,2-1,2.0,1.0,1.058761,2.0,0.0,2-0,1.083089,0.033075,3.0,2-1,2.0,1.0,1.050014,2.0,0.0,2-0,1.074066,0.0328,3.0,2-1,2.0,1.0,1.041266,2.0,0.0,2-0,1.065043,0.032524,3.0,2-1,2.0,1.0,1.032519,2.0,0.0,2-0,1.05602,0.032248,3.0,2-1,2.0,1.0,1.023772,2.0,0.0,2-0,1.046997,0.031973,3.0,2-1,2.0,1.0,1.015024,2.0,0.0,2-0,1.037975,0.031697,3.0,2-1,2.0,1.0,1.006277,2.0,0.0,2-0,1.028952,0.031422,3.0,2-1,2.0,1.0,0.99753,2.0,0.0,2-0,1.019929,0.031146,3.0,2-1,2.0,1.0,0.988783,2.0,0.0,2-0,1.010906,0.030871,3.0,2-1,2.0,1.0,0.980035
2006,2006-06-18T15:00:00+01:00,G,28,Japan,Croatia,0,0,0.266768,0.302262,0.43097,0.9288,1.2557,0.164058,0.26348,0.572463,0.141493,away,away,False,0.102711,0.038782,-0.141493,0,1,0-1,0.698724,0.007931,0,2,0-2,0.690793,0,0.0,1.0,0-1,0.928177,0.010535,0.0,0-2,0.0,2.0,0.917642,0.0,1.0,0-1,0.916706,0.010405,0.0,0-2,0.0,2.0,0.906301,0.0,1.0,0-1,0.905236,0.010275,0.0,0-2,0.0,2.0,0.894961,0.0,1.0,0-1,0.893765,0.010145,0.0,0-2,0.0,2.0,0.883621,0.0,1.0,0-1,0.882294,0.010014,0.0,0-2,0.0,2.0,0.87228,0.0,1.0,0-1,0.870824,0.009884,0.0,0-2,0.0,2.0,0.86094,0.0,1.0,0-1,0.859353,0.009754,0.0,0-2,0.0,2.0,0.849599,0.0,1.0,0-1,0.847882,0.009624,0.0,0-2,0.0,2.0,0.838259,0.0,1.0,0-1,0.836412,0.009494,0.0,0-2,0.0,2.0,0.826918,0.0,1.0,0-1,0.824941,0.009363,0.0,0-2,0.0,2.0,0.815578,0.0,1.0,0-1,0.81347,0.009233,0.0,0-2,0.0,2.0,0.804237,0.0,1.0,0-1,0.802,0.009103,0.0,0-2,0.0,2.0,0.792897,0.0,1.0,0-1,0.790529,0.008973,0.0,0-2,0.0,2.0,0.781556,0.0,1.0,0-1,0.779058,0.008843,0.0,0-2,0.0,2.0,0.770216,0.0,1.0,0-1,0.767588,0.008712,0.0,0-2,0.0,2.0,0.758875,0.0,1.0,0-1,0.756117,0.008582,0.0,0-2,0.0,2.0,0.747535,0.0,1.0,0-1,0.744647,0.008452,0.0,0-2,0.0,2.0,0.736194,0.0,1.0,0-1,0.733176,0.008322,0.0,0-2,0.0,2.0,0.724854,0.0,1.0,0-1,0.721705,0.008192,0.0,0-2,0.0,2.0,0.713514,0.0,1.0,0-1,0.710235,0.008061,0.0,0-2,0.0,2.0,0.702173,0.0,1.0,0-1,0.698764,0.007931,0.0,0-2,0.0,2.0,0.690833
2006,2006-06-18T21:00:00+01:00,G,29,France,South Korea,1,1,0.662918,0.244174,0.092908,1.6378,0.4525,0.644039,0.246627,0.109334,0.018878,home,home,False,0.018878,-0.002453,-0.016425,2,0,2-0,1.069436,0.012062,1,0,1-0,1.057374,0,2.0,0.0,2-0,1.039296,0.011722,0.0,1-0,1.0,0.0,1.027574,2.0,0.0,2-0,1.040819,0.011739,0.0,1-0,1.0,0.0,1.029081,2.0,0.0,2-0,1.042343,0.011756,0.0,1-0,1.0,0.0,1.030587,2.0,0.0,2-0,1.043866,0.011773,0.0,1-0,1.0,0.0,1.032093,2.0,0.0,2-0,1.045389,0.01179,0.0,1-0,1.0,0.0,1.033599,2.0,0.0,2-0,1.046912,0.011808,0.0,1-0,1.0,0.0,1.035105,2.0,0.0,2-0,1.048436,0.011825,0.0,1-0,1.0,0.0,1.036611,2.0,0.0,2-0,1.049959,0.011842,0.0,1-0,1.0,0.0,1.038117,2.0,0.0,2-0,1.051482,0.011859,0.0,1-0,1.0,0.0,1.039623,2.0,0.0,2-0,1.053005,0.011876,0.0,1-0,1.0,0.0,1.041129,2.0,0.0,2-0,1.054528,0.011894,0.0,1-0,1.0,0.0,1.042635,2.0,0.0,2-0,1.056052,0.011911,0.0,1-0,1.0,0.0,1.044141,2.0,0.0,2-0,1.057575,0.011928,0.0,1-0,1.0,0.0,1.045647,2.0,0.0,2-0,1.059098,0.011945,0.0,1-0,1.0,0.0,1.047153,2.0,0.0,2-0,1.060621,0.011962,0.0,1-0,1.0,0.0,1.048659,2.0,0.0,2-0,1.062145,0.011979,0.0,1-0,1.0,0.0,1.050165,2.0,0.0,2-0,1.063668,0.011997,0.0,1-0,1.0,0.0,1.051671,2.0,0.0,2-0,1.065191,0.012014,0.0,1-0,1.0,0.0,1.053177,2.0,0.0,2-0,1.066714,0.012031,0.0,1-0,1.0,0.0,1.054683,2.0,0.0,2-0,1.068237,0.012048,0.0,1-0,1.0,0.0,1.056189,2.0,0.0,2-0,1.069761,0.012065,0.0,1-0,1.0,0.0,1.057695
2006,2006-06-19T15:00:00+01:00,G,30,Togo,Switzerland,0,2,0.172106,0.24183,0.586064,0.8644,1.7889,0.119053,0.238081,0.642867,0.056803,away,away,False,0.053053,0.003749,-0.056803,0,2,0-2,0.908484,0.015273,1,2,1-2,0.893212,3,0.0,2.0,0-2,0.997078,0.016762,3.0,1-2,1.0,2.0,0.980316,0.0,2.0,0-2,0.992673,0.016688,3.0,1-2,1.0,2.0,0.975985,0.0,2.0,0-2,0.988268,0.016614,3.0,1-2,1.0,2.0,0.971654,0.0,2.0,0-2,0.983863,0.01654,3.0,1-2,1.0,2.0,0.967323,0.0,2.0,0-2,0.979458,0.016466,3.0,1-2,1.0,2.0,0.962992,0.0,2.0,0-2,0.975053,0.016392,3.0,1-2,1.0,2.0,0.958661,0.0,2.0,0-2,0.970648,0.016318,3.0,1-2,1.0,2.0,0.95433,0.0,2.0,0-2,0.966243,0.016244,3.0,1-2,1.0,2.0,0.949999,0.0,2.0,0-2,0.961838,0.01617,3.0,1-2,1.0,2.0,0.945669,0.0,2.0,0-2,0.957433,0.016096,3.0,1-2,1.0,2.0,0.941338,0.0,2.0,0-2,0.953028,0.016022,3.0,1-2,1.0,2.0,0.937007,0.0,2.0,0-2,0.948623,0.015948,3.0,1-2,1.0,2.0,0.932676,0.0,2.0,0-2,0.944218,0.015874,3.0,1-2,1.0,2.0,0.928345,0.0,2.0,0-2,0.939813,0.0158,3.0,1-2,1.0,2.0,0.924014,0.0,2.0,0-2,0.935408,0.015725,3.0,1-2,1.0,2.0,0.919683,0.0,2.0,0-2,0.931003,0.015651,3.0,1-2,1.0,2.0,0.915352,0.0,2.0,0-2,0.926598,0.015577,3.0,1-2,1.0,2.0,0.911021,0.0,2.0,0-2,0.922193,0.015503,3.0,1-2,1.0,2.0,0.90669,0.0,2.0,0-2,0.917788,0.015429,3.0,1-2,1.0,2.0,0.902359,0.0,2.0,0-2,0.913383,0.015355,3.0,1-2,1.0,2.0,0.898028,0.0,2.0,0-2,0.908978,0.015281,3.0,1-2,1.0,2.0,0.893697
2006,2006-06-19T21:00:00+01:00,G,31,Spain,Tunisia,3,1,0.584877,0.258816,0.156307,1.6185,0.7128,0.716,0.210925,0.073075,0.131123,home,home,False,-0.131123,0.047891,0.083232,2,0,2-0,0.929978,0.036558,2,1,2-1,0.89342,1,2.0,0.0,2-0,1.13879,0.044767,1.0,2-1,2.0,1.0,1.094023,2.0,0.0,2-0,1.128362,0.044357,1.0,2-1,2.0,1.0,1.084005,2.0,0.0,2-0,1.117935,0.043947,1.0,2-1,2.0,1.0,1.073988,2.0,0.0,2-0,1.107507,0.043537,1.0,2-1,2.0,1.0,1.06397,2.0,0.0,2-0,1.09708,0.043127,1.0,2-1,2.0,1.0,1.053953,2.0,0.0,2-0,1.086653,0.042717,1.0,2-1,2.0,1.0,1.043935,2.0,0.0,2-0,1.076225,0.042307,1.0,2-1,2.0,1.0,1.033918,2.0,0.0,2-0,1.065798,0.041898,1.0,2-1,2.0,1.0,1.0239,2.0,0.0,2-0,1.05537,0.041488,1.0,2-1,2.0,1.0,1.013882,2.0,0.0,2-0,1.044943,0.041078,1.0,2-1,2.0,1.0,1.003865,2.0,0.0,2-0,1.034515,0.040668,1.0,2-1,2.0,1.0,0.993847,2.0,0.0,2-0,1.024088,0.040258,1.0,2-1,2.0,1.0,0.98383,2.0,0.0,2-0,1.01366,0.039848,1.0,2-1,2.0,1.0,0.973812,2.0,0.0,2-0,1.003233,0.039438,1.0,2-1,2.0,1.0,0.963795,2.0,0.0,2-0,0.992805,0.039028,1.0,2-1,2.0,1.0,0.953777,2.0,0.0,2-0,0.982378,0.038618,1.0,2-1,2.0,1.0,0.94376,2.0,0.0,2-0,0.97195,0.038208,1.0,2-1,2.0,1.0,0.933742,2.0,0.0,2-0,0.961523,0.037798,1.0,2-1,2.0,1.0,0.923724,2.0,0.0,2-0,0.951095,0.037388,1.0,2-1,2.0,1.0,0.913707,2.0,0.0,2-0,0.940668,0.036979,1.0,2-1,2.0,1.0,0.903689,2.0,0.0,2-0,0.93024,0.036569,1.0,2-1,2.0,1.0,0.893672
2006,2006-06-19T18:00:00+01:00,G,32,Saudi Arabia,Ukraine,0,4,0.136561,0.271854,0.591585,0.5812,1.5013,0.109078,0.2279,0.663022,0.071438,away,away,False,0.027484,0.043954,-0.071438,0,2,0-2,0.953983,0.000629,0,1,0-1,0.953353,1,0.0,2.0,0-2,1.069365,0.000705,1.0,0-1,0.0,1.0,1.068659,0.0,2.0,0-2,1.063604,0.000702,1.0,0-1,0.0,1.0,1.062902,0.0,2.0,0-2,1.057843,0.000698,1.0,0-1,0.0,1.0,1.057145,0.0,2.0,0-2,1.052082,0.000694,1.0,0-1,0.0,1.0,1.051388,0.0,2.0,0-2,1.046321,0.00069,1.0,0-1,0.0,1.0,1.045631,0.0,2.0,0-2,1.04056,0.000686,1.0,0-1,0.0,1.0,1.039874,0.0,2.0,0-2,1.034799,0.000683,1.0,0-1,0.0,1.0,1.034116,0.0,2.0,0-2,1.029038,0.000679,1.0,0-1,0.0,1.0,1.028359,0.0,2.0,0-2,1.023277,0.000675,1.0,0-1,0.0,1.0,1.022602,0.0,2.0,0-2,1.017516,0.000671,1.0,0-1,0.0,1.0,1.016845,0.0,2.0,0-2,1.011755,0.000667,1.0,0-1,0.0,1.0,1.011088,0.0,2.0,0-2,1.005994,0.000664,1.0,0-1,0.0,1.0,1.005331,0.0,2.0,0-2,1.000233,0.00066,1.0,0-1,0.0,1.0,0.999573,0.0,2.0,0-2,0.994472,0.000656,1.0,0-1,0.0,1.0,0.993816,0.0,2.0,0-2,0.988711,0.000652,1.0,0-1,0.0,1.0,0.988059,0.0,2.0,0-2,0.98295,0.000648,1.0,0-1,0.0,1.0,0.982302,0.0,2.0,0-2,0.977189,0.000645,1.0,0-1,0.0,1.0,0.976545,0.0,2.0,0-2,0.971428,0.000641,1.0,0-1,0.0,1.0,0.970788,0.0,2.0,0-2,0.965667,0.000637,1.0,0-1,0.0,1.0,0.965031,0.0,2.0,0-2,0.959906,0.000633,1.0,0-1,0.0,1.0,0.959273,0.0,2.0,0-2,0.954146,0.000629,1.0,0-1,0.0,1.0,0.953516
2006,2006-06-20T16:00:00+01:00,G,33,Ecuador,Germany,0,3,0.180605,0.230754,0.588642,0.9706,1.9167,,,,,away,,,,,,0,2,0-2,0.892223,0.003011,1,2,1-2,0.889212,1,0.0,2.0,0-2,0.892223,0.003011,1.0,1-2,1.0,2.0,0.889212,0.0,2.0,0-2,0.892223,0.003011,1.0,1-2,1.0,2.0,0.889212,0.0,2.0,0-2,0.892223,0.003011,1.0,1-2,1.0,2.0,0.889212,0.0,2.0,0-2,0.892223,0.003011,1.0,1-2,1.0,2.0,0.889212,0.0,2.0,0-2,0.892223,0.003011,1.0,1-2,1.0,2.0,0.889212,0.0,2.0,0-2,0.892223,0.003011,1.0,1-2,1.0,2.0,0.889212,0.0,2.0,0-2,0.892223,0.003011,1.0,1-2,1.0,2.0,0.889212,0.0,2.0,0-2,0.892223,0.003011,1.0,1-2,1.0,2.0,0.889212,0.0,2.0,0-2,0.892223,0.003011,1.0,1-2,1.0,2.0,0.889212,0.0,2.0,0-2,0.892223,0.003011,1.0,1-2,1.0,2.0,0.889212,0.0,2.0,0-2,0.892223,0.003011,1.0,1-2,1.0,2.0,0.889212,0.0,2.0,0-2,0.892223,0.003011,1.0,1-2,1.0,2.0,0.889212,0.0,2.0,0-2,0.892223,0.003011,1.0,1-2,1.0,2.0,0.889212,0.0,2.0,0-2,0.892223,0.003011,1.0,1-2,1.0,2.0,0.889212,0.0,2.0,0-2,0.892223,0.003011,1.0,1-2,1.0,2.0,0.889212,0.0,2.0,0-2,0.892223,0.003011,1.0,1-2,1.0,2.0,0.889212,0.0,2.0,0-2,0.892223,0.003011,1.0,1-2,1.0,2.0,0.889212,0.0,2.0,0-2,0.892223,0.003011,1.0,1-2,1.0,2.0,0.889212,0.0,2.0,0-2,0.892223,0.003011,1.0,1-2,1.0,2.0,0.889212,0.0,2.0,0-2,0.892223,0.003011,1.0,1-2,1.0,2.0,0.889212,0.0,2.0,0-2,0.892223,0.003011,1.0,1-2,1.0,2.0,0.889212
2006,2006-06-20T16:00:00+01:00,G,34,Costa Rica,Poland,1,2,0.243305,0.242212,0.514483,1.1903,1.8181,0.184521,0.26248,0.552998,0.058783,away,away,False,0.058783,-0.020269,-0.038515,1,2,1-2,0.789999,0.015531,0,2,0-2,0.774468,3,1.0,2.0,1-2,0.849677,0.016704,3.0,0-2,0.0,2.0,0.832973,1.0,2.0,1-2,0.846719,0.016646,3.0,0-2,0.0,2.0,0.830072,1.0,2.0,1-2,0.84376,0.016588,3.0,0-2,0.0,2.0,0.827172,1.0,2.0,1-2,0.840801,0.01653,3.0,0-2,0.0,2.0,0.824271,1.0,2.0,1-2,0.837842,0.016472,3.0,0-2,0.0,2.0,0.82137,1.0,2.0,1-2,0.834883,0.016413,3.0,0-2,0.0,2.0,0.81847,1.0,2.0,1-2,0.831924,0.016355,3.0,0-2,0.0,2.0,0.815569,1.0,2.0,1-2,0.828965,0.016297,3.0,0-2,0.0,2.0,0.812668,1.0,2.0,1-2,0.826006,0.016239,3.0,0-2,0.0,2.0,0.809767,1.0,2.0,1-2,0.823047,0.016181,3.0,0-2,0.0,2.0,0.806867,1.0,2.0,1-2,0.820089,0.016123,3.0,0-2,0.0,2.0,0.803966,1.0,2.0,1-2,0.81713,0.016064,3.0,0-2,0.0,2.0,0.801065,1.0,2.0,1-2,0.814171,0.016006,3.0,0-2,0.0,2.0,0.798165,1.0,2.0,1-2,0.811212,0.015948,3.0,0-2,0.0,2.0,0.795264,1.0,2.0,1-2,0.808253,0.01589,3.0,0-2,0.0,2.0,0.792363,1.0,2.0,1-2,0.805294,0.015832,3.0,0-2,0.0,2.0,0.789462,1.0,2.0,1-2,0.802335,0.015774,3.0,0-2,0.0,2.0,0.786562,1.0,2.0,1-2,0.799376,0.015715,3.0,0-2,0.0,2.0,0.783661,1.0,2.0,1-2,0.796418,0.015657,3.0,0-2,0.0,2.0,0.78076,1.0,2.0,1-2,0.793459,0.015599,3.0,0-2,0.0,2.0,0.77786,1.0,2.0,1-2,0.7905,0.015541,3.0,0-2,0.0,2.0,0.774959
2006,2006-06-20T21:00:00+01:00,G,35,Sweden,England,2,2,0.304215,0.309853,0.385932,0.9909,1.1517,0.282144,0.339402,0.378454,0.029549,away,away,False,0.02207,-0.029549,0.007479,0,1,0-1,0.641063,0.022379,0,2,0-2,0.618684,0,1.0,1.0,1-1,0.649399,0.020736,1.0,0-1,0.0,1.0,0.628664,1.0,1.0,1-1,0.646573,0.017288,1.0,0-1,0.0,1.0,0.629285,1.0,1.0,1-1,0.643746,0.01384,1.0,0-1,0.0,1.0,0.629906,1.0,1.0,1-1,0.640919,0.010392,1.0,0-1,0.0,1.0,0.630527,1.0,1.0,1-1,0.638092,0.006944,1.0,0-1,0.0,1.0,0.631148,1.0,1.0,1-1,0.635265,0.003495,1.0,0-1,0.0,1.0,0.631769,1.0,1.0,1-1,0.632438,4.7e-05,1.0,0-1,0.0,1.0,0.632391,0.0,1.0,0-1,0.633012,0.003401,0.0,1-1,1.0,1.0,0.629611,0.0,1.0,0-1,0.633633,0.006849,0.0,1-1,1.0,1.0,0.626784,0.0,1.0,0-1,0.634254,0.010297,0.0,1-1,1.0,1.0,0.623957,0.0,1.0,0-1,0.634875,0.013745,0.0,1-1,1.0,1.0,0.62113,0.0,1.0,0-1,0.635496,0.017193,0.0,1-1,1.0,1.0,0.618304,0.0,1.0,0-1,0.636118,0.020641,0.0,1-1,1.0,1.0,0.615477,0.0,1.0,0-1,0.636739,0.022228,0.0,0-2,0.0,2.0,0.614511,0.0,1.0,0-1,0.63736,0.022249,0.0,0-2,0.0,2.0,0.615111,0.0,1.0,0-1,0.637981,0.022271,0.0,0-2,0.0,2.0,0.61571,0.0,1.0,0-1,0.638602,0.022293,0.0,0-2,0.0,2.0,0.61631,0.0,1.0,0-1,0.639224,0.022314,0.0,0-2,0.0,2.0,0.616909,0.0,1.0,0-1,0.639845,0.022336,0.0,0-2,0.0,2.0,0.617509,0.0,1.0,0-1,0.640466,0.022358,0.0,0-2,0.0,2.0,0.618108,0.0,1.0,0-1,0.641087,0.022379,0.0,0-2,0.0,2.0,0.618708
2006,2006-06-20T21:00:00+01:00,G,36,Paraguay,Trinidad and Tobago,2,0,0.654245,0.227698,0.118057,1.8336,0.6415,0.508437,0.228203,0.26336,0.145808,home,home,False,0.145808,-0.000505,-0.145303,2,0,2-0,1.027507,0.050708,2,1,2-1,0.9768,3,2.0,0.0,2-0,0.799018,0.039432,3.0,2-1,2.0,1.0,0.759586,2.0,0.0,2-0,0.810475,0.039997,3.0,2-1,2.0,1.0,0.770478,2.0,0.0,2-0,0.821932,0.040563,3.0,2-1,2.0,1.0,0.781369,2.0,0.0,2-0,0.833389,0.041128,3.0,2-1,2.0,1.0,0.792261,2.0,0.0,2-0,0.844846,0.041693,3.0,2-1,2.0,1.0,0.803153,2.0,0.0,2-0,0.856303,0.042259,3.0,2-1,2.0,1.0,0.814044,2.0,0.0,2-0,0.86776,0.042824,3.0,2-1,2.0,1.0,0.824936,2.0,0.0,2-0,0.879217,0.04339,3.0,2-1,2.0,1.0,0.835827,2.0,0.0,2-0,0.890674,0.043955,3.0,2-1,2.0,1.0,0.846719,2.0,0.0,2-0,0.902131,0.04452,3.0,2-1,2.0,1.0,0.857611,2.0,0.0,2-0,0.913588,0.045086,3.0,2-1,2.0,1.0,0.868502,2.0,0.0,2-0,0.925045,0.045651,3.0,2-1,2.0,1.0,0.879394,2.0,0.0,2-0,0.936502,0.046217,3.0,2-1,2.0,1.0,0.890285,2.0,0.0,2-0,0.947959,0.046782,3.0,2-1,2.0,1.0,0.901177,2.0,0.0,2-0,0.959416,0.047347,3.0,2-1,2.0,1.0,0.912069,2.0,0.0,2-0,0.970873,0.047913,3.0,2-1,2.0,1.0,0.92296,2.0,0.0,2-0,0.98233,0.048478,3.0,2-1,2.0,1.0,0.933852,2.0,0.0,2-0,0.993787,0.049044,3.0,2-1,2.0,1.0,0.944743,2.0,0.0,2-0,1.005244,0.049609,3.0,2-1,2.0,1.0,0.955635,2.0,0.0,2-0,1.016701,0.050174,3.0,2-1,2.0,1.0,0.966527,2.0,0.0,2-0,1.028158,0.05074,3.0,2-1,2.0,1.0,0.977418
2006,2006-06-21T21:00:00+01:00,G,37,Netherlands,Argentina,0,0,0.416217,0.290537,0.293246,1.3118,1.0589,0.254161,0.292098,0.453741,0.162055,home,away,True,0.162055,-0.00156,-0.160495,2,1,2-1,0.666784,0.004731,2,0,2-0,0.662053,0,1.0,2.0,1-2,0.747389,0.01024,0.0,0-1,0.0,1.0,0.737149,1.0,2.0,1-2,0.734171,0.010059,0.0,0-1,0.0,1.0,0.724112,1.0,2.0,1-2,0.720953,0.009878,0.0,0-1,0.0,1.0,0.711075,1.0,2.0,1-2,0.707735,0.009697,0.0,0-1,0.0,1.0,0.698038,1.0,2.0,1-2,0.694517,0.009516,0.0,0-1,0.0,1.0,0.685001,1.0,2.0,1-2,0.681299,0.009335,0.0,0-1,0.0,1.0,0.671964,1.0,2.0,1-2,0.66808,0.009154,0.0,0-1,0.0,1.0,0.658927,1.0,2.0,1-2,0.654862,0.008973,0.0,0-1,0.0,1.0,0.64589,1.0,2.0,1-2,0.641644,0.008791,0.0,0-1,0.0,1.0,0.632853,1.0,2.0,1-2,0.628426,0.00861,0.0,0-1,0.0,1.0,0.619816,1.0,2.0,1-2,0.615208,0.008429,0.0,0-1,0.0,1.0,0.606779,1.0,2.0,1-2,0.60199,0.008248,0.0,0-1,0.0,1.0,0.593742,1.0,2.0,1-2,0.588772,0.008067,0.0,0-1,0.0,1.0,0.580705,2.0,1.0,2-1,0.575967,0.000414,0.0,1-2,1.0,2.0,0.575553,2.0,1.0,2-1,0.588949,0.004178,0.0,2-0,2.0,0.0,0.58477,2.0,1.0,2-1,0.601931,0.004271,0.0,2-0,2.0,0.0,0.59766,2.0,1.0,2-1,0.614913,0.004363,0.0,2-0,2.0,0.0,0.61055,2.0,1.0,2-1,0.627894,0.004455,0.0,2-0,2.0,0.0,0.62344,2.0,1.0,2-1,0.640876,0.004547,0.0,2-0,2.0,0.0,0.636329,2.0,1.0,2-1,0.653858,0.004639,0.0,2-0,2.0,0.0,0.649219,2.0,1.0,2-1,0.66684,0.004731,0.0,2-0,2.0,0.0,0.662109
2006,2006-06-21T21:00:00+01:00,G,38,Ivory Coast,Serbia,3,2,0.294578,0.290004,0.415419,1.0653,1.3143,0.432532,0.273639,0.293829,0.137954,away,home,True,-0.137954,0.016365,0.121589,1,2,1-2,0.665726,0.005224,0,2,0-2,0.660502,0,2.0,1.0,2-1,0.712475,0.01181,1.0,1-0,1.0,0.0,0.700666,2.0,1.0,2-1,0.701113,0.011621,1.0,1-0,1.0,0.0,0.689492,2.0,1.0,2-1,0.689751,0.011433,1.0,1-0,1.0,0.0,0.678318,2.0,1.0,2-1,0.678389,0.011245,1.0,1-0,1.0,0.0,0.667145,2.0,1.0,2-1,0.667027,0.011056,1.0,1-0,1.0,0.0,0.655971,2.0,1.0,2-1,0.655665,0.010868,1.0,1-0,1.0,0.0,0.644797,2.0,1.0,2-1,0.644303,0.01068,1.0,1-0,1.0,0.0,0.633624,2.0,1.0,2-1,0.632941,0.010491,1.0,1-0,1.0,0.0,0.62245,2.0,1.0,2-1,0.621579,0.010303,1.0,1-0,1.0,0.0,0.611276,2.0,1.0,2-1,0.610217,0.010115,1.0,1-0,1.0,0.0,0.600103,2.0,1.0,2-1,0.598855,0.009926,1.0,1-0,1.0,0.0,0.588929,2.0,1.0,2-1,0.587493,0.009402,1.0,1-2,1.0,2.0,0.578092,1.0,2.0,1-2,0.587835,0.004613,0.0,0-2,0.0,2.0,0.583223,1.0,2.0,1-2,0.597578,0.004689,0.0,0-2,0.0,2.0,0.592889,1.0,2.0,1-2,0.607322,0.004765,0.0,0-2,0.0,2.0,0.602556,1.0,2.0,1-2,0.617065,0.004842,0.0,0-2,0.0,2.0,0.612223,1.0,2.0,1-2,0.626809,0.004918,0.0,0-2,0.0,2.0,0.62189,1.0,2.0,1-2,0.636552,0.004995,0.0,0-2,0.0,2.0,0.631557,1.0,2.0,1-2,0.646296,0.005071,0.0,0-2,0.0,2.0,0.641224,1.0,2.0,1-2,0.656039,0.005148,0.0,0-2,0.0,2.0,0.650891,1.0,2.0,1-2,0.665782,0.005224,0.0,0-2,0.0,2.0,0.660558
2006,2006-06-21T16:00:00+01:00,G,39,Portugal,Mexico,2,1,0.482673,0.282076,0.235251,1.4366,0.9239,0.411522,0.340753,0.247725,0.071151,home,home,False,0.071151,-0.058677,-0.012474,2,0,2-0,0.767339,0.007406,2,1,2-1,0.759933,2,1.0,1.0,1-1,0.660553,0.00624,0.0,2-0,2.0,0.0,0.654313,2.0,0.0,2-0,0.659969,0.005104,2.0,1-1,1.0,1.0,0.654865,2.0,0.0,2-0,0.665626,0.006425,2.0,2-1,2.0,1.0,0.659201,2.0,0.0,2-0,0.671282,0.006479,2.0,2-1,2.0,1.0,0.664803,2.0,0.0,2-0,0.676938,0.006534,2.0,2-1,2.0,1.0,0.670405,2.0,0.0,2-0,0.682595,0.006588,2.0,2-1,2.0,1.0,0.676006,2.0,0.0,2-0,0.688251,0.006643,2.0,2-1,2.0,1.0,0.681608,2.0,0.0,2-0,0.693908,0.006698,2.0,2-1,2.0,1.0,0.68721,2.0,0.0,2-0,0.699564,0.006752,2.0,2-1,2.0,1.0,0.692812,2.0,0.0,2-0,0.70522,0.006807,2.0,2-1,2.0,1.0,0.698414,2.0,0.0,2-0,0.710877,0.006861,2.0,2-1,2.0,1.0,0.704015,2.0,0.0,2-0,0.716533,0.006916,2.0,2-1,2.0,1.0,0.709617,2.0,0.0,2-0,0.72219,0.006971,2.0,2-1,2.0,1.0,0.715219,2.0,0.0,2-0,0.727846,0.007025,2.0,2-1,2.0,1.0,0.720821,2.0,0.0,2-0,0.733502,0.00708,2.0,2-1,2.0,1.0,0.726423,2.0,0.0,2-0,0.739159,0.007134,2.0,2-1,2.0,1.0,0.732024,2.0,0.0,2-0,0.744815,0.007189,2.0,2-1,2.0,1.0,0.737626,2.0,0.0,2-0,0.750472,0.007244,2.0,2-1,2.0,1.0,0.743228,2.0,0.0,2-0,0.756128,0.007298,2.0,2-1,2.0,1.0,0.74883,2.0,0.0,2-0,0.761784,0.007353,2.0,2-1,2.0,1.0,0.754432,2.0,0.0,2-0,0.767441,0.007407,2.0,2-1,2.0,1.0,0.760033
2006,2006-06-21T16:00:00+01:00,G,40,Iran,Angola,1,1,0.430796,0.280699,0.288504,1.3998,1.1,0.374117,0.282871,0.343012,0.056679,home,home,False,0.056679,-0.002172,-0.054507,2,1,2-1,0.688143,0.008044,2,0,2-0,0.680099,0,2.0,1.0,2-1,0.59768,0.006986,0.0,2-0,2.0,0.0,0.590694,2.0,1.0,2-1,0.602208,0.007039,0.0,2-0,2.0,0.0,0.595169,2.0,1.0,2-1,0.606735,0.007092,0.0,2-0,2.0,0.0,0.599643,2.0,1.0,2-1,0.611263,0.007145,0.0,2-0,2.0,0.0,0.604118,2.0,1.0,2-1,0.61579,0.007198,0.0,2-0,2.0,0.0,0.608592,2.0,1.0,2-1,0.620318,0.007251,0.0,2-0,2.0,0.0,0.613067,2.0,1.0,2-1,0.624845,0.007304,0.0,2-0,2.0,0.0,0.617542,2.0,1.0,2-1,0.629373,0.007357,0.0,2-0,2.0,0.0,0.622016,2.0,1.0,2-1,0.6339,0.00741,0.0,2-0,2.0,0.0,0.626491,2.0,1.0,2-1,0.638428,0.007462,0.0,2-0,2.0,0.0,0.630965,2.0,1.0,2-1,0.642955,0.007515,0.0,2-0,2.0,0.0,0.63544,2.0,1.0,2-1,0.647483,0.007568,0.0,2-0,2.0,0.0,0.639914,2.0,1.0,2-1,0.65201,0.007621,0.0,2-0,2.0,0.0,0.644389,2.0,1.0,2-1,0.656537,0.007674,0.0,2-0,2.0,0.0,0.648863,2.0,1.0,2-1,0.661065,0.007727,0.0,2-0,2.0,0.0,0.653338,2.0,1.0,2-1,0.665592,0.00778,0.0,2-0,2.0,0.0,0.657812,2.0,1.0,2-1,0.67012,0.007833,0.0,2-0,2.0,0.0,0.662287,2.0,1.0,2-1,0.674647,0.007886,0.0,2-0,2.0,0.0,0.666762,2.0,1.0,2-1,0.679175,0.007939,0.0,2-0,2.0,0.0,0.671236,2.0,1.0,2-1,0.683702,0.007992,0.0,2-0,2.0,0.0,0.675711,2.0,1.0,2-1,0.68823,0.008045,0.0,2-0,2.0,0.0,0.680185
2006,2006-06-22T16:00:00+01:00,G,41,Czech Republic,Italy,0,2,0.345205,0.323719,0.331076,1.0139,0.9869,0.227573,0.290486,0.481941,0.150865,home,away,True,0.117631,0.033233,-0.150865,1,1,1-1,0.609645,0.000149,0,0,0-0,0.609497,0,0.0,1.0,0-1,0.848214,0.07602,1.0,1-2,1.0,2.0,0.772194,0.0,1.0,0-1,0.834938,0.07483,1.0,1-2,1.0,2.0,0.760108,0.0,1.0,0-1,0.821662,0.07364,1.0,1-2,1.0,2.0,0.748022,0.0,1.0,0-1,0.808386,0.07245,1.0,1-2,1.0,2.0,0.735936,0.0,1.0,0-1,0.79511,0.07126,1.0,1-2,1.0,2.0,0.723849,0.0,1.0,0-1,0.781834,0.07007,1.0,1-2,1.0,2.0,0.711763,0.0,1.0,0-1,0.768558,0.068881,1.0,1-2,1.0,2.0,0.699677,0.0,1.0,0-1,0.755282,0.067691,1.0,1-2,1.0,2.0,0.687591,0.0,1.0,0-1,0.742005,0.066501,1.0,1-2,1.0,2.0,0.675505,0.0,1.0,0-1,0.728729,0.065311,1.0,1-2,1.0,2.0,0.663418,0.0,1.0,0-1,0.715453,0.064121,1.0,1-2,1.0,2.0,0.651332,0.0,1.0,0-1,0.702177,0.062931,1.0,1-2,1.0,2.0,0.639246,0.0,1.0,0-1,0.688901,0.061742,1.0,1-2,1.0,2.0,0.62716,0.0,1.0,0-1,0.675625,0.060552,1.0,1-2,1.0,2.0,0.615073,0.0,1.0,0-1,0.662349,0.059362,1.0,1-2,1.0,2.0,0.602987,0.0,1.0,0-1,0.649073,0.055062,1.0,1-1,1.0,1.0,0.594011,0.0,1.0,0-1,0.635797,0.038657,1.0,1-1,1.0,1.0,0.59714,0.0,1.0,0-1,0.622521,0.022251,1.0,1-1,1.0,1.0,0.60027,0.0,1.0,0-1,0.609245,0.005846,1.0,1-1,1.0,1.0,0.603399,1.0,1.0,1-1,0.606528,0.000148,0.0,0-0,0.0,0.0,0.606381,1.0,1.0,1-1,0.609658,0.000149,0.0,0-0,0.0,0.0,0.609509
2006,2006-06-22T16:00:00+01:00,G,42,Ghana,United States,2,1,0.197507,0.353543,0.44895,0.5777,1.0217,0.41019,0.267814,0.321995,0.212683,away,home,True,-0.212683,0.085729,0.126955,0,1,0-1,0.848255,0.077192,0,0,0-0,0.771063,0,1.0,0.0,1-0,0.866926,0.243663,1.0,2-1,2.0,1.0,0.623264,1.0,0.0,1-0,0.844451,0.224066,1.0,0-1,0.0,1.0,0.620385,1.0,0.0,1-0,0.821976,0.189597,1.0,0-1,0.0,1.0,0.632379,1.0,0.0,1-0,0.799501,0.155129,1.0,0-1,0.0,1.0,0.644373,1.0,0.0,1-0,0.777026,0.12066,1.0,0-1,0.0,1.0,0.656366,1.0,0.0,1-0,0.754551,0.086191,1.0,0-1,0.0,1.0,0.66836,1.0,0.0,1-0,0.732076,0.051722,1.0,0-1,0.0,1.0,0.680354,1.0,0.0,1-0,0.709601,0.017254,1.0,0-1,0.0,1.0,0.692347,0.0,1.0,0-1,0.704341,0.017215,0.0,1-0,1.0,0.0,0.687126,0.0,1.0,0-1,0.716335,0.048098,0.0,0-0,0.0,0.0,0.668237,0.0,1.0,0-1,0.728328,0.050743,0.0,0-0,0.0,0.0,0.677586,0.0,1.0,0-1,0.740322,0.053388,0.0,0-0,0.0,0.0,0.686935,0.0,1.0,0-1,0.752316,0.056033,0.0,0-0,0.0,0.0,0.696283,0.0,1.0,0-1,0.764309,0.058678,0.0,0-0,0.0,0.0,0.705632,0.0,1.0,0-1,0.776303,0.061323,0.0,0-0,0.0,0.0,0.71498,0.0,1.0,0-1,0.788297,0.063968,0.0,0-0,0.0,0.0,0.724329,0.0,1.0,0-1,0.80029,0.066613,0.0,0-0,0.0,0.0,0.733678,0.0,1.0,0-1,0.812284,0.069258,0.0,0-0,0.0,0.0,0.743026,0.0,1.0,0-1,0.824278,0.071903,0.0,0-0,0.0,0.0,0.752375,0.0,1.0,0-1,0.836271,0.074548,0.0,0-0,0.0,0.0,0.761724,0.0,1.0,0-1,0.848265,0.077193,0.0,0-0,0.0,0.0,0.771072
2006,2006-06-22T21:00:00+01:00,G,43,Japan,Brazil,1,4,0.126642,0.213071,0.660287,0.7597,2.0079,0.055304,0.1709,0.773797,0.113509,away,away,False,0.071338,0.042171,-0.113509,0,2,0-2,1.008985,0.030433,1,2,1-2,0.978552,1,0.0,2.0,0-2,1.183771,0.035705,1.0,1-2,1.0,2.0,1.148066,0.0,2.0,0-2,1.175088,0.035443,1.0,1-2,1.0,2.0,1.139645,0.0,2.0,0-2,1.166406,0.035181,1.0,1-2,1.0,2.0,1.131225,0.0,2.0,0-2,1.157724,0.034919,1.0,1-2,1.0,2.0,1.122804,0.0,2.0,0-2,1.149041,0.034657,1.0,1-2,1.0,2.0,1.114384,0.0,2.0,0-2,1.140359,0.034395,1.0,1-2,1.0,2.0,1.105963,0.0,2.0,0-2,1.131676,0.034134,1.0,1-2,1.0,2.0,1.097543,0.0,2.0,0-2,1.122994,0.033872,1.0,1-2,1.0,2.0,1.089122,0.0,2.0,0-2,1.114311,0.03361,1.0,1-2,1.0,2.0,1.080702,0.0,2.0,0-2,1.105629,0.033348,1.0,1-2,1.0,2.0,1.072281,0.0,2.0,0-2,1.096946,0.033086,1.0,1-2,1.0,2.0,1.06386,0.0,2.0,0-2,1.088264,0.032824,1.0,1-2,1.0,2.0,1.05544,0.0,2.0,0-2,1.079582,0.032562,1.0,1-2,1.0,2.0,1.047019,0.0,2.0,0-2,1.070899,0.0323,1.0,1-2,1.0,2.0,1.038599,0.0,2.0,0-2,1.062217,0.032039,1.0,1-2,1.0,2.0,1.030178,0.0,2.0,0-2,1.053534,0.031777,1.0,1-2,1.0,2.0,1.021758,0.0,2.0,0-2,1.044852,0.031515,1.0,1-2,1.0,2.0,1.013337,0.0,2.0,0-2,1.036169,0.031253,1.0,1-2,1.0,2.0,1.004917,0.0,2.0,0-2,1.027487,0.030991,1.0,1-2,1.0,2.0,0.996496,0.0,2.0,0-2,1.018805,0.030729,1.0,1-2,1.0,2.0,0.988075,0.0,2.0,0-2,1.010122,0.030467,1.0,1-2,1.0,2.0,0.979655
2006,2006-06-22T21:00:00+01:00,G,44,Croatia,Australia,2,2,0.431344,0.302551,0.266105,1.2543,0.9256,0.40652,0.281977,0.311503,0.045397,home,home,False,0.024823,0.020574,-0.045397,1,0,1-0,0.700061,0.008562,2,0,2-0,0.691498,0,1.0,0.0,1-0,0.65981,0.00807,0.0,2-0,2.0,0.0,0.65174,1.0,0.0,1-0,0.661825,0.008095,0.0,2-0,2.0,0.0,0.65373,1.0,0.0,1-0,0.663839,0.008119,0.0,2-0,2.0,0.0,0.65572,1.0,0.0,1-0,0.665854,0.008144,0.0,2-0,2.0,0.0,0.65771,1.0,0.0,1-0,0.667868,0.008169,0.0,2-0,2.0,0.0,0.659699,1.0,0.0,1-0,0.669883,0.008193,0.0,2-0,2.0,0.0,0.661689,1.0,0.0,1-0,0.671897,0.008218,0.0,2-0,2.0,0.0,0.663679,1.0,0.0,1-0,0.673912,0.008243,0.0,2-0,2.0,0.0,0.665669,1.0,0.0,1-0,0.675926,0.008267,0.0,2-0,2.0,0.0,0.667659,1.0,0.0,1-0,0.677941,0.008292,0.0,2-0,2.0,0.0,0.669649,1.0,0.0,1-0,0.679955,0.008317,0.0,2-0,2.0,0.0,0.671639,1.0,0.0,1-0,0.68197,0.008341,0.0,2-0,2.0,0.0,0.673628,1.0,0.0,1-0,0.683984,0.008366,0.0,2-0,2.0,0.0,0.675618,1.0,0.0,1-0,0.685999,0.00839,0.0,2-0,2.0,0.0,0.677608,1.0,0.0,1-0,0.688013,0.008415,0.0,2-0,2.0,0.0,0.679598,1.0,0.0,1-0,0.690028,0.00844,0.0,2-0,2.0,0.0,0.681588,1.0,0.0,1-0,0.692042,0.008464,0.0,2-0,2.0,0.0,0.683578,1.0,0.0,1-0,0.694057,0.008489,0.0,2-0,2.0,0.0,0.685568,1.0,0.0,1-0,0.696071,0.008514,0.0,2-0,2.0,0.0,0.687557,1.0,0.0,1-0,0.698086,0.008538,0.0,2-0,2.0,0.0,0.689547,1.0,0.0,1-0,0.7001,0.008563,0.0,2-0,2.0,0.0,0.691537
2006,2006-06-23T21:00:00+01:00,G,45,Togo,France,0,2,0.046396,0.149172,0.804432,0.4137,2.3421,0.058127,0.126861,0.815011,0.022311,away,away,False,-0.011732,0.022311,-0.010579,0,2,0-2,1.222861,0.080626,0,3,0-3,1.142236,3,0.0,2.0,0-2,1.24253,0.081922,3.0,0-3,0.0,3.0,1.160607,0.0,2.0,0-2,1.241723,0.081869,3.0,0-3,0.0,3.0,1.159854,0.0,2.0,0-2,1.240917,0.081816,3.0,0-3,0.0,3.0,1.159101,0.0,2.0,0-2,1.24011,0.081763,3.0,0-3,0.0,3.0,1.158347,0.0,2.0,0-2,1.239304,0.08171,3.0,0-3,0.0,3.0,1.157594,0.0,2.0,0-2,1.238498,0.081657,3.0,0-3,0.0,3.0,1.156841,0.0,2.0,0-2,1.237691,0.081603,3.0,0-3,0.0,3.0,1.156088,0.0,2.0,0-2,1.236885,0.08155,3.0,0-3,0.0,3.0,1.155334,0.0,2.0,0-2,1.236078,0.081497,3.0,0-3,0.0,3.0,1.154581,0.0,2.0,0-2,1.235272,0.081444,3.0,0-3,0.0,3.0,1.153828,0.0,2.0,0-2,1.234465,0.081391,3.0,0-3,0.0,3.0,1.153075,0.0,2.0,0-2,1.233659,0.081338,3.0,0-3,0.0,3.0,1.152321,0.0,2.0,0-2,1.232853,0.081284,3.0,0-3,0.0,3.0,1.151568,0.0,2.0,0-2,1.232046,0.081231,3.0,0-3,0.0,3.0,1.150815,0.0,2.0,0-2,1.23124,0.081178,3.0,0-3,0.0,3.0,1.150062,0.0,2.0,0-2,1.230433,0.081125,3.0,0-3,0.0,3.0,1.149308,0.0,2.0,0-2,1.229627,0.081072,3.0,0-3,0.0,3.0,1.148555,0.0,2.0,0-2,1.228821,0.081019,3.0,0-3,0.0,3.0,1.147802,0.0,2.0,0-2,1.228014,0.080965,3.0,0-3,0.0,3.0,1.147049,0.0,2.0,0-2,1.227208,0.080912,3.0,0-3,0.0,3.0,1.146295,0.0,2.0,0-2,1.226401,0.080859,3.0,0-3,0.0,3.0,1.145542
2006,2006-06-23T21:00:00+01:00,G,46,Switzerland,South Korea,2,0,0.425608,0.302014,0.272378,1.251,0.9454,0.441936,0.357679,0.200385,0.071993,home,home,False,-0.016328,-0.055665,0.071993,1,0,1-0,0.688926,0.007049,2,0,2-0,0.681877,1,1.0,0.0,1-0,0.715396,0.007319,1.0,2-0,2.0,0.0,0.708076,1.0,0.0,1-0,0.714074,0.007306,1.0,2-0,2.0,0.0,0.706768,1.0,0.0,1-0,0.712753,0.007292,1.0,2-0,2.0,0.0,0.70546,1.0,0.0,1-0,0.711431,0.007279,1.0,2-0,2.0,0.0,0.704152,1.0,0.0,1-0,0.71011,0.007265,1.0,2-0,2.0,0.0,0.702844,1.0,0.0,1-0,0.708788,0.007252,1.0,2-0,2.0,0.0,0.701536,1.0,0.0,1-0,0.707467,0.007238,1.0,2-0,2.0,0.0,0.700228,1.0,0.0,1-0,0.706145,0.007225,1.0,2-0,2.0,0.0,0.69892,1.0,0.0,1-0,0.704823,0.007211,1.0,2-0,2.0,0.0,0.697612,1.0,0.0,1-0,0.703502,0.007198,1.0,2-0,2.0,0.0,0.696304,1.0,0.0,1-0,0.70218,0.007184,1.0,2-0,2.0,0.0,0.694996,1.0,0.0,1-0,0.700859,0.007171,1.0,2-0,2.0,0.0,0.693688,1.0,0.0,1-0,0.699537,0.007157,1.0,2-0,2.0,0.0,0.69238,1.0,0.0,1-0,0.698216,0.007144,1.0,2-0,2.0,0.0,0.691072,1.0,0.0,1-0,0.696894,0.00713,1.0,2-0,2.0,0.0,0.689764,1.0,0.0,1-0,0.695572,0.007117,1.0,2-0,2.0,0.0,0.688456,1.0,0.0,1-0,0.694251,0.007103,1.0,2-0,2.0,0.0,0.687148,1.0,0.0,1-0,0.692929,0.00709,1.0,2-0,2.0,0.0,0.68584,1.0,0.0,1-0,0.691608,0.007076,1.0,2-0,2.0,0.0,0.684532,1.0,0.0,1-0,0.690286,0.007063,1.0,2-0,2.0,0.0,0.683224,1.0,0.0,1-0,0.688965,0.007049,1.0,2-0,2.0,0.0,0.681916
2006,2006-06-23T16:00:00+01:00,G,47,Saudi Arabia,Spain,0,1,0.050489,0.136572,0.812938,0.5154,2.5754,0.047481,0.132127,0.820392,0.007454,away,away,False,0.003009,0.004445,-0.007454,0,2,0-2,1.188113,0.036494,0,3,0-3,1.151619,1,0.0,2.0,0-2,1.205091,0.037016,1.0,0-3,0.0,3.0,1.168075,0.0,2.0,0-2,1.204543,0.036999,1.0,0-3,0.0,3.0,1.167545,0.0,2.0,0-2,1.203996,0.036982,1.0,0-3,0.0,3.0,1.167014,0.0,2.0,0-2,1.203448,0.036965,1.0,0-3,0.0,3.0,1.166483,0.0,2.0,0-2,1.202901,0.036948,1.0,0-3,0.0,3.0,1.165953,0.0,2.0,0-2,1.202353,0.036931,1.0,0-3,0.0,3.0,1.165422,0.0,2.0,0-2,1.201806,0.036915,1.0,0-3,0.0,3.0,1.164891,0.0,2.0,0-2,1.201259,0.036898,1.0,0-3,0.0,3.0,1.164361,0.0,2.0,0-2,1.200711,0.036881,1.0,0-3,0.0,3.0,1.16383,0.0,2.0,0-2,1.200164,0.036864,1.0,0-3,0.0,3.0,1.163299,0.0,2.0,0-2,1.199616,0.036847,1.0,0-3,0.0,3.0,1.162769,0.0,2.0,0-2,1.199069,0.036831,1.0,0-3,0.0,3.0,1.162238,0.0,2.0,0-2,1.198521,0.036814,1.0,0-3,0.0,3.0,1.161707,0.0,2.0,0-2,1.197974,0.036797,1.0,0-3,0.0,3.0,1.161177,0.0,2.0,0-2,1.197426,0.03678,1.0,0-3,0.0,3.0,1.160646,0.0,2.0,0-2,1.196879,0.036763,1.0,0-3,0.0,3.0,1.160116,0.0,2.0,0-2,1.196331,0.036746,1.0,0-3,0.0,3.0,1.159585,0.0,2.0,0-2,1.195784,0.03673,1.0,0-3,0.0,3.0,1.159054,0.0,2.0,0-2,1.195236,0.036713,1.0,0-3,0.0,3.0,1.158524,0.0,2.0,0-2,1.194689,0.036696,1.0,0-3,0.0,3.0,1.157993,0.0,2.0,0-2,1.194142,0.036679,1.0,0-3,0.0,3.0,1.157462
2006,2006-06-23T16:00:00+01:00,G,48,Ukraine,Tunisia,1,0,0.364284,0.348611,0.287105,0.9435,0.8038,0.579465,0.282061,0.138474,0.215181,home,home,False,-0.215181,0.06655,0.148631,0,0,0-0,0.712043,0.03392,1,0,1-0,0.678123,0,1.0,0.0,1-0,1.078697,0.153333,3.0,2-0,2.0,0.0,0.925364,1.0,0.0,1-0,1.058668,0.150486,3.0,2-0,2.0,0.0,0.908183,1.0,0.0,1-0,1.03864,0.147639,3.0,2-0,2.0,0.0,0.891001,1.0,0.0,1-0,1.018612,0.144792,3.0,2-0,2.0,0.0,0.87382,1.0,0.0,1-0,0.998583,0.141945,3.0,2-0,2.0,0.0,0.856639,1.0,0.0,1-0,0.978555,0.139098,3.0,2-0,2.0,0.0,0.839457,1.0,0.0,1-0,0.958527,0.136251,3.0,2-0,2.0,0.0,0.822276,1.0,0.0,1-0,0.938498,0.133404,3.0,2-0,2.0,0.0,0.805094,1.0,0.0,1-0,0.91847,0.130557,3.0,2-0,2.0,0.0,0.787913,1.0,0.0,1-0,0.898441,0.12771,3.0,2-0,2.0,0.0,0.770731,1.0,0.0,1-0,0.878413,0.124863,3.0,2-0,2.0,0.0,0.75355,1.0,0.0,1-0,0.858385,0.122016,3.0,2-0,2.0,0.0,0.736369,1.0,0.0,1-0,0.838356,0.119169,3.0,2-0,2.0,0.0,0.719187,1.0,0.0,1-0,0.818328,0.116322,3.0,2-0,2.0,0.0,0.702006,1.0,0.0,1-0,0.7983,0.113475,3.0,2-0,2.0,0.0,0.684824,1.0,0.0,1-0,0.778271,0.100204,3.0,0-0,0.0,0.0,0.678067,1.0,0.0,1-0,0.758243,0.073379,3.0,0-0,0.0,0.0,0.684864,1.0,0.0,1-0,0.738214,0.046554,3.0,0-0,0.0,0.0,0.69166,1.0,0.0,1-0,0.718186,0.019729,3.0,0-0,0.0,0.0,0.698457,0.0,0.0,0-0,0.705253,0.007096,0.0,1-0,1.0,0.0,0.698158,0.0,0.0,0-0,0.71205,0.03392,0.0,1-0,1.0,0.0,0.678129
2006,2006-06-24T17:00:00+01:00,8,49,Germany,Sweden,2,0,0.34601,0.273211,0.380779,1.301,1.3762,0.551399,0.281832,0.166769,0.21401,away,home,True,-0.205389,-0.008621,0.21401,1,2,1-2,0.615244,0.019598,0,2,0-2,0.595646,0,2.0,1.0,2-1,0.8994,0.034892,2.0,2-0,2.0,0.0,0.864508,2.0,1.0,2-1,0.88265,0.034242,2.0,2-0,2.0,0.0,0.848407,2.0,1.0,2-1,0.865899,0.033592,2.0,2-0,2.0,0.0,0.832306,2.0,1.0,2-1,0.849148,0.032943,2.0,2-0,2.0,0.0,0.816205,2.0,1.0,2-1,0.832397,0.032293,2.0,2-0,2.0,0.0,0.800105,2.0,1.0,2-1,0.815647,0.031643,2.0,2-0,2.0,0.0,0.784004,2.0,1.0,2-1,0.798896,0.030993,2.0,2-0,2.0,0.0,0.767903,2.0,1.0,2-1,0.782145,0.030343,2.0,2-0,2.0,0.0,0.751802,2.0,1.0,2-1,0.765394,0.029693,2.0,2-0,2.0,0.0,0.735701,2.0,1.0,2-1,0.748644,0.029044,2.0,2-0,2.0,0.0,0.7196,2.0,1.0,2-1,0.731893,0.028394,2.0,2-0,2.0,0.0,0.703499,2.0,1.0,2-1,0.715142,0.027744,2.0,2-0,2.0,0.0,0.687398,2.0,1.0,2-1,0.698391,0.027094,2.0,2-0,2.0,0.0,0.671297,2.0,1.0,2-1,0.681641,0.026444,2.0,2-0,2.0,0.0,0.655196,2.0,1.0,2-1,0.66489,0.025794,2.0,2-0,2.0,0.0,0.639095,2.0,1.0,2-1,0.648139,0.025144,2.0,2-0,2.0,0.0,0.622995,2.0,1.0,2-1,0.631388,0.024495,2.0,2-0,2.0,0.0,0.606894,2.0,1.0,2-1,0.614637,0.023845,2.0,2-0,2.0,0.0,0.590793,2.0,1.0,2-1,0.597887,0.017129,2.0,1-2,1.0,2.0,0.580758,1.0,2.0,1-2,0.59805,0.016914,0.0,2-1,2.0,1.0,0.581136,1.0,2.0,1-2,0.615342,0.019602,0.0,0-2,0.0,2.0,0.595741
2006,2006-06-24T21:00:00+01:00,8,50,Argentina,Mexico,2,1,0.487155,0.269453,0.243392,1.54,1.0172,0.67957,0.231909,0.08852,0.192416,home,home,False,-0.192416,0.037544,0.154872,2,1,2-1,0.765994,0.001577,2,0,2-0,0.764417,3,2.0,1.0,2-1,1.068774,0.002201,3.0,2-0,2.0,0.0,1.066573,2.0,1.0,2-1,1.053643,0.00217,3.0,2-0,2.0,0.0,1.051473,2.0,1.0,2-1,1.038512,0.002139,3.0,2-0,2.0,0.0,1.036373,2.0,1.0,2-1,1.023381,0.002107,3.0,2-0,2.0,0.0,1.021274,2.0,1.0,2-1,1.00825,0.002076,3.0,2-0,2.0,0.0,1.006174,2.0,1.0,2-1,0.99312,0.002045,3.0,2-0,2.0,0.0,0.991074,2.0,1.0,2-1,0.977989,0.002014,3.0,2-0,2.0,0.0,0.975975,2.0,1.0,2-1,0.962858,0.001983,3.0,2-0,2.0,0.0,0.960875,2.0,1.0,2-1,0.947727,0.001952,3.0,2-0,2.0,0.0,0.945776,2.0,1.0,2-1,0.932596,0.00192,3.0,2-0,2.0,0.0,0.930676,2.0,1.0,2-1,0.917466,0.001889,3.0,2-0,2.0,0.0,0.915576,2.0,1.0,2-1,0.902335,0.001858,3.0,2-0,2.0,0.0,0.900477,2.0,1.0,2-1,0.887204,0.001827,3.0,2-0,2.0,0.0,0.885377,2.0,1.0,2-1,0.872073,0.001796,3.0,2-0,2.0,0.0,0.870277,2.0,1.0,2-1,0.856942,0.001765,3.0,2-0,2.0,0.0,0.855178,2.0,1.0,2-1,0.841812,0.001734,3.0,2-0,2.0,0.0,0.840078,2.0,1.0,2-1,0.826681,0.001702,3.0,2-0,2.0,0.0,0.824979,2.0,1.0,2-1,0.81155,0.001671,3.0,2-0,2.0,0.0,0.809879,2.0,1.0,2-1,0.796419,0.00164,3.0,2-0,2.0,0.0,0.794779,2.0,1.0,2-1,0.781289,0.001609,3.0,2-0,2.0,0.0,0.77968,2.0,1.0,2-1,0.766158,0.001578,3.0,2-0,2.0,0.0,0.76458
2006,2006-06-25T17:00:00+01:00,8,51,England,Ecuador,1,0,0.607629,0.248066,0.144305,1.6967,0.6988,0.620702,0.240596,0.138702,0.013073,home,home,False,-0.013073,0.00747,0.005604,2,0,2-0,0.961385,0.039501,2,1,2-1,0.921883,1,2.0,0.0,2-0,0.982446,0.040367,1.0,2-1,2.0,1.0,0.942079,2.0,0.0,2-0,0.981412,0.040324,1.0,2-1,2.0,1.0,0.941087,2.0,0.0,2-0,0.980377,0.040282,1.0,2-1,2.0,1.0,0.940095,2.0,0.0,2-0,0.979342,0.040239,1.0,2-1,2.0,1.0,0.939103,2.0,0.0,2-0,0.978308,0.040197,1.0,2-1,2.0,1.0,0.938111,2.0,0.0,2-0,0.977273,0.040154,1.0,2-1,2.0,1.0,0.937119,2.0,0.0,2-0,0.976238,0.040112,1.0,2-1,2.0,1.0,0.936127,2.0,0.0,2-0,0.975204,0.040069,1.0,2-1,2.0,1.0,0.935135,2.0,0.0,2-0,0.974169,0.040027,1.0,2-1,2.0,1.0,0.934142,2.0,0.0,2-0,0.973135,0.039984,1.0,2-1,2.0,1.0,0.93315,2.0,0.0,2-0,0.9721,0.039942,1.0,2-1,2.0,1.0,0.932158,2.0,0.0,2-0,0.971065,0.039899,1.0,2-1,2.0,1.0,0.931166,2.0,0.0,2-0,0.970031,0.039857,1.0,2-1,2.0,1.0,0.930174,2.0,0.0,2-0,0.968996,0.039814,1.0,2-1,2.0,1.0,0.929182,2.0,0.0,2-0,0.967962,0.039772,1.0,2-1,2.0,1.0,0.92819,2.0,0.0,2-0,0.966927,0.039729,1.0,2-1,2.0,1.0,0.927198,2.0,0.0,2-0,0.965892,0.039687,1.0,2-1,2.0,1.0,0.926206,2.0,0.0,2-0,0.964858,0.039644,1.0,2-1,2.0,1.0,0.925213,2.0,0.0,2-0,0.963823,0.039602,1.0,2-1,2.0,1.0,0.924221,2.0,0.0,2-0,0.962788,0.039559,1.0,2-1,2.0,1.0,0.923229,2.0,0.0,2-0,0.961754,0.039517,1.0,2-1,2.0,1.0,0.922237
2006,2006-06-25T21:00:00+01:00,8,52,Portugal,Netherlands,1,0,0.295573,0.306027,0.3984,0.9877,1.1916,0.29327,0.309106,0.397623,0.00308,away,away,False,0.002303,-0.00308,0.000776,0,1,0-1,0.652902,0.014577,0,2,0-2,0.638325,0,0.0,1.0,0-1,0.651659,0.014549,0.0,0-2,0.0,2.0,0.637109,0.0,1.0,0-1,0.651722,0.014551,0.0,0-2,0.0,2.0,0.637171,0.0,1.0,0-1,0.651786,0.014552,0.0,0-2,0.0,2.0,0.637234,0.0,1.0,0-1,0.651849,0.014554,0.0,0-2,0.0,2.0,0.637296,0.0,1.0,0-1,0.651913,0.014555,0.0,0-2,0.0,2.0,0.637358,0.0,1.0,0-1,0.651977,0.014556,0.0,0-2,0.0,2.0,0.63742,0.0,1.0,0-1,0.65204,0.014558,0.0,0-2,0.0,2.0,0.637482,0.0,1.0,0-1,0.652104,0.014559,0.0,0-2,0.0,2.0,0.637545,0.0,1.0,0-1,0.652168,0.014561,0.0,0-2,0.0,2.0,0.637607,0.0,1.0,0-1,0.652231,0.014562,0.0,0-2,0.0,2.0,0.637669,0.0,1.0,0-1,0.652295,0.014564,0.0,0-2,0.0,2.0,0.637731,0.0,1.0,0-1,0.652358,0.014565,0.0,0-2,0.0,2.0,0.637793,0.0,1.0,0-1,0.652422,0.014566,0.0,0-2,0.0,2.0,0.637856,0.0,1.0,0-1,0.652486,0.014568,0.0,0-2,0.0,2.0,0.637918,0.0,1.0,0-1,0.652549,0.014569,0.0,0-2,0.0,2.0,0.63798,0.0,1.0,0-1,0.652613,0.014571,0.0,0-2,0.0,2.0,0.638042,0.0,1.0,0-1,0.652677,0.014572,0.0,0-2,0.0,2.0,0.638104,0.0,1.0,0-1,0.65274,0.014573,0.0,0-2,0.0,2.0,0.638167,0.0,1.0,0-1,0.652804,0.014575,0.0,0-2,0.0,2.0,0.638229,0.0,1.0,0-1,0.652867,0.014576,0.0,0-2,0.0,2.0,0.638291,0.0,1.0,0-1,0.652931,0.014578,0.0,0-2,0.0,2.0,0.638353
2006,2006-06-26T17:00:00+01:00,8,53,Italy,Australia,1,0,0.517997,0.297368,0.184635,1.3421,0.6881,0.610787,0.267523,0.121689,0.09279,home,home,False,-0.09279,0.029844,0.062946,1,0,1-0,0.856695,0.020855,2,0,2-0,0.835839,3,1.0,0.0,1-0,1.010238,0.024593,3.0,2-0,2.0,0.0,0.985645,1.0,0.0,1-0,1.002565,0.024407,3.0,2-0,2.0,0.0,0.978158,1.0,0.0,1-0,0.994891,0.02422,3.0,2-0,2.0,0.0,0.970671,1.0,0.0,1-0,0.987217,0.024033,3.0,2-0,2.0,0.0,0.963184,1.0,0.0,1-0,0.979544,0.023846,3.0,2-0,2.0,0.0,0.955697,1.0,0.0,1-0,0.97187,0.023659,3.0,2-0,2.0,0.0,0.948211,1.0,0.0,1-0,0.964196,0.023472,3.0,2-0,2.0,0.0,0.940724,1.0,0.0,1-0,0.956522,0.023286,3.0,2-0,2.0,0.0,0.933237,1.0,0.0,1-0,0.948849,0.023099,3.0,2-0,2.0,0.0,0.92575,1.0,0.0,1-0,0.941175,0.022912,3.0,2-0,2.0,0.0,0.918263,1.0,0.0,1-0,0.933501,0.022725,3.0,2-0,2.0,0.0,0.910776,1.0,0.0,1-0,0.925827,0.022538,3.0,2-0,2.0,0.0,0.903289,1.0,0.0,1-0,0.918154,0.022352,3.0,2-0,2.0,0.0,0.895802,1.0,0.0,1-0,0.91048,0.022165,3.0,2-0,2.0,0.0,0.888315,1.0,0.0,1-0,0.902806,0.021978,3.0,2-0,2.0,0.0,0.880828,1.0,0.0,1-0,0.895133,0.021791,3.0,2-0,2.0,0.0,0.873341,1.0,0.0,1-0,0.887459,0.021604,3.0,2-0,2.0,0.0,0.865854,1.0,0.0,1-0,0.879785,0.021418,3.0,2-0,2.0,0.0,0.858368,1.0,0.0,1-0,0.872111,0.021231,3.0,2-0,2.0,0.0,0.850881,1.0,0.0,1-0,0.864438,0.021044,3.0,2-0,2.0,0.0,0.843394,1.0,0.0,1-0,0.856764,0.020857,3.0,2-0,2.0,0.0,0.835907
2006,2006-06-26T21:00:00+01:00,8,54,Switzerland,Ukraine,0,0,0.290043,0.333128,0.376829,0.8629,1.025,0.388707,0.328479,0.282815,0.098664,away,home,True,-0.098664,0.004649,0.094015,0,1,0-1,0.672011,0.020966,0,0,0-0,0.651044,0,1.0,0.0,1-0,0.71855,0.076582,0.0,0-0,0.0,0.0,0.641968,1.0,0.0,1-0,0.709431,0.067009,0.0,0-0,0.0,0.0,0.642423,1.0,0.0,1-0,0.700312,0.057435,0.0,0-0,0.0,0.0,0.642877,1.0,0.0,1-0,0.691192,0.047861,0.0,0-0,0.0,0.0,0.643331,1.0,0.0,1-0,0.682073,0.038288,0.0,0-0,0.0,0.0,0.643786,1.0,0.0,1-0,0.672954,0.028714,0.0,0-0,0.0,0.0,0.64424,1.0,0.0,1-0,0.663834,0.01914,0.0,0-0,0.0,0.0,0.644694,1.0,0.0,1-0,0.654715,0.009567,0.0,0-0,0.0,0.0,0.645149,0.0,0.0,0-0,0.645603,7e-06,3.0,1-0,1.0,0.0,0.645596,0.0,0.0,0-0,0.646057,0.009581,3.0,1-0,1.0,0.0,0.636476,0.0,0.0,0-0,0.646511,0.019154,3.0,1-0,1.0,0.0,0.627357,0.0,0.0,0-0,0.646966,0.028728,3.0,1-0,1.0,0.0,0.618238,0.0,0.0,0-0,0.64742,0.034775,3.0,1-1,1.0,1.0,0.612646,0.0,0.0,0-0,0.647874,0.034535,3.0,0-1,0.0,1.0,0.61334,0.0,0.0,0-0,0.648329,0.026606,3.0,0-1,0.0,1.0,0.621723,0.0,0.0,0-0,0.648783,0.018677,3.0,0-1,0.0,1.0,0.630106,0.0,0.0,0-0,0.649237,0.010748,3.0,0-1,0.0,1.0,0.638489,0.0,0.0,0-0,0.649692,0.00282,3.0,0-1,0.0,1.0,0.646872,0.0,1.0,0-1,0.655255,0.005109,0.0,0-0,0.0,0.0,0.650146,0.0,1.0,0-1,0.663638,0.013038,0.0,0-0,0.0,0.0,0.6506,0.0,1.0,0-1,0.672021,0.020967,0.0,0-0,0.0,0.0,0.651055
2006,2006-06-27T17:00:00+01:00,8,55,Brazil,Ghana,3,0,0.742131,0.18247,0.075399,2.1455,0.5397,0.748885,0.179223,0.071891,0.006754,home,home,False,-0.006754,0.003246,0.003508,2,0,2-0,1.139561,0.072252,2,1,2-1,1.067309,1,2.0,0.0,2-0,1.151886,0.073034,1.0,2-1,2.0,1.0,1.078852,2.0,0.0,2-0,1.151366,0.073001,1.0,2-1,2.0,1.0,1.078366,2.0,0.0,2-0,1.150847,0.072968,1.0,2-1,2.0,1.0,1.077879,2.0,0.0,2-0,1.150327,0.072935,1.0,2-1,2.0,1.0,1.077393,2.0,0.0,2-0,1.149808,0.072902,1.0,2-1,2.0,1.0,1.076906,2.0,0.0,2-0,1.149288,0.072869,1.0,2-1,2.0,1.0,1.07642,2.0,0.0,2-0,1.148769,0.072836,1.0,2-1,2.0,1.0,1.075933,2.0,0.0,2-0,1.14825,0.072803,1.0,2-1,2.0,1.0,1.075446,2.0,0.0,2-0,1.14773,0.07277,1.0,2-1,2.0,1.0,1.07496,2.0,0.0,2-0,1.147211,0.072737,1.0,2-1,2.0,1.0,1.074473,2.0,0.0,2-0,1.146691,0.072704,1.0,2-1,2.0,1.0,1.073987,2.0,0.0,2-0,1.146172,0.072671,1.0,2-1,2.0,1.0,1.0735,2.0,0.0,2-0,1.145652,0.072638,1.0,2-1,2.0,1.0,1.073014,2.0,0.0,2-0,1.145133,0.072605,1.0,2-1,2.0,1.0,1.072527,2.0,0.0,2-0,1.144613,0.072573,1.0,2-1,2.0,1.0,1.072041,2.0,0.0,2-0,1.144094,0.07254,1.0,2-1,2.0,1.0,1.071554,2.0,0.0,2-0,1.143574,0.072507,1.0,2-1,2.0,1.0,1.071068,2.0,0.0,2-0,1.143055,0.072474,1.0,2-1,2.0,1.0,1.070581,2.0,0.0,2-0,1.142536,0.072441,1.0,2-1,2.0,1.0,1.070095,2.0,0.0,2-0,1.142016,0.072408,1.0,2-1,2.0,1.0,1.069608,2.0,0.0,2-0,1.141497,0.072375,1.0,2-1,2.0,1.0,1.069122
2006,2006-06-27T21:00:00+01:00,8,56,Spain,France,1,3,0.287818,0.337742,0.37444,0.8416,1.0018,0.404036,0.311891,0.284073,0.116218,away,home,True,-0.116218,0.025851,0.090367,0,1,0-1,0.676471,0.00706,0,0,0-0,0.669411,1,1.0,0.0,1-0,0.756838,0.116462,0.0,2-1,2.0,1.0,0.640376,1.0,0.0,1-0,0.745953,0.114787,0.0,2-1,2.0,1.0,0.631166,1.0,0.0,1-0,0.735068,0.111761,0.0,0-0,0.0,0.0,0.623307,1.0,0.0,1-0,0.724183,0.098315,0.0,0-0,0.0,0.0,0.625868,1.0,0.0,1-0,0.713298,0.084868,0.0,0-0,0.0,0.0,0.62843,1.0,0.0,1-0,0.702413,0.071421,0.0,0-0,0.0,0.0,0.630992,1.0,0.0,1-0,0.691528,0.057974,0.0,0-0,0.0,0.0,0.633554,1.0,0.0,1-0,0.680643,0.044527,0.0,0-0,0.0,0.0,0.636116,1.0,0.0,1-0,0.669758,0.03108,0.0,0-0,0.0,0.0,0.638678,1.0,0.0,1-0,0.658873,0.017634,0.0,0-0,0.0,0.0,0.64124,1.0,0.0,1-0,0.647988,0.004187,0.0,0-0,0.0,0.0,0.643802,0.0,0.0,0-0,0.646363,0.00926,0.0,1-0,1.0,0.0,0.637103,0.0,0.0,0-0,0.648925,0.022707,0.0,1-0,1.0,0.0,0.626218,0.0,0.0,0-0,0.651487,0.032149,0.0,0-1,0.0,1.0,0.619339,0.0,0.0,0-0,0.654049,0.026547,0.0,0-1,0.0,1.0,0.627502,0.0,0.0,0-0,0.656611,0.020946,0.0,0-1,0.0,1.0,0.635665,0.0,0.0,0-0,0.659173,0.015345,0.0,0-1,0.0,1.0,0.643828,0.0,0.0,0-0,0.661735,0.009744,0.0,0-1,0.0,1.0,0.651991,0.0,0.0,0-0,0.664296,0.004142,0.0,0-1,0.0,1.0,0.660154,0.0,1.0,0-1,0.668317,0.001459,1.0,0-0,0.0,0.0,0.666858,0.0,1.0,0-1,0.67648,0.00706,1.0,0-0,0.0,0.0,0.66942
2006,2006-06-30T17:00:00+01:00,4,57,Germany,Argentina,1,1,0.307815,0.242947,0.449238,1.4316,1.7645,0.351849,0.321013,0.327139,0.122099,away,home,True,-0.044033,-0.078066,0.122099,1,2,1-2,0.695057,0.027496,0,2,0-2,0.667561,0,1.0,1.0,1-1,0.609816,0.040744,3.0,2-1,2.0,1.0,0.569072,1.0,1.0,1-1,0.602401,0.03689,3.0,2-1,2.0,1.0,0.565511,1.0,1.0,1-1,0.594986,0.033036,3.0,2-1,2.0,1.0,0.56195,1.0,1.0,1-1,0.587571,0.029182,3.0,2-1,2.0,1.0,0.558389,1.0,1.0,1-1,0.580156,0.025328,3.0,2-1,2.0,1.0,0.554829,1.0,1.0,1-1,0.572741,0.019025,3.0,1-2,1.0,2.0,0.553716,1.0,1.0,1-1,0.565326,0.002159,3.0,1-2,1.0,2.0,0.563167,1.0,2.0,1-2,0.572619,0.014707,0.0,1-1,1.0,1.0,0.557911,1.0,2.0,1-2,0.58207,0.023026,0.0,0-2,0.0,2.0,0.559044,1.0,2.0,1-2,0.591521,0.0234,0.0,0-2,0.0,2.0,0.568121,1.0,2.0,1-2,0.600973,0.023774,0.0,0-2,0.0,2.0,0.577199,1.0,2.0,1-2,0.610424,0.024148,0.0,0-2,0.0,2.0,0.586276,1.0,2.0,1-2,0.619875,0.024522,0.0,0-2,0.0,2.0,0.595354,1.0,2.0,1-2,0.629327,0.024896,0.0,0-2,0.0,2.0,0.604431,1.0,2.0,1-2,0.638778,0.025269,0.0,0-2,0.0,2.0,0.613509,1.0,2.0,1-2,0.648229,0.025643,0.0,0-2,0.0,2.0,0.622586,1.0,2.0,1-2,0.657681,0.026017,0.0,0-2,0.0,2.0,0.631664,1.0,2.0,1-2,0.667132,0.026391,0.0,0-2,0.0,2.0,0.640741,1.0,2.0,1-2,0.676583,0.026765,0.0,0-2,0.0,2.0,0.649819,1.0,2.0,1-2,0.686035,0.027139,0.0,0-2,0.0,2.0,0.658896,1.0,2.0,1-2,0.695486,0.027513,0.0,0-2,0.0,2.0,0.667973
2006,2006-06-30T21:00:00+01:00,4,58,Italy,Ukraine,3,0,0.435688,0.36425,0.200061,0.9704,0.5617,0.594026,0.283894,0.12208,0.158337,home,home,False,-0.158337,0.080356,0.077981,1,0,1-0,0.841743,0.03199,0,0,0-0,0.809753,1,1.0,0.0,1-0,1.147658,0.198279,1.0,2-0,2.0,0.0,0.949379,1.0,0.0,1-0,1.132363,0.195637,1.0,2-0,2.0,0.0,0.936726,1.0,0.0,1-0,1.117067,0.192994,1.0,2-0,2.0,0.0,0.924073,1.0,0.0,1-0,1.101772,0.190352,1.0,2-0,2.0,0.0,0.91142,1.0,0.0,1-0,1.086477,0.187709,1.0,2-0,2.0,0.0,0.898767,1.0,0.0,1-0,1.071181,0.185066,1.0,2-0,2.0,0.0,0.886115,1.0,0.0,1-0,1.055886,0.182424,1.0,2-0,2.0,0.0,0.873462,1.0,0.0,1-0,1.04059,0.179781,1.0,2-0,2.0,0.0,0.860809,1.0,0.0,1-0,1.025295,0.177139,1.0,2-0,2.0,0.0,0.848156,1.0,0.0,1-0,1.01,0.174496,1.0,2-0,2.0,0.0,0.835503,1.0,0.0,1-0,0.994704,0.171854,1.0,2-0,2.0,0.0,0.82285,1.0,0.0,1-0,0.979409,0.169211,1.0,2-0,2.0,0.0,0.810198,1.0,0.0,1-0,0.964113,0.166569,1.0,2-0,2.0,0.0,0.797545,1.0,0.0,1-0,0.948818,0.163926,1.0,2-0,2.0,0.0,0.784892,1.0,0.0,1-0,0.933522,0.161283,1.0,2-0,2.0,0.0,0.772239,1.0,0.0,1-0,0.918227,0.153127,1.0,0-0,0.0,0.0,0.7651,1.0,0.0,1-0,0.902932,0.1289,1.0,0-0,0.0,0.0,0.774032,1.0,0.0,1-0,0.887636,0.104672,1.0,0-0,0.0,0.0,0.782964,1.0,0.0,1-0,0.872341,0.080445,1.0,0-0,0.0,0.0,0.791896,1.0,0.0,1-0,0.857045,0.056218,1.0,0-0,0.0,0.0,0.800828,1.0,0.0,1-0,0.84175,0.03199,1.0,0-0,0.0,0.0,0.80976
2006,2006-07-01T17:00:00+01:00,4,59,England,Portugal,0,0,0.343696,0.29596,0.360345,1.1512,1.1851,0.432348,0.306356,0.261296,0.099049,away,home,True,-0.088653,-0.010396,0.099049,1,2,1-2,0.584543,0.009863,1,1,1-1,0.57468,0,2.0,1.0,2-1,0.703968,0.010355,0.0,1-0,1.0,0.0,0.693613,2.0,1.0,2-1,0.69675,0.010249,0.0,1-0,1.0,0.0,0.686502,2.0,1.0,2-1,0.689533,0.010142,0.0,1-0,1.0,0.0,0.67939,2.0,1.0,2-1,0.682315,0.010036,0.0,1-0,1.0,0.0,0.672279,2.0,1.0,2-1,0.675098,0.00993,0.0,1-0,1.0,0.0,0.665168,2.0,1.0,2-1,0.667881,0.009824,0.0,1-0,1.0,0.0,0.658057,2.0,1.0,2-1,0.660663,0.009718,0.0,1-0,1.0,0.0,0.650945,2.0,1.0,2-1,0.653446,0.009612,0.0,1-0,1.0,0.0,0.643834,2.0,1.0,2-1,0.646228,0.009505,0.0,1-0,1.0,0.0,0.636723,2.0,1.0,2-1,0.639011,0.009399,0.0,1-0,1.0,0.0,0.629612,2.0,1.0,2-1,0.631794,0.009293,0.0,1-0,1.0,0.0,0.6225,2.0,1.0,2-1,0.624576,0.009187,0.0,1-0,1.0,0.0,0.615389,2.0,1.0,2-1,0.617359,0.009081,0.0,1-0,1.0,0.0,0.608278,2.0,1.0,2-1,0.610141,0.008975,0.0,1-0,1.0,0.0,0.601167,2.0,1.0,2-1,0.602924,0.008868,0.0,1-0,1.0,0.0,0.594055,2.0,1.0,2-1,0.595706,0.008762,0.0,1-0,1.0,0.0,0.586944,2.0,1.0,2-1,0.588489,0.008656,0.0,1-0,1.0,0.0,0.579833,2.0,1.0,2-1,0.581272,0.003528,0.0,1-1,1.0,1.0,0.577744,1.0,1.0,1-1,0.576734,0.00268,1.0,2-1,2.0,1.0,0.574054,1.0,2.0,1-2,0.576545,0.00082,0.0,1-1,1.0,1.0,0.575725,1.0,2.0,1-2,0.584579,0.009863,0.0,1-1,1.0,1.0,0.574715
2006,2006-07-01T21:00:00+01:00,4,60,Brazil,France,0,1,0.344776,0.320466,0.334758,1.0278,1.0085,0.541295,0.297058,0.161647,0.196519,home,home,False,-0.196519,0.023409,0.17311,1,1,1-1,0.606325,0.008598,1,0,1-0,0.597727,0,1.0,0.0,1-0,0.938448,0.07063,0.0,2-1,2.0,1.0,0.867818,1.0,0.0,1-0,0.921413,0.069348,0.0,2-1,2.0,1.0,0.852065,1.0,0.0,1-0,0.904378,0.068066,0.0,2-1,2.0,1.0,0.836312,1.0,0.0,1-0,0.887342,0.066784,0.0,2-1,2.0,1.0,0.820558,1.0,0.0,1-0,0.870307,0.065502,0.0,2-1,2.0,1.0,0.804805,1.0,0.0,1-0,0.853272,0.06422,0.0,2-1,2.0,1.0,0.789052,1.0,0.0,1-0,0.836236,0.062937,0.0,2-1,2.0,1.0,0.773299,1.0,0.0,1-0,0.819201,0.061655,0.0,2-1,2.0,1.0,0.757546,1.0,0.0,1-0,0.802165,0.060373,0.0,2-1,2.0,1.0,0.741792,1.0,0.0,1-0,0.78513,0.059091,0.0,2-1,2.0,1.0,0.726039,1.0,0.0,1-0,0.768095,0.057809,0.0,2-1,2.0,1.0,0.710286,1.0,0.0,1-0,0.751059,0.056527,0.0,2-1,2.0,1.0,0.694533,1.0,0.0,1-0,0.734024,0.055245,0.0,2-1,2.0,1.0,0.678779,1.0,0.0,1-0,0.716989,0.053963,0.0,2-1,2.0,1.0,0.663026,1.0,0.0,1-0,0.699953,0.05268,0.0,2-1,2.0,1.0,0.647273,1.0,0.0,1-0,0.682918,0.051398,0.0,2-1,2.0,1.0,0.63152,1.0,0.0,1-0,0.665883,0.050116,0.0,2-1,2.0,1.0,0.615767,1.0,0.0,1-0,0.648847,0.048834,0.0,2-1,2.0,1.0,0.600013,1.0,0.0,1-0,0.631812,0.029902,0.0,1-1,1.0,1.0,0.60191,1.0,0.0,1-0,0.614777,0.010652,0.0,1-1,1.0,1.0,0.604125,1.0,1.0,1-1,0.606339,0.008598,0.0,1-0,1.0,0.0,0.597741
2006,2006-07-04T21:00:00+01:00,2,61,Germany,Italy,0,2,0.300937,0.292898,0.406165,1.0668,1.2822,0.389966,0.328512,0.281523,0.124643,away,home,True,-0.089028,-0.035614,0.124643,1,2,1-2,0.652045,0.00524,0,2,0-2,0.646805,2,2.0,1.0,2-1,0.640884,0.002859,0.0,1-1,1.0,1.0,0.638025,1.0,1.0,1-1,0.634567,0.000998,0.0,2-1,2.0,1.0,0.633568,1.0,1.0,1-1,0.631108,0.004855,0.0,2-1,2.0,1.0,0.626253,1.0,1.0,1-1,0.62765,0.008712,0.0,2-1,2.0,1.0,0.618937,1.0,1.0,1-1,0.624191,0.01257,0.0,2-1,2.0,1.0,0.611622,1.0,1.0,1-1,0.620733,0.016427,0.0,2-1,2.0,1.0,0.604306,1.0,1.0,1-1,0.617274,0.020284,0.0,2-1,2.0,1.0,0.59699,1.0,1.0,1-1,0.613816,0.024141,0.0,2-1,2.0,1.0,0.589675,1.0,1.0,1-1,0.610358,0.027999,0.0,2-1,2.0,1.0,0.582359,1.0,1.0,1-1,0.606899,0.031856,0.0,2-1,2.0,1.0,0.575043,1.0,1.0,1-1,0.603441,0.035713,0.0,2-1,2.0,1.0,0.567728,1.0,1.0,1-1,0.599982,0.037939,0.0,1-2,1.0,2.0,0.562043,1.0,1.0,1-1,0.596524,0.024475,0.0,1-2,1.0,2.0,0.572049,1.0,1.0,1-1,0.593065,0.011011,0.0,1-2,1.0,2.0,0.582055,1.0,2.0,1-2,0.59206,0.002453,2.0,1-1,1.0,1.0,0.589607,1.0,2.0,1-2,0.602066,0.004838,2.0,0-2,0.0,2.0,0.597228,1.0,2.0,1-2,0.612071,0.004919,2.0,0-2,0.0,2.0,0.607153,1.0,2.0,1-2,0.622077,0.004999,2.0,0-2,0.0,2.0,0.617078,1.0,2.0,1-2,0.632083,0.005079,2.0,0-2,0.0,2.0,0.627003,1.0,2.0,1-2,0.642088,0.00516,2.0,0-2,0.0,2.0,0.636928,1.0,2.0,1-2,0.652094,0.00524,2.0,0-2,0.0,2.0,0.646854
2006,2006-07-05T21:00:00+01:00,2,62,Portugal,France,0,1,0.27841,0.320648,0.400942,0.8828,1.1174,0.235996,0.319514,0.44449,0.043548,away,away,False,0.042415,0.001134,-0.043548,0,1,0-1,0.688214,0.043766,0,2,0-2,0.644449,3,0.0,1.0,0-1,0.762985,0.04852,3.0,0-2,0.0,2.0,0.714464,0.0,1.0,0-1,0.759247,0.048283,3.0,0-2,0.0,2.0,0.710964,0.0,1.0,0-1,0.755509,0.048045,3.0,0-2,0.0,2.0,0.707464,0.0,1.0,0-1,0.751772,0.047807,3.0,0-2,0.0,2.0,0.703964,0.0,1.0,0-1,0.748034,0.04757,3.0,0-2,0.0,2.0,0.700465,0.0,1.0,0-1,0.744297,0.047332,3.0,0-2,0.0,2.0,0.696965,0.0,1.0,0-1,0.740559,0.047094,3.0,0-2,0.0,2.0,0.693465,0.0,1.0,0-1,0.736821,0.046857,3.0,0-2,0.0,2.0,0.689965,0.0,1.0,0-1,0.733084,0.046619,3.0,0-2,0.0,2.0,0.686465,0.0,1.0,0-1,0.729346,0.046381,3.0,0-2,0.0,2.0,0.682965,0.0,1.0,0-1,0.725609,0.046144,3.0,0-2,0.0,2.0,0.679465,0.0,1.0,0-1,0.721871,0.045906,3.0,0-2,0.0,2.0,0.675965,0.0,1.0,0-1,0.718133,0.045668,3.0,0-2,0.0,2.0,0.672465,0.0,1.0,0-1,0.714396,0.04543,3.0,0-2,0.0,2.0,0.668965,0.0,1.0,0-1,0.710658,0.045193,3.0,0-2,0.0,2.0,0.665465,0.0,1.0,0-1,0.706921,0.044955,3.0,0-2,0.0,2.0,0.661965,0.0,1.0,0-1,0.703183,0.044717,3.0,0-2,0.0,2.0,0.658466,0.0,1.0,0-1,0.699445,0.04448,3.0,0-2,0.0,2.0,0.654966,0.0,1.0,0-1,0.695708,0.044242,3.0,0-2,0.0,2.0,0.651466,0.0,1.0,0-1,0.69197,0.044004,3.0,0-2,0.0,2.0,0.647966,0.0,1.0,0-1,0.688233,0.043767,3.0,0-2,0.0,2.0,0.644466
2006,2006-07-08T21:00:00+01:00,1,63,Germany,Portugal,3,1,0.296682,0.254349,0.448969,1.3004,1.6459,0.526558,0.278762,0.19468,0.254289,away,home,True,-0.229876,-0.024414,0.254289,1,2,1-2,0.705019,0.021377,0,2,0-2,0.683641,0,2.0,1.0,2-1,0.865025,0.050941,1.0,2-0,2.0,0.0,0.814084,2.0,1.0,2-1,0.846143,0.049829,1.0,2-0,2.0,0.0,0.796314,2.0,1.0,2-1,0.827261,0.048717,1.0,2-0,2.0,0.0,0.778544,2.0,1.0,2-1,0.808379,0.047605,1.0,2-0,2.0,0.0,0.760775,2.0,1.0,2-1,0.789498,0.046493,1.0,2-0,2.0,0.0,0.743005,2.0,1.0,2-1,0.770616,0.045381,1.0,2-0,2.0,0.0,0.725235,2.0,1.0,2-1,0.751734,0.044269,1.0,2-0,2.0,0.0,0.707465,2.0,1.0,2-1,0.732852,0.043157,1.0,2-0,2.0,0.0,0.689695,2.0,1.0,2-1,0.71397,0.042045,1.0,2-0,2.0,0.0,0.671925,2.0,1.0,2-1,0.695088,0.040933,1.0,2-0,2.0,0.0,0.654155,2.0,1.0,2-1,0.676206,0.039821,1.0,2-0,2.0,0.0,0.636385,2.0,1.0,2-1,0.657324,0.038709,1.0,2-0,2.0,0.0,0.618615,2.0,1.0,2-1,0.638443,0.037597,1.0,2-0,2.0,0.0,0.600845,2.0,1.0,2-1,0.619561,0.036486,1.0,2-0,2.0,0.0,0.583075,2.0,1.0,2-1,0.600679,0.015232,1.0,1-2,1.0,2.0,0.585447,1.0,2.0,1-2,0.60542,0.018357,0.0,0-2,0.0,2.0,0.587062,1.0,2.0,1-2,0.625393,0.018963,0.0,0-2,0.0,2.0,0.60643,1.0,2.0,1-2,0.645366,0.019569,0.0,0-2,0.0,2.0,0.625798,1.0,2.0,1-2,0.665339,0.020174,0.0,0-2,0.0,2.0,0.645165,1.0,2.0,1-2,0.685312,0.02078,0.0,0-2,0.0,2.0,0.664533,1.0,2.0,1-2,0.705286,0.021385,0.0,0-2,0.0,2.0,0.6839
2006,2006-07-09T20:00:00+01:00,0,64,Italy,France,1,1,0.252993,0.363508,0.383499,0.6877,0.9166,0.356642,0.336475,0.306883,0.103649,away,home,True,-0.103649,0.027033,0.076617,0,0,0-0,0.779886,0.042204,0,1,0-1,0.737682,1,1.0,0.0,1-0,0.726196,0.004303,0.0,0-0,0.0,0.0,0.721893,0.0,0.0,0-0,0.724793,0.009149,1.0,1-0,1.0,0.0,0.715643,0.0,0.0,0-0,0.727693,0.022602,1.0,1-0,1.0,0.0,0.705091,0.0,0.0,0-0,0.730592,0.036054,1.0,1-0,1.0,0.0,0.694538,0.0,0.0,0-0,0.733492,0.049507,1.0,1-0,1.0,0.0,0.683986,0.0,0.0,0-0,0.736392,0.062959,1.0,1-0,1.0,0.0,0.673433,0.0,0.0,0-0,0.739292,0.076412,1.0,1-0,1.0,0.0,0.662881,0.0,0.0,0-0,0.742192,0.089864,1.0,1-0,1.0,0.0,0.652328,0.0,0.0,0-0,0.745092,0.095832,1.0,0-1,0.0,1.0,0.64926,0.0,0.0,0-0,0.747992,0.091363,1.0,0-1,0.0,1.0,0.656629,0.0,0.0,0-0,0.750892,0.086894,1.0,0-1,0.0,1.0,0.663998,0.0,0.0,0-0,0.753792,0.082425,1.0,0-1,0.0,1.0,0.671367,0.0,0.0,0-0,0.756691,0.077956,1.0,0-1,0.0,1.0,0.678735,0.0,0.0,0-0,0.759591,0.073487,1.0,0-1,0.0,1.0,0.686104,0.0,0.0,0-0,0.762491,0.069018,1.0,0-1,0.0,1.0,0.693473,0.0,0.0,0-0,0.765391,0.064549,1.0,0-1,0.0,1.0,0.700842,0.0,0.0,0-0,0.768291,0.06008,1.0,0-1,0.0,1.0,0.708211,0.0,0.0,0-0,0.771191,0.055611,1.0,0-1,0.0,1.0,0.71558,0.0,0.0,0-0,0.774091,0.051142,1.0,0-1,0.0,1.0,0.722949,0.0,0.0,0-0,0.776991,0.046673,1.0,0-1,0.0,1.0,0.730317,0.0,0.0,0-0,0.779891,0.042204,1.0,0-1,0.0,1.0,0.737686
2010,2010-06-11T08:00:00+01:00,G,1,South Africa,Mexico,1,1,0.142296,0.238295,0.619409,0.6773,1.7055,0.319972,0.303805,0.376223,0.243186,away,away,False,-0.177676,-0.06551,0.243186,0,2,0-2,0.978517,0.043309,1,2,1-2,0.935208,0,0.0,2.0,0-2,0.594578,0.002933,0.0,1-0,1.0,0.0,0.591645,0.0,2.0,0-2,0.613794,0.027167,0.0,1-2,1.0,2.0,0.586628,0.0,2.0,0-2,0.633011,0.028017,0.0,1-2,1.0,2.0,0.604994,0.0,2.0,0-2,0.652227,0.028868,0.0,1-2,1.0,2.0,0.623359,0.0,2.0,0-2,0.671443,0.029718,0.0,1-2,1.0,2.0,0.641725,0.0,2.0,0-2,0.69066,0.030569,0.0,1-2,1.0,2.0,0.660091,0.0,2.0,0-2,0.709876,0.031419,0.0,1-2,1.0,2.0,0.678457,0.0,2.0,0-2,0.729093,0.03227,0.0,1-2,1.0,2.0,0.696823,0.0,2.0,0-2,0.748309,0.03312,0.0,1-2,1.0,2.0,0.715189,0.0,2.0,0-2,0.767525,0.033971,0.0,1-2,1.0,2.0,0.733555,0.0,2.0,0-2,0.786742,0.034821,0.0,1-2,1.0,2.0,0.751921,0.0,2.0,0-2,0.805958,0.035672,0.0,1-2,1.0,2.0,0.770286,0.0,2.0,0-2,0.825174,0.036522,0.0,1-2,1.0,2.0,0.788652,0.0,2.0,0-2,0.844391,0.037373,0.0,1-2,1.0,2.0,0.807018,0.0,2.0,0-2,0.863607,0.038223,0.0,1-2,1.0,2.0,0.825384,0.0,2.0,0-2,0.882824,0.039074,0.0,1-2,1.0,2.0,0.84375,0.0,2.0,0-2,0.90204,0.039924,0.0,1-2,1.0,2.0,0.862116,0.0,2.0,0-2,0.921256,0.040775,0.0,1-2,1.0,2.0,0.880482,0.0,2.0,0-2,0.940473,0.041625,0.0,1-2,1.0,2.0,0.898848,0.0,2.0,0-2,0.959689,0.042476,0.0,1-2,1.0,2.0,0.917213,0.0,2.0,0-2,0.978906,0.043326,0.0,1-2,1.0,2.0,0.935579
2010,2010-06-11T12:00:00+01:00,G,2,Uruguay,France,0,0,0.273547,0.301859,0.424594,0.8944,1.189,0.26525,0.298526,0.436223,0.011629,away,away,False,0.008296,0.003333,-0.011629,0,1,0-1,0.715362,0.036059,0,2,0-2,0.679303,0,0.0,1.0,0-1,0.734984,0.037048,0.0,0-2,0.0,2.0,0.697936,0.0,1.0,0-1,0.734004,0.036999,0.0,0-2,0.0,2.0,0.697006,0.0,1.0,0-1,0.733025,0.036949,0.0,0-2,0.0,2.0,0.696076,0.0,1.0,0-1,0.732045,0.0369,0.0,0-2,0.0,2.0,0.695145,0.0,1.0,0-1,0.731065,0.03685,0.0,0-2,0.0,2.0,0.694215,0.0,1.0,0-1,0.730086,0.036801,0.0,0-2,0.0,2.0,0.693285,0.0,1.0,0-1,0.729106,0.036752,0.0,0-2,0.0,2.0,0.692354,0.0,1.0,0-1,0.728126,0.036702,0.0,0-2,0.0,2.0,0.691424,0.0,1.0,0-1,0.727146,0.036653,0.0,0-2,0.0,2.0,0.690494,0.0,1.0,0-1,0.726167,0.036603,0.0,0-2,0.0,2.0,0.689563,0.0,1.0,0-1,0.725187,0.036554,0.0,0-2,0.0,2.0,0.688633,0.0,1.0,0-1,0.724207,0.036505,0.0,0-2,0.0,2.0,0.687703,0.0,1.0,0-1,0.723228,0.036455,0.0,0-2,0.0,2.0,0.686772,0.0,1.0,0-1,0.722248,0.036406,0.0,0-2,0.0,2.0,0.685842,0.0,1.0,0-1,0.721268,0.036357,0.0,0-2,0.0,2.0,0.684912,0.0,1.0,0-1,0.720289,0.036307,0.0,0-2,0.0,2.0,0.683981,0.0,1.0,0-1,0.719309,0.036258,0.0,0-2,0.0,2.0,0.683051,0.0,1.0,0-1,0.718329,0.036208,0.0,0-2,0.0,2.0,0.682121,0.0,1.0,0-1,0.717349,0.036159,0.0,0-2,0.0,2.0,0.68119,0.0,1.0,0-1,0.71637,0.03611,0.0,0-2,0.0,2.0,0.68026,0.0,1.0,0-1,0.71539,0.03606,0.0,0-2,0.0,2.0,0.67933
2010,2010-06-12T05:00:00+01:00,G,3,South Korea,Greece,2,0,0.310843,0.336765,0.352391,0.8492,0.9248,0.35366,0.317851,0.328489,0.042816,away,home,True,-0.042816,0.018914,0.023902,0,0,0-0,0.68138,0.020524,0,1,0-1,0.660856,0,1.0,0.0,1-0,0.675435,0.032318,1.0,0-0,0.0,0.0,0.643116,1.0,0.0,1-0,0.671346,0.026316,1.0,0-0,0.0,0.0,0.64503,1.0,0.0,1-0,0.667258,0.020314,1.0,0-0,0.0,0.0,0.646943,1.0,0.0,1-0,0.663169,0.014312,1.0,0-0,0.0,0.0,0.648857,1.0,0.0,1-0,0.65908,0.00831,1.0,0-0,0.0,0.0,0.65077,1.0,0.0,1-0,0.654992,0.002308,1.0,0-0,0.0,0.0,0.652684,0.0,0.0,0-0,0.654597,0.003694,0.0,1-0,1.0,0.0,0.650903,0.0,0.0,0-0,0.656511,0.009696,0.0,1-0,1.0,0.0,0.646815,0.0,0.0,0-0,0.658424,0.015698,0.0,1-0,1.0,0.0,0.642726,0.0,0.0,0-0,0.660338,0.0217,0.0,1-0,1.0,0.0,0.638637,0.0,0.0,0-0,0.662251,0.023802,0.0,0-1,0.0,1.0,0.63845,0.0,0.0,0-0,0.664165,0.023474,0.0,0-1,0.0,1.0,0.640691,0.0,0.0,0-0,0.666078,0.023146,0.0,0-1,0.0,1.0,0.642932,0.0,0.0,0-0,0.667992,0.022818,0.0,0-1,0.0,1.0,0.645173,0.0,0.0,0-0,0.669905,0.022491,0.0,0-1,0.0,1.0,0.647415,0.0,0.0,0-0,0.671819,0.022163,0.0,0-1,0.0,1.0,0.649656,0.0,0.0,0-0,0.673732,0.021835,0.0,0-1,0.0,1.0,0.651897,0.0,0.0,0-0,0.675646,0.021507,0.0,0-1,0.0,1.0,0.654138,0.0,0.0,0-0,0.677559,0.02118,0.0,0-1,0.0,1.0,0.656379,0.0,0.0,0-0,0.679472,0.020852,0.0,0-1,0.0,1.0,0.658621,0.0,0.0,0-0,0.681386,0.020524,0.0,0-1,0.0,1.0,0.660862
2010,2010-06-12T08:00:00+01:00,G,4,Argentina,Nigeria,1,0,0.555286,0.272267,0.172448,1.4551,0.6821,0.691541,0.21586,0.092599,0.136255,home,home,False,-0.136255,0.056407,0.079849,1,0,1-0,0.893893,0.003673,2,0,2-0,0.890221,3,1.0,0.0,1-0,1.11339,0.004574,3.0,2-0,2.0,0.0,1.108816,1.0,0.0,1-0,1.102422,0.004529,3.0,2-0,2.0,0.0,1.097892,1.0,0.0,1-0,1.091453,0.004484,3.0,2-0,2.0,0.0,1.086969,1.0,0.0,1-0,1.080484,0.004439,3.0,2-0,2.0,0.0,1.076045,1.0,0.0,1-0,1.069516,0.004394,3.0,2-0,2.0,0.0,1.065122,1.0,0.0,1-0,1.058547,0.004349,3.0,2-0,2.0,0.0,1.054198,1.0,0.0,1-0,1.047579,0.004304,3.0,2-0,2.0,0.0,1.043275,1.0,0.0,1-0,1.03661,0.004259,3.0,2-0,2.0,0.0,1.032351,1.0,0.0,1-0,1.025641,0.004214,3.0,2-0,2.0,0.0,1.021427,1.0,0.0,1-0,1.014673,0.004169,3.0,2-0,2.0,0.0,1.010504,1.0,0.0,1-0,1.003704,0.004124,3.0,2-0,2.0,0.0,0.99958,1.0,0.0,1-0,0.992735,0.004079,3.0,2-0,2.0,0.0,0.988657,1.0,0.0,1-0,0.981767,0.004034,3.0,2-0,2.0,0.0,0.977733,1.0,0.0,1-0,0.970798,0.003988,3.0,2-0,2.0,0.0,0.966809,1.0,0.0,1-0,0.959829,0.003943,3.0,2-0,2.0,0.0,0.955886,1.0,0.0,1-0,0.948861,0.003898,3.0,2-0,2.0,0.0,0.944962,1.0,0.0,1-0,0.937892,0.003853,3.0,2-0,2.0,0.0,0.934039,1.0,0.0,1-0,0.926923,0.003808,3.0,2-0,2.0,0.0,0.923115,1.0,0.0,1-0,0.915955,0.003763,3.0,2-0,2.0,0.0,0.912192,1.0,0.0,1-0,0.904986,0.003718,3.0,2-0,2.0,0.0,0.901268,1.0,0.0,1-0,0.894017,0.003673,3.0,2-0,2.0,0.0,0.890344
2010,2010-06-12T12:00:00+01:00,G,5,England,United States,1,1,0.577988,0.242152,0.17986,1.7096,0.839,0.640456,0.231628,0.127916,0.062468,home,home,False,-0.062468,0.010524,0.051944,2,0,2-0,0.90216,0.0184,2,1,2-1,0.883761,0,2.0,0.0,2-0,1.000069,0.020396,0.0,2-1,2.0,1.0,0.979672,2.0,0.0,2-0,0.995192,0.020297,0.0,2-1,2.0,1.0,0.974895,2.0,0.0,2-0,0.990315,0.020197,0.0,2-1,2.0,1.0,0.970117,2.0,0.0,2-0,0.985437,0.020098,0.0,2-1,2.0,1.0,0.965339,2.0,0.0,2-0,0.98056,0.019998,0.0,2-1,2.0,1.0,0.960562,2.0,0.0,2-0,0.975683,0.019899,0.0,2-1,2.0,1.0,0.955784,2.0,0.0,2-0,0.970806,0.0198,0.0,2-1,2.0,1.0,0.951006,2.0,0.0,2-0,0.965929,0.0197,0.0,2-1,2.0,1.0,0.946229,2.0,0.0,2-0,0.961052,0.019601,0.0,2-1,2.0,1.0,0.941451,2.0,0.0,2-0,0.956175,0.019501,0.0,2-1,2.0,1.0,0.936673,2.0,0.0,2-0,0.951297,0.019402,0.0,2-1,2.0,1.0,0.931896,2.0,0.0,2-0,0.94642,0.019302,0.0,2-1,2.0,1.0,0.927118,2.0,0.0,2-0,0.941543,0.019203,0.0,2-1,2.0,1.0,0.92234,2.0,0.0,2-0,0.936666,0.019103,0.0,2-1,2.0,1.0,0.917563,2.0,0.0,2-0,0.931789,0.019004,0.0,2-1,2.0,1.0,0.912785,2.0,0.0,2-0,0.926912,0.018904,0.0,2-1,2.0,1.0,0.908007,2.0,0.0,2-0,0.922034,0.018805,0.0,2-1,2.0,1.0,0.90323,2.0,0.0,2-0,0.917157,0.018705,0.0,2-1,2.0,1.0,0.898452,2.0,0.0,2-0,0.91228,0.018606,0.0,2-1,2.0,1.0,0.893674,2.0,0.0,2-0,0.907403,0.018506,0.0,2-1,2.0,1.0,0.888897,2.0,0.0,2-0,0.902526,0.018407,0.0,2-1,2.0,1.0,0.884119
2010,2010-06-13T05:00:00+01:00,G,6,Algeria,Slovenia,0,1,0.235319,0.299462,0.465219,0.7973,1.2443,0.253373,0.303082,0.443545,0.021674,away,away,False,-0.018054,-0.00362,0.021674,0,1,0-1,0.783138,0.036806,0,2,0-2,0.746331,3,0.0,1.0,0-1,0.746689,0.035093,3.0,0-2,0.0,2.0,0.711596,0.0,1.0,0-1,0.748513,0.035179,3.0,0-2,0.0,2.0,0.713334,0.0,1.0,0-1,0.750338,0.035265,3.0,0-2,0.0,2.0,0.715073,0.0,1.0,0-1,0.752162,0.035351,3.0,0-2,0.0,2.0,0.716812,0.0,1.0,0-1,0.753987,0.035436,3.0,0-2,0.0,2.0,0.71855,0.0,1.0,0-1,0.755811,0.035522,3.0,0-2,0.0,2.0,0.720289,0.0,1.0,0-1,0.757635,0.035608,3.0,0-2,0.0,2.0,0.722027,0.0,1.0,0-1,0.75946,0.035694,3.0,0-2,0.0,2.0,0.723766,0.0,1.0,0-1,0.761284,0.035779,3.0,0-2,0.0,2.0,0.725505,0.0,1.0,0-1,0.763108,0.035865,3.0,0-2,0.0,2.0,0.727243,0.0,1.0,0-1,0.764933,0.035951,3.0,0-2,0.0,2.0,0.728982,0.0,1.0,0-1,0.766757,0.036037,3.0,0-2,0.0,2.0,0.730721,0.0,1.0,0-1,0.768582,0.036122,3.0,0-2,0.0,2.0,0.732459,0.0,1.0,0-1,0.770406,0.036208,3.0,0-2,0.0,2.0,0.734198,0.0,1.0,0-1,0.77223,0.036294,3.0,0-2,0.0,2.0,0.735937,0.0,1.0,0-1,0.774055,0.03638,3.0,0-2,0.0,2.0,0.737675,0.0,1.0,0-1,0.775879,0.036465,3.0,0-2,0.0,2.0,0.739414,0.0,1.0,0-1,0.777704,0.036551,3.0,0-2,0.0,2.0,0.741153,0.0,1.0,0-1,0.779528,0.036637,3.0,0-2,0.0,2.0,0.742891,0.0,1.0,0-1,0.781352,0.036722,3.0,0-2,0.0,2.0,0.74463,0.0,1.0,0-1,0.783177,0.036808,3.0,0-2,0.0,2.0,0.746368
2010,2010-06-13T08:00:00+01:00,G,7,Serbia,Ghana,0,1,0.442313,0.278403,0.279284,1.3568,1.0203,0.476119,0.292512,0.231369,0.047915,home,home,False,-0.033806,-0.01411,0.047915,2,1,2-1,0.702049,0.001736,2,0,2-0,0.700313,0,2.0,1.0,2-1,0.75578,0.001868,0.0,2-0,2.0,0.0,0.753911,2.0,1.0,2-1,0.753096,0.001862,0.0,2-0,2.0,0.0,0.751235,2.0,1.0,2-1,0.750413,0.001855,0.0,2-0,2.0,0.0,0.748558,2.0,1.0,2-1,0.74773,0.001849,0.0,2-0,2.0,0.0,0.745882,2.0,1.0,2-1,0.745047,0.001842,0.0,2-0,2.0,0.0,0.743205,2.0,1.0,2-1,0.742364,0.001835,0.0,2-0,2.0,0.0,0.740529,2.0,1.0,2-1,0.739681,0.001829,0.0,2-0,2.0,0.0,0.737852,2.0,1.0,2-1,0.736998,0.001822,0.0,2-0,2.0,0.0,0.735176,2.0,1.0,2-1,0.734315,0.001815,0.0,2-0,2.0,0.0,0.732499,2.0,1.0,2-1,0.731632,0.001809,0.0,2-0,2.0,0.0,0.729823,2.0,1.0,2-1,0.728948,0.001802,0.0,2-0,2.0,0.0,0.727146,2.0,1.0,2-1,0.726265,0.001795,0.0,2-0,2.0,0.0,0.72447,2.0,1.0,2-1,0.723582,0.001789,0.0,2-0,2.0,0.0,0.721793,2.0,1.0,2-1,0.720899,0.001782,0.0,2-0,2.0,0.0,0.719117,2.0,1.0,2-1,0.718216,0.001776,0.0,2-0,2.0,0.0,0.71644,2.0,1.0,2-1,0.715533,0.001769,0.0,2-0,2.0,0.0,0.713764,2.0,1.0,2-1,0.71285,0.001762,0.0,2-0,2.0,0.0,0.711087,2.0,1.0,2-1,0.710167,0.001756,0.0,2-0,2.0,0.0,0.708411,2.0,1.0,2-1,0.707484,0.001749,0.0,2-0,2.0,0.0,0.705734,2.0,1.0,2-1,0.7048,0.001742,0.0,2-0,2.0,0.0,0.703058,2.0,1.0,2-1,0.702117,0.001736,0.0,2-0,2.0,0.0,0.700381
2010,2010-06-13T12:00:00+01:00,G,8,Germany,Australia,4,0,0.544643,0.254177,0.20118,1.6072,0.8718,0.638636,0.238362,0.123002,0.093993,home,home,False,-0.093993,0.015815,0.078178,2,0,2-0,0.855426,0.013885,2,1,2-1,0.841542,1,2.0,0.0,2-0,1.003327,0.016286,1.0,2-1,2.0,1.0,0.987041,2.0,0.0,2-0,0.995943,0.016166,1.0,2-1,2.0,1.0,0.979777,2.0,0.0,2-0,0.98856,0.016046,1.0,2-1,2.0,1.0,0.972514,2.0,0.0,2-0,0.981176,0.015926,1.0,2-1,2.0,1.0,0.96525,2.0,0.0,2-0,0.973793,0.015806,1.0,2-1,2.0,1.0,0.957987,2.0,0.0,2-0,0.96641,0.015686,1.0,2-1,2.0,1.0,0.950723,2.0,0.0,2-0,0.959026,0.015566,1.0,2-1,2.0,1.0,0.94346,2.0,0.0,2-0,0.951643,0.015447,1.0,2-1,2.0,1.0,0.936196,2.0,0.0,2-0,0.94426,0.015327,1.0,2-1,2.0,1.0,0.928933,2.0,0.0,2-0,0.936876,0.015207,1.0,2-1,2.0,1.0,0.921669,2.0,0.0,2-0,0.929493,0.015087,1.0,2-1,2.0,1.0,0.914406,2.0,0.0,2-0,0.92211,0.014967,1.0,2-1,2.0,1.0,0.907142,2.0,0.0,2-0,0.914726,0.014847,1.0,2-1,2.0,1.0,0.899879,2.0,0.0,2-0,0.907343,0.014728,1.0,2-1,2.0,1.0,0.892615,2.0,0.0,2-0,0.899959,0.014608,1.0,2-1,2.0,1.0,0.885352,2.0,0.0,2-0,0.892576,0.014488,1.0,2-1,2.0,1.0,0.878088,2.0,0.0,2-0,0.885193,0.014368,1.0,2-1,2.0,1.0,0.870825,2.0,0.0,2-0,0.877809,0.014248,1.0,2-1,2.0,1.0,0.863561,2.0,0.0,2-0,0.870426,0.014128,1.0,2-1,2.0,1.0,0.856298,2.0,0.0,2-0,0.863043,0.014008,1.0,2-1,2.0,1.0,0.849034,2.0,0.0,2-0,0.855659,0.013889,1.0,2-1,2.0,1.0,0.841771
2010,2010-06-14T05:00:00+01:00,G,9,Netherlands,Denmark,2,0,0.549969,0.267776,0.182255,1.4903,0.7364,0.634828,0.234732,0.13044,0.084859,home,home,False,-0.084859,0.033044,0.051815,2,0,2-0,0.877723,0.011008,1,0,1-0,0.866716,3,2.0,0.0,2-0,1.01332,0.012708,3.0,1-0,1.0,0.0,1.000611,2.0,0.0,2-0,1.006547,0.012623,3.0,1-0,1.0,0.0,0.993924,2.0,0.0,2-0,0.999774,0.012538,3.0,1-0,1.0,0.0,0.987236,2.0,0.0,2-0,0.993002,0.012453,3.0,1-0,1.0,0.0,0.980548,2.0,0.0,2-0,0.986229,0.012368,3.0,1-0,1.0,0.0,0.973861,2.0,0.0,2-0,0.979456,0.012283,3.0,1-0,1.0,0.0,0.967173,2.0,0.0,2-0,0.972684,0.012198,3.0,1-0,1.0,0.0,0.960485,2.0,0.0,2-0,0.965911,0.012113,3.0,1-0,1.0,0.0,0.953798,2.0,0.0,2-0,0.959138,0.012029,3.0,1-0,1.0,0.0,0.94711,2.0,0.0,2-0,0.952366,0.011944,3.0,1-0,1.0,0.0,0.940422,2.0,0.0,2-0,0.945593,0.011859,3.0,1-0,1.0,0.0,0.933734,2.0,0.0,2-0,0.938821,0.011774,3.0,1-0,1.0,0.0,0.927047,2.0,0.0,2-0,0.932048,0.011689,3.0,1-0,1.0,0.0,0.920359,2.0,0.0,2-0,0.925275,0.011604,3.0,1-0,1.0,0.0,0.913671,2.0,0.0,2-0,0.918503,0.011519,3.0,1-0,1.0,0.0,0.906984,2.0,0.0,2-0,0.91173,0.011434,3.0,1-0,1.0,0.0,0.900296,2.0,0.0,2-0,0.904957,0.011349,3.0,1-0,1.0,0.0,0.893608,2.0,0.0,2-0,0.898185,0.011264,3.0,1-0,1.0,0.0,0.886921,2.0,0.0,2-0,0.891412,0.011179,3.0,1-0,1.0,0.0,0.880233,2.0,0.0,2-0,0.884639,0.011094,3.0,1-0,1.0,0.0,0.873545,2.0,0.0,2-0,0.877867,0.011009,3.0,1-0,1.0,0.0,0.866857
2010,2010-06-14T08:00:00+01:00,G,10,Japan,Cameroon,1,0,0.306861,0.278759,0.41438,1.0954,1.3181,0.251513,0.303966,0.444522,0.055348,away,away,False,0.055348,-0.025206,-0.030142,1,2,1-2,0.66243,0.007414,0,2,0-2,0.655016,0,1.0,2.0,1-2,0.710679,0.007954,0.0,0-2,0.0,2.0,0.702725,1.0,2.0,1-2,0.708269,0.007927,0.0,0-2,0.0,2.0,0.700343,1.0,2.0,1-2,0.70586,0.0079,0.0,0-2,0.0,2.0,0.69796,1.0,2.0,1-2,0.703451,0.007873,0.0,0-2,0.0,2.0,0.695578,1.0,2.0,1-2,0.701041,0.007846,0.0,0-2,0.0,2.0,0.693195,1.0,2.0,1-2,0.698632,0.007819,0.0,0-2,0.0,2.0,0.690813,1.0,2.0,1-2,0.696222,0.007792,0.0,0-2,0.0,2.0,0.68843,1.0,2.0,1-2,0.693813,0.007765,0.0,0-2,0.0,2.0,0.686048,1.0,2.0,1-2,0.691403,0.007738,0.0,0-2,0.0,2.0,0.683665,1.0,2.0,1-2,0.688994,0.007711,0.0,0-2,0.0,2.0,0.681283,1.0,2.0,1-2,0.686584,0.007684,0.0,0-2,0.0,2.0,0.6789,1.0,2.0,1-2,0.684175,0.007657,0.0,0-2,0.0,2.0,0.676517,1.0,2.0,1-2,0.681765,0.00763,0.0,0-2,0.0,2.0,0.674135,1.0,2.0,1-2,0.679356,0.007603,0.0,0-2,0.0,2.0,0.671752,1.0,2.0,1-2,0.676946,0.007576,0.0,0-2,0.0,2.0,0.66937,1.0,2.0,1-2,0.674537,0.007549,0.0,0-2,0.0,2.0,0.666987,1.0,2.0,1-2,0.672127,0.007522,0.0,0-2,0.0,2.0,0.664605,1.0,2.0,1-2,0.669718,0.007495,0.0,0-2,0.0,2.0,0.662222,1.0,2.0,1-2,0.667308,0.007468,0.0,0-2,0.0,2.0,0.65984,1.0,2.0,1-2,0.664899,0.007442,0.0,0-2,0.0,2.0,0.657457,1.0,2.0,1-2,0.66249,0.007415,0.0,0-2,0.0,2.0,0.655075
2010,2010-06-14T12:00:00+01:00,G,11,Italy,Paraguay,1,1,0.426773,0.313434,0.259793,1.1311,0.8143,0.449685,0.307648,0.242667,0.022912,home,home,False,-0.022912,0.005786,0.017126,1,0,1-0,0.744832,0.060749,2,0,2-0,0.684082,0,1.0,0.0,1-0,0.784841,0.064012,0.0,2-0,2.0,0.0,0.720828,1.0,0.0,1-0,0.782841,0.063849,0.0,2-0,2.0,0.0,0.718992,1.0,0.0,1-0,0.780842,0.063686,0.0,2-0,2.0,0.0,0.717155,1.0,0.0,1-0,0.778842,0.063523,0.0,2-0,2.0,0.0,0.715319,1.0,0.0,1-0,0.776843,0.06336,0.0,2-0,2.0,0.0,0.713483,1.0,0.0,1-0,0.774843,0.063197,0.0,2-0,2.0,0.0,0.711646,1.0,0.0,1-0,0.772844,0.063034,0.0,2-0,2.0,0.0,0.70981,1.0,0.0,1-0,0.770844,0.062871,0.0,2-0,2.0,0.0,0.707974,1.0,0.0,1-0,0.768845,0.062708,0.0,2-0,2.0,0.0,0.706137,1.0,0.0,1-0,0.766845,0.062545,0.0,2-0,2.0,0.0,0.704301,1.0,0.0,1-0,0.764846,0.062382,0.0,2-0,2.0,0.0,0.702464,1.0,0.0,1-0,0.762847,0.062218,0.0,2-0,2.0,0.0,0.700628,1.0,0.0,1-0,0.760847,0.062055,0.0,2-0,2.0,0.0,0.698792,1.0,0.0,1-0,0.758848,0.061892,0.0,2-0,2.0,0.0,0.696955,1.0,0.0,1-0,0.756848,0.061729,0.0,2-0,2.0,0.0,0.695119,1.0,0.0,1-0,0.754849,0.061566,0.0,2-0,2.0,0.0,0.693283,1.0,0.0,1-0,0.752849,0.061403,0.0,2-0,2.0,0.0,0.691446,1.0,0.0,1-0,0.75085,0.06124,0.0,2-0,2.0,0.0,0.68961,1.0,0.0,1-0,0.74885,0.061077,0.0,2-0,2.0,0.0,0.687773,1.0,0.0,1-0,0.746851,0.060914,0.0,2-0,2.0,0.0,0.685937,1.0,0.0,1-0,0.744851,0.060751,0.0,2-0,2.0,0.0,0.684101
2010,2010-06-15T05:00:00+01:00,G,12,New Zealand,Slovakia,1,1,0.092705,0.178511,0.728785,0.6435,2.1997,0.115664,0.24389,0.640446,0.088338,away,away,False,-0.022959,-0.065379,0.088338,0,2,0-2,1.099822,0.050238,1,2,1-2,1.049584,0,0.0,2.0,0-2,0.968423,0.044236,0.0,1-2,1.0,2.0,0.924187,0.0,2.0,0-2,0.975102,0.044541,0.0,1-2,1.0,2.0,0.930561,0.0,2.0,0-2,0.981781,0.044846,0.0,1-2,1.0,2.0,0.936935,0.0,2.0,0-2,0.98846,0.045151,0.0,1-2,1.0,2.0,0.943309,0.0,2.0,0-2,0.995139,0.045456,0.0,1-2,1.0,2.0,0.949682,0.0,2.0,0-2,1.001817,0.045761,0.0,1-2,1.0,2.0,0.956056,0.0,2.0,0-2,1.008496,0.046066,0.0,1-2,1.0,2.0,0.96243,0.0,2.0,0-2,1.015175,0.046371,0.0,1-2,1.0,2.0,0.968804,0.0,2.0,0-2,1.021854,0.046676,0.0,1-2,1.0,2.0,0.975178,0.0,2.0,0-2,1.028533,0.046981,0.0,1-2,1.0,2.0,0.981551,0.0,2.0,0-2,1.035212,0.047287,0.0,1-2,1.0,2.0,0.987925,0.0,2.0,0-2,1.041891,0.047592,0.0,1-2,1.0,2.0,0.994299,0.0,2.0,0-2,1.048569,0.047897,0.0,1-2,1.0,2.0,1.000673,0.0,2.0,0-2,1.055248,0.048202,0.0,1-2,1.0,2.0,1.007046,0.0,2.0,0-2,1.061927,0.048507,0.0,1-2,1.0,2.0,1.01342,0.0,2.0,0-2,1.068606,0.048812,0.0,1-2,1.0,2.0,1.019794,0.0,2.0,0-2,1.075285,0.049117,0.0,1-2,1.0,2.0,1.026168,0.0,2.0,0-2,1.081964,0.049422,0.0,1-2,1.0,2.0,1.032542,0.0,2.0,0-2,1.088642,0.049727,0.0,1-2,1.0,2.0,1.038915,0.0,2.0,0-2,1.095321,0.050032,0.0,1-2,1.0,2.0,1.045289,0.0,2.0,0-2,1.102,0.050337,0.0,1-2,1.0,2.0,1.051663
2010,2010-06-15T08:00:00+01:00,G,13,Ivory Coast,Portugal,0,0,0.260492,0.256747,0.482761,1.0851,1.5688,0.251031,0.300266,0.448703,0.043519,away,away,False,0.009461,-0.043519,0.034058,1,2,1-2,0.757189,0.007373,0,2,0-2,0.749816,0,1.0,2.0,1-2,0.703945,0.006854,0.0,0-2,0.0,2.0,0.69709,1.0,2.0,1-2,0.706616,0.00688,0.0,0-2,0.0,2.0,0.699736,1.0,2.0,1-2,0.709288,0.006906,0.0,0-2,0.0,2.0,0.702382,1.0,2.0,1-2,0.71196,0.006932,0.0,0-2,0.0,2.0,0.705027,1.0,2.0,1-2,0.714631,0.006958,0.0,0-2,0.0,2.0,0.707673,1.0,2.0,1-2,0.717303,0.006984,0.0,0-2,0.0,2.0,0.710318,1.0,2.0,1-2,0.719974,0.007011,0.0,0-2,0.0,2.0,0.712964,1.0,2.0,1-2,0.722646,0.007037,0.0,0-2,0.0,2.0,0.715609,1.0,2.0,1-2,0.725317,0.007063,0.0,0-2,0.0,2.0,0.718255,1.0,2.0,1-2,0.727989,0.007089,0.0,0-2,0.0,2.0,0.7209,1.0,2.0,1-2,0.73066,0.007115,0.0,0-2,0.0,2.0,0.723546,1.0,2.0,1-2,0.733332,0.007141,0.0,0-2,0.0,2.0,0.726191,1.0,2.0,1-2,0.736004,0.007167,0.0,0-2,0.0,2.0,0.728837,1.0,2.0,1-2,0.738675,0.007193,0.0,0-2,0.0,2.0,0.731483,1.0,2.0,1-2,0.741347,0.007219,0.0,0-2,0.0,2.0,0.734128,1.0,2.0,1-2,0.744018,0.007245,0.0,0-2,0.0,2.0,0.736774,1.0,2.0,1-2,0.74669,0.007271,0.0,0-2,0.0,2.0,0.739419,1.0,2.0,1-2,0.749361,0.007297,0.0,0-2,0.0,2.0,0.742065,1.0,2.0,1-2,0.752033,0.007323,0.0,0-2,0.0,2.0,0.74471,1.0,2.0,1-2,0.754705,0.007349,0.0,0-2,0.0,2.0,0.747356,1.0,2.0,1-2,0.757376,0.007375,0.0,0-2,0.0,2.0,0.750001
2010,2010-06-15T12:00:00+01:00,G,14,Brazil,North Korea,2,1,0.849916,0.119973,0.03011,2.4856,0.306,0.883877,0.09117,0.024953,0.033961,home,home,False,-0.033961,0.028803,0.005158,2,0,2-0,1.283255,0.067549,3,0,3-0,1.215706,2,2.0,0.0,2-0,1.340033,0.070538,2.0,3-0,3.0,0.0,1.269496,2.0,0.0,2-0,1.337459,0.070402,2.0,3-0,3.0,0.0,1.267057,2.0,0.0,2-0,1.334884,0.070267,2.0,3-0,3.0,0.0,1.264618,2.0,0.0,2-0,1.33231,0.070131,2.0,3-0,3.0,0.0,1.262179,2.0,0.0,2-0,1.329736,0.069996,2.0,3-0,3.0,0.0,1.25974,2.0,0.0,2-0,1.327161,0.06986,2.0,3-0,3.0,0.0,1.257301,2.0,0.0,2-0,1.324587,0.069725,2.0,3-0,3.0,0.0,1.254862,2.0,0.0,2-0,1.322013,0.069589,2.0,3-0,3.0,0.0,1.252424,2.0,0.0,2-0,1.319438,0.069453,2.0,3-0,3.0,0.0,1.249985,2.0,0.0,2-0,1.316864,0.069318,2.0,3-0,3.0,0.0,1.247546,2.0,0.0,2-0,1.314289,0.069182,2.0,3-0,3.0,0.0,1.245107,2.0,0.0,2-0,1.311715,0.069047,2.0,3-0,3.0,0.0,1.242668,2.0,0.0,2-0,1.309141,0.068911,2.0,3-0,3.0,0.0,1.240229,2.0,0.0,2-0,1.306566,0.068776,2.0,3-0,3.0,0.0,1.23779,2.0,0.0,2-0,1.303992,0.06864,2.0,3-0,3.0,0.0,1.235352,2.0,0.0,2-0,1.301418,0.068505,2.0,3-0,3.0,0.0,1.232913,2.0,0.0,2-0,1.298843,0.068369,2.0,3-0,3.0,0.0,1.230474,2.0,0.0,2-0,1.296269,0.068234,2.0,3-0,3.0,0.0,1.228035,2.0,0.0,2-0,1.293694,0.068098,2.0,3-0,3.0,0.0,1.225596,2.0,0.0,2-0,1.29112,0.067963,2.0,3-0,3.0,0.0,1.223157,2.0,0.0,2-0,1.288546,0.067827,2.0,3-0,3.0,0.0,1.220718
2010,2010-06-16T05:00:00+01:00,G,15,Honduras,Chile,0,1,0.313562,0.290163,0.396275,1.0501,1.2168,0.155931,0.260625,0.583444,0.187169,away,away,False,0.157631,0.029538,-0.187169,0,1,0-1,0.64316,0.009066,1,2,1-2,0.634094,3,0.0,1.0,0-1,0.946991,0.013348,3.0,1-2,1.0,2.0,0.933643,0.0,1.0,0-1,0.931801,0.013134,3.0,1-2,1.0,2.0,0.918667,0.0,1.0,0-1,0.916611,0.01292,3.0,1-2,1.0,2.0,0.903691,0.0,1.0,0-1,0.901421,0.012706,3.0,1-2,1.0,2.0,0.888716,0.0,1.0,0-1,0.886232,0.012492,3.0,1-2,1.0,2.0,0.87374,0.0,1.0,0-1,0.871042,0.012278,3.0,1-2,1.0,2.0,0.858764,0.0,1.0,0-1,0.855852,0.012064,3.0,1-2,1.0,2.0,0.843789,0.0,1.0,0-1,0.840662,0.011849,3.0,1-2,1.0,2.0,0.828813,0.0,1.0,0-1,0.825473,0.011635,3.0,1-2,1.0,2.0,0.813837,0.0,1.0,0-1,0.810283,0.011421,3.0,1-2,1.0,2.0,0.798862,0.0,1.0,0-1,0.795093,0.011207,3.0,1-2,1.0,2.0,0.783886,0.0,1.0,0-1,0.779903,0.010993,3.0,1-2,1.0,2.0,0.76891,0.0,1.0,0-1,0.764714,0.010779,3.0,1-2,1.0,2.0,0.753935,0.0,1.0,0-1,0.749524,0.010565,3.0,1-2,1.0,2.0,0.738959,0.0,1.0,0-1,0.734334,0.010351,3.0,1-2,1.0,2.0,0.723983,0.0,1.0,0-1,0.719144,0.010137,3.0,1-2,1.0,2.0,0.709008,0.0,1.0,0-1,0.703955,0.009922,3.0,1-2,1.0,2.0,0.694032,0.0,1.0,0-1,0.688765,0.009708,3.0,1-2,1.0,2.0,0.679056,0.0,1.0,0-1,0.673575,0.009494,3.0,1-2,1.0,2.0,0.664081,0.0,1.0,0-1,0.658385,0.00928,3.0,1-2,1.0,2.0,0.649105,0.0,1.0,0-1,0.643195,0.009066,3.0,1-2,1.0,2.0,0.634129
2010,2010-06-16T08:00:00+01:00,G,16,Spain,Switzerland,0,1,0.6422,0.226597,0.131204,1.7946,0.6683,0.757503,0.177418,0.065079,0.115303,home,home,False,-0.115303,0.049179,0.066124,2,0,2-0,1.007885,0.04551,2,1,2-1,0.962375,0,2.0,0.0,2-0,1.189501,0.053711,0.0,2-1,2.0,1.0,1.13579,2.0,0.0,2-0,1.180448,0.053302,0.0,2-1,2.0,1.0,1.127146,2.0,0.0,2-0,1.171395,0.052893,0.0,2-1,2.0,1.0,1.118501,2.0,0.0,2-0,1.162342,0.052484,0.0,2-1,2.0,1.0,1.109857,2.0,0.0,2-0,1.153289,0.052076,0.0,2-1,2.0,1.0,1.101213,2.0,0.0,2-0,1.144236,0.051667,0.0,2-1,2.0,1.0,1.092569,2.0,0.0,2-0,1.135183,0.051258,0.0,2-1,2.0,1.0,1.083925,2.0,0.0,2-0,1.12613,0.050849,0.0,2-1,2.0,1.0,1.07528,2.0,0.0,2-0,1.117077,0.05044,0.0,2-1,2.0,1.0,1.066636,2.0,0.0,2-0,1.108024,0.050032,0.0,2-1,2.0,1.0,1.057992,2.0,0.0,2-0,1.098971,0.049623,0.0,2-1,2.0,1.0,1.049348,2.0,0.0,2-0,1.089918,0.049214,0.0,2-1,2.0,1.0,1.040704,2.0,0.0,2-0,1.080865,0.048805,0.0,2-1,2.0,1.0,1.032059,2.0,0.0,2-0,1.071812,0.048397,0.0,2-1,2.0,1.0,1.023415,2.0,0.0,2-0,1.062759,0.047988,0.0,2-1,2.0,1.0,1.014771,2.0,0.0,2-0,1.053706,0.047579,0.0,2-1,2.0,1.0,1.006127,2.0,0.0,2-0,1.044653,0.04717,0.0,2-1,2.0,1.0,0.997482,2.0,0.0,2-0,1.0356,0.046761,0.0,2-1,2.0,1.0,0.988838,2.0,0.0,2-0,1.026547,0.046353,0.0,2-1,2.0,1.0,0.980194,2.0,0.0,2-0,1.017494,0.045944,0.0,2-1,2.0,1.0,0.97155,2.0,0.0,2-0,1.008441,0.045535,0.0,2-1,2.0,1.0,0.962906
2010,2010-06-16T12:00:00+01:00,G,17,South Africa,Uruguay,0,3,0.170885,0.257909,0.571206,0.7289,1.5648,0.288364,0.306791,0.404845,0.166362,away,away,False,-0.117479,-0.048882,0.166362,0,2,0-2,0.908147,0.025919,0,1,0-1,0.882228,1,0.0,2.0,0-2,0.643798,0.018374,1.0,0-1,0.0,1.0,0.625423,0.0,2.0,0-2,0.657026,0.018752,1.0,0-1,0.0,1.0,0.638274,0.0,2.0,0-2,0.670253,0.019129,1.0,0-1,0.0,1.0,0.651124,0.0,2.0,0-2,0.683481,0.019507,1.0,0-1,0.0,1.0,0.663974,0.0,2.0,0-2,0.696709,0.019884,1.0,0-1,0.0,1.0,0.676824,0.0,2.0,0-2,0.709936,0.020262,1.0,0-1,0.0,1.0,0.689674,0.0,2.0,0-2,0.723164,0.02064,1.0,0-1,0.0,1.0,0.702525,0.0,2.0,0-2,0.736392,0.021017,1.0,0-1,0.0,1.0,0.715375,0.0,2.0,0-2,0.74962,0.021395,1.0,0-1,0.0,1.0,0.728225,0.0,2.0,0-2,0.762847,0.021772,1.0,0-1,0.0,1.0,0.741075,0.0,2.0,0-2,0.776075,0.02215,1.0,0-1,0.0,1.0,0.753925,0.0,2.0,0-2,0.789303,0.022527,1.0,0-1,0.0,1.0,0.766776,0.0,2.0,0-2,0.80253,0.022905,1.0,0-1,0.0,1.0,0.779626,0.0,2.0,0-2,0.815758,0.023282,1.0,0-1,0.0,1.0,0.792476,0.0,2.0,0-2,0.828986,0.02366,1.0,0-1,0.0,1.0,0.805326,0.0,2.0,0-2,0.842214,0.024037,1.0,0-1,0.0,1.0,0.818176,0.0,2.0,0-2,0.855441,0.024415,1.0,0-1,0.0,1.0,0.831027,0.0,2.0,0-2,0.868669,0.024792,1.0,0-1,0.0,1.0,0.843877,0.0,2.0,0-2,0.881897,0.02517,1.0,0-1,0.0,1.0,0.856727,0.0,2.0,0-2,0.895124,0.025547,1.0,0-1,0.0,1.0,0.869577,0.0,2.0,0-2,0.908352,0.025925,1.0,0-1,0.0,1.0,0.882427
2010,2010-06-17T12:00:00+01:00,G,18,France,Mexico,0,2,0.38054,0.305838,0.313622,1.1048,0.9748,0.449208,0.300782,0.250009,0.068669,home,home,False,-0.068669,0.005056,0.063613,1,0,1-0,0.651299,0.043875,2,0,2-0,0.607424,0,1.0,0.0,1-0,0.768849,0.051794,0.0,2-0,2.0,0.0,0.717055,1.0,0.0,1-0,0.762973,0.051398,0.0,2-0,2.0,0.0,0.711575,1.0,0.0,1-0,0.757096,0.051002,0.0,2-0,2.0,0.0,0.706094,1.0,0.0,1-0,0.75122,0.050606,0.0,2-0,2.0,0.0,0.700613,1.0,0.0,1-0,0.745343,0.050211,0.0,2-0,2.0,0.0,0.695133,1.0,0.0,1-0,0.739467,0.049815,0.0,2-0,2.0,0.0,0.689652,1.0,0.0,1-0,0.73359,0.049419,0.0,2-0,2.0,0.0,0.684171,1.0,0.0,1-0,0.727714,0.049023,0.0,2-0,2.0,0.0,0.678691,1.0,0.0,1-0,0.721837,0.048627,0.0,2-0,2.0,0.0,0.67321,1.0,0.0,1-0,0.71596,0.048231,0.0,2-0,2.0,0.0,0.667729,1.0,0.0,1-0,0.710084,0.047835,0.0,2-0,2.0,0.0,0.662249,1.0,0.0,1-0,0.704207,0.047439,0.0,2-0,2.0,0.0,0.656768,1.0,0.0,1-0,0.698331,0.047044,0.0,2-0,2.0,0.0,0.651287,1.0,0.0,1-0,0.692454,0.046648,0.0,2-0,2.0,0.0,0.645807,1.0,0.0,1-0,0.686578,0.046252,0.0,2-0,2.0,0.0,0.640326,1.0,0.0,1-0,0.680701,0.045856,0.0,2-0,2.0,0.0,0.634845,1.0,0.0,1-0,0.674825,0.04546,0.0,2-0,2.0,0.0,0.629365,1.0,0.0,1-0,0.668948,0.045064,0.0,2-0,2.0,0.0,0.623884,1.0,0.0,1-0,0.663071,0.044668,0.0,2-0,2.0,0.0,0.618403,1.0,0.0,1-0,0.657195,0.044272,0.0,2-0,2.0,0.0,0.612922,1.0,0.0,1-0,0.651318,0.043876,0.0,2-0,2.0,0.0,0.607442
2010,2010-06-17T05:00:00+01:00,G,19,Argentina,South Korea,4,1,0.621244,0.243463,0.135292,1.6521,0.6241,0.653962,0.234324,0.111714,0.032717,home,home,False,-0.032717,0.00914,0.023578,2,0,2-0,0.988744,0.032663,1,0,1-0,0.956081,1,2.0,0.0,2-0,1.04115,0.034394,1.0,1-0,1.0,0.0,1.006756,2.0,0.0,2-0,1.038546,0.034308,1.0,1-0,1.0,0.0,1.004238,2.0,0.0,2-0,1.035942,0.034222,1.0,1-0,1.0,0.0,1.001719,2.0,0.0,2-0,1.033337,0.034136,1.0,1-0,1.0,0.0,0.999201,2.0,0.0,2-0,1.030733,0.03405,1.0,1-0,1.0,0.0,0.996683,2.0,0.0,2-0,1.028128,0.033964,1.0,1-0,1.0,0.0,0.994164,2.0,0.0,2-0,1.025524,0.033878,1.0,1-0,1.0,0.0,0.991646,2.0,0.0,2-0,1.02292,0.033792,1.0,1-0,1.0,0.0,0.989128,2.0,0.0,2-0,1.020315,0.033706,1.0,1-0,1.0,0.0,0.986609,2.0,0.0,2-0,1.017711,0.03362,1.0,1-0,1.0,0.0,0.984091,2.0,0.0,2-0,1.015106,0.033534,1.0,1-0,1.0,0.0,0.981573,2.0,0.0,2-0,1.012502,0.033448,1.0,1-0,1.0,0.0,0.979054,2.0,0.0,2-0,1.009898,0.033362,1.0,1-0,1.0,0.0,0.976536,2.0,0.0,2-0,1.007293,0.033276,1.0,1-0,1.0,0.0,0.974017,2.0,0.0,2-0,1.004689,0.03319,1.0,1-0,1.0,0.0,0.971499,2.0,0.0,2-0,1.002084,0.033104,1.0,1-0,1.0,0.0,0.968981,2.0,0.0,2-0,0.99948,0.033018,1.0,1-0,1.0,0.0,0.966462,2.0,0.0,2-0,0.996876,0.032932,1.0,1-0,1.0,0.0,0.963944,2.0,0.0,2-0,0.994271,0.032846,1.0,1-0,1.0,0.0,0.961426,2.0,0.0,2-0,0.991667,0.03276,1.0,1-0,1.0,0.0,0.958907,2.0,0.0,2-0,0.989062,0.032674,1.0,1-0,1.0,0.0,0.956389
2010,2010-06-17T08:00:00+01:00,G,20,Greece,Nigeria,2,1,0.298619,0.339889,0.361492,0.8145,0.9282,0.237677,0.291191,0.471133,0.109641,away,away,False,0.060943,0.048698,-0.109641,0,0,0-0,0.695261,0.014109,0,1,0-1,0.681152,0,0.0,1.0,0-1,0.887753,0.140031,0.0,0-2,0.0,2.0,0.747723,0.0,1.0,0-1,0.877424,0.138401,0.0,0-2,0.0,2.0,0.739022,0.0,1.0,0-1,0.867094,0.136772,0.0,0-2,0.0,2.0,0.730322,0.0,1.0,0-1,0.856764,0.135143,0.0,0-2,0.0,2.0,0.721621,0.0,1.0,0-1,0.846434,0.133513,0.0,0-2,0.0,2.0,0.712921,0.0,1.0,0-1,0.836104,0.131884,0.0,0-2,0.0,2.0,0.704221,0.0,1.0,0-1,0.825775,0.130254,0.0,0-2,0.0,2.0,0.69552,0.0,1.0,0-1,0.815445,0.128625,0.0,0-2,0.0,2.0,0.68682,0.0,1.0,0-1,0.805115,0.126996,0.0,0-2,0.0,2.0,0.678119,0.0,1.0,0-1,0.794785,0.125366,0.0,0-2,0.0,2.0,0.669419,0.0,1.0,0-1,0.784455,0.123737,0.0,0-2,0.0,2.0,0.660719,0.0,1.0,0-1,0.774126,0.122108,0.0,0-2,0.0,2.0,0.652018,0.0,1.0,0-1,0.763796,0.108375,0.0,0-0,0.0,0.0,0.655421,0.0,1.0,0-1,0.753466,0.093065,0.0,0-0,0.0,0.0,0.660402,0.0,1.0,0-1,0.743136,0.077754,0.0,0-0,0.0,0.0,0.665382,0.0,1.0,0-1,0.732807,0.062443,0.0,0-0,0.0,0.0,0.670363,0.0,1.0,0-1,0.722477,0.047133,0.0,0-0,0.0,0.0,0.675344,0.0,1.0,0-1,0.712147,0.031822,0.0,0-0,0.0,0.0,0.680325,0.0,1.0,0-1,0.701817,0.016512,0.0,0-0,0.0,0.0,0.685305,0.0,1.0,0-1,0.691487,0.001201,0.0,0-0,0.0,0.0,0.690286,0.0,0.0,0-0,0.695267,0.014109,0.0,0-1,0.0,1.0,0.681158
2010,2010-06-18T08:00:00+01:00,G,21,Slovenia,United States,2,2,0.254061,0.286035,0.459905,0.9078,1.3225,0.256897,0.292739,0.450364,0.009541,away,away,False,-0.002836,-0.006705,0.009541,0,1,0-1,0.739034,0.005821,0,2,0-2,0.733213,0,0.0,1.0,0-1,0.723758,0.0057,0.0,0-2,0.0,2.0,0.718058,0.0,1.0,0-1,0.724525,0.005706,0.0,0-2,0.0,2.0,0.718819,0.0,1.0,0-1,0.725292,0.005712,0.0,0-2,0.0,2.0,0.719579,0.0,1.0,0-1,0.726058,0.005718,0.0,0-2,0.0,2.0,0.72034,0.0,1.0,0-1,0.726825,0.005724,0.0,0-2,0.0,2.0,0.7211,0.0,1.0,0-1,0.727592,0.005731,0.0,0-2,0.0,2.0,0.721861,0.0,1.0,0-1,0.728358,0.005737,0.0,0-2,0.0,2.0,0.722622,0.0,1.0,0-1,0.729125,0.005743,0.0,0-2,0.0,2.0,0.723382,0.0,1.0,0-1,0.729891,0.005749,0.0,0-2,0.0,2.0,0.724143,0.0,1.0,0-1,0.730658,0.005755,0.0,0-2,0.0,2.0,0.724903,0.0,1.0,0-1,0.731425,0.005761,0.0,0-2,0.0,2.0,0.725664,0.0,1.0,0-1,0.732191,0.005767,0.0,0-2,0.0,2.0,0.726425,0.0,1.0,0-1,0.732958,0.005773,0.0,0-2,0.0,2.0,0.727185,0.0,1.0,0-1,0.733725,0.005779,0.0,0-2,0.0,2.0,0.727946,0.0,1.0,0-1,0.734491,0.005785,0.0,0-2,0.0,2.0,0.728706,0.0,1.0,0-1,0.735258,0.005791,0.0,0-2,0.0,2.0,0.729467,0.0,1.0,0-1,0.736025,0.005797,0.0,0-2,0.0,2.0,0.730228,0.0,1.0,0-1,0.736791,0.005803,0.0,0-2,0.0,2.0,0.730988,0.0,1.0,0-1,0.737558,0.005809,0.0,0-2,0.0,2.0,0.731749,0.0,1.0,0-1,0.738324,0.005815,0.0,0-2,0.0,2.0,0.732509,0.0,1.0,0-1,0.739091,0.005821,0.0,0-2,0.0,2.0,0.73327
2010,2010-06-18T12:00:00+01:00,G,22,England,Algeria,0,0,0.785161,0.152919,0.06192,2.3433,0.5058,0.796862,0.152555,0.050583,0.011701,home,home,False,-0.011701,0.000365,0.011337,2,0,2-0,1.181208,0.071315,3,0,3-0,1.109893,0,2.0,0.0,2-0,1.202292,0.072588,0.0,3-0,3.0,0.0,1.129705,2.0,0.0,2-0,1.20141,0.072534,0.0,3-0,3.0,0.0,1.128875,2.0,0.0,2-0,1.200527,0.072481,0.0,3-0,3.0,0.0,1.128046,2.0,0.0,2-0,1.199644,0.072428,0.0,3-0,3.0,0.0,1.127216,2.0,0.0,2-0,1.198762,0.072375,0.0,3-0,3.0,0.0,1.126387,2.0,0.0,2-0,1.197879,0.072321,0.0,3-0,3.0,0.0,1.125558,2.0,0.0,2-0,1.196996,0.072268,0.0,3-0,3.0,0.0,1.124728,2.0,0.0,2-0,1.196113,0.072215,0.0,3-0,3.0,0.0,1.123899,2.0,0.0,2-0,1.195231,0.072161,0.0,3-0,3.0,0.0,1.123069,2.0,0.0,2-0,1.194348,0.072108,0.0,3-0,3.0,0.0,1.12224,2.0,0.0,2-0,1.193465,0.072055,0.0,3-0,3.0,0.0,1.12141,2.0,0.0,2-0,1.192582,0.072001,0.0,3-0,3.0,0.0,1.120581,2.0,0.0,2-0,1.1917,0.071948,0.0,3-0,3.0,0.0,1.119751,2.0,0.0,2-0,1.190817,0.071895,0.0,3-0,3.0,0.0,1.118922,2.0,0.0,2-0,1.189934,0.071842,0.0,3-0,3.0,0.0,1.118093,2.0,0.0,2-0,1.189051,0.071788,0.0,3-0,3.0,0.0,1.117263,2.0,0.0,2-0,1.188169,0.071735,0.0,3-0,3.0,0.0,1.116434,2.0,0.0,2-0,1.187286,0.071682,0.0,3-0,3.0,0.0,1.115604,2.0,0.0,2-0,1.186403,0.071628,0.0,3-0,3.0,0.0,1.114775,2.0,0.0,2-0,1.18552,0.071575,0.0,3-0,3.0,0.0,1.113945,2.0,0.0,2-0,1.184638,0.071522,0.0,3-0,3.0,0.0,1.113116
2010,2010-06-18T05:00:00+01:00,G,23,Germany,Serbia,0,1,0.518608,0.240932,0.24046,1.7426,1.1134,0.593697,0.248815,0.157488,0.082972,home,home,False,-0.075089,-0.007883,0.082972,2,1,2-1,0.80007,0.009896,2,0,2-0,0.790173,0,2.0,1.0,2-1,0.916349,0.011335,0.0,2-0,2.0,0.0,0.905015,2.0,1.0,2-1,0.910555,0.011263,0.0,2-0,2.0,0.0,0.899291,2.0,1.0,2-1,0.90476,0.011191,0.0,2-0,2.0,0.0,0.893568,2.0,1.0,2-1,0.898965,0.01112,0.0,2-0,2.0,0.0,0.887845,2.0,1.0,2-1,0.89317,0.011048,0.0,2-0,2.0,0.0,0.882122,2.0,1.0,2-1,0.887375,0.010976,0.0,2-0,2.0,0.0,0.876399,2.0,1.0,2-1,0.88158,0.010905,0.0,2-0,2.0,0.0,0.870675,2.0,1.0,2-1,0.875785,0.010833,0.0,2-0,2.0,0.0,0.864952,2.0,1.0,2-1,0.86999,0.010761,0.0,2-0,2.0,0.0,0.859229,2.0,1.0,2-1,0.864195,0.01069,0.0,2-0,2.0,0.0,0.853506,2.0,1.0,2-1,0.858401,0.010618,0.0,2-0,2.0,0.0,0.847783,2.0,1.0,2-1,0.852606,0.010546,0.0,2-0,2.0,0.0,0.842059,2.0,1.0,2-1,0.846811,0.010475,0.0,2-0,2.0,0.0,0.836336,2.0,1.0,2-1,0.841016,0.010403,0.0,2-0,2.0,0.0,0.830613,2.0,1.0,2-1,0.835221,0.010331,0.0,2-0,2.0,0.0,0.82489,2.0,1.0,2-1,0.829426,0.01026,0.0,2-0,2.0,0.0,0.819167,2.0,1.0,2-1,0.823631,0.010188,0.0,2-0,2.0,0.0,0.813443,2.0,1.0,2-1,0.817836,0.010116,0.0,2-0,2.0,0.0,0.80772,2.0,1.0,2-1,0.812042,0.010045,0.0,2-0,2.0,0.0,0.801997,2.0,1.0,2-1,0.806247,0.009973,0.0,2-0,2.0,0.0,0.796274,2.0,1.0,2-1,0.800452,0.009901,0.0,2-0,2.0,0.0,0.790551
2010,2010-06-19T08:00:00+01:00,G,24,Ghana,Australia,1,1,0.311876,0.312787,0.375337,0.9411,1.0624,0.435096,0.293462,0.271443,0.123219,away,home,True,-0.123219,0.019325,0.103895,0,1,0-1,0.656515,0.057334,0,2,0-2,0.599181,0,1.0,0.0,1-0,0.781719,0.086281,0.0,2-1,2.0,1.0,0.695437,1.0,0.0,1-0,0.77065,0.08506,0.0,2-1,2.0,1.0,0.68559,1.0,0.0,1-0,0.75958,0.083838,0.0,2-1,2.0,1.0,0.675742,1.0,0.0,1-0,0.748511,0.082616,0.0,2-1,2.0,1.0,0.665895,1.0,0.0,1-0,0.737442,0.081394,0.0,2-1,2.0,1.0,0.656048,1.0,0.0,1-0,0.726373,0.080173,0.0,2-1,2.0,1.0,0.6462,1.0,0.0,1-0,0.715304,0.078951,0.0,2-1,2.0,1.0,0.636353,1.0,0.0,1-0,0.704235,0.077729,0.0,2-1,2.0,1.0,0.626505,1.0,0.0,1-0,0.693165,0.076507,0.0,2-1,2.0,1.0,0.616658,1.0,0.0,1-0,0.682096,0.075286,0.0,2-1,2.0,1.0,0.606811,1.0,0.0,1-0,0.671027,0.074064,0.0,2-1,2.0,1.0,0.596963,1.0,0.0,1-0,0.659958,0.072842,0.0,2-1,2.0,1.0,0.587116,1.0,0.0,1-0,0.648889,0.065051,0.0,0-1,0.0,1.0,0.583838,1.0,0.0,1-0,0.63782,0.044896,0.0,0-1,0.0,1.0,0.592924,1.0,0.0,1-0,0.62675,0.02474,0.0,0-1,0.0,1.0,0.602011,1.0,0.0,1-0,0.615681,0.004584,0.0,0-1,0.0,1.0,0.611097,0.0,1.0,0-1,0.620183,0.015571,0.0,1-0,1.0,0.0,0.604612,0.0,1.0,0-1,0.62927,0.035727,0.0,1-0,1.0,0.0,0.593543,0.0,1.0,0-1,0.638356,0.054075,0.0,0-0,0.0,0.0,0.584281,0.0,1.0,0-1,0.647443,0.056542,0.0,0-2,0.0,2.0,0.590901,0.0,1.0,0-1,0.656529,0.057335,0.0,0-2,0.0,2.0,0.599194
2010,2010-06-19T05:00:00+01:00,G,25,Netherlands,Japan,1,0,0.653401,0.225338,0.121261,1.7866,0.6198,0.679604,0.222068,0.098328,0.026203,home,home,False,-0.026203,0.00327,0.022932,2,0,2-0,1.029934,0.054696,2,1,2-1,0.975239,1,2.0,0.0,2-0,1.07181,0.05692,1.0,2-1,2.0,1.0,1.014891,2.0,0.0,2-0,1.069744,0.05681,1.0,2-1,2.0,1.0,1.012934,2.0,0.0,2-0,1.067678,0.0567,1.0,2-1,2.0,1.0,1.010978,2.0,0.0,2-0,1.065612,0.056591,1.0,2-1,2.0,1.0,1.009021,2.0,0.0,2-0,1.063546,0.056481,1.0,2-1,2.0,1.0,1.007065,2.0,0.0,2-0,1.061479,0.056371,1.0,2-1,2.0,1.0,1.005108,2.0,0.0,2-0,1.059413,0.056261,1.0,2-1,2.0,1.0,1.003152,2.0,0.0,2-0,1.057347,0.056152,1.0,2-1,2.0,1.0,1.001195,2.0,0.0,2-0,1.055281,0.056042,1.0,2-1,2.0,1.0,0.999239,2.0,0.0,2-0,1.053215,0.055932,1.0,2-1,2.0,1.0,0.997282,2.0,0.0,2-0,1.051148,0.055822,1.0,2-1,2.0,1.0,0.995326,2.0,0.0,2-0,1.049082,0.055713,1.0,2-1,2.0,1.0,0.993369,2.0,0.0,2-0,1.047016,0.055603,1.0,2-1,2.0,1.0,0.991413,2.0,0.0,2-0,1.04495,0.055493,1.0,2-1,2.0,1.0,0.989456,2.0,0.0,2-0,1.042883,0.055384,1.0,2-1,2.0,1.0,0.9875,2.0,0.0,2-0,1.040817,0.055274,1.0,2-1,2.0,1.0,0.985543,2.0,0.0,2-0,1.038751,0.055164,1.0,2-1,2.0,1.0,0.983587,2.0,0.0,2-0,1.036685,0.055054,1.0,2-1,2.0,1.0,0.98163,2.0,0.0,2-0,1.034619,0.054945,1.0,2-1,2.0,1.0,0.979674,2.0,0.0,2-0,1.032552,0.054835,1.0,2-1,2.0,1.0,0.977717,2.0,0.0,2-0,1.030486,0.054725,1.0,2-1,2.0,1.0,0.975761
2010,2010-06-19T12:00:00+01:00,G,26,Cameroon,Denmark,1,2,0.311161,0.279997,0.408842,1.0995,1.3014,0.327861,0.292733,0.379407,0.029435,away,away,False,-0.0167,-0.012735,0.029435,1,2,1-2,0.654332,0.007639,0,2,0-2,0.646692,3,1.0,2.0,1-2,0.607274,0.00709,3.0,0-2,0.0,2.0,0.600184,1.0,2.0,1-2,0.60963,0.007117,3.0,0-2,0.0,2.0,0.602512,1.0,2.0,1-2,0.611985,0.007145,3.0,0-2,0.0,2.0,0.60484,1.0,2.0,1-2,0.614341,0.007172,3.0,0-2,0.0,2.0,0.607168,1.0,2.0,1-2,0.616697,0.0072,3.0,0-2,0.0,2.0,0.609497,1.0,2.0,1-2,0.619052,0.007227,3.0,0-2,0.0,2.0,0.611825,1.0,2.0,1-2,0.621408,0.007255,3.0,0-2,0.0,2.0,0.614153,1.0,2.0,1-2,0.623764,0.007282,3.0,0-2,0.0,2.0,0.616481,1.0,2.0,1-2,0.626119,0.00731,3.0,0-2,0.0,2.0,0.618809,1.0,2.0,1-2,0.628475,0.007337,3.0,0-2,0.0,2.0,0.621137,1.0,2.0,1-2,0.630831,0.007365,3.0,0-2,0.0,2.0,0.623466,1.0,2.0,1-2,0.633186,0.007392,3.0,0-2,0.0,2.0,0.625794,1.0,2.0,1-2,0.635542,0.00742,3.0,0-2,0.0,2.0,0.628122,1.0,2.0,1-2,0.637898,0.007448,3.0,0-2,0.0,2.0,0.63045,1.0,2.0,1-2,0.640253,0.007475,3.0,0-2,0.0,2.0,0.632778,1.0,2.0,1-2,0.642609,0.007503,3.0,0-2,0.0,2.0,0.635106,1.0,2.0,1-2,0.644965,0.00753,3.0,0-2,0.0,2.0,0.637435,1.0,2.0,1-2,0.64732,0.007558,3.0,0-2,0.0,2.0,0.639763,1.0,2.0,1-2,0.649676,0.007585,3.0,0-2,0.0,2.0,0.642091,1.0,2.0,1-2,0.652032,0.007613,3.0,0-2,0.0,2.0,0.644419,1.0,2.0,1-2,0.654387,0.00764,3.0,0-2,0.0,2.0,0.646747
2010,2010-06-20T05:00:00+01:00,G,27,Slovakia,Paraguay,0,2,0.263706,0.276403,0.459891,0.9838,1.3894,0.24763,0.291555,0.460815,0.016076,away,away,False,0.016076,-0.015152,-0.000924,0,2,0-2,0.728206,0.001459,1,2,1-2,0.726747,3,0.0,2.0,0-2,0.72975,0.001462,3.0,1-2,1.0,2.0,0.728288,0.0,2.0,0-2,0.729677,0.001462,3.0,1-2,1.0,2.0,0.728215,0.0,2.0,0-2,0.729603,0.001462,3.0,1-2,1.0,2.0,0.728142,0.0,2.0,0-2,0.72953,0.001462,3.0,1-2,1.0,2.0,0.728069,0.0,2.0,0-2,0.729457,0.001461,3.0,1-2,1.0,2.0,0.727996,0.0,2.0,0-2,0.729384,0.001461,3.0,1-2,1.0,2.0,0.727923,0.0,2.0,0-2,0.729311,0.001461,3.0,1-2,1.0,2.0,0.72785,0.0,2.0,0-2,0.729238,0.001461,3.0,1-2,1.0,2.0,0.727777,0.0,2.0,0-2,0.729165,0.001461,3.0,1-2,1.0,2.0,0.727704,0.0,2.0,0-2,0.729091,0.001461,3.0,1-2,1.0,2.0,0.727631,0.0,2.0,0-2,0.729018,0.001461,3.0,1-2,1.0,2.0,0.727558,0.0,2.0,0-2,0.728945,0.00146,3.0,1-2,1.0,2.0,0.727485,0.0,2.0,0-2,0.728872,0.00146,3.0,1-2,1.0,2.0,0.727412,0.0,2.0,0-2,0.728799,0.00146,3.0,1-2,1.0,2.0,0.727339,0.0,2.0,0-2,0.728726,0.00146,3.0,1-2,1.0,2.0,0.727266,0.0,2.0,0-2,0.728652,0.00146,3.0,1-2,1.0,2.0,0.727193,0.0,2.0,0-2,0.728579,0.00146,3.0,1-2,1.0,2.0,0.72712,0.0,2.0,0-2,0.728506,0.001459,3.0,1-2,1.0,2.0,0.727047,0.0,2.0,0-2,0.728433,0.001459,3.0,1-2,1.0,2.0,0.726974,0.0,2.0,0-2,0.72836,0.001459,3.0,1-2,1.0,2.0,0.726901,0.0,2.0,0-2,0.728287,0.001459,3.0,1-2,1.0,2.0,0.726828
2010,2010-06-20T08:00:00+01:00,G,28,Italy,New Zealand,1,1,0.839456,0.123308,0.037236,2.5292,0.3771,0.810044,0.143401,0.046555,0.029412,home,home,False,0.029412,-0.020093,-0.009319,2,0,2-0,1.251345,0.054753,3,0,3-0,1.196592,0,2.0,0.0,2-0,1.213014,0.053076,0.0,3-0,3.0,0.0,1.159938,2.0,0.0,2-0,1.215217,0.053172,0.0,3-0,3.0,0.0,1.162044,2.0,0.0,2-0,1.217419,0.053269,0.0,3-0,3.0,0.0,1.16415,2.0,0.0,2-0,1.219621,0.053365,0.0,3-0,3.0,0.0,1.166256,2.0,0.0,2-0,1.221823,0.053461,0.0,3-0,3.0,0.0,1.168362,2.0,0.0,2-0,1.224025,0.053558,0.0,3-0,3.0,0.0,1.170467,2.0,0.0,2-0,1.226227,0.053654,0.0,3-0,3.0,0.0,1.172573,2.0,0.0,2-0,1.22843,0.053751,0.0,3-0,3.0,0.0,1.174679,2.0,0.0,2-0,1.230632,0.053847,0.0,3-0,3.0,0.0,1.176785,2.0,0.0,2-0,1.232834,0.053943,0.0,3-0,3.0,0.0,1.178891,2.0,0.0,2-0,1.235036,0.05404,0.0,3-0,3.0,0.0,1.180997,2.0,0.0,2-0,1.237238,0.054136,0.0,3-0,3.0,0.0,1.183102,2.0,0.0,2-0,1.239441,0.054232,0.0,3-0,3.0,0.0,1.185208,2.0,0.0,2-0,1.241643,0.054329,0.0,3-0,3.0,0.0,1.187314,2.0,0.0,2-0,1.243845,0.054425,0.0,3-0,3.0,0.0,1.18942,2.0,0.0,2-0,1.246047,0.054521,0.0,3-0,3.0,0.0,1.191526,2.0,0.0,2-0,1.248249,0.054618,0.0,3-0,3.0,0.0,1.193631,2.0,0.0,2-0,1.250451,0.054714,0.0,3-0,3.0,0.0,1.195737,2.0,0.0,2-0,1.252654,0.05481,0.0,3-0,3.0,0.0,1.197843,2.0,0.0,2-0,1.254856,0.054907,0.0,3-0,3.0,0.0,1.199949,2.0,0.0,2-0,1.257058,0.055003,0.0,3-0,3.0,0.0,1.202055
2010,2010-06-20T12:00:00+01:00,G,29,Brazil,Ivory Coast,3,1,0.690339,0.183104,0.126557,2.2989,0.8786,0.569745,0.268172,0.162083,0.120594,home,home,False,0.120594,-0.085068,-0.035526,2,0,2-0,1.005673,0.013373,2,1,2-1,0.992299,1,2.0,0.0,2-0,0.832145,0.011066,1.0,2-1,2.0,1.0,0.821079,2.0,0.0,2-0,0.840951,0.011183,1.0,2-1,2.0,1.0,0.829769,2.0,0.0,2-0,0.849758,0.0113,1.0,2-1,2.0,1.0,0.838458,2.0,0.0,2-0,0.858565,0.011417,1.0,2-1,2.0,1.0,0.847148,2.0,0.0,2-0,0.867372,0.011534,1.0,2-1,2.0,1.0,0.855837,2.0,0.0,2-0,0.876178,0.011651,1.0,2-1,2.0,1.0,0.864527,2.0,0.0,2-0,0.884985,0.011768,1.0,2-1,2.0,1.0,0.873217,2.0,0.0,2-0,0.893792,0.011886,1.0,2-1,2.0,1.0,0.881906,2.0,0.0,2-0,0.902599,0.012003,1.0,2-1,2.0,1.0,0.890596,2.0,0.0,2-0,0.911405,0.01212,1.0,2-1,2.0,1.0,0.899285,2.0,0.0,2-0,0.920212,0.012237,1.0,2-1,2.0,1.0,0.907975,2.0,0.0,2-0,0.929019,0.012354,1.0,2-1,2.0,1.0,0.916665,2.0,0.0,2-0,0.937825,0.012471,1.0,2-1,2.0,1.0,0.925354,2.0,0.0,2-0,0.946632,0.012588,1.0,2-1,2.0,1.0,0.934044,2.0,0.0,2-0,0.955439,0.012705,1.0,2-1,2.0,1.0,0.942734,2.0,0.0,2-0,0.964246,0.012822,1.0,2-1,2.0,1.0,0.951423,2.0,0.0,2-0,0.973052,0.01294,1.0,2-1,2.0,1.0,0.960113,2.0,0.0,2-0,0.981859,0.013057,1.0,2-1,2.0,1.0,0.968802,2.0,0.0,2-0,0.990666,0.013174,1.0,2-1,2.0,1.0,0.977492,2.0,0.0,2-0,0.999473,0.013291,1.0,2-1,2.0,1.0,0.986182,2.0,0.0,2-0,1.008279,0.013408,1.0,2-1,2.0,1.0,0.994871
2010,2010-06-21T05:00:00+01:00,G,30,Portugal,North Korea,7,0,0.701267,0.223377,0.075355,1.6963,0.3779,0.740053,0.182556,0.077391,0.040821,home,home,False,-0.038786,0.040821,-0.002035,2,0,2-0,1.130877,0.006808,1,0,1-0,1.124069,1,2.0,0.0,2-0,1.19388,0.007187,1.0,1-0,1.0,0.0,1.186693,2.0,0.0,2-0,1.190751,0.007169,1.0,1-0,1.0,0.0,1.183583,2.0,0.0,2-0,1.187623,0.00715,1.0,1-0,1.0,0.0,1.180473,2.0,0.0,2-0,1.184494,0.007131,1.0,1-0,1.0,0.0,1.177364,2.0,0.0,2-0,1.181366,0.007112,1.0,1-0,1.0,0.0,1.174254,2.0,0.0,2-0,1.178237,0.007093,1.0,1-0,1.0,0.0,1.171144,2.0,0.0,2-0,1.175109,0.007074,1.0,1-0,1.0,0.0,1.168034,2.0,0.0,2-0,1.17198,0.007056,1.0,1-0,1.0,0.0,1.164925,2.0,0.0,2-0,1.168852,0.007037,1.0,1-0,1.0,0.0,1.161815,2.0,0.0,2-0,1.165723,0.007018,1.0,1-0,1.0,0.0,1.158705,2.0,0.0,2-0,1.162595,0.006999,1.0,1-0,1.0,0.0,1.155596,2.0,0.0,2-0,1.159466,0.00698,1.0,1-0,1.0,0.0,1.152486,2.0,0.0,2-0,1.156338,0.006961,1.0,1-0,1.0,0.0,1.149376,2.0,0.0,2-0,1.153209,0.006943,1.0,1-0,1.0,0.0,1.146267,2.0,0.0,2-0,1.150081,0.006924,1.0,1-0,1.0,0.0,1.143157,2.0,0.0,2-0,1.146952,0.006905,1.0,1-0,1.0,0.0,1.140047,2.0,0.0,2-0,1.143824,0.006886,1.0,1-0,1.0,0.0,1.136938,2.0,0.0,2-0,1.140695,0.006867,1.0,1-0,1.0,0.0,1.133828,2.0,0.0,2-0,1.137567,0.006848,1.0,1-0,1.0,0.0,1.130718,2.0,0.0,2-0,1.134438,0.00683,1.0,1-0,1.0,0.0,1.127609,2.0,0.0,2-0,1.13131,0.006811,1.0,1-0,1.0,0.0,1.124499
2010,2010-06-21T08:00:00+01:00,G,31,Chile,Switzerland,1,0,0.388439,0.306314,0.305247,1.115,0.9537,0.451896,0.294549,0.253556,0.063456,home,home,False,-0.063456,0.011766,0.051691,1,0,1-0,0.664827,0.044416,2,0,2-0,0.620411,3,1.0,0.0,1-0,0.773457,0.051673,3.0,2-0,2.0,0.0,0.721784,1.0,0.0,1-0,0.768026,0.05131,3.0,2-0,2.0,0.0,0.716716,1.0,0.0,1-0,0.762596,0.050947,3.0,2-0,2.0,0.0,0.711648,1.0,0.0,1-0,0.757165,0.050585,3.0,2-0,2.0,0.0,0.706581,1.0,0.0,1-0,0.751735,0.050222,3.0,2-0,2.0,0.0,0.701513,1.0,0.0,1-0,0.746304,0.049859,3.0,2-0,2.0,0.0,0.696445,1.0,0.0,1-0,0.740874,0.049496,3.0,2-0,2.0,0.0,0.691378,1.0,0.0,1-0,0.735443,0.049133,3.0,2-0,2.0,0.0,0.68631,1.0,0.0,1-0,0.730013,0.048771,3.0,2-0,2.0,0.0,0.681242,1.0,0.0,1-0,0.724582,0.048408,3.0,2-0,2.0,0.0,0.676174,1.0,0.0,1-0,0.719152,0.048045,3.0,2-0,2.0,0.0,0.671107,1.0,0.0,1-0,0.713721,0.047682,3.0,2-0,2.0,0.0,0.666039,1.0,0.0,1-0,0.70829,0.047319,3.0,2-0,2.0,0.0,0.660971,1.0,0.0,1-0,0.70286,0.046957,3.0,2-0,2.0,0.0,0.655903,1.0,0.0,1-0,0.697429,0.046594,3.0,2-0,2.0,0.0,0.650836,1.0,0.0,1-0,0.691999,0.046231,3.0,2-0,2.0,0.0,0.645768,1.0,0.0,1-0,0.686568,0.045868,3.0,2-0,2.0,0.0,0.6407,1.0,0.0,1-0,0.681138,0.045505,3.0,2-0,2.0,0.0,0.635632,1.0,0.0,1-0,0.675707,0.045143,3.0,2-0,2.0,0.0,0.630565,1.0,0.0,1-0,0.670277,0.04478,3.0,2-0,2.0,0.0,0.625497,1.0,0.0,1-0,0.664846,0.044417,3.0,2-0,2.0,0.0,0.620429
2010,2010-06-21T12:00:00+01:00,G,32,Spain,Honduras,2,0,0.659734,0.210335,0.129931,1.9584,0.7358,0.858777,0.110062,0.031161,0.199043,home,home,False,-0.199043,0.100273,0.09877,2,0,2-0,1.013728,0.034243,2,1,2-1,0.979485,3,2.0,0.0,2-0,1.320842,0.044617,3.0,2-1,2.0,1.0,1.276225,2.0,0.0,2-0,1.305535,0.0441,3.0,2-1,2.0,1.0,1.261435,2.0,0.0,2-0,1.290228,0.043583,3.0,2-1,2.0,1.0,1.246645,2.0,0.0,2-0,1.274921,0.043066,3.0,2-1,2.0,1.0,1.231855,2.0,0.0,2-0,1.259615,0.042549,3.0,2-1,2.0,1.0,1.217066,2.0,0.0,2-0,1.244308,0.042032,3.0,2-1,2.0,1.0,1.202276,2.0,0.0,2-0,1.229001,0.041515,3.0,2-1,2.0,1.0,1.187486,2.0,0.0,2-0,1.213694,0.040998,3.0,2-1,2.0,1.0,1.172696,2.0,0.0,2-0,1.198387,0.040481,3.0,2-1,2.0,1.0,1.157906,2.0,0.0,2-0,1.18308,0.039964,3.0,2-1,2.0,1.0,1.143117,2.0,0.0,2-0,1.167773,0.039447,3.0,2-1,2.0,1.0,1.128327,2.0,0.0,2-0,1.152466,0.03893,3.0,2-1,2.0,1.0,1.113537,2.0,0.0,2-0,1.137159,0.038412,3.0,2-1,2.0,1.0,1.098747,2.0,0.0,2-0,1.121853,0.037895,3.0,2-1,2.0,1.0,1.083957,2.0,0.0,2-0,1.106546,0.037378,3.0,2-1,2.0,1.0,1.069167,2.0,0.0,2-0,1.091239,0.036861,3.0,2-1,2.0,1.0,1.054378,2.0,0.0,2-0,1.075932,0.036344,3.0,2-1,2.0,1.0,1.039588,2.0,0.0,2-0,1.060625,0.035827,3.0,2-1,2.0,1.0,1.024798,2.0,0.0,2-0,1.045318,0.03531,3.0,2-1,2.0,1.0,1.010008,2.0,0.0,2-0,1.030011,0.034793,3.0,2-1,2.0,1.0,0.995218,2.0,0.0,2-0,1.014704,0.034276,3.0,2-1,2.0,1.0,0.980428
2010,2010-06-22T08:00:00+01:00,G,33,Mexico,Uruguay,0,1,0.41239,0.27077,0.31684,1.3728,1.1704,0.285868,0.428477,0.285655,0.157707,home,draw,True,0.126521,-0.157707,0.031186,2,1,2-1,0.659819,0.012621,2,0,2-0,0.647198,0,1.0,1.0,1-1,0.836272,0.150969,0.0,0-0,0.0,0.0,0.685303,1.0,1.0,1-1,0.820882,0.14819,0.0,0-0,0.0,0.0,0.672692,1.0,1.0,1-1,0.805492,0.145412,0.0,0-0,0.0,0.0,0.66008,1.0,1.0,1-1,0.790102,0.142634,0.0,0-0,0.0,0.0,0.647468,1.0,1.0,1-1,0.774712,0.139855,0.0,0-0,0.0,0.0,0.634856,1.0,1.0,1-1,0.759321,0.137077,0.0,0-0,0.0,0.0,0.622244,1.0,1.0,1-1,0.743931,0.134299,0.0,0-0,0.0,0.0,0.609633,1.0,1.0,1-1,0.728541,0.13152,0.0,0-0,0.0,0.0,0.597021,1.0,1.0,1-1,0.713151,0.128742,0.0,0-0,0.0,0.0,0.584409,1.0,1.0,1-1,0.697761,0.125964,0.0,0-0,0.0,0.0,0.571797,1.0,1.0,1-1,0.682371,0.123185,0.0,0-0,0.0,0.0,0.559185,1.0,1.0,1-1,0.666981,0.098186,0.0,2-1,2.0,1.0,0.568795,1.0,1.0,1-1,0.651591,0.072673,0.0,2-1,2.0,1.0,0.578918,1.0,1.0,1-1,0.636201,0.04716,0.0,2-1,2.0,1.0,0.589041,1.0,1.0,1-1,0.620811,0.021647,0.0,2-1,2.0,1.0,0.599164,2.0,1.0,2-1,0.609287,0.003866,0.0,1-1,1.0,1.0,0.605421,2.0,1.0,2-1,0.61941,0.011848,0.0,2-0,2.0,0.0,0.607562,2.0,1.0,2-1,0.629533,0.012042,0.0,2-0,2.0,0.0,0.617491,2.0,1.0,2-1,0.639656,0.012235,0.0,2-0,2.0,0.0,0.62742,2.0,1.0,2-1,0.649778,0.012429,0.0,2-0,2.0,0.0,0.63735,2.0,1.0,2-1,0.659901,0.012622,0.0,2-0,2.0,0.0,0.647279
2010,2010-06-22T08:00:00+01:00,G,34,France,South Africa,1,2,0.607473,0.265922,0.126605,1.4771,0.5176,0.47118,0.276,0.25282,0.136293,home,home,False,0.136293,-0.010078,-0.126215,1,0,1-0,1.005147,0.024101,2,0,2-0,0.981046,0,1.0,0.0,1-0,0.77975,0.018696,0.0,2-0,2.0,0.0,0.761054,1.0,0.0,1-0,0.791028,0.018967,0.0,2-0,2.0,0.0,0.772061,1.0,0.0,1-0,0.802305,0.019237,0.0,2-0,2.0,0.0,0.783068,1.0,0.0,1-0,0.813583,0.019507,0.0,2-0,2.0,0.0,0.794075,1.0,0.0,1-0,0.82486,0.019778,0.0,2-0,2.0,0.0,0.805082,1.0,0.0,1-0,0.836138,0.020048,0.0,2-0,2.0,0.0,0.816089,1.0,0.0,1-0,0.847415,0.020319,0.0,2-0,2.0,0.0,0.827096,1.0,0.0,1-0,0.858693,0.020589,0.0,2-0,2.0,0.0,0.838104,1.0,0.0,1-0,0.86997,0.02086,0.0,2-0,2.0,0.0,0.849111,1.0,0.0,1-0,0.881248,0.02113,0.0,2-0,2.0,0.0,0.860118,1.0,0.0,1-0,0.892525,0.0214,0.0,2-0,2.0,0.0,0.871125,1.0,0.0,1-0,0.903803,0.021671,0.0,2-0,2.0,0.0,0.882132,1.0,0.0,1-0,0.91508,0.021941,0.0,2-0,2.0,0.0,0.893139,1.0,0.0,1-0,0.926358,0.022212,0.0,2-0,2.0,0.0,0.904146,1.0,0.0,1-0,0.937635,0.022482,0.0,2-0,2.0,0.0,0.915153,1.0,0.0,1-0,0.948913,0.022752,0.0,2-0,2.0,0.0,0.92616,1.0,0.0,1-0,0.96019,0.023023,0.0,2-0,2.0,0.0,0.937168,1.0,0.0,1-0,0.971468,0.023293,0.0,2-0,2.0,0.0,0.948175,1.0,0.0,1-0,0.982745,0.023564,0.0,2-0,2.0,0.0,0.959182,1.0,0.0,1-0,0.994023,0.023834,0.0,2-0,2.0,0.0,0.970189,1.0,0.0,1-0,1.0053,0.024104,0.0,2-0,2.0,0.0,0.981196
2010,2010-06-22T12:00:00+01:00,G,35,Nigeria,South Korea,2,2,0.365032,0.365679,0.269289,0.8489,0.6841,0.343206,0.28866,0.368134,0.098845,draw,away,True,0.021827,0.077018,-0.098845,0,0,0-0,0.802435,0.075875,1,0,1-0,0.726561,1,0.0,1.0,0-1,0.765071,0.081952,0.0,1-0,1.0,0.0,0.68312,0.0,1.0,0-1,0.7548,0.069508,0.0,1-0,1.0,0.0,0.685292,0.0,1.0,0-1,0.744529,0.057065,0.0,1-0,1.0,0.0,0.687464,0.0,1.0,0-1,0.734258,0.044622,0.0,1-0,1.0,0.0,0.689636,0.0,1.0,0-1,0.723987,0.032178,0.0,1-0,1.0,0.0,0.691808,0.0,1.0,0-1,0.713716,0.019735,0.0,1-0,1.0,0.0,0.693981,0.0,1.0,0-1,0.703444,0.007292,0.0,1-0,1.0,0.0,0.696153,1.0,0.0,1-0,0.698325,0.005152,0.0,0-1,0.0,1.0,0.693173,0.0,0.0,0-0,0.701034,0.000537,1.0,1-0,1.0,0.0,0.700497,0.0,0.0,0-0,0.709484,0.006815,1.0,1-0,1.0,0.0,0.702669,0.0,0.0,0-0,0.717935,0.013093,1.0,1-0,1.0,0.0,0.704842,0.0,0.0,0-0,0.726385,0.019371,1.0,1-0,1.0,0.0,0.707014,0.0,0.0,0-0,0.734836,0.02565,1.0,1-0,1.0,0.0,0.709186,0.0,0.0,0-0,0.743286,0.031928,1.0,1-0,1.0,0.0,0.711358,0.0,0.0,0-0,0.751736,0.038206,1.0,1-0,1.0,0.0,0.71353,0.0,0.0,0-0,0.760187,0.044484,1.0,1-0,1.0,0.0,0.715703,0.0,0.0,0-0,0.768637,0.050762,1.0,1-0,1.0,0.0,0.717875,0.0,0.0,0-0,0.777087,0.05704,1.0,1-0,1.0,0.0,0.720047,0.0,0.0,0-0,0.785538,0.063319,1.0,1-0,1.0,0.0,0.722219,0.0,0.0,0-0,0.793988,0.069597,1.0,1-0,1.0,0.0,0.724391,0.0,0.0,0-0,0.802438,0.075875,1.0,1-0,1.0,0.0,0.726564
2010,2010-06-22T12:00:00+01:00,G,36,Greece,Argentina,0,2,0.14665,0.228216,0.625134,0.743,1.8063,0.112474,0.226831,0.660695,0.035561,away,away,False,0.034175,0.001386,-0.035561,0,2,0-2,0.97441,0.032752,1,2,1-2,0.941658,3,0.0,2.0,0-2,1.030432,0.034635,3.0,1-2,1.0,2.0,0.995798,0.0,2.0,0-2,1.027659,0.034541,3.0,1-2,1.0,2.0,0.993118,0.0,2.0,0-2,1.024886,0.034448,3.0,1-2,1.0,2.0,0.990438,0.0,2.0,0-2,1.022113,0.034355,3.0,1-2,1.0,2.0,0.987758,0.0,2.0,0-2,1.01934,0.034262,3.0,1-2,1.0,2.0,0.985078,0.0,2.0,0-2,1.016567,0.034169,3.0,1-2,1.0,2.0,0.982398,0.0,2.0,0-2,1.013794,0.034075,3.0,1-2,1.0,2.0,0.979719,0.0,2.0,0-2,1.011021,0.033982,3.0,1-2,1.0,2.0,0.977039,0.0,2.0,0-2,1.008248,0.033889,3.0,1-2,1.0,2.0,0.974359,0.0,2.0,0-2,1.005475,0.033796,3.0,1-2,1.0,2.0,0.971679,0.0,2.0,0-2,1.002702,0.033703,3.0,1-2,1.0,2.0,0.968999,0.0,2.0,0-2,0.999928,0.033609,3.0,1-2,1.0,2.0,0.966319,0.0,2.0,0-2,0.997155,0.033516,3.0,1-2,1.0,2.0,0.963639,0.0,2.0,0-2,0.994382,0.033423,3.0,1-2,1.0,2.0,0.960959,0.0,2.0,0-2,0.991609,0.03333,3.0,1-2,1.0,2.0,0.95828,0.0,2.0,0-2,0.988836,0.033236,3.0,1-2,1.0,2.0,0.9556,0.0,2.0,0-2,0.986063,0.033143,3.0,1-2,1.0,2.0,0.95292,0.0,2.0,0-2,0.98329,0.03305,3.0,1-2,1.0,2.0,0.95024,0.0,2.0,0-2,0.980517,0.032957,3.0,1-2,1.0,2.0,0.94756,0.0,2.0,0-2,0.977744,0.032864,3.0,1-2,1.0,2.0,0.94488,0.0,2.0,0-2,0.974971,0.03277,3.0,1-2,1.0,2.0,0.9422
2010,2010-06-23T08:00:00+01:00,G,37,Slovenia,England,0,1,0.116797,0.220809,0.662394,0.6127,1.8189,0.104888,0.209689,0.685423,0.023029,away,away,False,0.011909,0.01112,-0.023029,0,2,0-2,1.041868,0.056305,1,2,1-2,0.985563,1,0.0,2.0,0-2,1.078739,0.058297,1.0,1-2,1.0,2.0,1.020442,0.0,2.0,0-2,1.076927,0.058199,1.0,1-2,1.0,2.0,1.018727,0.0,2.0,0-2,1.075114,0.058101,1.0,1-2,1.0,2.0,1.017013,0.0,2.0,0-2,1.073302,0.058003,1.0,1-2,1.0,2.0,1.015299,0.0,2.0,0-2,1.07149,0.057905,1.0,1-2,1.0,2.0,1.013584,0.0,2.0,0-2,1.069678,0.057808,1.0,1-2,1.0,2.0,1.01187,0.0,2.0,0-2,1.067865,0.05771,1.0,1-2,1.0,2.0,1.010156,0.0,2.0,0-2,1.066053,0.057612,1.0,1-2,1.0,2.0,1.008442,0.0,2.0,0-2,1.064241,0.057514,1.0,1-2,1.0,2.0,1.006727,0.0,2.0,0-2,1.062429,0.057416,1.0,1-2,1.0,2.0,1.005013,0.0,2.0,0-2,1.060617,0.057318,1.0,1-2,1.0,2.0,1.003299,0.0,2.0,0-2,1.058804,0.05722,1.0,1-2,1.0,2.0,1.001584,0.0,2.0,0-2,1.056992,0.057122,1.0,1-2,1.0,2.0,0.99987,0.0,2.0,0-2,1.05518,0.057024,1.0,1-2,1.0,2.0,0.998156,0.0,2.0,0-2,1.053368,0.056926,1.0,1-2,1.0,2.0,0.996442,0.0,2.0,0-2,1.051556,0.056828,1.0,1-2,1.0,2.0,0.994727,0.0,2.0,0-2,1.049743,0.05673,1.0,1-2,1.0,2.0,0.993013,0.0,2.0,0-2,1.047931,0.056632,1.0,1-2,1.0,2.0,0.991299,0.0,2.0,0-2,1.046119,0.056534,1.0,1-2,1.0,2.0,0.989585,0.0,2.0,0-2,1.044307,0.056436,1.0,1-2,1.0,2.0,0.98787,0.0,2.0,0-2,1.042494,0.056338,1.0,1-2,1.0,2.0,0.986156
2010,2010-06-23T08:00:00+01:00,G,38,United States,Algeria,1,0,0.599849,0.240784,0.159367,1.7037,0.7494,0.527069,0.265701,0.20723,0.07278,home,home,False,0.07278,-0.024917,-0.047863,2,0,2-0,0.942887,0.031295,2,1,2-1,0.911593,1,2.0,0.0,2-0,0.828813,0.027509,1.0,2-1,2.0,1.0,0.801304,2.0,0.0,2-0,0.834535,0.027699,1.0,2-1,2.0,1.0,0.806836,2.0,0.0,2-0,0.840257,0.027888,1.0,2-1,2.0,1.0,0.812369,2.0,0.0,2-0,0.84598,0.028078,1.0,2-1,2.0,1.0,0.817901,2.0,0.0,2-0,0.851702,0.028268,1.0,2-1,2.0,1.0,0.823434,2.0,0.0,2-0,0.857424,0.028458,1.0,2-1,2.0,1.0,0.828966,2.0,0.0,2-0,0.863147,0.028648,1.0,2-1,2.0,1.0,0.834498,2.0,0.0,2-0,0.868869,0.028838,1.0,2-1,2.0,1.0,0.840031,2.0,0.0,2-0,0.874591,0.029028,1.0,2-1,2.0,1.0,0.845563,2.0,0.0,2-0,0.880314,0.029218,1.0,2-1,2.0,1.0,0.851096,2.0,0.0,2-0,0.886036,0.029408,1.0,2-1,2.0,1.0,0.856628,2.0,0.0,2-0,0.891758,0.029598,1.0,2-1,2.0,1.0,0.862161,2.0,0.0,2-0,0.897481,0.029788,1.0,2-1,2.0,1.0,0.867693,2.0,0.0,2-0,0.903203,0.029978,1.0,2-1,2.0,1.0,0.873225,2.0,0.0,2-0,0.908925,0.030168,1.0,2-1,2.0,1.0,0.878758,2.0,0.0,2-0,0.914648,0.030358,1.0,2-1,2.0,1.0,0.88429,2.0,0.0,2-0,0.92037,0.030547,1.0,2-1,2.0,1.0,0.889823,2.0,0.0,2-0,0.926093,0.030737,1.0,2-1,2.0,1.0,0.895355,2.0,0.0,2-0,0.931815,0.030927,1.0,2-1,2.0,1.0,0.900888,2.0,0.0,2-0,0.937537,0.031117,1.0,2-1,2.0,1.0,0.90642,2.0,0.0,2-0,0.94326,0.031307,1.0,2-1,2.0,1.0,0.911952
2010,2010-06-23T12:00:00+01:00,G,39,Ghana,Germany,0,1,0.175384,0.23821,0.586407,0.838,1.7443,0.127249,0.223771,0.64898,0.062574,away,away,False,0.048135,0.014439,-0.062574,0,2,0-2,0.912529,0.01863,1,2,1-2,0.893899,1,0.0,2.0,0-2,1.010368,0.020628,1.0,1-2,1.0,2.0,0.989741,0.0,2.0,0-2,1.005497,0.020528,1.0,1-2,1.0,2.0,0.984969,0.0,2.0,0-2,1.000626,0.020429,1.0,1-2,1.0,2.0,0.980198,0.0,2.0,0-2,0.995755,0.020329,1.0,1-2,1.0,2.0,0.975426,0.0,2.0,0-2,0.990884,0.02023,1.0,1-2,1.0,2.0,0.970655,0.0,2.0,0-2,0.986014,0.02013,1.0,1-2,1.0,2.0,0.965883,0.0,2.0,0-2,0.981143,0.020031,1.0,1-2,1.0,2.0,0.961112,0.0,2.0,0-2,0.976272,0.019931,1.0,1-2,1.0,2.0,0.95634,0.0,2.0,0-2,0.971401,0.019832,1.0,1-2,1.0,2.0,0.951569,0.0,2.0,0-2,0.96653,0.019733,1.0,1-2,1.0,2.0,0.946797,0.0,2.0,0-2,0.961659,0.019633,1.0,1-2,1.0,2.0,0.942026,0.0,2.0,0-2,0.956788,0.019534,1.0,1-2,1.0,2.0,0.937254,0.0,2.0,0-2,0.951917,0.019434,1.0,1-2,1.0,2.0,0.932483,0.0,2.0,0-2,0.947046,0.019335,1.0,1-2,1.0,2.0,0.927712,0.0,2.0,0-2,0.942175,0.019235,1.0,1-2,1.0,2.0,0.92294,0.0,2.0,0-2,0.937305,0.019136,1.0,1-2,1.0,2.0,0.918169,0.0,2.0,0-2,0.932434,0.019036,1.0,1-2,1.0,2.0,0.913397,0.0,2.0,0-2,0.927563,0.018937,1.0,1-2,1.0,2.0,0.908626,0.0,2.0,0-2,0.922692,0.018838,1.0,1-2,1.0,2.0,0.903854,0.0,2.0,0-2,0.917821,0.018738,1.0,1-2,1.0,2.0,0.899083,0.0,2.0,0-2,0.91295,0.018639,1.0,1-2,1.0,2.0,0.894311
2010,2010-06-23T12:00:00+01:00,G,40,Australia,Serbia,2,1,0.310297,0.286492,0.403211,1.0614,1.2503,0.223591,0.266429,0.509979,0.106768,away,away,False,0.086705,0.020063,-0.106768,0,1,0-1,0.645727,0.000678,1,2,1-2,0.645049,0,0.0,1.0,0-1,0.816764,0.000857,0.0,1-2,1.0,2.0,0.815907,0.0,1.0,0-1,0.808214,0.000848,0.0,1-2,1.0,2.0,0.807366,0.0,1.0,0-1,0.799664,0.000839,0.0,1-2,1.0,2.0,0.798825,0.0,1.0,0-1,0.791115,0.00083,0.0,1-2,1.0,2.0,0.790285,0.0,1.0,0-1,0.782565,0.000821,0.0,1-2,1.0,2.0,0.781744,0.0,1.0,0-1,0.774015,0.000812,0.0,1-2,1.0,2.0,0.773203,0.0,1.0,0-1,0.765465,0.000803,0.0,1-2,1.0,2.0,0.764662,0.0,1.0,0-1,0.756916,0.000794,0.0,1-2,1.0,2.0,0.756121,0.0,1.0,0-1,0.748366,0.000785,0.0,1-2,1.0,2.0,0.747581,0.0,1.0,0-1,0.739816,0.000776,0.0,1-2,1.0,2.0,0.73904,0.0,1.0,0-1,0.731266,0.000767,0.0,1-2,1.0,2.0,0.730499,0.0,1.0,0-1,0.722716,0.000758,0.0,1-2,1.0,2.0,0.721958,0.0,1.0,0-1,0.714167,0.000749,0.0,1-2,1.0,2.0,0.713417,0.0,1.0,0-1,0.705617,0.00074,0.0,1-2,1.0,2.0,0.704877,0.0,1.0,0-1,0.697067,0.000731,0.0,1-2,1.0,2.0,0.696336,0.0,1.0,0-1,0.688517,0.000722,0.0,1-2,1.0,2.0,0.687795,0.0,1.0,0-1,0.679968,0.000713,0.0,1-2,1.0,2.0,0.679254,0.0,1.0,0-1,0.671418,0.000704,0.0,1-2,1.0,2.0,0.670713,0.0,1.0,0-1,0.662868,0.000696,0.0,1-2,1.0,2.0,0.662173,0.0,1.0,0-1,0.654318,0.000687,0.0,1-2,1.0,2.0,0.653632,0.0,1.0,0-1,0.645769,0.000678,0.0,1-2,1.0,2.0,0.645091
2010,2010-06-24T12:00:00+01:00,G,41,Denmark,Japan,1,3,0.461131,0.277568,0.261301,1.3821,0.9704,0.433642,0.285424,0.280934,0.02749,home,home,False,0.02749,-0.007856,-0.019634,2,0,2-0,0.730971,0.002692,2,1,2-1,0.728279,0,2.0,0.0,2-0,0.687468,0.002532,0.0,2-1,2.0,1.0,0.684937,2.0,0.0,2-0,0.689647,0.00254,0.0,2-1,2.0,1.0,0.687108,2.0,0.0,2-0,0.691826,0.002548,0.0,2-1,2.0,1.0,0.689279,2.0,0.0,2-0,0.694005,0.002556,0.0,2-1,2.0,1.0,0.69145,2.0,0.0,2-0,0.696184,0.002564,0.0,2-1,2.0,1.0,0.693621,2.0,0.0,2-0,0.698363,0.002572,0.0,2-1,2.0,1.0,0.695791,2.0,0.0,2-0,0.700542,0.00258,0.0,2-1,2.0,1.0,0.697962,2.0,0.0,2-0,0.702721,0.002588,0.0,2-1,2.0,1.0,0.700133,2.0,0.0,2-0,0.7049,0.002596,0.0,2-1,2.0,1.0,0.702304,2.0,0.0,2-0,0.707079,0.002604,0.0,2-1,2.0,1.0,0.704475,2.0,0.0,2-0,0.709259,0.002612,0.0,2-1,2.0,1.0,0.706646,2.0,0.0,2-0,0.711438,0.00262,0.0,2-1,2.0,1.0,0.708817,2.0,0.0,2-0,0.713617,0.002628,0.0,2-1,2.0,1.0,0.710988,2.0,0.0,2-0,0.715796,0.002636,0.0,2-1,2.0,1.0,0.713159,2.0,0.0,2-0,0.717975,0.002644,0.0,2-1,2.0,1.0,0.71533,2.0,0.0,2-0,0.720154,0.002652,0.0,2-1,2.0,1.0,0.717501,2.0,0.0,2-0,0.722333,0.00266,0.0,2-1,2.0,1.0,0.719672,2.0,0.0,2-0,0.724512,0.002668,0.0,2-1,2.0,1.0,0.721843,2.0,0.0,2-0,0.726691,0.002676,0.0,2-1,2.0,1.0,0.724014,2.0,0.0,2-0,0.72887,0.002684,0.0,2-1,2.0,1.0,0.726185,2.0,0.0,2-0,0.731049,0.002692,0.0,2-1,2.0,1.0,0.728356
2010,2010-06-24T12:00:00+01:00,G,42,Cameroon,Netherlands,1,2,0.150658,0.242102,0.60724,0.7023,1.6823,0.178335,0.246191,0.575474,0.031766,away,away,False,-0.027677,-0.004089,0.031766,0,2,0-2,0.959303,0.03881,1,2,1-2,0.920493,2,0.0,2.0,0-2,0.90945,0.036793,2.0,1-2,1.0,2.0,0.872657,0.0,2.0,0-2,0.91196,0.036894,2.0,1-2,1.0,2.0,0.875066,0.0,2.0,0-2,0.91447,0.036996,2.0,1-2,1.0,2.0,0.877474,0.0,2.0,0-2,0.91698,0.037097,2.0,1-2,1.0,2.0,0.879883,0.0,2.0,0-2,0.91949,0.037199,2.0,1-2,1.0,2.0,0.882291,0.0,2.0,0-2,0.922,0.037301,2.0,1-2,1.0,2.0,0.8847,0.0,2.0,0-2,0.92451,0.037402,2.0,1-2,1.0,2.0,0.887108,0.0,2.0,0-2,0.92702,0.037504,2.0,1-2,1.0,2.0,0.889517,0.0,2.0,0-2,0.92953,0.037605,2.0,1-2,1.0,2.0,0.891925,0.0,2.0,0-2,0.932041,0.037707,2.0,1-2,1.0,2.0,0.894334,0.0,2.0,0-2,0.934551,0.037808,2.0,1-2,1.0,2.0,0.896742,0.0,2.0,0-2,0.937061,0.03791,2.0,1-2,1.0,2.0,0.899151,0.0,2.0,0-2,0.939571,0.038011,2.0,1-2,1.0,2.0,0.901559,0.0,2.0,0-2,0.942081,0.038113,2.0,1-2,1.0,2.0,0.903968,0.0,2.0,0-2,0.944591,0.038214,2.0,1-2,1.0,2.0,0.906376,0.0,2.0,0-2,0.947101,0.038316,2.0,1-2,1.0,2.0,0.908785,0.0,2.0,0-2,0.949611,0.038418,2.0,1-2,1.0,2.0,0.911193,0.0,2.0,0-2,0.952121,0.038519,2.0,1-2,1.0,2.0,0.913602,0.0,2.0,0-2,0.954631,0.038621,2.0,1-2,1.0,2.0,0.91601,0.0,2.0,0-2,0.957141,0.038722,2.0,1-2,1.0,2.0,0.918419,0.0,2.0,0-2,0.959651,0.038824,2.0,1-2,1.0,2.0,0.920827
2010,2010-06-24T08:00:00+01:00,G,43,Slovakia,Italy,3,2,0.188116,0.253581,0.558302,0.8201,1.6089,0.132601,0.250465,0.616934,0.058631,away,away,False,0.055515,0.003116,-0.058631,0,2,0-2,0.879798,0.020514,1,2,1-2,0.859284,0,0.0,2.0,0-2,0.972457,0.022674,0.0,1-2,1.0,2.0,0.949783,0.0,2.0,0-2,0.967836,0.022567,0.0,1-2,1.0,2.0,0.94527,0.0,2.0,0-2,0.963215,0.022459,0.0,1-2,1.0,2.0,0.940756,0.0,2.0,0-2,0.958594,0.022351,0.0,1-2,1.0,2.0,0.936243,0.0,2.0,0-2,0.953973,0.022243,0.0,1-2,1.0,2.0,0.93173,0.0,2.0,0-2,0.949352,0.022136,0.0,1-2,1.0,2.0,0.927217,0.0,2.0,0-2,0.944731,0.022028,0.0,1-2,1.0,2.0,0.922704,0.0,2.0,0-2,0.94011,0.02192,0.0,1-2,1.0,2.0,0.91819,0.0,2.0,0-2,0.935489,0.021812,0.0,1-2,1.0,2.0,0.913677,0.0,2.0,0-2,0.930868,0.021705,0.0,1-2,1.0,2.0,0.909164,0.0,2.0,0-2,0.926248,0.021597,0.0,1-2,1.0,2.0,0.904651,0.0,2.0,0-2,0.921627,0.021489,0.0,1-2,1.0,2.0,0.900137,0.0,2.0,0-2,0.917006,0.021381,0.0,1-2,1.0,2.0,0.895624,0.0,2.0,0-2,0.912385,0.021274,0.0,1-2,1.0,2.0,0.891111,0.0,2.0,0-2,0.907764,0.021166,0.0,1-2,1.0,2.0,0.886598,0.0,2.0,0-2,0.903143,0.021058,0.0,1-2,1.0,2.0,0.882085,0.0,2.0,0-2,0.898522,0.02095,0.0,1-2,1.0,2.0,0.877571,0.0,2.0,0-2,0.893901,0.020843,0.0,1-2,1.0,2.0,0.873058,0.0,2.0,0-2,0.88928,0.020735,0.0,1-2,1.0,2.0,0.868545,0.0,2.0,0-2,0.884659,0.020627,0.0,1-2,1.0,2.0,0.864032,0.0,2.0,0-2,0.880038,0.020519,0.0,1-2,1.0,2.0,0.859519
2010,2010-06-24T08:00:00+01:00,G,44,Paraguay,New Zealand,0,0,0.77337,0.165028,0.061602,2.1841,0.4524,0.70344,0.210316,0.086244,0.06993,home,home,False,0.06993,-0.045288,-0.024641,2,0,2-0,1.190788,0.093535,2,1,2-1,1.097254,0,2.0,0.0,2-0,1.085168,0.085238,0.0,2-1,2.0,1.0,0.99993,2.0,0.0,2-0,1.090562,0.085662,0.0,2-1,2.0,1.0,1.0049,2.0,0.0,2-0,1.095956,0.086086,0.0,2-1,2.0,1.0,1.00987,2.0,0.0,2-0,1.10135,0.086509,0.0,2-1,2.0,1.0,1.01484,2.0,0.0,2-0,1.106744,0.086933,0.0,2-1,2.0,1.0,1.019811,2.0,0.0,2-0,1.112137,0.087357,0.0,2-1,2.0,1.0,1.024781,2.0,0.0,2-0,1.117531,0.08778,0.0,2-1,2.0,1.0,1.029751,2.0,0.0,2-0,1.122925,0.088204,0.0,2-1,2.0,1.0,1.034721,2.0,0.0,2-0,1.128319,0.088628,0.0,2-1,2.0,1.0,1.039691,2.0,0.0,2-0,1.133713,0.089052,0.0,2-1,2.0,1.0,1.044661,2.0,0.0,2-0,1.139107,0.089475,0.0,2-1,2.0,1.0,1.049632,2.0,0.0,2-0,1.144501,0.089899,0.0,2-1,2.0,1.0,1.054602,2.0,0.0,2-0,1.149895,0.090323,0.0,2-1,2.0,1.0,1.059572,2.0,0.0,2-0,1.155288,0.090746,0.0,2-1,2.0,1.0,1.064542,2.0,0.0,2-0,1.160682,0.09117,0.0,2-1,2.0,1.0,1.069512,2.0,0.0,2-0,1.166076,0.091594,0.0,2-1,2.0,1.0,1.074483,2.0,0.0,2-0,1.17147,0.092017,0.0,2-1,2.0,1.0,1.079453,2.0,0.0,2-0,1.176864,0.092441,0.0,2-1,2.0,1.0,1.084423,2.0,0.0,2-0,1.182258,0.092865,0.0,2-1,2.0,1.0,1.089393,2.0,0.0,2-0,1.187652,0.093288,0.0,2-1,2.0,1.0,1.094363,2.0,0.0,2-0,1.193046,0.093712,0.0,2-1,2.0,1.0,1.099334
2010,2010-06-25T08:00:00+01:00,G,45,Portugal,Brazil,0,0,0.205251,0.259497,0.535252,0.8622,1.5604,0.25498,0.312275,0.432745,0.102507,away,away,False,-0.049729,-0.052778,0.102507,0,2,0-2,0.844173,0.014876,1,2,1-2,0.829298,0,0.0,2.0,0-2,0.682657,0.01203,0.0,1-2,1.0,2.0,0.670627,0.0,2.0,0-2,0.690742,0.012172,0.0,1-2,1.0,2.0,0.67857,0.0,2.0,0-2,0.698827,0.012314,0.0,1-2,1.0,2.0,0.686513,0.0,2.0,0-2,0.706913,0.012457,0.0,1-2,1.0,2.0,0.694456,0.0,2.0,0-2,0.714998,0.012599,0.0,1-2,1.0,2.0,0.702398,0.0,2.0,0-2,0.723083,0.012742,0.0,1-2,1.0,2.0,0.710341,0.0,2.0,0-2,0.731168,0.012884,0.0,1-2,1.0,2.0,0.718284,0.0,2.0,0-2,0.739254,0.013027,0.0,1-2,1.0,2.0,0.726227,0.0,2.0,0-2,0.747339,0.013169,0.0,1-2,1.0,2.0,0.73417,0.0,2.0,0-2,0.755424,0.013312,0.0,1-2,1.0,2.0,0.742113,0.0,2.0,0-2,0.76351,0.013454,0.0,1-2,1.0,2.0,0.750055,0.0,2.0,0-2,0.771595,0.013597,0.0,1-2,1.0,2.0,0.757998,0.0,2.0,0-2,0.77968,0.013739,0.0,1-2,1.0,2.0,0.765941,0.0,2.0,0-2,0.787766,0.013882,0.0,1-2,1.0,2.0,0.773884,0.0,2.0,0-2,0.795851,0.014024,0.0,1-2,1.0,2.0,0.781827,0.0,2.0,0-2,0.803936,0.014167,0.0,1-2,1.0,2.0,0.789769,0.0,2.0,0-2,0.812021,0.014309,0.0,1-2,1.0,2.0,0.797712,0.0,2.0,0-2,0.820107,0.014452,0.0,1-2,1.0,2.0,0.805655,0.0,2.0,0-2,0.828192,0.014594,0.0,1-2,1.0,2.0,0.813598,0.0,2.0,0-2,0.836277,0.014737,0.0,1-2,1.0,2.0,0.821541,0.0,2.0,0-2,0.844363,0.014879,0.0,1-2,1.0,2.0,0.829484
2010,2010-06-25T08:00:00+01:00,G,46,North Korea,Ivory Coast,0,3,0.112477,0.229907,0.657616,0.5568,1.7285,0.085727,0.181725,0.732548,0.074933,away,away,False,0.026751,0.048182,-0.074933,0,2,0-2,1.045943,0.040794,0,1,0-1,1.005149,1,0.0,2.0,0-2,1.165628,0.045462,1.0,0-1,0.0,1.0,1.120166,0.0,2.0,0-2,1.159667,0.04523,1.0,0-1,0.0,1.0,1.114437,0.0,2.0,0-2,1.153705,0.044997,1.0,0-1,0.0,1.0,1.108708,0.0,2.0,0-2,1.147743,0.044765,1.0,0-1,0.0,1.0,1.102979,0.0,2.0,0-2,1.141782,0.044532,1.0,0-1,0.0,1.0,1.09725,0.0,2.0,0-2,1.13582,0.0443,1.0,0-1,0.0,1.0,1.091521,0.0,2.0,0-2,1.129858,0.044067,1.0,0-1,0.0,1.0,1.085791,0.0,2.0,0-2,1.123897,0.043835,1.0,0-1,0.0,1.0,1.080062,0.0,2.0,0-2,1.117935,0.043602,1.0,0-1,0.0,1.0,1.074333,0.0,2.0,0-2,1.111974,0.04337,1.0,0-1,0.0,1.0,1.068604,0.0,2.0,0-2,1.106012,0.043137,1.0,0-1,0.0,1.0,1.062875,0.0,2.0,0-2,1.10005,0.042904,1.0,0-1,0.0,1.0,1.057146,0.0,2.0,0-2,1.094089,0.042672,1.0,0-1,0.0,1.0,1.051417,0.0,2.0,0-2,1.088127,0.042439,1.0,0-1,0.0,1.0,1.045688,0.0,2.0,0-2,1.082165,0.042207,1.0,0-1,0.0,1.0,1.039958,0.0,2.0,0-2,1.076204,0.041974,1.0,0-1,0.0,1.0,1.034229,0.0,2.0,0-2,1.070242,0.041742,1.0,0-1,0.0,1.0,1.0285,0.0,2.0,0-2,1.064281,0.041509,1.0,0-1,0.0,1.0,1.022771,0.0,2.0,0-2,1.058319,0.041277,1.0,0-1,0.0,1.0,1.017042,0.0,2.0,0-2,1.052357,0.041044,1.0,0-1,0.0,1.0,1.011313,0.0,2.0,0-2,1.046396,0.040812,1.0,0-1,0.0,1.0,1.005584
2010,2010-06-25T12:00:00+01:00,G,47,Chile,Spain,1,2,0.15802,0.245475,0.596505,0.7229,1.6604,0.13925,0.221672,0.639078,0.042573,away,away,False,0.01877,0.023803,-0.042573,0,2,0-2,0.942553,0.035243,1,2,1-2,0.90731,2,0.0,2.0,0-2,1.010161,0.037771,2.0,1-2,1.0,2.0,0.972389,0.0,2.0,0-2,1.006796,0.037645,2.0,1-2,1.0,2.0,0.96915,0.0,2.0,0-2,1.003431,0.03752,2.0,1-2,1.0,2.0,0.965912,0.0,2.0,0-2,1.000067,0.037394,2.0,1-2,1.0,2.0,0.962673,0.0,2.0,0-2,0.996702,0.037268,2.0,1-2,1.0,2.0,0.959434,0.0,2.0,0-2,0.993337,0.037142,2.0,1-2,1.0,2.0,0.956195,0.0,2.0,0-2,0.989973,0.037016,2.0,1-2,1.0,2.0,0.952956,0.0,2.0,0-2,0.986608,0.036891,2.0,1-2,1.0,2.0,0.949717,0.0,2.0,0-2,0.983243,0.036765,2.0,1-2,1.0,2.0,0.946479,0.0,2.0,0-2,0.979879,0.036639,2.0,1-2,1.0,2.0,0.94324,0.0,2.0,0-2,0.976514,0.036513,2.0,1-2,1.0,2.0,0.940001,0.0,2.0,0-2,0.973149,0.036387,2.0,1-2,1.0,2.0,0.936762,0.0,2.0,0-2,0.969785,0.036262,2.0,1-2,1.0,2.0,0.933523,0.0,2.0,0-2,0.96642,0.036136,2.0,1-2,1.0,2.0,0.930284,0.0,2.0,0-2,0.963055,0.03601,2.0,1-2,1.0,2.0,0.927045,0.0,2.0,0-2,0.959691,0.035884,2.0,1-2,1.0,2.0,0.923807,0.0,2.0,0-2,0.956326,0.035758,2.0,1-2,1.0,2.0,0.920568,0.0,2.0,0-2,0.952961,0.035633,2.0,1-2,1.0,2.0,0.917329,0.0,2.0,0-2,0.949597,0.035507,2.0,1-2,1.0,2.0,0.91409,0.0,2.0,0-2,0.946232,0.035381,2.0,1-2,1.0,2.0,0.910851,0.0,2.0,0-2,0.942867,0.035255,2.0,1-2,1.0,2.0,0.907612
2010,2010-06-25T12:00:00+01:00,G,48,Switzerland,Honduras,0,0,0.351478,0.292011,0.356511,1.1249,1.135,0.607769,0.243364,0.148867,0.25629,away,home,True,-0.25629,0.048646,0.207644,0,1,0-1,0.588077,0.007143,1,0,1-0,0.580934,0,1.0,0.0,1-0,1.004586,0.023448,0.0,2-1,2.0,1.0,0.981139,1.0,0.0,1-0,0.983405,0.022954,0.0,2-1,2.0,1.0,0.960452,1.0,0.0,1-0,0.962224,0.022459,0.0,2-1,2.0,1.0,0.939765,1.0,0.0,1-0,0.941043,0.021965,0.0,2-1,2.0,1.0,0.919078,1.0,0.0,1-0,0.919862,0.02147,0.0,2-1,2.0,1.0,0.898391,1.0,0.0,1-0,0.89868,0.020976,0.0,2-1,2.0,1.0,0.877704,1.0,0.0,1-0,0.877499,0.020482,0.0,2-1,2.0,1.0,0.857018,1.0,0.0,1-0,0.856318,0.019987,0.0,2-1,2.0,1.0,0.836331,1.0,0.0,1-0,0.835137,0.019493,0.0,2-1,2.0,1.0,0.815644,1.0,0.0,1-0,0.813956,0.018998,0.0,2-1,2.0,1.0,0.794957,1.0,0.0,1-0,0.792774,0.018504,0.0,2-1,2.0,1.0,0.77427,1.0,0.0,1-0,0.771593,0.01801,0.0,2-1,2.0,1.0,0.753583,1.0,0.0,1-0,0.750412,0.017515,0.0,2-1,2.0,1.0,0.732897,1.0,0.0,1-0,0.729231,0.017021,0.0,2-1,2.0,1.0,0.71221,1.0,0.0,1-0,0.708049,0.016527,0.0,2-1,2.0,1.0,0.691523,1.0,0.0,1-0,0.686868,0.016032,0.0,2-1,2.0,1.0,0.670836,1.0,0.0,1-0,0.665687,0.015538,0.0,2-1,2.0,1.0,0.650149,1.0,0.0,1-0,0.644506,0.015043,0.0,2-1,2.0,1.0,0.629462,1.0,0.0,1-0,0.623325,0.014549,0.0,2-1,2.0,1.0,0.608776,1.0,0.0,1-0,0.602143,0.014055,0.0,2-1,2.0,1.0,0.588089,0.0,1.0,0-1,0.588106,0.007143,0.0,1-0,1.0,0.0,0.580962
2010,2010-06-26T08:00:00+01:00,8,49,Uruguay,South Korea,2,1,0.471044,0.299138,0.229818,1.2508,0.7821,0.527699,0.288441,0.18386,0.056654,home,home,False,-0.056654,0.010697,0.045958,1,0,1-0,0.793492,0.037472,2,0,2-0,0.75602,1,1.0,0.0,1-0,0.888973,0.041981,1.0,2-0,2.0,0.0,0.846992,1.0,0.0,1-0,0.884201,0.041756,1.0,2-0,2.0,0.0,0.842446,1.0,0.0,1-0,0.879429,0.04153,1.0,2-0,2.0,0.0,0.837899,1.0,0.0,1-0,0.874657,0.041305,1.0,2-0,2.0,0.0,0.833352,1.0,0.0,1-0,0.869885,0.04108,1.0,2-0,2.0,0.0,0.828806,1.0,0.0,1-0,0.865113,0.040854,1.0,2-0,2.0,0.0,0.824259,1.0,0.0,1-0,0.860341,0.040629,1.0,2-0,2.0,0.0,0.819712,1.0,0.0,1-0,0.855569,0.040404,1.0,2-0,2.0,0.0,0.815165,1.0,0.0,1-0,0.850797,0.040178,1.0,2-0,2.0,0.0,0.810619,1.0,0.0,1-0,0.846025,0.039953,1.0,2-0,2.0,0.0,0.806072,1.0,0.0,1-0,0.841253,0.039728,1.0,2-0,2.0,0.0,0.801525,1.0,0.0,1-0,0.836481,0.039502,1.0,2-0,2.0,0.0,0.796979,1.0,0.0,1-0,0.831709,0.039277,1.0,2-0,2.0,0.0,0.792432,1.0,0.0,1-0,0.826937,0.039051,1.0,2-0,2.0,0.0,0.787885,1.0,0.0,1-0,0.822165,0.038826,1.0,2-0,2.0,0.0,0.783339,1.0,0.0,1-0,0.817393,0.038601,1.0,2-0,2.0,0.0,0.778792,1.0,0.0,1-0,0.81262,0.038375,1.0,2-0,2.0,0.0,0.774245,1.0,0.0,1-0,0.807848,0.03815,1.0,2-0,2.0,0.0,0.769698,1.0,0.0,1-0,0.803076,0.037925,1.0,2-0,2.0,0.0,0.765152,1.0,0.0,1-0,0.798304,0.037699,1.0,2-0,2.0,0.0,0.760605,1.0,0.0,1-0,0.793532,0.037474,1.0,2-0,2.0,0.0,0.756058
2010,2010-06-26T12:00:00+01:00,8,50,United States,Ghana,1,2,0.427086,0.287276,0.285638,1.2787,0.9928,0.4015,0.309101,0.289399,0.025586,home,home,False,0.025586,-0.021825,-0.003761,1,0,1-0,0.685651,0.006187,2,0,2-0,0.679463,0,1.0,0.0,1-0,0.644618,0.005817,0.0,2-0,2.0,0.0,0.638801,1.0,0.0,1-0,0.646672,0.005836,0.0,2-0,2.0,0.0,0.640837,1.0,0.0,1-0,0.648726,0.005854,0.0,2-0,2.0,0.0,0.642872,1.0,0.0,1-0,0.65078,0.005873,0.0,2-0,2.0,0.0,0.644907,1.0,0.0,1-0,0.652834,0.005891,0.0,2-0,2.0,0.0,0.646943,1.0,0.0,1-0,0.654888,0.00591,0.0,2-0,2.0,0.0,0.648978,1.0,0.0,1-0,0.656942,0.005928,0.0,2-0,2.0,0.0,0.651014,1.0,0.0,1-0,0.658996,0.005947,0.0,2-0,2.0,0.0,0.653049,1.0,0.0,1-0,0.66105,0.005965,0.0,2-0,2.0,0.0,0.655084,1.0,0.0,1-0,0.663104,0.005984,0.0,2-0,2.0,0.0,0.65712,1.0,0.0,1-0,0.665157,0.006002,0.0,2-0,2.0,0.0,0.659155,1.0,0.0,1-0,0.667211,0.006021,0.0,2-0,2.0,0.0,0.66119,1.0,0.0,1-0,0.669265,0.006039,0.0,2-0,2.0,0.0,0.663226,1.0,0.0,1-0,0.671319,0.006058,0.0,2-0,2.0,0.0,0.665261,1.0,0.0,1-0,0.673373,0.006076,0.0,2-0,2.0,0.0,0.667297,1.0,0.0,1-0,0.675427,0.006095,0.0,2-0,2.0,0.0,0.669332,1.0,0.0,1-0,0.677481,0.006114,0.0,2-0,2.0,0.0,0.671367,1.0,0.0,1-0,0.679535,0.006132,0.0,2-0,2.0,0.0,0.673403,1.0,0.0,1-0,0.681589,0.006151,0.0,2-0,2.0,0.0,0.675438,1.0,0.0,1-0,0.683643,0.006169,0.0,2-0,2.0,0.0,0.677473,1.0,0.0,1-0,0.685697,0.006188,0.0,2-0,2.0,0.0,0.679509
2010,2010-06-27T08:00:00+01:00,8,51,Germany,England,4,1,0.297109,0.266139,0.436752,1.1444,1.4431,0.321997,0.312839,0.365163,0.071589,away,away,False,-0.024888,-0.0467,0.071589,1,2,1-2,0.694235,0.01131,0,2,0-2,0.682926,0,1.0,1.0,1-1,0.61071,0.030177,0.0,1-2,1.0,2.0,0.580533,1.0,1.0,1-1,0.606152,0.019928,0.0,1-2,1.0,2.0,0.586224,1.0,1.0,1-1,0.601593,0.009679,0.0,1-2,1.0,2.0,0.591914,1.0,2.0,1-2,0.597605,0.00057,0.0,1-1,1.0,1.0,0.597035,1.0,2.0,1-2,0.603296,0.009828,0.0,0-2,0.0,2.0,0.593467,1.0,2.0,1-2,0.608986,0.009921,0.0,0-2,0.0,2.0,0.599065,1.0,2.0,1-2,0.614677,0.010014,0.0,0-2,0.0,2.0,0.604663,1.0,2.0,1-2,0.620367,0.010106,0.0,0-2,0.0,2.0,0.610261,1.0,2.0,1-2,0.626058,0.010199,0.0,0-2,0.0,2.0,0.615859,1.0,2.0,1-2,0.631748,0.010292,0.0,0-2,0.0,2.0,0.621457,1.0,2.0,1-2,0.637439,0.010384,0.0,0-2,0.0,2.0,0.627055,1.0,2.0,1-2,0.643129,0.010477,0.0,0-2,0.0,2.0,0.632652,1.0,2.0,1-2,0.64882,0.01057,0.0,0-2,0.0,2.0,0.63825,1.0,2.0,1-2,0.654511,0.010662,0.0,0-2,0.0,2.0,0.643848,1.0,2.0,1-2,0.660201,0.010755,0.0,0-2,0.0,2.0,0.649446,1.0,2.0,1-2,0.665892,0.010848,0.0,0-2,0.0,2.0,0.655044,1.0,2.0,1-2,0.671582,0.010941,0.0,0-2,0.0,2.0,0.660642,1.0,2.0,1-2,0.677273,0.011033,0.0,0-2,0.0,2.0,0.666239,1.0,2.0,1-2,0.682963,0.011126,0.0,0-2,0.0,2.0,0.671837,1.0,2.0,1-2,0.688654,0.011219,0.0,0-2,0.0,2.0,0.677435,1.0,2.0,1-2,0.694344,0.011311,0.0,0-2,0.0,2.0,0.683033
2010,2010-06-27T12:00:00+01:00,8,52,Argentina,Mexico,3,1,0.474537,0.258631,0.266833,1.5458,1.0954,0.603353,0.254144,0.142503,0.128816,home,home,False,-0.128816,0.004487,0.124329,2,1,2-1,0.746153,0.008121,2,0,2-0,0.738031,1,2.0,1.0,2-1,0.948917,0.010328,1.0,2-0,2.0,0.0,0.938588,2.0,1.0,2-1,0.938787,0.010218,1.0,2-0,2.0,0.0,0.928569,2.0,1.0,2-1,0.928657,0.010108,1.0,2-0,2.0,0.0,0.918549,2.0,1.0,2-1,0.918527,0.009997,1.0,2-0,2.0,0.0,0.90853,2.0,1.0,2-1,0.908398,0.009887,1.0,2-0,2.0,0.0,0.89851,2.0,1.0,2-1,0.898268,0.009777,1.0,2-0,2.0,0.0,0.888491,2.0,1.0,2-1,0.888138,0.009667,1.0,2-0,2.0,0.0,0.878471,2.0,1.0,2-1,0.878008,0.009556,1.0,2-0,2.0,0.0,0.868452,2.0,1.0,2-1,0.867879,0.009446,1.0,2-0,2.0,0.0,0.858432,2.0,1.0,2-1,0.857749,0.009336,1.0,2-0,2.0,0.0,0.848413,2.0,1.0,2-1,0.847619,0.009226,1.0,2-0,2.0,0.0,0.838394,2.0,1.0,2-1,0.83749,0.009115,1.0,2-0,2.0,0.0,0.828374,2.0,1.0,2-1,0.82736,0.009005,1.0,2-0,2.0,0.0,0.818355,2.0,1.0,2-1,0.81723,0.008895,1.0,2-0,2.0,0.0,0.808335,2.0,1.0,2-1,0.8071,0.008785,1.0,2-0,2.0,0.0,0.798316,2.0,1.0,2-1,0.796971,0.008674,1.0,2-0,2.0,0.0,0.788296,2.0,1.0,2-1,0.786841,0.008564,1.0,2-0,2.0,0.0,0.778277,2.0,1.0,2-1,0.776711,0.008454,1.0,2-0,2.0,0.0,0.768257,2.0,1.0,2-1,0.766581,0.008344,1.0,2-0,2.0,0.0,0.758238,2.0,1.0,2-1,0.756452,0.008233,1.0,2-0,2.0,0.0,0.748218,2.0,1.0,2-1,0.746322,0.008123,1.0,2-0,2.0,0.0,0.738199
2010,2010-06-28T08:00:00+01:00,8,53,Netherlands,Slovakia,2,1,0.684605,0.202511,0.112885,1.9952,0.6676,0.694772,0.210532,0.094697,0.018188,home,home,False,-0.010167,-0.008021,0.018188,2,0,2-0,1.054224,0.046149,2,1,2-1,1.008076,2,2.0,0.0,2-0,1.071038,0.046885,2.0,2-1,2.0,1.0,1.024153,2.0,0.0,2-0,1.070255,0.046851,2.0,2-1,2.0,1.0,1.023404,2.0,0.0,2-0,1.069471,0.046816,2.0,2-1,2.0,1.0,1.022655,2.0,0.0,2-0,1.068687,0.046782,2.0,2-1,2.0,1.0,1.021905,2.0,0.0,2-0,1.067904,0.046748,2.0,2-1,2.0,1.0,1.021156,2.0,0.0,2-0,1.06712,0.046713,2.0,2-1,2.0,1.0,1.020407,2.0,0.0,2-0,1.066336,0.046679,2.0,2-1,2.0,1.0,1.019657,2.0,0.0,2-0,1.065553,0.046645,2.0,2-1,2.0,1.0,1.018908,2.0,0.0,2-0,1.064769,0.046611,2.0,2-1,2.0,1.0,1.018159,2.0,0.0,2-0,1.063985,0.046576,2.0,2-1,2.0,1.0,1.017409,2.0,0.0,2-0,1.063202,0.046542,2.0,2-1,2.0,1.0,1.01666,2.0,0.0,2-0,1.062418,0.046508,2.0,2-1,2.0,1.0,1.01591,2.0,0.0,2-0,1.061634,0.046473,2.0,2-1,2.0,1.0,1.015161,2.0,0.0,2-0,1.060851,0.046439,2.0,2-1,2.0,1.0,1.014412,2.0,0.0,2-0,1.060067,0.046405,2.0,2-1,2.0,1.0,1.013662,2.0,0.0,2-0,1.059283,0.04637,2.0,2-1,2.0,1.0,1.012913,2.0,0.0,2-0,1.0585,0.046336,2.0,2-1,2.0,1.0,1.012164,2.0,0.0,2-0,1.057716,0.046302,2.0,2-1,2.0,1.0,1.011414,2.0,0.0,2-0,1.056933,0.046268,2.0,2-1,2.0,1.0,1.010665,2.0,0.0,2-0,1.056149,0.046233,2.0,2-1,2.0,1.0,1.009916,2.0,0.0,2-0,1.055365,0.046199,2.0,2-1,2.0,1.0,1.009166
2010,2010-06-28T12:00:00+01:00,8,54,Brazil,Chile,0,0,0.657262,0.215993,0.126746,1.8898,0.6897,0.63491,0.235633,0.129457,0.022352,home,home,False,0.022352,-0.019641,-0.002712,2,0,2-0,1.020881,0.04201,2,1,2-1,0.97887,0,2.0,0.0,2-0,0.98692,0.040613,0.0,2-1,2.0,1.0,0.946307,2.0,0.0,2-0,0.988658,0.040684,0.0,2-1,2.0,1.0,0.947973,2.0,0.0,2-0,0.990395,0.040756,0.0,2-1,2.0,1.0,0.949639,2.0,0.0,2-0,0.992132,0.040827,0.0,2-1,2.0,1.0,0.951305,2.0,0.0,2-0,0.993869,0.040899,0.0,2-1,2.0,1.0,0.95297,2.0,0.0,2-0,0.995606,0.04097,0.0,2-1,2.0,1.0,0.954636,2.0,0.0,2-0,0.997344,0.041042,0.0,2-1,2.0,1.0,0.956302,2.0,0.0,2-0,0.999081,0.041113,0.0,2-1,2.0,1.0,0.957968,2.0,0.0,2-0,1.000818,0.041185,0.0,2-1,2.0,1.0,0.959633,2.0,0.0,2-0,1.002555,0.041256,0.0,2-1,2.0,1.0,0.961299,2.0,0.0,2-0,1.004293,0.041328,0.0,2-1,2.0,1.0,0.962965,2.0,0.0,2-0,1.00603,0.041399,0.0,2-1,2.0,1.0,0.964631,2.0,0.0,2-0,1.007767,0.041471,0.0,2-1,2.0,1.0,0.966296,2.0,0.0,2-0,1.009504,0.041542,0.0,2-1,2.0,1.0,0.967962,2.0,0.0,2-0,1.011242,0.041614,0.0,2-1,2.0,1.0,0.969628,2.0,0.0,2-0,1.012979,0.041685,0.0,2-1,2.0,1.0,0.971294,2.0,0.0,2-0,1.014716,0.041757,0.0,2-1,2.0,1.0,0.972959,2.0,0.0,2-0,1.016453,0.041828,0.0,2-1,2.0,1.0,0.974625,2.0,0.0,2-0,1.018191,0.0419,0.0,2-1,2.0,1.0,0.976291,2.0,0.0,2-0,1.019928,0.041971,0.0,2-1,2.0,1.0,0.977957,2.0,0.0,2-0,1.021665,0.042043,0.0,2-1,2.0,1.0,0.979622
2010,2010-06-29T08:00:00+01:00,8,55,Paraguay,Japan,3,0,0.436171,0.294643,0.269186,1.2441,0.9133,0.445784,0.304922,0.249294,0.019892,home,home,False,-0.009613,-0.010279,0.019892,1,0,1-0,0.718592,0.021763,2,0,2-0,0.696829,1,1.0,0.0,1-0,0.734468,0.022244,1.0,2-0,2.0,0.0,0.712225,1.0,0.0,1-0,0.733676,0.02222,1.0,2-0,2.0,0.0,0.711457,1.0,0.0,1-0,0.732884,0.022196,1.0,2-0,2.0,0.0,0.710689,1.0,0.0,1-0,0.732092,0.022172,1.0,2-0,2.0,0.0,0.709921,1.0,0.0,1-0,0.7313,0.022148,1.0,2-0,2.0,0.0,0.709153,1.0,0.0,1-0,0.730508,0.022124,1.0,2-0,2.0,0.0,0.708385,1.0,0.0,1-0,0.729717,0.0221,1.0,2-0,2.0,0.0,0.707617,1.0,0.0,1-0,0.728925,0.022076,1.0,2-0,2.0,0.0,0.706849,1.0,0.0,1-0,0.728133,0.022052,1.0,2-0,2.0,0.0,0.706081,1.0,0.0,1-0,0.727341,0.022028,1.0,2-0,2.0,0.0,0.705313,1.0,0.0,1-0,0.726549,0.022004,1.0,2-0,2.0,0.0,0.704545,1.0,0.0,1-0,0.725757,0.02198,1.0,2-0,2.0,0.0,0.703777,1.0,0.0,1-0,0.724965,0.021956,1.0,2-0,2.0,0.0,0.703009,1.0,0.0,1-0,0.724173,0.021932,1.0,2-0,2.0,0.0,0.702241,1.0,0.0,1-0,0.723381,0.021908,1.0,2-0,2.0,0.0,0.701473,1.0,0.0,1-0,0.722589,0.021884,1.0,2-0,2.0,0.0,0.700705,1.0,0.0,1-0,0.721797,0.02186,1.0,2-0,2.0,0.0,0.699937,1.0,0.0,1-0,0.721005,0.021836,1.0,2-0,2.0,0.0,0.69917,1.0,0.0,1-0,0.720213,0.021812,1.0,2-0,2.0,0.0,0.698402,1.0,0.0,1-0,0.719422,0.021788,1.0,2-0,2.0,0.0,0.697634,1.0,0.0,1-0,0.71863,0.021764,1.0,2-0,2.0,0.0,0.696866
2010,2010-06-29T12:00:00+01:00,8,56,Spain,Portugal,1,0,0.474442,0.28068,0.244878,1.371,0.9037,0.489504,0.293859,0.216637,0.028241,home,home,False,-0.015062,-0.01318,0.028241,2,0,2-0,0.755008,0.003743,1,0,1-0,0.751266,1,2.0,0.0,2-0,0.779052,0.003862,1.0,1-0,1.0,0.0,0.775191,2.0,0.0,2-0,0.777854,0.003856,1.0,1-0,1.0,0.0,0.773998,2.0,0.0,2-0,0.776655,0.00385,1.0,1-0,1.0,0.0,0.772805,2.0,0.0,2-0,0.775457,0.003844,1.0,1-0,1.0,0.0,0.771613,2.0,0.0,2-0,0.774258,0.003838,1.0,1-0,1.0,0.0,0.77042,2.0,0.0,2-0,0.77306,0.003832,1.0,1-0,1.0,0.0,0.769228,2.0,0.0,2-0,0.771861,0.003826,1.0,1-0,1.0,0.0,0.768035,2.0,0.0,2-0,0.770663,0.00382,1.0,1-0,1.0,0.0,0.766842,2.0,0.0,2-0,0.769464,0.003814,1.0,1-0,1.0,0.0,0.76565,2.0,0.0,2-0,0.768266,0.003808,1.0,1-0,1.0,0.0,0.764457,2.0,0.0,2-0,0.767067,0.003802,1.0,1-0,1.0,0.0,0.763265,2.0,0.0,2-0,0.765868,0.003796,1.0,1-0,1.0,0.0,0.762072,2.0,0.0,2-0,0.76467,0.00379,1.0,1-0,1.0,0.0,0.760879,2.0,0.0,2-0,0.763471,0.003785,1.0,1-0,1.0,0.0,0.759687,2.0,0.0,2-0,0.762273,0.003779,1.0,1-0,1.0,0.0,0.758494,2.0,0.0,2-0,0.761074,0.003773,1.0,1-0,1.0,0.0,0.757302,2.0,0.0,2-0,0.759876,0.003767,1.0,1-0,1.0,0.0,0.756109,2.0,0.0,2-0,0.758677,0.003761,1.0,1-0,1.0,0.0,0.754916,2.0,0.0,2-0,0.757479,0.003755,1.0,1-0,1.0,0.0,0.753724,2.0,0.0,2-0,0.75628,0.003749,1.0,1-0,1.0,0.0,0.752531,2.0,0.0,2-0,0.755082,0.003743,1.0,1-0,1.0,0.0,0.751339
2010,2010-07-02T08:00:00+01:00,4,57,Netherlands,Brazil,1,1,0.299294,0.294145,0.406561,0.995,1.2087,0.227261,0.287541,0.485198,0.078637,away,away,False,0.072033,0.006604,-0.078637,0,1,0-1,0.668106,0.020042,0,2,0-2,0.648064,0,0.0,1.0,0-1,0.797371,0.023919,0.0,0-2,0.0,2.0,0.773451,0.0,1.0,0-1,0.790909,0.023726,0.0,0-2,0.0,2.0,0.767184,0.0,1.0,0-1,0.784448,0.023532,0.0,0-2,0.0,2.0,0.760916,0.0,1.0,0-1,0.777986,0.023338,0.0,0-2,0.0,2.0,0.754648,0.0,1.0,0-1,0.771524,0.023144,0.0,0-2,0.0,2.0,0.74838,0.0,1.0,0-1,0.765063,0.02295,0.0,0-2,0.0,2.0,0.742113,0.0,1.0,0-1,0.758601,0.022756,0.0,0-2,0.0,2.0,0.735845,0.0,1.0,0-1,0.75214,0.022563,0.0,0-2,0.0,2.0,0.729577,0.0,1.0,0-1,0.745678,0.022369,0.0,0-2,0.0,2.0,0.723309,0.0,1.0,0-1,0.739216,0.022175,0.0,0-2,0.0,2.0,0.717041,0.0,1.0,0-1,0.732755,0.021981,0.0,0-2,0.0,2.0,0.710774,0.0,1.0,0-1,0.726293,0.021787,0.0,0-2,0.0,2.0,0.704506,0.0,1.0,0-1,0.719832,0.021593,0.0,0-2,0.0,2.0,0.698238,0.0,1.0,0-1,0.71337,0.0214,0.0,0-2,0.0,2.0,0.69197,0.0,1.0,0-1,0.706908,0.021206,0.0,0-2,0.0,2.0,0.685703,0.0,1.0,0-1,0.700447,0.021012,0.0,0-2,0.0,2.0,0.679435,0.0,1.0,0-1,0.693985,0.020818,0.0,0-2,0.0,2.0,0.673167,0.0,1.0,0-1,0.687524,0.020624,0.0,0-2,0.0,2.0,0.666899,0.0,1.0,0-1,0.681062,0.02043,0.0,0-2,0.0,2.0,0.660631,0.0,1.0,0-1,0.6746,0.020237,0.0,0-2,0.0,2.0,0.654364,0.0,1.0,0-1,0.668139,0.020043,0.0,0-2,0.0,2.0,0.648096
2010,2010-07-02T12:00:00+01:00,4,58,Uruguay,Ghana,0,4,0.49853,0.272409,0.22906,1.4464,0.8894,0.51104,0.285759,0.203201,0.025859,home,home,False,-0.01251,-0.013349,0.025859,2,0,2-0,0.790833,0.011196,2,1,2-1,0.779638,0,2.0,0.0,2-0,0.810789,0.011478,0.0,2-1,2.0,1.0,0.799311,2.0,0.0,2-0,0.809797,0.011464,0.0,2-1,2.0,1.0,0.798333,2.0,0.0,2-0,0.808804,0.01145,0.0,2-1,2.0,1.0,0.797354,2.0,0.0,2-0,0.807812,0.011436,0.0,2-1,2.0,1.0,0.796376,2.0,0.0,2-0,0.80682,0.011422,0.0,2-1,2.0,1.0,0.795398,2.0,0.0,2-0,0.805827,0.011408,0.0,2-1,2.0,1.0,0.794419,2.0,0.0,2-0,0.804835,0.011394,0.0,2-1,2.0,1.0,0.793441,2.0,0.0,2-0,0.803843,0.01138,0.0,2-1,2.0,1.0,0.792463,2.0,0.0,2-0,0.80285,0.011366,0.0,2-1,2.0,1.0,0.791484,2.0,0.0,2-0,0.801858,0.011352,0.0,2-1,2.0,1.0,0.790506,2.0,0.0,2-0,0.800865,0.011338,0.0,2-1,2.0,1.0,0.789528,2.0,0.0,2-0,0.799873,0.011324,0.0,2-1,2.0,1.0,0.788549,2.0,0.0,2-0,0.798881,0.01131,0.0,2-1,2.0,1.0,0.787571,2.0,0.0,2-0,0.797888,0.011296,0.0,2-1,2.0,1.0,0.786593,2.0,0.0,2-0,0.796896,0.011282,0.0,2-1,2.0,1.0,0.785615,2.0,0.0,2-0,0.795904,0.011267,0.0,2-1,2.0,1.0,0.784636,2.0,0.0,2-0,0.794911,0.011253,0.0,2-1,2.0,1.0,0.783658,2.0,0.0,2-0,0.793919,0.011239,0.0,2-1,2.0,1.0,0.78268,2.0,0.0,2-0,0.792927,0.011225,0.0,2-1,2.0,1.0,0.781701,2.0,0.0,2-0,0.791934,0.011211,0.0,2-1,2.0,1.0,0.780723,2.0,0.0,2-0,0.790942,0.011197,0.0,2-1,2.0,1.0,0.779745
2010,2010-07-03T08:00:00+01:00,4,59,Argentina,Germany,2,1,0.453354,0.254106,0.29254,1.5676,1.212,0.415715,0.290949,0.293336,0.037638,home,home,False,0.037638,-0.036843,-0.000795,2,1,2-1,0.714333,0.016166,2,0,2-0,0.698167,3,2.0,1.0,2-1,0.655202,0.014827,3.0,2-0,2.0,0.0,0.640375,2.0,1.0,2-1,0.658169,0.014895,3.0,2-0,2.0,0.0,0.643274,2.0,1.0,2-1,0.661135,0.014962,3.0,2-0,2.0,0.0,0.646173,2.0,1.0,2-1,0.664101,0.015029,3.0,2-0,2.0,0.0,0.649072,2.0,1.0,2-1,0.667067,0.015096,3.0,2-0,2.0,0.0,0.651971,2.0,1.0,2-1,0.670033,0.015163,3.0,2-0,2.0,0.0,0.65487,2.0,1.0,2-1,0.672999,0.01523,3.0,2-0,2.0,0.0,0.657769,2.0,1.0,2-1,0.675965,0.015297,3.0,2-0,2.0,0.0,0.660668,2.0,1.0,2-1,0.678931,0.015364,3.0,2-0,2.0,0.0,0.663567,2.0,1.0,2-1,0.681897,0.015431,3.0,2-0,2.0,0.0,0.666465,2.0,1.0,2-1,0.684863,0.015499,3.0,2-0,2.0,0.0,0.669364,2.0,1.0,2-1,0.687829,0.015566,3.0,2-0,2.0,0.0,0.672263,2.0,1.0,2-1,0.690795,0.015633,3.0,2-0,2.0,0.0,0.675162,2.0,1.0,2-1,0.693761,0.0157,3.0,2-0,2.0,0.0,0.678061,2.0,1.0,2-1,0.696727,0.015767,3.0,2-0,2.0,0.0,0.68096,2.0,1.0,2-1,0.699693,0.015834,3.0,2-0,2.0,0.0,0.683859,2.0,1.0,2-1,0.702659,0.015901,3.0,2-0,2.0,0.0,0.686758,2.0,1.0,2-1,0.705625,0.015968,3.0,2-0,2.0,0.0,0.689657,2.0,1.0,2-1,0.708591,0.016036,3.0,2-0,2.0,0.0,0.692556,2.0,1.0,2-1,0.711558,0.016103,3.0,2-0,2.0,0.0,0.695455,2.0,1.0,2-1,0.714524,0.01617,3.0,2-0,2.0,0.0,0.698354
2010,2010-07-03T12:00:00+01:00,4,60,Paraguay,Spain,0,1,0.170171,0.257843,0.571986,0.7262,1.5649,0.09517,0.211649,0.693181,0.121194,away,away,False,0.075001,0.046194,-0.121194,0,2,0-2,0.90953,0.02567,0,1,0-1,0.883859,1,0.0,2.0,0-2,1.102493,0.031116,1.0,0-1,0.0,1.0,1.071376,0.0,2.0,0-2,1.092855,0.030844,1.0,0-1,0.0,1.0,1.062011,0.0,2.0,0-2,1.083217,0.030572,1.0,0-1,0.0,1.0,1.052645,0.0,2.0,0-2,1.073579,0.0303,1.0,0-1,0.0,1.0,1.043279,0.0,2.0,0-2,1.063941,0.030028,1.0,0-1,0.0,1.0,1.033913,0.0,2.0,0-2,1.054303,0.029756,1.0,0-1,0.0,1.0,1.024547,0.0,2.0,0-2,1.044666,0.029484,1.0,0-1,0.0,1.0,1.015181,0.0,2.0,0-2,1.035028,0.029212,1.0,0-1,0.0,1.0,1.005815,0.0,2.0,0-2,1.02539,0.02894,1.0,0-1,0.0,1.0,0.99645,0.0,2.0,0-2,1.015752,0.028668,1.0,0-1,0.0,1.0,0.987084,0.0,2.0,0-2,1.006114,0.028396,1.0,0-1,0.0,1.0,0.977718,0.0,2.0,0-2,0.996476,0.028124,1.0,0-1,0.0,1.0,0.968352,0.0,2.0,0-2,0.986838,0.027852,1.0,0-1,0.0,1.0,0.958986,0.0,2.0,0-2,0.9772,0.02758,1.0,0-1,0.0,1.0,0.94962,0.0,2.0,0-2,0.967563,0.027308,1.0,0-1,0.0,1.0,0.940254,0.0,2.0,0-2,0.957925,0.027036,1.0,0-1,0.0,1.0,0.930888,0.0,2.0,0-2,0.948287,0.026764,1.0,0-1,0.0,1.0,0.921523,0.0,2.0,0-2,0.938649,0.026492,1.0,0-1,0.0,1.0,0.912157,0.0,2.0,0-2,0.929011,0.02622,1.0,0-1,0.0,1.0,0.902791,0.0,2.0,0-2,0.919373,0.025948,1.0,0-1,0.0,1.0,0.893425,0.0,2.0,0-2,0.909735,0.025676,1.0,0-1,0.0,1.0,0.884059
2010,2010-07-06T12:00:00+01:00,2,61,Uruguay,Netherlands,2,3,0.196729,0.266386,0.536885,0.798,1.5025,0.163402,0.268187,0.568411,0.033327,away,away,False,0.033327,-0.0018,-0.031527,0,2,0-2,0.853287,0.020159,0,1,0-1,0.833128,1,0.0,2.0,0-2,0.90355,0.021346,1.0,0-1,0.0,1.0,0.882204,0.0,2.0,0-2,0.901044,0.021287,1.0,0-1,0.0,1.0,0.879757,0.0,2.0,0-2,0.898539,0.021228,1.0,0-1,0.0,1.0,0.877311,0.0,2.0,0-2,0.896033,0.021169,1.0,0-1,0.0,1.0,0.874864,0.0,2.0,0-2,0.893527,0.02111,1.0,0-1,0.0,1.0,0.872418,0.0,2.0,0-2,0.891022,0.02105,1.0,0-1,0.0,1.0,0.869971,0.0,2.0,0-2,0.888516,0.020991,1.0,0-1,0.0,1.0,0.867525,0.0,2.0,0-2,0.88601,0.020932,1.0,0-1,0.0,1.0,0.865078,0.0,2.0,0-2,0.883504,0.020873,1.0,0-1,0.0,1.0,0.862632,0.0,2.0,0-2,0.880999,0.020814,1.0,0-1,0.0,1.0,0.860185,0.0,2.0,0-2,0.878493,0.020754,1.0,0-1,0.0,1.0,0.857738,0.0,2.0,0-2,0.875987,0.020695,1.0,0-1,0.0,1.0,0.855292,0.0,2.0,0-2,0.873481,0.020636,1.0,0-1,0.0,1.0,0.852845,0.0,2.0,0-2,0.870976,0.020577,1.0,0-1,0.0,1.0,0.850399,0.0,2.0,0-2,0.86847,0.020518,1.0,0-1,0.0,1.0,0.847952,0.0,2.0,0-2,0.865964,0.020458,1.0,0-1,0.0,1.0,0.845506,0.0,2.0,0-2,0.863458,0.020399,1.0,0-1,0.0,1.0,0.843059,0.0,2.0,0-2,0.860953,0.02034,1.0,0-1,0.0,1.0,0.840613,0.0,2.0,0-2,0.858447,0.020281,1.0,0-1,0.0,1.0,0.838166,0.0,2.0,0-2,0.855941,0.020222,1.0,0-1,0.0,1.0,0.83572,0.0,2.0,0-2,0.853435,0.020162,1.0,0-1,0.0,1.0,0.833273
2010,2010-07-07T12:00:00+01:00,2,62,Germany,Spain,0,1,0.251011,0.256237,0.492752,1.0542,1.5795,0.342274,0.283971,0.373755,0.118997,away,away,False,-0.091263,-0.027734,0.118997,1,2,1-2,0.771071,0.004859,0,2,0-2,0.766212,1,1.0,2.0,1-2,0.58501,0.003686,1.0,0-2,0.0,2.0,0.581324,1.0,2.0,1-2,0.594323,0.003745,1.0,0-2,0.0,2.0,0.590578,1.0,2.0,1-2,0.603636,0.003804,1.0,0-2,0.0,2.0,0.599832,1.0,2.0,1-2,0.612949,0.003863,1.0,0-2,0.0,2.0,0.609086,1.0,2.0,1-2,0.622262,0.003921,1.0,0-2,0.0,2.0,0.61834,1.0,2.0,1-2,0.631574,0.00398,1.0,0-2,0.0,2.0,0.627594,1.0,2.0,1-2,0.640887,0.004039,1.0,0-2,0.0,2.0,0.636849,1.0,2.0,1-2,0.6502,0.004097,1.0,0-2,0.0,2.0,0.646103,1.0,2.0,1-2,0.659513,0.004156,1.0,0-2,0.0,2.0,0.655357,1.0,2.0,1-2,0.668826,0.004215,1.0,0-2,0.0,2.0,0.664611,1.0,2.0,1-2,0.678139,0.004273,1.0,0-2,0.0,2.0,0.673865,1.0,2.0,1-2,0.687451,0.004332,1.0,0-2,0.0,2.0,0.683119,1.0,2.0,1-2,0.696764,0.004391,1.0,0-2,0.0,2.0,0.692374,1.0,2.0,1-2,0.706077,0.004449,1.0,0-2,0.0,2.0,0.701628,1.0,2.0,1-2,0.71539,0.004508,1.0,0-2,0.0,2.0,0.710882,1.0,2.0,1-2,0.724703,0.004567,1.0,0-2,0.0,2.0,0.720136,1.0,2.0,1-2,0.734016,0.004625,1.0,0-2,0.0,2.0,0.72939,1.0,2.0,1-2,0.743328,0.004684,1.0,0-2,0.0,2.0,0.738644,1.0,2.0,1-2,0.752641,0.004743,1.0,0-2,0.0,2.0,0.747898,1.0,2.0,1-2,0.761954,0.004802,1.0,0-2,0.0,2.0,0.757153,1.0,2.0,1-2,0.771267,0.00486,1.0,0-2,0.0,2.0,0.766407
2010,2010-07-10T12:00:00+01:00,1,63,Uruguay,Germany,2,3,0.294633,0.258618,0.446749,1.1868,1.519,0.239062,0.261076,0.499862,0.055571,away,away,False,0.055571,-0.002458,-0.053114,1,2,1-2,0.7067,0.014401,0,2,0-2,0.6923,1,1.0,2.0,1-2,0.790892,0.016116,1.0,0-2,0.0,2.0,0.774776,1.0,2.0,1-2,0.78669,0.016031,1.0,0-2,0.0,2.0,0.77066,1.0,2.0,1-2,0.782489,0.015945,1.0,0-2,0.0,2.0,0.766544,1.0,2.0,1-2,0.778287,0.015859,1.0,0-2,0.0,2.0,0.762427,1.0,2.0,1-2,0.774085,0.015774,1.0,0-2,0.0,2.0,0.758311,1.0,2.0,1-2,0.769883,0.015688,1.0,0-2,0.0,2.0,0.754195,1.0,2.0,1-2,0.765681,0.015602,1.0,0-2,0.0,2.0,0.750079,1.0,2.0,1-2,0.761479,0.015517,1.0,0-2,0.0,2.0,0.745962,1.0,2.0,1-2,0.757277,0.015431,1.0,0-2,0.0,2.0,0.741846,1.0,2.0,1-2,0.753075,0.015346,1.0,0-2,0.0,2.0,0.73773,1.0,2.0,1-2,0.748874,0.01526,1.0,0-2,0.0,2.0,0.733614,1.0,2.0,1-2,0.744672,0.015174,1.0,0-2,0.0,2.0,0.729497,1.0,2.0,1-2,0.74047,0.015089,1.0,0-2,0.0,2.0,0.725381,1.0,2.0,1-2,0.736268,0.015003,1.0,0-2,0.0,2.0,0.721265,1.0,2.0,1-2,0.732066,0.014918,1.0,0-2,0.0,2.0,0.717149,1.0,2.0,1-2,0.727864,0.014832,1.0,0-2,0.0,2.0,0.713032,1.0,2.0,1-2,0.723662,0.014746,1.0,0-2,0.0,2.0,0.708916,1.0,2.0,1-2,0.71946,0.014661,1.0,0-2,0.0,2.0,0.7048,1.0,2.0,1-2,0.715259,0.014575,1.0,0-2,0.0,2.0,0.700683,1.0,2.0,1-2,0.711057,0.014489,1.0,0-2,0.0,2.0,0.696567,1.0,2.0,1-2,0.706855,0.014404,1.0,0-2,0.0,2.0,0.692451
2010,2010-07-11T12:00:00+01:00,0,64,Netherlands,Spain,0,1,0.34283,0.304528,0.352642,1.0429,1.062,0.242611,0.280833,0.476556,0.123914,away,away,False,0.100219,0.023694,-0.123914,0,1,0-1,0.606082,0.014475,1,0,1-0,0.591607,3,0.0,1.0,0-1,0.819076,0.055947,3.0,1-2,1.0,2.0,0.763129,0.0,1.0,0-1,0.808427,0.05522,3.0,1-2,1.0,2.0,0.753208,0.0,1.0,0-1,0.797779,0.054493,3.0,1-2,1.0,2.0,0.743286,0.0,1.0,0-1,0.78713,0.053765,3.0,1-2,1.0,2.0,0.733365,0.0,1.0,0-1,0.776481,0.053038,3.0,1-2,1.0,2.0,0.723443,0.0,1.0,0-1,0.765832,0.05231,3.0,1-2,1.0,2.0,0.713522,0.0,1.0,0-1,0.755184,0.051583,3.0,1-2,1.0,2.0,0.7036,0.0,1.0,0-1,0.744535,0.050856,3.0,1-2,1.0,2.0,0.693679,0.0,1.0,0-1,0.733886,0.050128,3.0,1-2,1.0,2.0,0.683758,0.0,1.0,0-1,0.723237,0.049401,3.0,1-2,1.0,2.0,0.673836,0.0,1.0,0-1,0.712588,0.048674,3.0,1-2,1.0,2.0,0.663915,0.0,1.0,0-1,0.70194,0.047946,3.0,1-2,1.0,2.0,0.653993,0.0,1.0,0-1,0.691291,0.047219,3.0,1-2,1.0,2.0,0.644072,0.0,1.0,0-1,0.680642,0.046492,3.0,1-2,1.0,2.0,0.63415,0.0,1.0,0-1,0.669993,0.045764,3.0,1-2,1.0,2.0,0.624229,0.0,1.0,0-1,0.659344,0.045037,3.0,1-2,1.0,2.0,0.614308,0.0,1.0,0-1,0.648696,0.044309,3.0,1-2,1.0,2.0,0.604386,0.0,1.0,0-1,0.638047,0.043582,3.0,1-2,1.0,2.0,0.594465,0.0,1.0,0-1,0.627398,0.042855,3.0,1-2,1.0,2.0,0.584543,0.0,1.0,0-1,0.616749,0.033772,3.0,1-0,1.0,0.0,0.582977,0.0,1.0,0-1,0.6061,0.014476,3.0,1-0,1.0,0.0,0.591625
2014,2014-06-12T17:00:00-03:00,G,1,Brazil,Croatia,3,1,0.657766,0.219219,0.123015,1.8747,0.671,0.74496,0.183013,0.072027,0.087194,home,home,False,-0.087194,0.036206,0.050988,2,0,2-0,1.025361,0.045344,2,1,2-1,0.980017,1,2.0,0.0,2-0,1.162131,0.051392,1.0,2-1,2.0,1.0,1.110739,2.0,0.0,2-0,1.15533,0.051091,1.0,2-1,2.0,1.0,1.104238,2.0,0.0,2-0,1.148529,0.050791,1.0,2-1,2.0,1.0,1.097738,2.0,0.0,2-0,1.141728,0.05049,1.0,2-1,2.0,1.0,1.091238,2.0,0.0,2-0,1.134927,0.050189,1.0,2-1,2.0,1.0,1.084737,2.0,0.0,2-0,1.128126,0.049888,1.0,2-1,2.0,1.0,1.078237,2.0,0.0,2-0,1.121324,0.049588,1.0,2-1,2.0,1.0,1.071737,2.0,0.0,2-0,1.114523,0.049287,1.0,2-1,2.0,1.0,1.065236,2.0,0.0,2-0,1.107722,0.048986,1.0,2-1,2.0,1.0,1.058736,2.0,0.0,2-0,1.100921,0.048685,1.0,2-1,2.0,1.0,1.052236,2.0,0.0,2-0,1.09412,0.048385,1.0,2-1,2.0,1.0,1.045735,2.0,0.0,2-0,1.087319,0.048084,1.0,2-1,2.0,1.0,1.039235,2.0,0.0,2-0,1.080518,0.047783,1.0,2-1,2.0,1.0,1.032735,2.0,0.0,2-0,1.073717,0.047482,1.0,2-1,2.0,1.0,1.026234,2.0,0.0,2-0,1.066916,0.047182,1.0,2-1,2.0,1.0,1.019734,2.0,0.0,2-0,1.060115,0.046881,1.0,2-1,2.0,1.0,1.013234,2.0,0.0,2-0,1.053313,0.04658,1.0,2-1,2.0,1.0,1.006733,2.0,0.0,2-0,1.046512,0.046279,1.0,2-1,2.0,1.0,1.000233,2.0,0.0,2-0,1.039711,0.045979,1.0,2-1,2.0,1.0,0.993733,2.0,0.0,2-0,1.03291,0.045678,1.0,2-1,2.0,1.0,0.987232,2.0,0.0,2-0,1.026109,0.045377,1.0,2-1,2.0,1.0,0.980732
2014,2014-06-13T13:00:00-03:00,G,2,Mexico,Cameroon,1,0,0.466695,0.282638,0.250668,1.3737,0.9319,0.442648,0.303935,0.253417,0.024046,home,home,False,0.024046,-0.021297,-0.002749,2,0,2-0,0.742446,0.006408,2,1,2-1,0.736038,1,2.0,0.0,2-0,0.704262,0.006078,1.0,2-1,2.0,1.0,0.698184,2.0,0.0,2-0,0.706175,0.006095,1.0,2-1,2.0,1.0,0.70008,2.0,0.0,2-0,0.708088,0.006111,1.0,2-1,2.0,1.0,0.701977,2.0,0.0,2-0,0.710001,0.006128,1.0,2-1,2.0,1.0,0.703873,2.0,0.0,2-0,0.711913,0.006144,1.0,2-1,2.0,1.0,0.705769,2.0,0.0,2-0,0.713826,0.006161,1.0,2-1,2.0,1.0,0.707666,2.0,0.0,2-0,0.715739,0.006177,1.0,2-1,2.0,1.0,0.709562,2.0,0.0,2-0,0.717652,0.006194,1.0,2-1,2.0,1.0,0.711458,2.0,0.0,2-0,0.719565,0.00621,1.0,2-1,2.0,1.0,0.713355,2.0,0.0,2-0,0.721478,0.006227,1.0,2-1,2.0,1.0,0.715251,2.0,0.0,2-0,0.723391,0.006243,1.0,2-1,2.0,1.0,0.717148,2.0,0.0,2-0,0.725304,0.00626,1.0,2-1,2.0,1.0,0.719044,2.0,0.0,2-0,0.727217,0.006276,1.0,2-1,2.0,1.0,0.72094,2.0,0.0,2-0,0.729129,0.006293,1.0,2-1,2.0,1.0,0.722837,2.0,0.0,2-0,0.731042,0.006309,1.0,2-1,2.0,1.0,0.724733,2.0,0.0,2-0,0.732955,0.006326,1.0,2-1,2.0,1.0,0.72663,2.0,0.0,2-0,0.734868,0.006342,1.0,2-1,2.0,1.0,0.728526,2.0,0.0,2-0,0.736781,0.006359,1.0,2-1,2.0,1.0,0.730422,2.0,0.0,2-0,0.738694,0.006375,1.0,2-1,2.0,1.0,0.732319,2.0,0.0,2-0,0.740607,0.006392,1.0,2-1,2.0,1.0,0.734215,2.0,0.0,2-0,0.74252,0.006408,1.0,2-1,2.0,1.0,0.736111
2014,2014-06-13T16:00:00-03:00,G,3,Spain,Netherlands,1,5,0.449407,0.311794,0.238799,1.1807,0.7788,0.526289,0.28667,0.187041,0.076883,home,home,False,-0.076883,0.025125,0.051758,1,0,1-0,0.773938,0.051566,2,0,2-0,0.722372,0,1.0,0.0,1-0,0.906372,0.06039,0.0,2-0,2.0,0.0,0.845982,1.0,0.0,1-0,0.899751,0.059949,0.0,2-0,2.0,0.0,0.839802,1.0,0.0,1-0,0.893131,0.059508,0.0,2-0,2.0,0.0,0.833623,1.0,0.0,1-0,0.886511,0.059067,0.0,2-0,2.0,0.0,0.827444,1.0,0.0,1-0,0.87989,0.058626,0.0,2-0,2.0,0.0,0.821265,1.0,0.0,1-0,0.87327,0.058185,0.0,2-0,2.0,0.0,0.815085,1.0,0.0,1-0,0.86665,0.057744,0.0,2-0,2.0,0.0,0.808906,1.0,0.0,1-0,0.860029,0.057303,0.0,2-0,2.0,0.0,0.802727,1.0,0.0,1-0,0.853409,0.056861,0.0,2-0,2.0,0.0,0.796548,1.0,0.0,1-0,0.846789,0.05642,0.0,2-0,2.0,0.0,0.790368,1.0,0.0,1-0,0.840168,0.055979,0.0,2-0,2.0,0.0,0.784189,1.0,0.0,1-0,0.833548,0.055538,0.0,2-0,2.0,0.0,0.77801,1.0,0.0,1-0,0.826928,0.055097,0.0,2-0,2.0,0.0,0.771831,1.0,0.0,1-0,0.820307,0.054656,0.0,2-0,2.0,0.0,0.765652,1.0,0.0,1-0,0.813687,0.054215,0.0,2-0,2.0,0.0,0.759472,1.0,0.0,1-0,0.807067,0.053774,0.0,2-0,2.0,0.0,0.753293,1.0,0.0,1-0,0.800446,0.053333,0.0,2-0,2.0,0.0,0.747114,1.0,0.0,1-0,0.793826,0.052892,0.0,2-0,2.0,0.0,0.740935,1.0,0.0,1-0,0.787206,0.05245,0.0,2-0,2.0,0.0,0.734755,1.0,0.0,1-0,0.780585,0.052009,0.0,2-0,2.0,0.0,0.728576,1.0,0.0,1-0,0.773965,0.051568,0.0,2-0,2.0,0.0,0.722397
2014,2014-06-13T18:00:00-04:00,G,4,Chile,Australia,3,1,0.533172,0.258529,0.208299,1.5943,0.8987,0.684315,0.212774,0.102912,0.151143,home,home,False,-0.151143,0.045755,0.105388,2,0,2-0,0.837556,0.010642,2,1,2-1,0.826914,1,2.0,0.0,2-0,1.075263,0.013662,1.0,2-1,2.0,1.0,1.061601,2.0,0.0,2-0,1.063388,0.013511,1.0,2-1,2.0,1.0,1.049877,2.0,0.0,2-0,1.051514,0.01336,1.0,2-1,2.0,1.0,1.038153,2.0,0.0,2-0,1.039639,0.01321,1.0,2-1,2.0,1.0,1.02643,2.0,0.0,2-0,1.027765,0.013059,1.0,2-1,2.0,1.0,1.014706,2.0,0.0,2-0,1.01589,0.012908,1.0,2-1,2.0,1.0,1.002982,2.0,0.0,2-0,1.004016,0.012757,1.0,2-1,2.0,1.0,0.991259,2.0,0.0,2-0,0.992141,0.012606,1.0,2-1,2.0,1.0,0.979535,2.0,0.0,2-0,0.980267,0.012455,1.0,2-1,2.0,1.0,0.967812,2.0,0.0,2-0,0.968392,0.012304,1.0,2-1,2.0,1.0,0.956088,2.0,0.0,2-0,0.956518,0.012153,1.0,2-1,2.0,1.0,0.944364,2.0,0.0,2-0,0.944643,0.012003,1.0,2-1,2.0,1.0,0.932641,2.0,0.0,2-0,0.932769,0.011852,1.0,2-1,2.0,1.0,0.920917,2.0,0.0,2-0,0.920894,0.011701,1.0,2-1,2.0,1.0,0.909193,2.0,0.0,2-0,0.90902,0.01155,1.0,2-1,2.0,1.0,0.89747,2.0,0.0,2-0,0.897145,0.011399,1.0,2-1,2.0,1.0,0.885746,2.0,0.0,2-0,0.885271,0.011248,1.0,2-1,2.0,1.0,0.874022,2.0,0.0,2-0,0.873396,0.011097,1.0,2-1,2.0,1.0,0.862299,2.0,0.0,2-0,0.861522,0.010946,1.0,2-1,2.0,1.0,0.850575,2.0,0.0,2-0,0.849647,0.010796,1.0,2-1,2.0,1.0,0.838852,2.0,0.0,2-0,0.837773,0.010645,1.0,2-1,2.0,1.0,0.827128
2014,2014-06-14T13:00:00-03:00,G,5,Colombia,Greece,3,0,0.449105,0.34031,0.210585,1.0483,0.6206,0.526117,0.292003,0.181881,0.077012,home,home,False,-0.077012,0.048307,0.028705,1,0,1-0,0.836407,0.11139,0,0,0-0,0.725017,1,1.0,0.0,1-0,0.979848,0.135819,1.0,2-0,2.0,0.0,0.844029,1.0,0.0,1-0,0.972677,0.134825,1.0,2-0,2.0,0.0,0.837852,1.0,0.0,1-0,0.965505,0.133831,1.0,2-0,2.0,0.0,0.831674,1.0,0.0,1-0,0.958334,0.132837,1.0,2-0,2.0,0.0,0.825497,1.0,0.0,1-0,0.951162,0.131843,1.0,2-0,2.0,0.0,0.819319,1.0,0.0,1-0,0.943991,0.130849,1.0,2-0,2.0,0.0,0.813142,1.0,0.0,1-0,0.936819,0.129855,1.0,2-0,2.0,0.0,0.806965,1.0,0.0,1-0,0.929648,0.128861,1.0,2-0,2.0,0.0,0.800787,1.0,0.0,1-0,0.922477,0.127867,1.0,2-0,2.0,0.0,0.79461,1.0,0.0,1-0,0.915305,0.126873,1.0,2-0,2.0,0.0,0.788433,1.0,0.0,1-0,0.908134,0.125879,1.0,2-0,2.0,0.0,0.782255,1.0,0.0,1-0,0.900962,0.124885,1.0,2-0,2.0,0.0,0.776078,1.0,0.0,1-0,0.893791,0.12389,1.0,2-0,2.0,0.0,0.7699,1.0,0.0,1-0,0.88662,0.122896,1.0,2-0,2.0,0.0,0.763723,1.0,0.0,1-0,0.879448,0.121902,1.0,2-0,2.0,0.0,0.757546,1.0,0.0,1-0,0.872277,0.120908,1.0,2-0,2.0,0.0,0.751368,1.0,0.0,1-0,0.865105,0.119914,1.0,2-0,2.0,0.0,0.745191,1.0,0.0,1-0,0.857934,0.11892,1.0,2-0,2.0,0.0,0.739014,1.0,0.0,1-0,0.850762,0.117926,1.0,2-0,2.0,0.0,0.732836,1.0,0.0,1-0,0.843591,0.116932,1.0,2-0,2.0,0.0,0.726659,1.0,0.0,1-0,0.83642,0.111392,1.0,0-0,0.0,0.0,0.725028
2014,2014-06-14T16:00:00-03:00,G,6,Uruguay,Costa Rica,1,3,0.630669,0.228269,0.141062,1.8228,0.7312,0.67628,0.224683,0.099037,0.045611,home,home,False,-0.045611,0.003586,0.042025,2,0,2-0,0.983157,0.034731,2,1,2-1,0.948425,0,2.0,0.0,2-0,1.054904,0.037266,0.0,2-1,2.0,1.0,1.017638,2.0,0.0,2-0,1.051346,0.03714,0.0,2-1,2.0,1.0,1.014206,2.0,0.0,2-0,1.047789,0.037014,0.0,2-1,2.0,1.0,1.010775,2.0,0.0,2-0,1.044232,0.036889,0.0,2-1,2.0,1.0,1.007343,2.0,0.0,2-0,1.040674,0.036763,0.0,2-1,2.0,1.0,1.003911,2.0,0.0,2-0,1.037117,0.036637,0.0,2-1,2.0,1.0,1.00048,2.0,0.0,2-0,1.03356,0.036512,0.0,2-1,2.0,1.0,0.997048,2.0,0.0,2-0,1.030002,0.036386,0.0,2-1,2.0,1.0,0.993616,2.0,0.0,2-0,1.026445,0.03626,0.0,2-1,2.0,1.0,0.990184,2.0,0.0,2-0,1.022887,0.036135,0.0,2-1,2.0,1.0,0.986753,2.0,0.0,2-0,1.01933,0.036009,0.0,2-1,2.0,1.0,0.983321,2.0,0.0,2-0,1.015773,0.035883,0.0,2-1,2.0,1.0,0.979889,2.0,0.0,2-0,1.012215,0.035758,0.0,2-1,2.0,1.0,0.976458,2.0,0.0,2-0,1.008658,0.035632,0.0,2-1,2.0,1.0,0.973026,2.0,0.0,2-0,1.005101,0.035506,0.0,2-1,2.0,1.0,0.969594,2.0,0.0,2-0,1.001543,0.035381,0.0,2-1,2.0,1.0,0.966163,2.0,0.0,2-0,0.997986,0.035255,0.0,2-1,2.0,1.0,0.962731,2.0,0.0,2-0,0.994429,0.035129,0.0,2-1,2.0,1.0,0.959299,2.0,0.0,2-0,0.990871,0.035004,0.0,2-1,2.0,1.0,0.955868,2.0,0.0,2-0,0.987314,0.034878,0.0,2-1,2.0,1.0,0.952436,2.0,0.0,2-0,0.983757,0.034752,0.0,2-1,2.0,1.0,0.949004
2014,2014-06-14T18:00:00-04:00,G,7,England,Italy,1,2,0.45486,0.286511,0.258628,1.3365,0.9382,0.383722,0.320433,0.295845,0.071138,home,home,False,0.071138,-0.033921,-0.037217,2,0,2-0,0.724666,0.003198,1,0,1-0,0.721468,0,1.0,1.0,1-1,0.618043,0.00666,0.0,2-0,2.0,0.0,0.611383,2.0,0.0,2-0,0.61705,0.002278,0.0,1-1,1.0,1.0,0.614772,2.0,0.0,2-0,0.622718,0.002748,0.0,1-0,1.0,0.0,0.619969,2.0,0.0,2-0,0.628385,0.002773,0.0,1-0,1.0,0.0,0.625612,2.0,0.0,2-0,0.634052,0.002798,0.0,1-0,1.0,0.0,0.631254,2.0,0.0,2-0,0.639719,0.002823,0.0,1-0,1.0,0.0,0.636896,2.0,0.0,2-0,0.645386,0.002848,0.0,1-0,1.0,0.0,0.642538,2.0,0.0,2-0,0.651053,0.002873,0.0,1-0,1.0,0.0,0.64818,2.0,0.0,2-0,0.656721,0.002898,0.0,1-0,1.0,0.0,0.653823,2.0,0.0,2-0,0.662388,0.002923,0.0,1-0,1.0,0.0,0.659465,2.0,0.0,2-0,0.668055,0.002948,0.0,1-0,1.0,0.0,0.665107,2.0,0.0,2-0,0.673722,0.002973,0.0,1-0,1.0,0.0,0.670749,2.0,0.0,2-0,0.679389,0.002998,0.0,1-0,1.0,0.0,0.676391,2.0,0.0,2-0,0.685057,0.003023,0.0,1-0,1.0,0.0,0.682033,2.0,0.0,2-0,0.690724,0.003048,0.0,1-0,1.0,0.0,0.687676,2.0,0.0,2-0,0.696391,0.003073,0.0,1-0,1.0,0.0,0.693318,2.0,0.0,2-0,0.702058,0.003098,0.0,1-0,1.0,0.0,0.69896,2.0,0.0,2-0,0.707725,0.003123,0.0,1-0,1.0,0.0,0.704602,2.0,0.0,2-0,0.713393,0.003148,0.0,1-0,1.0,0.0,0.710244,2.0,0.0,2-0,0.71906,0.003173,0.0,1-0,1.0,0.0,0.715887,2.0,0.0,2-0,0.724727,0.003198,0.0,1-0,1.0,0.0,0.721529
2014,2014-06-14T22:00:00-03:00,G,8,Ivory Coast,Japan,2,1,0.481038,0.249537,0.269425,1.6651,1.1897,0.35765,0.287434,0.354917,0.123388,home,home,False,0.123388,-0.037897,-0.085492,2,1,2-1,0.750548,0.015141,2,0,2-0,0.735407,3,1.0,2.0,1-2,0.587394,0.02878,0.0,1-1,1.0,1.0,0.558614,1.0,2.0,1-2,0.580319,0.012452,0.0,2-1,2.0,1.0,0.567867,2.0,1.0,2-1,0.577497,0.004252,3.0,1-2,1.0,2.0,0.573245,2.0,1.0,2-1,0.587126,0.011844,3.0,2-0,2.0,0.0,0.575282,2.0,1.0,2-1,0.596756,0.012038,3.0,2-0,2.0,0.0,0.584717,2.0,1.0,2-1,0.606385,0.012233,3.0,2-0,2.0,0.0,0.594153,2.0,1.0,2-1,0.616015,0.012427,3.0,2-0,2.0,0.0,0.603588,2.0,1.0,2-1,0.625644,0.012621,3.0,2-0,2.0,0.0,0.613023,2.0,1.0,2-1,0.635274,0.012815,3.0,2-0,2.0,0.0,0.622458,2.0,1.0,2-1,0.644903,0.01301,3.0,2-0,2.0,0.0,0.631894,2.0,1.0,2-1,0.654533,0.013204,3.0,2-0,2.0,0.0,0.641329,2.0,1.0,2-1,0.664162,0.013398,3.0,2-0,2.0,0.0,0.650764,2.0,1.0,2-1,0.673792,0.013592,3.0,2-0,2.0,0.0,0.6602,2.0,1.0,2-1,0.683421,0.013787,3.0,2-0,2.0,0.0,0.669635,2.0,1.0,2-1,0.693051,0.013981,3.0,2-0,2.0,0.0,0.67907,2.0,1.0,2-1,0.702681,0.014175,3.0,2-0,2.0,0.0,0.688505,2.0,1.0,2-1,0.71231,0.014369,3.0,2-0,2.0,0.0,0.697941,2.0,1.0,2-1,0.72194,0.014564,3.0,2-0,2.0,0.0,0.707376,2.0,1.0,2-1,0.731569,0.014758,3.0,2-0,2.0,0.0,0.716811,2.0,1.0,2-1,0.741199,0.014952,3.0,2-0,2.0,0.0,0.726246,2.0,1.0,2-1,0.750828,0.015146,3.0,2-0,2.0,0.0,0.735682
2014,2014-06-15T13:00:00-03:00,G,9,Switzerland,Ecuador,2,1,0.329526,0.3063,0.364174,1.0256,1.0934,0.399982,0.296075,0.303943,0.070456,away,home,True,-0.070456,0.010225,0.060231,0,1,0-1,0.618314,0.033967,1,1,1-1,0.584347,0,1.0,0.0,1-0,0.688713,0.044281,1.0,2-1,2.0,1.0,0.644432,1.0,0.0,1-0,0.682647,0.043891,1.0,2-1,2.0,1.0,0.638756,1.0,0.0,1-0,0.676582,0.043501,1.0,2-1,2.0,1.0,0.63308,1.0,0.0,1-0,0.670516,0.043111,1.0,2-1,2.0,1.0,0.627404,1.0,0.0,1-0,0.66445,0.042721,1.0,2-1,2.0,1.0,0.621729,1.0,0.0,1-0,0.658384,0.042331,1.0,2-1,2.0,1.0,0.616053,1.0,0.0,1-0,0.652319,0.041941,1.0,2-1,2.0,1.0,0.610377,1.0,0.0,1-0,0.646253,0.041551,1.0,2-1,2.0,1.0,0.604701,1.0,0.0,1-0,0.640187,0.041161,1.0,2-1,2.0,1.0,0.599026,1.0,0.0,1-0,0.634121,0.040771,1.0,2-1,2.0,1.0,0.59335,1.0,0.0,1-0,0.628055,0.040381,1.0,2-1,2.0,1.0,0.587674,1.0,0.0,1-0,0.62199,0.039991,1.0,2-1,2.0,1.0,0.581998,1.0,0.0,1-0,0.615924,0.038497,1.0,0-1,0.0,1.0,0.577427,1.0,0.0,1-0,0.609858,0.027318,1.0,0-1,0.0,1.0,0.58254,1.0,0.0,1-0,0.603792,0.016139,1.0,0-1,0.0,1.0,0.587653,1.0,0.0,1-0,0.597727,0.00496,1.0,0-1,0.0,1.0,0.592767,0.0,1.0,0-1,0.59788,0.006219,0.0,1-0,1.0,0.0,0.591661,0.0,1.0,0-1,0.602994,0.017398,0.0,1-0,1.0,0.0,0.585595,0.0,1.0,0-1,0.608107,0.025692,0.0,1-1,1.0,1.0,0.582414,0.0,1.0,0-1,0.61322,0.02983,0.0,1-1,1.0,1.0,0.58339,0.0,1.0,0-1,0.618334,0.033968,0.0,1-1,1.0,1.0,0.584365
2014,2014-06-15T16:00:00-03:00,G,10,France,Honduras,3,0,0.585299,0.271471,0.143229,1.4691,0.583,0.774149,0.156826,0.069025,0.188849,home,home,False,-0.188849,0.114645,0.074204,1,0,1-0,0.95567,0.012374,2,0,2-0,0.943296,1,1.0,0.0,1-0,1.264208,0.016369,1.0,2-0,2.0,0.0,1.247838,1.0,0.0,1-0,1.248788,0.01617,1.0,2-0,2.0,0.0,1.232618,1.0,0.0,1-0,1.233368,0.01597,1.0,2-0,2.0,0.0,1.217398,1.0,0.0,1-0,1.217948,0.01577,1.0,2-0,2.0,0.0,1.202178,1.0,0.0,1-0,1.202528,0.015571,1.0,2-0,2.0,0.0,1.186958,1.0,0.0,1-0,1.187108,0.015371,1.0,2-0,2.0,0.0,1.171738,1.0,0.0,1-0,1.171689,0.015171,1.0,2-0,2.0,0.0,1.156517,1.0,0.0,1-0,1.156269,0.014972,1.0,2-0,2.0,0.0,1.141297,1.0,0.0,1-0,1.140849,0.014772,1.0,2-0,2.0,0.0,1.126077,1.0,0.0,1-0,1.125429,0.014572,1.0,2-0,2.0,0.0,1.110857,1.0,0.0,1-0,1.110009,0.014373,1.0,2-0,2.0,0.0,1.095637,1.0,0.0,1-0,1.09459,0.014173,1.0,2-0,2.0,0.0,1.080417,1.0,0.0,1-0,1.07917,0.013973,1.0,2-0,2.0,0.0,1.065196,1.0,0.0,1-0,1.06375,0.013774,1.0,2-0,2.0,0.0,1.049976,1.0,0.0,1-0,1.04833,0.013574,1.0,2-0,2.0,0.0,1.034756,1.0,0.0,1-0,1.03291,0.013374,1.0,2-0,2.0,0.0,1.019536,1.0,0.0,1-0,1.01749,0.013175,1.0,2-0,2.0,0.0,1.004316,1.0,0.0,1-0,1.002071,0.012975,1.0,2-0,2.0,0.0,0.989096,1.0,0.0,1-0,0.986651,0.012775,1.0,2-0,2.0,0.0,0.973875,1.0,0.0,1-0,0.971231,0.012576,1.0,2-0,2.0,0.0,0.958655,1.0,0.0,1-0,0.955811,0.012376,1.0,2-0,2.0,0.0,0.943435
2014,2014-06-15T19:00:00-03:00,G,11,Argentina,Bosnia and Herzegovina,2,1,0.646424,0.203298,0.150278,2.1304,0.9262,0.745564,0.167797,0.086639,0.09914,home,home,False,-0.09914,0.035501,0.063639,2,0,2-0,0.95778,0.007877,2,1,2-1,0.949903,2,2.0,0.0,2-0,1.106475,0.0091,2.0,2-1,2.0,1.0,1.097376,2.0,0.0,2-0,1.099119,0.009039,2.0,2-1,2.0,1.0,1.09008,2.0,0.0,2-0,1.091762,0.008979,2.0,2-1,2.0,1.0,1.082784,2.0,0.0,2-0,1.084406,0.008918,2.0,2-1,2.0,1.0,1.075488,2.0,0.0,2-0,1.077049,0.008858,2.0,2-1,2.0,1.0,1.068191,2.0,0.0,2-0,1.069692,0.008797,2.0,2-1,2.0,1.0,1.060895,2.0,0.0,2-0,1.062336,0.008737,2.0,2-1,2.0,1.0,1.053599,2.0,0.0,2-0,1.054979,0.008676,2.0,2-1,2.0,1.0,1.046303,2.0,0.0,2-0,1.047623,0.008616,2.0,2-1,2.0,1.0,1.039007,2.0,0.0,2-0,1.040266,0.008555,2.0,2-1,2.0,1.0,1.031711,2.0,0.0,2-0,1.03291,0.008495,2.0,2-1,2.0,1.0,1.024415,2.0,0.0,2-0,1.025553,0.008434,2.0,2-1,2.0,1.0,1.017119,2.0,0.0,2-0,1.018196,0.008374,2.0,2-1,2.0,1.0,1.009823,2.0,0.0,2-0,1.01084,0.008313,2.0,2-1,2.0,1.0,1.002527,2.0,0.0,2-0,1.003483,0.008253,2.0,2-1,2.0,1.0,0.995231,2.0,0.0,2-0,0.996127,0.008192,2.0,2-1,2.0,1.0,0.987935,2.0,0.0,2-0,0.98877,0.008132,2.0,2-1,2.0,1.0,0.980639,2.0,0.0,2-0,0.981414,0.008071,2.0,2-1,2.0,1.0,0.973342,2.0,0.0,2-0,0.974057,0.008011,2.0,2-1,2.0,1.0,0.966046,2.0,0.0,2-0,0.9667,0.00795,2.0,2-1,2.0,1.0,0.95875,2.0,0.0,2-0,0.959344,0.00789,2.0,2-1,2.0,1.0,0.951454
2014,2014-06-16T13:00:00-03:00,G,12,Germany,Portugal,4,0,0.384572,0.269242,0.346186,1.3615,1.2789,0.466838,0.272418,0.260743,0.085443,home,home,False,-0.082267,-0.003176,0.085443,2,1,2-1,0.619731,0.018439,2,0,2-0,0.601292,1,2.0,1.0,2-1,0.752412,0.022387,1.0,2-0,2.0,0.0,0.730025,2.0,1.0,2-1,0.745783,0.02219,1.0,2-0,2.0,0.0,0.723593,2.0,1.0,2-1,0.739153,0.021993,1.0,2-0,2.0,0.0,0.717161,2.0,1.0,2-1,0.732524,0.021795,1.0,2-0,2.0,0.0,0.710728,2.0,1.0,2-1,0.725894,0.021598,1.0,2-0,2.0,0.0,0.704296,2.0,1.0,2-1,0.719265,0.021401,1.0,2-0,2.0,0.0,0.697864,2.0,1.0,2-1,0.712635,0.021204,1.0,2-0,2.0,0.0,0.691431,2.0,1.0,2-1,0.706005,0.021006,1.0,2-0,2.0,0.0,0.684999,2.0,1.0,2-1,0.699376,0.020809,1.0,2-0,2.0,0.0,0.678567,2.0,1.0,2-1,0.692746,0.020612,1.0,2-0,2.0,0.0,0.672135,2.0,1.0,2-1,0.686117,0.020415,1.0,2-0,2.0,0.0,0.665702,2.0,1.0,2-1,0.679487,0.020217,1.0,2-0,2.0,0.0,0.65927,2.0,1.0,2-1,0.672858,0.02002,1.0,2-0,2.0,0.0,0.652838,2.0,1.0,2-1,0.666228,0.019823,1.0,2-0,2.0,0.0,0.646405,2.0,1.0,2-1,0.659599,0.019626,1.0,2-0,2.0,0.0,0.639973,2.0,1.0,2-1,0.652969,0.019428,1.0,2-0,2.0,0.0,0.633541,2.0,1.0,2-1,0.64634,0.019231,1.0,2-0,2.0,0.0,0.627108,2.0,1.0,2-1,0.63971,0.019034,1.0,2-0,2.0,0.0,0.620676,2.0,1.0,2-1,0.63308,0.018837,1.0,2-0,2.0,0.0,0.614244,2.0,1.0,2-1,0.626451,0.018639,1.0,2-0,2.0,0.0,0.607812,2.0,1.0,2-1,0.619821,0.018442,1.0,2-0,2.0,0.0,0.601379
2014,2014-06-16T16:00:00-03:00,G,13,Iran,Nigeria,0,0,0.292247,0.309172,0.398581,0.9282,1.1342,0.196298,0.277254,0.526448,0.127867,away,away,False,0.095949,0.031918,-0.127867,0,1,0-1,0.678467,0.040413,0,2,0-2,0.638055,0,0.0,1.0,0-1,0.896152,0.053379,0.0,0-2,0.0,2.0,0.842773,0.0,1.0,0-1,0.885268,0.052731,0.0,0-2,0.0,2.0,0.832538,0.0,1.0,0-1,0.874385,0.052082,0.0,0-2,0.0,2.0,0.822303,0.0,1.0,0-1,0.863502,0.051434,0.0,0-2,0.0,2.0,0.812068,0.0,1.0,0-1,0.852619,0.050786,0.0,0-2,0.0,2.0,0.801833,0.0,1.0,0-1,0.841736,0.050138,0.0,0-2,0.0,2.0,0.791598,0.0,1.0,0-1,0.830853,0.049489,0.0,0-2,0.0,2.0,0.781363,0.0,1.0,0-1,0.819969,0.048841,0.0,0-2,0.0,2.0,0.771128,0.0,1.0,0-1,0.809086,0.048193,0.0,0-2,0.0,2.0,0.760893,0.0,1.0,0-1,0.798203,0.047545,0.0,0-2,0.0,2.0,0.750658,0.0,1.0,0-1,0.78732,0.046896,0.0,0-2,0.0,2.0,0.740424,0.0,1.0,0-1,0.776437,0.046248,0.0,0-2,0.0,2.0,0.730189,0.0,1.0,0-1,0.765554,0.0456,0.0,0-2,0.0,2.0,0.719954,0.0,1.0,0-1,0.75467,0.044952,0.0,0-2,0.0,2.0,0.709719,0.0,1.0,0-1,0.743787,0.044303,0.0,0-2,0.0,2.0,0.699484,0.0,1.0,0-1,0.732904,0.043655,0.0,0-2,0.0,2.0,0.689249,0.0,1.0,0-1,0.722021,0.043007,0.0,0-2,0.0,2.0,0.679014,0.0,1.0,0-1,0.711138,0.042359,0.0,0-2,0.0,2.0,0.668779,0.0,1.0,0-1,0.700255,0.04171,0.0,0-2,0.0,2.0,0.658544,0.0,1.0,0-1,0.689371,0.041062,0.0,0-2,0.0,2.0,0.648309,0.0,1.0,0-1,0.678488,0.040414,0.0,0-2,0.0,2.0,0.638074
2014,2014-06-16T19:00:00-03:00,G,14,Ghana,United States,1,2,0.360916,0.301438,0.337647,1.1126,1.0666,0.398313,0.281322,0.320364,0.037398,home,home,False,-0.037398,0.020116,0.017282,1,0,1-0,0.604094,0.023792,2,1,2-1,0.580302,0,1.0,0.0,1-0,0.666715,0.026259,0.0,2-1,2.0,1.0,0.640457,1.0,0.0,1-0,0.663585,0.026135,0.0,2-1,2.0,1.0,0.63745,1.0,0.0,1-0,0.660456,0.026012,0.0,2-1,2.0,1.0,0.634444,1.0,0.0,1-0,0.657326,0.025889,0.0,2-1,2.0,1.0,0.631437,1.0,0.0,1-0,0.654196,0.025765,0.0,2-1,2.0,1.0,0.62843,1.0,0.0,1-0,0.651066,0.025642,0.0,2-1,2.0,1.0,0.625424,1.0,0.0,1-0,0.647936,0.025519,0.0,2-1,2.0,1.0,0.622417,1.0,0.0,1-0,0.644806,0.025396,0.0,2-1,2.0,1.0,0.61941,1.0,0.0,1-0,0.641676,0.025272,0.0,2-1,2.0,1.0,0.616404,1.0,0.0,1-0,0.638546,0.025149,0.0,2-1,2.0,1.0,0.613397,1.0,0.0,1-0,0.635416,0.025026,0.0,2-1,2.0,1.0,0.610391,1.0,0.0,1-0,0.632286,0.024903,0.0,2-1,2.0,1.0,0.607384,1.0,0.0,1-0,0.629157,0.024779,0.0,2-1,2.0,1.0,0.604377,1.0,0.0,1-0,0.626027,0.024656,0.0,2-1,2.0,1.0,0.601371,1.0,0.0,1-0,0.622897,0.024533,0.0,2-1,2.0,1.0,0.598364,1.0,0.0,1-0,0.619767,0.024409,0.0,2-1,2.0,1.0,0.595357,1.0,0.0,1-0,0.616637,0.024286,0.0,2-1,2.0,1.0,0.592351,1.0,0.0,1-0,0.613507,0.024163,0.0,2-1,2.0,1.0,0.589344,1.0,0.0,1-0,0.610377,0.02404,0.0,2-1,2.0,1.0,0.586337,1.0,0.0,1-0,0.607247,0.023916,0.0,2-1,2.0,1.0,0.583331,1.0,0.0,1-0,0.604117,0.023793,0.0,2-1,2.0,1.0,0.580324
2014,2014-06-17T13:00:00-03:00,G,15,Belgium,Algeria,2,1,0.544208,0.261194,0.194598,1.5692,0.8305,0.72819,0.182031,0.089779,0.183981,home,home,False,-0.183981,0.079163,0.104818,2,0,2-0,0.860313,0.018936,2,1,2-1,0.841377,2,2.0,0.0,2-0,1.151427,0.025343,2.0,2-1,2.0,1.0,1.126084,2.0,0.0,2-0,1.136882,0.025023,2.0,2-1,2.0,1.0,1.111859,2.0,0.0,2-0,1.122336,0.024703,2.0,2-1,2.0,1.0,1.097633,2.0,0.0,2-0,1.10779,0.024383,2.0,2-1,2.0,1.0,1.083407,2.0,0.0,2-0,1.093244,0.024062,2.0,2-1,2.0,1.0,1.069182,2.0,0.0,2-0,1.078699,0.023742,2.0,2-1,2.0,1.0,1.054956,2.0,0.0,2-0,1.064153,0.023422,2.0,2-1,2.0,1.0,1.040731,2.0,0.0,2-0,1.049607,0.023102,2.0,2-1,2.0,1.0,1.026505,2.0,0.0,2-0,1.035061,0.022782,2.0,2-1,2.0,1.0,1.01228,2.0,0.0,2-0,1.020516,0.022462,2.0,2-1,2.0,1.0,0.998054,2.0,0.0,2-0,1.00597,0.022142,2.0,2-1,2.0,1.0,0.983828,2.0,0.0,2-0,0.991424,0.021821,2.0,2-1,2.0,1.0,0.969603,2.0,0.0,2-0,0.976878,0.021501,2.0,2-1,2.0,1.0,0.955377,2.0,0.0,2-0,0.962333,0.021181,2.0,2-1,2.0,1.0,0.941152,2.0,0.0,2-0,0.947787,0.020861,2.0,2-1,2.0,1.0,0.926926,2.0,0.0,2-0,0.933241,0.020541,2.0,2-1,2.0,1.0,0.9127,2.0,0.0,2-0,0.918695,0.020221,2.0,2-1,2.0,1.0,0.898475,2.0,0.0,2-0,0.90415,0.0199,2.0,2-1,2.0,1.0,0.884249,2.0,0.0,2-0,0.889604,0.01958,2.0,2-1,2.0,1.0,0.870024,2.0,0.0,2-0,0.875058,0.01926,2.0,2-1,2.0,1.0,0.855798,2.0,0.0,2-0,0.860512,0.01894,2.0,2-1,2.0,1.0,0.841572
2014,2014-06-17T16:00:00-03:00,G,16,Brazil,Mexico,0,0,0.648266,0.218424,0.13331,1.9075,0.7344,0.726551,0.176869,0.096581,0.078284,home,home,False,-0.078284,0.041555,0.036729,2,0,2-0,1.002071,0.034424,2,1,2-1,0.967647,0,2.0,0.0,2-0,1.123996,0.038613,0.0,2-1,2.0,1.0,1.085384,2.0,0.0,2-0,1.117941,0.038405,0.0,2-1,2.0,1.0,1.079536,2.0,0.0,2-0,1.111886,0.038197,0.0,2-1,2.0,1.0,1.073689,2.0,0.0,2-0,1.10583,0.037989,0.0,2-1,2.0,1.0,1.067842,2.0,0.0,2-0,1.099775,0.037781,0.0,2-1,2.0,1.0,1.061994,2.0,0.0,2-0,1.093719,0.037573,0.0,2-1,2.0,1.0,1.056147,2.0,0.0,2-0,1.087664,0.037365,0.0,2-1,2.0,1.0,1.050299,2.0,0.0,2-0,1.081609,0.037157,0.0,2-1,2.0,1.0,1.044452,2.0,0.0,2-0,1.075553,0.036948,0.0,2-1,2.0,1.0,1.038605,2.0,0.0,2-0,1.069498,0.03674,0.0,2-1,2.0,1.0,1.032757,2.0,0.0,2-0,1.063442,0.036532,0.0,2-1,2.0,1.0,1.02691,2.0,0.0,2-0,1.057387,0.036324,0.0,2-1,2.0,1.0,1.021063,2.0,0.0,2-0,1.051332,0.036116,0.0,2-1,2.0,1.0,1.015215,2.0,0.0,2-0,1.045276,0.035908,0.0,2-1,2.0,1.0,1.009368,2.0,0.0,2-0,1.039221,0.0357,0.0,2-1,2.0,1.0,1.00352,2.0,0.0,2-0,1.033165,0.035492,0.0,2-1,2.0,1.0,0.997673,2.0,0.0,2-0,1.02711,0.035284,0.0,2-1,2.0,1.0,0.991826,2.0,0.0,2-0,1.021054,0.035076,0.0,2-1,2.0,1.0,0.985978,2.0,0.0,2-0,1.014999,0.034868,0.0,2-1,2.0,1.0,0.980131,2.0,0.0,2-0,1.008944,0.03466,0.0,2-1,2.0,1.0,0.974283,2.0,0.0,2-0,1.002888,0.034452,0.0,2-1,2.0,1.0,0.968436
2014,2014-06-17T18:00:00-04:00,G,17,Russia,South Korea,1,1,0.544519,0.274328,0.181152,1.4621,0.7235,0.52936,0.266707,0.203933,0.022781,home,home,False,0.015159,0.007622,-0.022781,2,0,2-0,0.871674,0.00611,1,0,1-0,0.865564,0,2.0,0.0,2-0,0.84753,0.005941,0.0,1-0,1.0,0.0,0.841589,2.0,0.0,2-0,0.848743,0.005949,0.0,1-0,1.0,0.0,0.842794,2.0,0.0,2-0,0.849957,0.005958,0.0,1-0,1.0,0.0,0.843999,2.0,0.0,2-0,0.85117,0.005966,0.0,1-0,1.0,0.0,0.845204,2.0,0.0,2-0,0.852384,0.005975,0.0,1-0,1.0,0.0,0.846409,2.0,0.0,2-0,0.853597,0.005983,0.0,1-0,1.0,0.0,0.847614,2.0,0.0,2-0,0.854811,0.005992,0.0,1-0,1.0,0.0,0.848819,2.0,0.0,2-0,0.856024,0.006,0.0,1-0,1.0,0.0,0.850024,2.0,0.0,2-0,0.857238,0.006009,0.0,1-0,1.0,0.0,0.851229,2.0,0.0,2-0,0.858451,0.006017,0.0,1-0,1.0,0.0,0.852434,2.0,0.0,2-0,0.859664,0.006026,0.0,1-0,1.0,0.0,0.853639,2.0,0.0,2-0,0.860878,0.006034,0.0,1-0,1.0,0.0,0.854844,2.0,0.0,2-0,0.862091,0.006043,0.0,1-0,1.0,0.0,0.856049,2.0,0.0,2-0,0.863305,0.006051,0.0,1-0,1.0,0.0,0.857254,2.0,0.0,2-0,0.864518,0.00606,0.0,1-0,1.0,0.0,0.858459,2.0,0.0,2-0,0.865732,0.006068,0.0,1-0,1.0,0.0,0.859664,2.0,0.0,2-0,0.866945,0.006077,0.0,1-0,1.0,0.0,0.860869,2.0,0.0,2-0,0.868159,0.006085,0.0,1-0,1.0,0.0,0.862074,2.0,0.0,2-0,0.869372,0.006094,0.0,1-0,1.0,0.0,0.863279,2.0,0.0,2-0,0.870586,0.006102,0.0,1-0,1.0,0.0,0.864484,2.0,0.0,2-0,0.871799,0.006111,0.0,1-0,1.0,0.0,0.865689
2014,2014-06-18T13:00:00-03:00,G,18,Australia,Netherlands,2,3,0.139669,0.234681,0.625651,0.6956,1.759,0.068398,0.142832,0.78877,0.16312,away,away,False,0.071271,0.091849,-0.16312,0,2,0-2,0.983551,0.040446,1,2,1-2,0.943105,1,0.0,2.0,0-2,1.240584,0.051016,1.0,1-2,1.0,2.0,1.189568,0.0,2.0,0-2,1.227756,0.050489,1.0,1-2,1.0,2.0,1.177268,0.0,2.0,0-2,1.214929,0.049961,1.0,1-2,1.0,2.0,1.164967,0.0,2.0,0-2,1.202101,0.049434,1.0,1-2,1.0,2.0,1.152667,0.0,2.0,0-2,1.189273,0.048906,1.0,1-2,1.0,2.0,1.140367,0.0,2.0,0-2,1.176445,0.048379,1.0,1-2,1.0,2.0,1.128066,0.0,2.0,0-2,1.163617,0.047851,1.0,1-2,1.0,2.0,1.115766,0.0,2.0,0-2,1.15079,0.047324,1.0,1-2,1.0,2.0,1.103466,0.0,2.0,0-2,1.137962,0.046796,1.0,1-2,1.0,2.0,1.091166,0.0,2.0,0-2,1.125134,0.046269,1.0,1-2,1.0,2.0,1.078865,0.0,2.0,0-2,1.112306,0.045741,1.0,1-2,1.0,2.0,1.066565,0.0,2.0,0-2,1.099479,0.045214,1.0,1-2,1.0,2.0,1.054265,0.0,2.0,0-2,1.086651,0.044686,1.0,1-2,1.0,2.0,1.041964,0.0,2.0,0-2,1.073823,0.044159,1.0,1-2,1.0,2.0,1.029664,0.0,2.0,0-2,1.060995,0.043631,1.0,1-2,1.0,2.0,1.017364,0.0,2.0,0-2,1.048167,0.043104,1.0,1-2,1.0,2.0,1.005064,0.0,2.0,0-2,1.03534,0.042576,1.0,1-2,1.0,2.0,0.992763,0.0,2.0,0-2,1.022512,0.042049,1.0,1-2,1.0,2.0,0.980463,0.0,2.0,0-2,1.009684,0.041521,1.0,1-2,1.0,2.0,0.968163,0.0,2.0,0-2,0.996856,0.040994,1.0,1-2,1.0,2.0,0.955863,0.0,2.0,0-2,0.984028,0.040466,1.0,1-2,1.0,2.0,0.943562
2014,2014-06-18T16:00:00-03:00,G,19,Spain,Chile,0,2,0.56597,0.265547,0.168483,1.5254,0.7058,0.619213,0.213407,0.16738,0.053243,home,home,False,-0.053243,0.05214,0.001103,2,0,2-0,0.903949,0.017819,1,0,1-0,0.88613,0,2.0,0.0,2-0,0.989175,0.019499,0.0,1-0,1.0,0.0,0.969676,2.0,0.0,2-0,0.984922,0.019415,0.0,1-0,1.0,0.0,0.965507,2.0,0.0,2-0,0.98067,0.019331,0.0,1-0,1.0,0.0,0.961339,2.0,0.0,2-0,0.976417,0.019247,0.0,1-0,1.0,0.0,0.95717,2.0,0.0,2-0,0.972164,0.019163,0.0,1-0,1.0,0.0,0.953001,2.0,0.0,2-0,0.967912,0.01908,0.0,1-0,1.0,0.0,0.948832,2.0,0.0,2-0,0.963659,0.018996,0.0,1-0,1.0,0.0,0.944663,2.0,0.0,2-0,0.959406,0.018912,0.0,1-0,1.0,0.0,0.940494,2.0,0.0,2-0,0.955153,0.018828,0.0,1-0,1.0,0.0,0.936325,2.0,0.0,2-0,0.950901,0.018744,0.0,1-0,1.0,0.0,0.932156,2.0,0.0,2-0,0.946648,0.01866,0.0,1-0,1.0,0.0,0.927988,2.0,0.0,2-0,0.942395,0.018577,0.0,1-0,1.0,0.0,0.923819,2.0,0.0,2-0,0.938143,0.018493,0.0,1-0,1.0,0.0,0.91965,2.0,0.0,2-0,0.93389,0.018409,0.0,1-0,1.0,0.0,0.915481,2.0,0.0,2-0,0.929637,0.018325,0.0,1-0,1.0,0.0,0.911312,2.0,0.0,2-0,0.925384,0.018241,0.0,1-0,1.0,0.0,0.907143,2.0,0.0,2-0,0.921132,0.018157,0.0,1-0,1.0,0.0,0.902974,2.0,0.0,2-0,0.916879,0.018074,0.0,1-0,1.0,0.0,0.898805,2.0,0.0,2-0,0.912626,0.01799,0.0,1-0,1.0,0.0,0.894637,2.0,0.0,2-0,0.908374,0.017906,0.0,1-0,1.0,0.0,0.890468,2.0,0.0,2-0,0.904121,0.017822,0.0,1-0,1.0,0.0,0.886299
2014,2014-06-18T18:00:00-04:00,G,20,Cameroon,Croatia,0,4,0.266414,0.296416,0.43717,0.9159,1.2551,0.169635,0.242646,0.587718,0.150549,away,away,False,0.096779,0.05377,-0.150549,0,1,0-1,0.715125,0.016011,0,2,0-2,0.699114,1,0.0,1.0,0-1,0.961448,0.021526,1.0,0-2,0.0,2.0,0.939922,0.0,1.0,0-1,0.949134,0.021251,1.0,0-2,0.0,2.0,0.927883,0.0,1.0,0-1,0.936819,0.020975,1.0,0-2,0.0,2.0,0.915845,0.0,1.0,0-1,0.924505,0.020699,1.0,0-2,0.0,2.0,0.903806,0.0,1.0,0-1,0.912191,0.020423,1.0,0-2,0.0,2.0,0.891768,0.0,1.0,0-1,0.899877,0.020148,1.0,0-2,0.0,2.0,0.879729,0.0,1.0,0-1,0.887563,0.019872,1.0,0-2,0.0,2.0,0.867691,0.0,1.0,0-1,0.875249,0.019596,1.0,0-2,0.0,2.0,0.855653,0.0,1.0,0-1,0.862935,0.019321,1.0,0-2,0.0,2.0,0.843614,0.0,1.0,0-1,0.850621,0.019045,1.0,0-2,0.0,2.0,0.831576,0.0,1.0,0-1,0.838306,0.018769,1.0,0-2,0.0,2.0,0.819537,0.0,1.0,0-1,0.825992,0.018493,1.0,0-2,0.0,2.0,0.807499,0.0,1.0,0-1,0.813678,0.018218,1.0,0-2,0.0,2.0,0.79546,0.0,1.0,0-1,0.801364,0.017942,1.0,0-2,0.0,2.0,0.783422,0.0,1.0,0-1,0.78905,0.017666,1.0,0-2,0.0,2.0,0.771384,0.0,1.0,0-1,0.776736,0.017391,1.0,0-2,0.0,2.0,0.759345,0.0,1.0,0-1,0.764422,0.017115,1.0,0-2,0.0,2.0,0.747307,0.0,1.0,0-1,0.752108,0.016839,1.0,0-2,0.0,2.0,0.735268,0.0,1.0,0-1,0.739793,0.016564,1.0,0-2,0.0,2.0,0.72323,0.0,1.0,0-1,0.727479,0.016288,1.0,0-2,0.0,2.0,0.711191,0.0,1.0,0-1,0.715165,0.016012,1.0,0-2,0.0,2.0,0.699153
2014,2014-06-19T13:00:00-03:00,G,21,Colombia,Ivory Coast,2,1,0.414597,0.292793,0.29261,1.2493,1.0038,0.478524,0.272293,0.249183,0.063926,home,home,False,-0.063926,0.0205,0.043426,1,0,1-0,0.66872,0.007533,2,1,2-1,0.661187,1,1.0,0.0,1-0,0.771875,0.008695,1.0,2-1,2.0,1.0,0.76318,1.0,0.0,1-0,0.766719,0.008637,1.0,2-1,2.0,1.0,0.758082,1.0,0.0,1-0,0.761563,0.008579,1.0,2-1,2.0,1.0,0.752985,1.0,0.0,1-0,0.756408,0.008521,1.0,2-1,2.0,1.0,0.747887,1.0,0.0,1-0,0.751252,0.008462,1.0,2-1,2.0,1.0,0.742789,1.0,0.0,1-0,0.746096,0.008404,1.0,2-1,2.0,1.0,0.737692,1.0,0.0,1-0,0.74094,0.008346,1.0,2-1,2.0,1.0,0.732594,1.0,0.0,1-0,0.735785,0.008288,1.0,2-1,2.0,1.0,0.727496,1.0,0.0,1-0,0.730629,0.00823,1.0,2-1,2.0,1.0,0.722399,1.0,0.0,1-0,0.725473,0.008172,1.0,2-1,2.0,1.0,0.717301,1.0,0.0,1-0,0.720317,0.008114,1.0,2-1,2.0,1.0,0.712203,1.0,0.0,1-0,0.715161,0.008056,1.0,2-1,2.0,1.0,0.707105,1.0,0.0,1-0,0.710006,0.007998,1.0,2-1,2.0,1.0,0.702008,1.0,0.0,1-0,0.70485,0.00794,1.0,2-1,2.0,1.0,0.69691,1.0,0.0,1-0,0.699694,0.007882,1.0,2-1,2.0,1.0,0.691812,1.0,0.0,1-0,0.694538,0.007824,1.0,2-1,2.0,1.0,0.686715,1.0,0.0,1-0,0.689383,0.007766,1.0,2-1,2.0,1.0,0.681617,1.0,0.0,1-0,0.684227,0.007707,1.0,2-1,2.0,1.0,0.676519,1.0,0.0,1-0,0.679071,0.007649,1.0,2-1,2.0,1.0,0.671422,1.0,0.0,1-0,0.673915,0.007591,1.0,2-1,2.0,1.0,0.666324,1.0,0.0,1-0,0.668759,0.007533,1.0,2-1,2.0,1.0,0.661226
2014,2014-06-19T16:00:00-03:00,G,22,Uruguay,England,2,1,0.318849,0.279779,0.401372,1.1425,1.3147,0.253604,0.25431,0.492086,0.090714,away,away,False,0.065245,0.02547,-0.090714,1,2,1-2,0.644553,0.010553,0,2,0-2,0.634001,0,1.0,2.0,1-2,0.790305,0.012939,0.0,0-2,0.0,2.0,0.777366,1.0,2.0,1-2,0.783021,0.01282,0.0,0-2,0.0,2.0,0.770201,1.0,2.0,1-2,0.775736,0.0127,0.0,0-2,0.0,2.0,0.763036,1.0,2.0,1-2,0.768452,0.012581,0.0,0-2,0.0,2.0,0.755871,1.0,2.0,1-2,0.761167,0.012462,0.0,0-2,0.0,2.0,0.748705,1.0,2.0,1-2,0.753883,0.012342,0.0,0-2,0.0,2.0,0.74154,1.0,2.0,1-2,0.746598,0.012223,0.0,0-2,0.0,2.0,0.734375,1.0,2.0,1-2,0.739314,0.012104,0.0,0-2,0.0,2.0,0.72721,1.0,2.0,1-2,0.732029,0.011985,0.0,0-2,0.0,2.0,0.720044,1.0,2.0,1-2,0.724745,0.011865,0.0,0-2,0.0,2.0,0.712879,1.0,2.0,1-2,0.71746,0.011746,0.0,0-2,0.0,2.0,0.705714,1.0,2.0,1-2,0.710176,0.011627,0.0,0-2,0.0,2.0,0.698549,1.0,2.0,1-2,0.702891,0.011508,0.0,0-2,0.0,2.0,0.691383,1.0,2.0,1-2,0.695607,0.011388,0.0,0-2,0.0,2.0,0.684218,1.0,2.0,1-2,0.688322,0.011269,0.0,0-2,0.0,2.0,0.677053,1.0,2.0,1-2,0.681038,0.01115,0.0,0-2,0.0,2.0,0.669888,1.0,2.0,1-2,0.673753,0.011031,0.0,0-2,0.0,2.0,0.662722,1.0,2.0,1-2,0.666469,0.010911,0.0,0-2,0.0,2.0,0.655557,1.0,2.0,1-2,0.659184,0.010792,0.0,0-2,0.0,2.0,0.648392,1.0,2.0,1-2,0.651899,0.010673,0.0,0-2,0.0,2.0,0.641227,1.0,2.0,1-2,0.644615,0.010554,0.0,0-2,0.0,2.0,0.634061
2014,2014-06-19T19:00:00-03:00,G,23,Japan,Greece,0,0,0.334639,0.314519,0.350842,0.9983,1.0295,0.403586,0.285115,0.311299,0.068947,away,home,True,-0.068947,0.029404,0.039543,0,1,0-1,0.61322,0.019535,1,1,1-1,0.593685,0,1.0,0.0,1-0,0.71016,0.06458,0.0,2-1,2.0,1.0,0.64558,1.0,0.0,1-0,0.704094,0.064029,0.0,2-1,2.0,1.0,0.640066,1.0,0.0,1-0,0.698028,0.063477,0.0,2-1,2.0,1.0,0.634551,1.0,0.0,1-0,0.691962,0.062925,0.0,2-1,2.0,1.0,0.629037,1.0,0.0,1-0,0.685896,0.062374,0.0,2-1,2.0,1.0,0.623522,1.0,0.0,1-0,0.67983,0.061822,0.0,2-1,2.0,1.0,0.618008,1.0,0.0,1-0,0.673764,0.06127,0.0,2-1,2.0,1.0,0.612493,1.0,0.0,1-0,0.667698,0.060719,0.0,2-1,2.0,1.0,0.606979,1.0,0.0,1-0,0.661632,0.060167,0.0,2-1,2.0,1.0,0.601465,1.0,0.0,1-0,0.655566,0.059616,0.0,2-1,2.0,1.0,0.59595,1.0,0.0,1-0,0.6495,0.059064,0.0,2-1,2.0,1.0,0.590436,1.0,0.0,1-0,0.643434,0.058512,0.0,2-1,2.0,1.0,0.584921,1.0,0.0,1-0,0.637368,0.051781,0.0,0-1,0.0,1.0,0.585587,1.0,0.0,1-0,0.631302,0.042259,0.0,0-1,0.0,1.0,0.589043,1.0,0.0,1-0,0.625235,0.032737,0.0,0-1,0.0,1.0,0.592499,1.0,0.0,1-0,0.619169,0.023215,0.0,0-1,0.0,1.0,0.595954,1.0,0.0,1-0,0.613103,0.013693,0.0,0-1,0.0,1.0,0.59941,1.0,0.0,1-0,0.607037,0.004171,0.0,0-1,0.0,1.0,0.602866,0.0,1.0,0-1,0.606322,0.005351,0.0,1-0,1.0,0.0,0.600971,0.0,1.0,0-1,0.609778,0.014872,0.0,1-0,1.0,0.0,0.594905,0.0,1.0,0-1,0.613234,0.019536,0.0,1-1,1.0,1.0,0.593698
2014,2014-06-20T13:00:00-03:00,G,24,Italy,Costa Rica,0,1,0.548393,0.269779,0.181828,1.4968,0.7433,0.62394,0.236289,0.139771,0.075547,home,home,False,-0.075547,0.03349,0.042056,2,0,2-0,0.87541,0.016005,1,0,1-0,0.859404,0,2.0,0.0,2-0,0.996175,0.018213,0.0,1-0,1.0,0.0,0.977961,2.0,0.0,2-0,0.990144,0.018103,0.0,1-0,1.0,0.0,0.972041,2.0,0.0,2-0,0.984113,0.017993,0.0,1-0,1.0,0.0,0.96612,2.0,0.0,2-0,0.978082,0.017883,0.0,1-0,1.0,0.0,0.960199,2.0,0.0,2-0,0.972051,0.017772,0.0,1-0,1.0,0.0,0.954279,2.0,0.0,2-0,0.96602,0.017662,0.0,1-0,1.0,0.0,0.948358,2.0,0.0,2-0,0.959989,0.017552,0.0,1-0,1.0,0.0,0.942438,2.0,0.0,2-0,0.953959,0.017442,0.0,1-0,1.0,0.0,0.936517,2.0,0.0,2-0,0.947928,0.017331,0.0,1-0,1.0,0.0,0.930596,2.0,0.0,2-0,0.941897,0.017221,0.0,1-0,1.0,0.0,0.924676,2.0,0.0,2-0,0.935866,0.017111,0.0,1-0,1.0,0.0,0.918755,2.0,0.0,2-0,0.929835,0.017001,0.0,1-0,1.0,0.0,0.912835,2.0,0.0,2-0,0.923804,0.01689,0.0,1-0,1.0,0.0,0.906914,2.0,0.0,2-0,0.917773,0.01678,0.0,1-0,1.0,0.0,0.900993,2.0,0.0,2-0,0.911742,0.01667,0.0,1-0,1.0,0.0,0.895073,2.0,0.0,2-0,0.905712,0.016559,0.0,1-0,1.0,0.0,0.889152,2.0,0.0,2-0,0.899681,0.016449,0.0,1-0,1.0,0.0,0.883232,2.0,0.0,2-0,0.89365,0.016339,0.0,1-0,1.0,0.0,0.877311,2.0,0.0,2-0,0.887619,0.016229,0.0,1-0,1.0,0.0,0.87139,2.0,0.0,2-0,0.881588,0.016118,0.0,1-0,1.0,0.0,0.86547,2.0,0.0,2-0,0.875557,0.016008,0.0,1-0,1.0,0.0,0.859549
2014,2014-06-20T16:00:00-03:00,G,25,Switzerland,France,2,5,0.239673,0.32962,0.430708,0.7242,1.076,0.202003,0.272845,0.525152,0.094444,away,away,False,0.037669,0.056775,-0.094444,0,1,0-1,0.778131,0.086808,0,2,0-2,0.691324,1,0.0,1.0,0-1,0.948775,0.105844,1.0,0-2,0.0,2.0,0.842931,0.0,1.0,0-1,0.940243,0.104893,1.0,0-2,0.0,2.0,0.835351,0.0,1.0,0-1,0.931712,0.103941,1.0,0-2,0.0,2.0,0.827771,0.0,1.0,0-1,0.923181,0.102989,1.0,0-2,0.0,2.0,0.820191,0.0,1.0,0-1,0.914649,0.102037,1.0,0-2,0.0,2.0,0.812612,0.0,1.0,0-1,0.906118,0.101086,1.0,0-2,0.0,2.0,0.805032,0.0,1.0,0-1,0.897586,0.100134,1.0,0-2,0.0,2.0,0.797452,0.0,1.0,0-1,0.889055,0.099182,1.0,0-2,0.0,2.0,0.789873,0.0,1.0,0-1,0.880523,0.09823,1.0,0-2,0.0,2.0,0.782293,0.0,1.0,0-1,0.871992,0.097278,1.0,0-2,0.0,2.0,0.774713,0.0,1.0,0-1,0.86346,0.096327,1.0,0-2,0.0,2.0,0.767133,0.0,1.0,0-1,0.854929,0.095375,1.0,0-2,0.0,2.0,0.759554,0.0,1.0,0-1,0.846397,0.094423,1.0,0-2,0.0,2.0,0.751974,0.0,1.0,0-1,0.837866,0.093471,1.0,0-2,0.0,2.0,0.744394,0.0,1.0,0-1,0.829334,0.09252,1.0,0-2,0.0,2.0,0.736815,0.0,1.0,0-1,0.820803,0.091568,1.0,0-2,0.0,2.0,0.729235,0.0,1.0,0-1,0.812271,0.090616,1.0,0-2,0.0,2.0,0.721655,0.0,1.0,0-1,0.80374,0.089664,1.0,0-2,0.0,2.0,0.714075,0.0,1.0,0-1,0.795208,0.088713,1.0,0-2,0.0,2.0,0.706496,0.0,1.0,0-1,0.786677,0.087761,1.0,0-2,0.0,2.0,0.698916,0.0,1.0,0-1,0.778145,0.086809,1.0,0-2,0.0,2.0,0.691336
2014,2014-06-20T19:00:00-03:00,G,26,Honduras,Ecuador,1,2,0.203869,0.270422,0.525709,0.8256,1.4928,0.162813,0.228797,0.608391,0.082682,away,away,False,0.041056,0.041625,-0.082682,0,2,0-2,0.835522,0.019128,1,2,1-2,0.816394,2,0.0,2.0,0-2,0.967092,0.022141,2.0,1-2,1.0,2.0,0.944951,0.0,2.0,0-2,0.960521,0.02199,2.0,1-2,1.0,2.0,0.93853,0.0,2.0,0-2,0.953949,0.02184,2.0,1-2,1.0,2.0,0.932109,0.0,2.0,0-2,0.947377,0.021689,2.0,1-2,1.0,2.0,0.925688,0.0,2.0,0-2,0.940806,0.021539,2.0,1-2,1.0,2.0,0.919267,0.0,2.0,0-2,0.934234,0.021388,2.0,1-2,1.0,2.0,0.912846,0.0,2.0,0-2,0.927663,0.021238,2.0,1-2,1.0,2.0,0.906425,0.0,2.0,0-2,0.921091,0.021087,2.0,1-2,1.0,2.0,0.900004,0.0,2.0,0-2,0.91452,0.020937,2.0,1-2,1.0,2.0,0.893583,0.0,2.0,0-2,0.907948,0.020787,2.0,1-2,1.0,2.0,0.887162,0.0,2.0,0-2,0.901377,0.020636,2.0,1-2,1.0,2.0,0.880741,0.0,2.0,0-2,0.894805,0.020486,2.0,1-2,1.0,2.0,0.87432,0.0,2.0,0-2,0.888234,0.020335,2.0,1-2,1.0,2.0,0.867899,0.0,2.0,0-2,0.881662,0.020185,2.0,1-2,1.0,2.0,0.861478,0.0,2.0,0-2,0.875091,0.020034,2.0,1-2,1.0,2.0,0.855057,0.0,2.0,0-2,0.868519,0.019884,2.0,1-2,1.0,2.0,0.848635,0.0,2.0,0-2,0.861948,0.019733,2.0,1-2,1.0,2.0,0.842214,0.0,2.0,0-2,0.855376,0.019583,2.0,1-2,1.0,2.0,0.835793,0.0,2.0,0-2,0.848805,0.019433,2.0,1-2,1.0,2.0,0.829372,0.0,2.0,0-2,0.842233,0.019282,2.0,1-2,1.0,2.0,0.822951,0.0,2.0,0-2,0.835662,0.019132,2.0,1-2,1.0,2.0,0.81653
2014,2014-06-21T13:00:00-03:00,G,27,Argentina,Iran,1,0,0.694503,0.200586,0.104911,2.0171,0.6416,0.85641,0.10619,0.0374,0.161907,home,home,False,-0.161907,0.094396,0.067511,2,0,2-0,1.070093,0.051073,2,1,2-1,1.01902,1,2.0,0.0,2-0,1.321089,0.063053,1.0,2-1,2.0,1.0,1.258037,2.0,0.0,2-0,1.308601,0.062457,1.0,2-1,2.0,1.0,1.246145,2.0,0.0,2-0,1.296114,0.061861,1.0,2-1,2.0,1.0,1.234253,2.0,0.0,2-0,1.283626,0.061265,1.0,2-1,2.0,1.0,1.222361,2.0,0.0,2-0,1.271138,0.060669,1.0,2-1,2.0,1.0,1.210469,2.0,0.0,2-0,1.25865,0.060073,1.0,2-1,2.0,1.0,1.198578,2.0,0.0,2-0,1.246162,0.059477,1.0,2-1,2.0,1.0,1.186686,2.0,0.0,2-0,1.233675,0.058881,1.0,2-1,2.0,1.0,1.174794,2.0,0.0,2-0,1.221187,0.058284,1.0,2-1,2.0,1.0,1.162902,2.0,0.0,2-0,1.208699,0.057688,1.0,2-1,2.0,1.0,1.151011,2.0,0.0,2-0,1.196211,0.057092,1.0,2-1,2.0,1.0,1.139119,2.0,0.0,2-0,1.183723,0.056496,1.0,2-1,2.0,1.0,1.127227,2.0,0.0,2-0,1.171236,0.0559,1.0,2-1,2.0,1.0,1.115335,2.0,0.0,2-0,1.158748,0.055304,1.0,2-1,2.0,1.0,1.103443,2.0,0.0,2-0,1.14626,0.054708,1.0,2-1,2.0,1.0,1.091552,2.0,0.0,2-0,1.133772,0.054112,1.0,2-1,2.0,1.0,1.07966,2.0,0.0,2-0,1.121284,0.053516,1.0,2-1,2.0,1.0,1.067768,2.0,0.0,2-0,1.108797,0.05292,1.0,2-1,2.0,1.0,1.055876,2.0,0.0,2-0,1.096309,0.052324,1.0,2-1,2.0,1.0,1.043984,2.0,0.0,2-0,1.083821,0.051728,1.0,2-1,2.0,1.0,1.032093,2.0,0.0,2-0,1.071333,0.051132,1.0,2-1,2.0,1.0,1.020201
2014,2014-06-21T16:00:00-03:00,G,28,Germany,Ghana,2,2,0.585093,0.231131,0.183776,1.8549,0.9394,0.732381,0.168838,0.098781,0.147288,home,home,False,-0.147288,0.062293,0.084995,2,0,2-0,0.893949,0.006375,2,1,2-1,0.887574,0,2.0,0.0,2-0,1.119756,0.007986,0.0,2-1,2.0,1.0,1.11177,2.0,0.0,2-0,1.108497,0.007906,0.0,2-1,2.0,1.0,1.100591,2.0,0.0,2-0,1.097237,0.007825,0.0,2-1,2.0,1.0,1.089412,2.0,0.0,2-0,1.085977,0.007745,0.0,2-1,2.0,1.0,1.078232,2.0,0.0,2-0,1.074718,0.007665,0.0,2-1,2.0,1.0,1.067053,2.0,0.0,2-0,1.063458,0.007584,0.0,2-1,2.0,1.0,1.055874,2.0,0.0,2-0,1.052199,0.007504,0.0,2-1,2.0,1.0,1.044694,2.0,0.0,2-0,1.040939,0.007424,0.0,2-1,2.0,1.0,1.033515,2.0,0.0,2-0,1.029679,0.007343,0.0,2-1,2.0,1.0,1.022336,2.0,0.0,2-0,1.01842,0.007263,0.0,2-1,2.0,1.0,1.011156,2.0,0.0,2-0,1.00716,0.007183,0.0,2-1,2.0,1.0,0.999977,2.0,0.0,2-0,0.9959,0.007103,0.0,2-1,2.0,1.0,0.988798,2.0,0.0,2-0,0.984641,0.007022,0.0,2-1,2.0,1.0,0.977619,2.0,0.0,2-0,0.973381,0.006942,0.0,2-1,2.0,1.0,0.966439,2.0,0.0,2-0,0.962122,0.006862,0.0,2-1,2.0,1.0,0.95526,2.0,0.0,2-0,0.950862,0.006781,0.0,2-1,2.0,1.0,0.944081,2.0,0.0,2-0,0.939602,0.006701,0.0,2-1,2.0,1.0,0.932901,2.0,0.0,2-0,0.928343,0.006621,0.0,2-1,2.0,1.0,0.921722,2.0,0.0,2-0,0.917083,0.00654,0.0,2-1,2.0,1.0,0.910543,2.0,0.0,2-0,0.905824,0.00646,0.0,2-1,2.0,1.0,0.899363,2.0,0.0,2-0,0.894564,0.00638,0.0,2-1,2.0,1.0,0.888184
2014,2014-06-21T18:00:00-04:00,G,29,Nigeria,Bosnia and Herzegovina,1,0,0.328932,0.274963,0.396105,1.198,1.34,0.224175,0.263211,0.512614,0.116509,away,away,False,0.104757,0.011752,-0.116509,1,2,1-2,0.637005,0.014046,0,2,0-2,0.622959,0,1.0,2.0,1-2,0.824466,0.018179,0.0,0-2,0.0,2.0,0.806287,1.0,2.0,1-2,0.815097,0.017972,0.0,0-2,0.0,2.0,0.797124,1.0,2.0,1-2,0.805727,0.017766,0.0,0-2,0.0,2.0,0.787961,1.0,2.0,1-2,0.796358,0.017559,0.0,0-2,0.0,2.0,0.778799,1.0,2.0,1-2,0.786989,0.017353,0.0,0-2,0.0,2.0,0.769636,1.0,2.0,1-2,0.777619,0.017146,0.0,0-2,0.0,2.0,0.760473,1.0,2.0,1-2,0.76825,0.016939,0.0,0-2,0.0,2.0,0.75131,1.0,2.0,1-2,0.75888,0.016733,0.0,0-2,0.0,2.0,0.742148,1.0,2.0,1-2,0.749511,0.016526,0.0,0-2,0.0,2.0,0.732985,1.0,2.0,1-2,0.740142,0.01632,0.0,0-2,0.0,2.0,0.723822,1.0,2.0,1-2,0.730772,0.016113,0.0,0-2,0.0,2.0,0.714659,1.0,2.0,1-2,0.721403,0.015907,0.0,0-2,0.0,2.0,0.705496,1.0,2.0,1-2,0.712033,0.0157,0.0,0-2,0.0,2.0,0.696334,1.0,2.0,1-2,0.702664,0.015493,0.0,0-2,0.0,2.0,0.687171,1.0,2.0,1-2,0.693295,0.015287,0.0,0-2,0.0,2.0,0.678008,1.0,2.0,1-2,0.683925,0.01508,0.0,0-2,0.0,2.0,0.668845,1.0,2.0,1-2,0.674556,0.014874,0.0,0-2,0.0,2.0,0.659682,1.0,2.0,1-2,0.665187,0.014667,0.0,0-2,0.0,2.0,0.65052,1.0,2.0,1-2,0.655817,0.01446,0.0,0-2,0.0,2.0,0.641357,1.0,2.0,1-2,0.646448,0.014254,0.0,0-2,0.0,2.0,0.632194,1.0,2.0,1-2,0.637078,0.014047,0.0,0-2,0.0,2.0,0.623031
2014,2014-06-22T13:00:00-03:00,G,30,Belgium,Russia,1,0,0.268463,0.289833,0.441704,0.9516,1.3013,0.435929,0.287259,0.276812,0.167466,away,home,True,-0.167466,0.002574,0.164892,0,1,0-1,0.706906,0.002599,0,2,0-2,0.704307,0,1.0,0.0,1-0,0.747289,0.032979,3.0,2-1,2.0,1.0,0.71431,1.0,0.0,1-0,0.732935,0.032345,3.0,2-1,2.0,1.0,0.70059,1.0,0.0,1-0,0.718581,0.031712,3.0,2-1,2.0,1.0,0.686869,1.0,0.0,1-0,0.704227,0.031078,3.0,2-1,2.0,1.0,0.673149,1.0,0.0,1-0,0.689873,0.030445,3.0,2-1,2.0,1.0,0.659428,1.0,0.0,1-0,0.675519,0.029811,3.0,2-1,2.0,1.0,0.645708,1.0,0.0,1-0,0.661165,0.029178,3.0,2-1,2.0,1.0,0.631987,1.0,0.0,1-0,0.646811,0.028544,3.0,2-1,2.0,1.0,0.618267,1.0,0.0,1-0,0.632457,0.027911,3.0,2-1,2.0,1.0,0.604546,1.0,0.0,1-0,0.618103,0.027278,3.0,2-1,2.0,1.0,0.590826,1.0,0.0,1-0,0.60375,0.026644,3.0,2-1,2.0,1.0,0.577105,1.0,0.0,1-0,0.589396,0.0012,3.0,0-1,0.0,1.0,0.588196,0.0,1.0,0-1,0.601391,0.002211,0.0,0-2,0.0,2.0,0.599181,0.0,1.0,0-1,0.614587,0.002259,0.0,0-2,0.0,2.0,0.612328,0.0,1.0,0-1,0.627783,0.002308,0.0,0-2,0.0,2.0,0.625475,0.0,1.0,0-1,0.640978,0.002356,0.0,0-2,0.0,2.0,0.638622,0.0,1.0,0-1,0.654174,0.002405,0.0,0-2,0.0,2.0,0.651769,0.0,1.0,0-1,0.66737,0.002453,0.0,0-2,0.0,2.0,0.664916,0.0,1.0,0-1,0.680565,0.002502,0.0,0-2,0.0,2.0,0.678063,0.0,1.0,0-1,0.693761,0.00255,0.0,0-2,0.0,2.0,0.691211,0.0,1.0,0-1,0.706957,0.002599,0.0,0-2,0.0,2.0,0.704358
2014,2014-06-22T16:00:00-03:00,G,31,South Korea,Algeria,2,4,0.414916,0.302429,0.282655,1.1931,0.9332,0.385284,0.292462,0.322254,0.039599,home,home,False,0.029632,0.009967,-0.039599,1,0,1-0,0.691061,0.027151,2,0,2-0,0.66391,0,1.0,0.0,1-0,0.641735,0.025213,0.0,2-0,2.0,0.0,0.616521,1.0,0.0,1-0,0.644202,0.02531,0.0,2-0,2.0,0.0,0.618892,1.0,0.0,1-0,0.64667,0.025407,0.0,2-0,2.0,0.0,0.621263,1.0,0.0,1-0,0.649138,0.025504,0.0,2-0,2.0,0.0,0.623634,1.0,0.0,1-0,0.651606,0.025601,0.0,2-0,2.0,0.0,0.626005,1.0,0.0,1-0,0.654074,0.025698,0.0,2-0,2.0,0.0,0.628376,1.0,0.0,1-0,0.656541,0.025795,0.0,2-0,2.0,0.0,0.630746,1.0,0.0,1-0,0.659009,0.025892,0.0,2-0,2.0,0.0,0.633117,1.0,0.0,1-0,0.661477,0.025989,0.0,2-0,2.0,0.0,0.635488,1.0,0.0,1-0,0.663945,0.026086,0.0,2-0,2.0,0.0,0.637859,1.0,0.0,1-0,0.666412,0.026183,0.0,2-0,2.0,0.0,0.64023,1.0,0.0,1-0,0.66888,0.02628,0.0,2-0,2.0,0.0,0.6426,1.0,0.0,1-0,0.671348,0.026377,0.0,2-0,2.0,0.0,0.644971,1.0,0.0,1-0,0.673816,0.026474,0.0,2-0,2.0,0.0,0.647342,1.0,0.0,1-0,0.676283,0.026571,0.0,2-0,2.0,0.0,0.649713,1.0,0.0,1-0,0.678751,0.026668,0.0,2-0,2.0,0.0,0.652084,1.0,0.0,1-0,0.681219,0.026765,0.0,2-0,2.0,0.0,0.654454,1.0,0.0,1-0,0.683687,0.026861,0.0,2-0,2.0,0.0,0.656825,1.0,0.0,1-0,0.686154,0.026958,0.0,2-0,2.0,0.0,0.659196,1.0,0.0,1-0,0.688622,0.027055,0.0,2-0,2.0,0.0,0.661567,1.0,0.0,1-0,0.69109,0.027152,0.0,2-0,2.0,0.0,0.663938
2014,2014-06-22T18:00:00-04:00,G,32,United States,Portugal,2,2,0.189716,0.267662,0.542622,0.7828,1.5148,0.20456,0.235225,0.560214,0.032437,away,away,False,-0.014845,0.032437,-0.017592,0,2,0-2,0.863378,0.02398,0,1,0-1,0.839398,0,0.0,2.0,0-2,0.891533,0.024762,0.0,0-1,0.0,1.0,0.86677,0.0,2.0,0-2,0.890133,0.024724,0.0,0-1,0.0,1.0,0.865409,0.0,2.0,0-2,0.888733,0.024685,0.0,0-1,0.0,1.0,0.864048,0.0,2.0,0-2,0.887333,0.024646,0.0,0-1,0.0,1.0,0.862687,0.0,2.0,0-2,0.885933,0.024607,0.0,0-1,0.0,1.0,0.861327,0.0,2.0,0-2,0.884534,0.024568,0.0,0-1,0.0,1.0,0.859966,0.0,2.0,0-2,0.883134,0.024529,0.0,0-1,0.0,1.0,0.858605,0.0,2.0,0-2,0.881734,0.02449,0.0,0-1,0.0,1.0,0.857244,0.0,2.0,0-2,0.880334,0.024451,0.0,0-1,0.0,1.0,0.855883,0.0,2.0,0-2,0.878934,0.024412,0.0,0-1,0.0,1.0,0.854522,0.0,2.0,0-2,0.877534,0.024374,0.0,0-1,0.0,1.0,0.853161,0.0,2.0,0-2,0.876135,0.024335,0.0,0-1,0.0,1.0,0.8518,0.0,2.0,0-2,0.874735,0.024296,0.0,0-1,0.0,1.0,0.850439,0.0,2.0,0-2,0.873335,0.024257,0.0,0-1,0.0,1.0,0.849078,0.0,2.0,0-2,0.871935,0.024218,0.0,0-1,0.0,1.0,0.847717,0.0,2.0,0-2,0.870535,0.024179,0.0,0-1,0.0,1.0,0.846356,0.0,2.0,0-2,0.869136,0.02414,0.0,0-1,0.0,1.0,0.844995,0.0,2.0,0-2,0.867736,0.024101,0.0,0-1,0.0,1.0,0.843634,0.0,2.0,0-2,0.866336,0.024063,0.0,0-1,0.0,1.0,0.842273,0.0,2.0,0-2,0.864936,0.024024,0.0,0-1,0.0,1.0,0.840912,0.0,2.0,0-2,0.863536,0.023985,0.0,0-1,0.0,1.0,0.839551
2014,2014-06-23T13:00:00-03:00,G,33,Australia,Spain,0,3,0.084628,0.201751,0.71362,0.5032,1.9292,0.111612,0.176722,0.711666,0.026984,away,away,False,-0.026984,0.02503,0.001954,0,2,0-2,1.122108,0.075685,0,1,0-1,1.046423,1,0.0,2.0,0-2,1.120014,0.075543,1.0,0-1,0.0,1.0,1.044471,0.0,2.0,0-2,1.120168,0.075554,1.0,0-1,0.0,1.0,1.044614,0.0,2.0,0-2,1.120322,0.075564,1.0,0-1,0.0,1.0,1.044758,0.0,2.0,0-2,1.120476,0.075574,1.0,0-1,0.0,1.0,1.044901,0.0,2.0,0-2,1.120629,0.075585,1.0,0-1,0.0,1.0,1.045044,0.0,2.0,0-2,1.120783,0.075595,1.0,0-1,0.0,1.0,1.045188,0.0,2.0,0-2,1.120937,0.075606,1.0,0-1,0.0,1.0,1.045331,0.0,2.0,0-2,1.121091,0.075616,1.0,0-1,0.0,1.0,1.045475,0.0,2.0,0-2,1.121244,0.075626,1.0,0-1,0.0,1.0,1.045618,0.0,2.0,0-2,1.121398,0.075637,1.0,0-1,0.0,1.0,1.045762,0.0,2.0,0-2,1.121552,0.075647,1.0,0-1,0.0,1.0,1.045905,0.0,2.0,0-2,1.121706,0.075657,1.0,0-1,0.0,1.0,1.046048,0.0,2.0,0-2,1.12186,0.075668,1.0,0-1,0.0,1.0,1.046192,0.0,2.0,0-2,1.122013,0.075678,1.0,0-1,0.0,1.0,1.046335,0.0,2.0,0-2,1.122167,0.075689,1.0,0-1,0.0,1.0,1.046479,0.0,2.0,0-2,1.122321,0.075699,1.0,0-1,0.0,1.0,1.046622,0.0,2.0,0-2,1.122475,0.075709,1.0,0-1,0.0,1.0,1.046765,0.0,2.0,0-2,1.122628,0.07572,1.0,0-1,0.0,1.0,1.046909,0.0,2.0,0-2,1.122782,0.07573,1.0,0-1,0.0,1.0,1.047052,0.0,2.0,0-2,1.122936,0.07574,1.0,0-1,0.0,1.0,1.047196,0.0,2.0,0-2,1.12309,0.075751,1.0,0-1,0.0,1.0,1.047339
2014,2014-06-23T13:00:00-03:00,G,34,Netherlands,Chile,2,0,0.460705,0.279524,0.259771,1.3908,0.9758,0.361564,0.2726,0.365836,0.106065,home,away,True,0.099141,0.006924,-0.106065,2,0,2-0,0.730627,0.0022,2,1,2-1,0.728427,3,0.0,1.0,0-1,0.612238,0.008562,0.0,1-2,1.0,2.0,0.603676,0.0,1.0,0-1,0.603363,0.008438,0.0,1-2,1.0,2.0,0.594925,0.0,1.0,0-1,0.594488,0.0053,0.0,2-0,2.0,0.0,0.589188,2.0,0.0,2-0,0.59705,0.001797,3.0,2-1,2.0,1.0,0.595252,2.0,0.0,2-0,0.604912,0.001821,3.0,2-1,2.0,1.0,0.603091,2.0,0.0,2-0,0.612774,0.001845,3.0,2-1,2.0,1.0,0.61093,2.0,0.0,2-0,0.620637,0.001868,3.0,2-1,2.0,1.0,0.618768,2.0,0.0,2-0,0.628499,0.001892,3.0,2-1,2.0,1.0,0.626607,2.0,0.0,2-0,0.636361,0.001916,3.0,2-1,2.0,1.0,0.634445,2.0,0.0,2-0,0.644223,0.001939,3.0,2-1,2.0,1.0,0.642284,2.0,0.0,2-0,0.652085,0.001963,3.0,2-1,2.0,1.0,0.650122,2.0,0.0,2-0,0.659948,0.001987,3.0,2-1,2.0,1.0,0.657961,2.0,0.0,2-0,0.66781,0.00201,3.0,2-1,2.0,1.0,0.665799,2.0,0.0,2-0,0.675672,0.002034,3.0,2-1,2.0,1.0,0.673638,2.0,0.0,2-0,0.683534,0.002058,3.0,2-1,2.0,1.0,0.681476,2.0,0.0,2-0,0.691396,0.002081,3.0,2-1,2.0,1.0,0.689315,2.0,0.0,2-0,0.699259,0.002105,3.0,2-1,2.0,1.0,0.697153,2.0,0.0,2-0,0.707121,0.002129,3.0,2-1,2.0,1.0,0.704992,2.0,0.0,2-0,0.714983,0.002152,3.0,2-1,2.0,1.0,0.71283,2.0,0.0,2-0,0.722845,0.002176,3.0,2-1,2.0,1.0,0.720669,2.0,0.0,2-0,0.730707,0.0022,3.0,2-1,2.0,1.0,0.728508
2014,2014-06-23T17:00:00-03:00,G,35,Cameroon,Brazil,1,4,0.078185,0.167236,0.754579,0.5995,2.2954,0.037052,0.095327,0.867621,0.113042,away,away,False,0.041132,0.07191,-0.113042,0,2,0-2,1.131393,0.058356,1,2,1-2,1.073037,1,0.0,2.0,0-2,1.304221,0.06727,1.0,1-2,1.0,2.0,1.23695,0.0,2.0,0-2,1.295724,0.066832,1.0,1-2,1.0,2.0,1.228892,0.0,2.0,0-2,1.287228,0.066394,1.0,1-2,1.0,2.0,1.220834,0.0,2.0,0-2,1.278732,0.065956,1.0,1-2,1.0,2.0,1.212776,0.0,2.0,0-2,1.270235,0.065517,1.0,1-2,1.0,2.0,1.204718,0.0,2.0,0-2,1.261739,0.065079,1.0,1-2,1.0,2.0,1.19666,0.0,2.0,0-2,1.253243,0.064641,1.0,1-2,1.0,2.0,1.188602,0.0,2.0,0-2,1.244747,0.064203,1.0,1-2,1.0,2.0,1.180544,0.0,2.0,0-2,1.23625,0.063765,1.0,1-2,1.0,2.0,1.172486,0.0,2.0,0-2,1.227754,0.063326,1.0,1-2,1.0,2.0,1.164428,0.0,2.0,0-2,1.219258,0.062888,1.0,1-2,1.0,2.0,1.15637,0.0,2.0,0-2,1.210761,0.06245,1.0,1-2,1.0,2.0,1.148311,0.0,2.0,0-2,1.202265,0.062012,1.0,1-2,1.0,2.0,1.140253,0.0,2.0,0-2,1.193769,0.061573,1.0,1-2,1.0,2.0,1.132195,0.0,2.0,0-2,1.185272,0.061135,1.0,1-2,1.0,2.0,1.124137,0.0,2.0,0-2,1.176776,0.060697,1.0,1-2,1.0,2.0,1.116079,0.0,2.0,0-2,1.16828,0.060259,1.0,1-2,1.0,2.0,1.108021,0.0,2.0,0-2,1.159784,0.05982,1.0,1-2,1.0,2.0,1.099963,0.0,2.0,0-2,1.151287,0.059382,1.0,1-2,1.0,2.0,1.091905,0.0,2.0,0-2,1.142791,0.058944,1.0,1-2,1.0,2.0,1.083847,0.0,2.0,0-2,1.134295,0.058506,1.0,1-2,1.0,2.0,1.075789
2014,2014-06-23T17:00:00-03:00,G,36,Croatia,Mexico,1,3,0.328812,0.302395,0.368793,1.043,1.1219,0.35691,0.27629,0.3668,0.028098,away,away,False,-0.028098,0.026105,0.001994,0,1,0-1,0.617727,0.026063,1,2,1-2,0.591664,1,0.0,1.0,0-1,0.61441,0.006934,1.0,1-0,1.0,0.0,0.607476,0.0,1.0,0-1,0.614577,0.009492,1.0,1-0,1.0,0.0,0.605085,0.0,1.0,0-1,0.614744,0.01205,1.0,1-0,1.0,0.0,0.602694,0.0,1.0,0-1,0.614911,0.014608,1.0,1-0,1.0,0.0,0.600303,0.0,1.0,0-1,0.615078,0.017167,1.0,1-0,1.0,0.0,0.597911,0.0,1.0,0-1,0.615245,0.019725,1.0,1-0,1.0,0.0,0.59552,0.0,1.0,0-1,0.615412,0.022283,1.0,1-0,1.0,0.0,0.593129,0.0,1.0,0-1,0.615579,0.024841,1.0,1-0,1.0,0.0,0.590738,0.0,1.0,0-1,0.615746,0.025979,1.0,1-2,1.0,2.0,0.589767,0.0,1.0,0-1,0.615913,0.025986,1.0,1-2,1.0,2.0,0.589927,0.0,1.0,0-1,0.61608,0.025993,1.0,1-2,1.0,2.0,0.590086,0.0,1.0,0-1,0.616247,0.026,1.0,1-2,1.0,2.0,0.590246,0.0,1.0,0-1,0.616414,0.026007,1.0,1-2,1.0,2.0,0.590406,0.0,1.0,0-1,0.616581,0.026014,1.0,1-2,1.0,2.0,0.590566,0.0,1.0,0-1,0.616748,0.026021,1.0,1-2,1.0,2.0,0.590726,0.0,1.0,0-1,0.616915,0.026029,1.0,1-2,1.0,2.0,0.590886,0.0,1.0,0-1,0.617082,0.026036,1.0,1-2,1.0,2.0,0.591046,0.0,1.0,0-1,0.617249,0.026043,1.0,1-2,1.0,2.0,0.591206,0.0,1.0,0-1,0.617416,0.02605,1.0,1-2,1.0,2.0,0.591366,0.0,1.0,0-1,0.617583,0.026057,1.0,1-2,1.0,2.0,0.591526,0.0,1.0,0-1,0.617749,0.026064,1.0,1-2,1.0,2.0,0.591686
2014,2014-06-24T13:00:00-03:00,G,37,Italy,Uruguay,0,1,0.299775,0.273323,0.426902,1.1302,1.3993,0.378619,0.27531,0.346071,0.080832,away,home,True,-0.078844,-0.001987,0.080832,1,2,1-2,0.681241,0.010159,0,2,0-2,0.671081,1,2.0,1.0,2-1,0.622866,0.025673,0.0,2-0,2.0,0.0,0.597193,2.0,1.0,2-1,0.616381,0.025406,0.0,2-0,2.0,0.0,0.590975,2.0,1.0,2-1,0.609896,0.025138,0.0,2-0,2.0,0.0,0.584757,2.0,1.0,2-1,0.60341,0.024871,0.0,2-0,2.0,0.0,0.578539,2.0,1.0,2-1,0.596925,0.0188,0.0,1-2,1.0,2.0,0.578125,2.0,1.0,2-1,0.59044,0.005865,0.0,1-2,1.0,2.0,0.584575,1.0,2.0,1-2,0.591025,0.007071,1.0,2-1,2.0,1.0,0.583954,1.0,2.0,1-2,0.597476,0.00891,1.0,0-2,0.0,2.0,0.588565,1.0,2.0,1-2,0.603926,0.009006,1.0,0-2,0.0,2.0,0.59492,1.0,2.0,1-2,0.610376,0.009103,1.0,0-2,0.0,2.0,0.601274,1.0,2.0,1-2,0.616827,0.009199,1.0,0-2,0.0,2.0,0.607628,1.0,2.0,1-2,0.623277,0.009295,1.0,0-2,0.0,2.0,0.613982,1.0,2.0,1-2,0.629727,0.009391,1.0,0-2,0.0,2.0,0.620336,1.0,2.0,1-2,0.636178,0.009487,1.0,0-2,0.0,2.0,0.62669,1.0,2.0,1-2,0.642628,0.009584,1.0,0-2,0.0,2.0,0.633044,1.0,2.0,1-2,0.649078,0.00968,1.0,0-2,0.0,2.0,0.639398,1.0,2.0,1-2,0.655528,0.009776,1.0,0-2,0.0,2.0,0.645753,1.0,2.0,1-2,0.661979,0.009872,1.0,0-2,0.0,2.0,0.652107,1.0,2.0,1-2,0.668429,0.009968,1.0,0-2,0.0,2.0,0.658461,1.0,2.0,1-2,0.674879,0.010064,1.0,0-2,0.0,2.0,0.664815,1.0,2.0,1-2,0.68133,0.010161,1.0,0-2,0.0,2.0,0.671169
2014,2014-06-24T13:00:00-03:00,G,38,Costa Rica,England,0,0,0.121421,0.233101,0.645479,0.607,1.7411,0.208563,0.239509,0.551928,0.093551,away,away,False,-0.087143,-0.006408,0.093551,0,2,0-2,1.02276,0.051265,0,1,0-1,0.971495,0,0.0,2.0,0-2,0.874925,0.043855,0.0,0-1,0.0,1.0,0.83107,0.0,2.0,0-2,0.88234,0.044227,0.0,0-1,0.0,1.0,0.838114,0.0,2.0,0-2,0.889755,0.044598,0.0,0-1,0.0,1.0,0.845157,0.0,2.0,0-2,0.89717,0.04497,0.0,0-1,0.0,1.0,0.8522,0.0,2.0,0-2,0.904585,0.045342,0.0,0-1,0.0,1.0,0.859243,0.0,2.0,0-2,0.912,0.045713,0.0,0-1,0.0,1.0,0.866287,0.0,2.0,0-2,0.919415,0.046085,0.0,0-1,0.0,1.0,0.87333,0.0,2.0,0-2,0.92683,0.046457,0.0,0-1,0.0,1.0,0.880373,0.0,2.0,0-2,0.934245,0.046828,0.0,0-1,0.0,1.0,0.887416,0.0,2.0,0-2,0.94166,0.0472,0.0,0-1,0.0,1.0,0.89446,0.0,2.0,0-2,0.949074,0.047572,0.0,0-1,0.0,1.0,0.901503,0.0,2.0,0-2,0.956489,0.047943,0.0,0-1,0.0,1.0,0.908546,0.0,2.0,0-2,0.963904,0.048315,0.0,0-1,0.0,1.0,0.915589,0.0,2.0,0-2,0.971319,0.048687,0.0,0-1,0.0,1.0,0.922633,0.0,2.0,0-2,0.978734,0.049058,0.0,0-1,0.0,1.0,0.929676,0.0,2.0,0-2,0.986149,0.04943,0.0,0-1,0.0,1.0,0.936719,0.0,2.0,0-2,0.993564,0.049801,0.0,0-1,0.0,1.0,0.943762,0.0,2.0,0-2,1.000979,0.050173,0.0,0-1,0.0,1.0,0.950806,0.0,2.0,0-2,1.008394,0.050545,0.0,0-1,0.0,1.0,0.957849,0.0,2.0,0-2,1.015809,0.050916,0.0,0-1,0.0,1.0,0.964892,0.0,2.0,0-2,1.023224,0.051288,0.0,0-1,0.0,1.0,0.971935
2014,2014-06-24T16:00:00-04:00,G,39,Japan,Colombia,1,4,0.211142,0.286162,0.502696,0.787,1.371,0.276164,0.257424,0.466411,0.065022,away,away,False,-0.065022,0.028738,0.036284,0,1,0-1,0.811554,0.006245,0,2,0-2,0.805309,1,0.0,1.0,0-1,0.753048,0.005795,1.0,0-2,0.0,2.0,0.747253,0.0,1.0,0-1,0.755977,0.005818,1.0,0-2,0.0,2.0,0.750159,0.0,1.0,0-1,0.758906,0.00584,1.0,0-2,0.0,2.0,0.753066,0.0,1.0,0-1,0.761835,0.005863,1.0,0-2,0.0,2.0,0.755973,0.0,1.0,0-1,0.764764,0.005885,1.0,0-2,0.0,2.0,0.758879,0.0,1.0,0-1,0.767694,0.005908,1.0,0-2,0.0,2.0,0.761786,0.0,1.0,0-1,0.770623,0.00593,1.0,0-2,0.0,2.0,0.764692,0.0,1.0,0-1,0.773552,0.005953,1.0,0-2,0.0,2.0,0.767599,0.0,1.0,0-1,0.776481,0.005975,1.0,0-2,0.0,2.0,0.770506,0.0,1.0,0-1,0.77941,0.005998,1.0,0-2,0.0,2.0,0.773412,0.0,1.0,0-1,0.782339,0.00602,1.0,0-2,0.0,2.0,0.776319,0.0,1.0,0-1,0.785268,0.006043,1.0,0-2,0.0,2.0,0.779225,0.0,1.0,0-1,0.788198,0.006066,1.0,0-2,0.0,2.0,0.782132,0.0,1.0,0-1,0.791127,0.006088,1.0,0-2,0.0,2.0,0.785039,0.0,1.0,0-1,0.794056,0.006111,1.0,0-2,0.0,2.0,0.787945,0.0,1.0,0-1,0.796985,0.006133,1.0,0-2,0.0,2.0,0.790852,0.0,1.0,0-1,0.799914,0.006156,1.0,0-2,0.0,2.0,0.793758,0.0,1.0,0-1,0.802843,0.006178,1.0,0-2,0.0,2.0,0.796665,0.0,1.0,0-1,0.805773,0.006201,1.0,0-2,0.0,2.0,0.799572,0.0,1.0,0-1,0.808702,0.006223,1.0,0-2,0.0,2.0,0.802478,0.0,1.0,0-1,0.811631,0.006246,1.0,0-2,0.0,2.0,0.805385
2014,2014-06-24T17:00:00-03:00,G,40,Greece,Ivory Coast,2,1,0.269567,0.293421,0.437011,0.9381,1.2733,0.241562,0.267072,0.491365,0.054354,away,away,False,0.028005,0.026349,-0.054354,0,1,0-1,0.707618,0.009723,0,2,0-2,0.697895,0,0.0,1.0,0-1,0.795679,0.010933,0.0,0-2,0.0,2.0,0.784746,0.0,1.0,0-1,0.791278,0.010872,0.0,0-2,0.0,2.0,0.780406,0.0,1.0,0-1,0.786877,0.010812,0.0,0-2,0.0,2.0,0.776065,0.0,1.0,0-1,0.782477,0.010751,0.0,0-2,0.0,2.0,0.771725,0.0,1.0,0-1,0.778076,0.010691,0.0,0-2,0.0,2.0,0.767385,0.0,1.0,0-1,0.773675,0.01063,0.0,0-2,0.0,2.0,0.763044,0.0,1.0,0-1,0.769274,0.01057,0.0,0-2,0.0,2.0,0.758704,0.0,1.0,0-1,0.764873,0.01051,0.0,0-2,0.0,2.0,0.754364,0.0,1.0,0-1,0.760472,0.010449,0.0,0-2,0.0,2.0,0.750023,0.0,1.0,0-1,0.756071,0.010389,0.0,0-2,0.0,2.0,0.745683,0.0,1.0,0-1,0.751671,0.010328,0.0,0-2,0.0,2.0,0.741342,0.0,1.0,0-1,0.74727,0.010268,0.0,0-2,0.0,2.0,0.737002,0.0,1.0,0-1,0.742869,0.010207,0.0,0-2,0.0,2.0,0.732662,0.0,1.0,0-1,0.738468,0.010147,0.0,0-2,0.0,2.0,0.728321,0.0,1.0,0-1,0.734067,0.010086,0.0,0-2,0.0,2.0,0.723981,0.0,1.0,0-1,0.729666,0.010026,0.0,0-2,0.0,2.0,0.719641,0.0,1.0,0-1,0.725265,0.009965,0.0,0-2,0.0,2.0,0.7153,0.0,1.0,0-1,0.720865,0.009905,0.0,0-2,0.0,2.0,0.71096,0.0,1.0,0-1,0.716464,0.009844,0.0,0-2,0.0,2.0,0.706619,0.0,1.0,0-1,0.712063,0.009784,0.0,0-2,0.0,2.0,0.702279,0.0,1.0,0-1,0.707662,0.009723,0.0,0-2,0.0,2.0,0.697939
2014,2014-06-25T13:00:00-03:00,G,41,Nigeria,Argentina,2,3,0.135686,0.22464,0.639675,0.7185,1.8486,0.09461,0.224839,0.680551,0.041076,away,away,False,0.041076,-0.0002,-0.040876,0,2,0-2,0.995789,0.036921,1,2,1-2,0.958869,1,0.0,2.0,0-2,1.060129,0.039306,1.0,1-2,1.0,2.0,1.020823,0.0,2.0,0-2,1.056945,0.039188,1.0,1-2,1.0,2.0,1.017757,0.0,2.0,0-2,1.053761,0.03907,1.0,1-2,1.0,2.0,1.014691,0.0,2.0,0-2,1.050578,0.038952,1.0,1-2,1.0,2.0,1.011626,0.0,2.0,0-2,1.047394,0.038834,1.0,1-2,1.0,2.0,1.00856,0.0,2.0,0-2,1.04421,0.038716,1.0,1-2,1.0,2.0,1.005494,0.0,2.0,0-2,1.041027,0.038598,1.0,1-2,1.0,2.0,1.002429,0.0,2.0,0-2,1.037843,0.03848,1.0,1-2,1.0,2.0,0.999363,0.0,2.0,0-2,1.034659,0.038362,1.0,1-2,1.0,2.0,0.996297,0.0,2.0,0-2,1.031475,0.038244,1.0,1-2,1.0,2.0,0.993232,0.0,2.0,0-2,1.028292,0.038126,1.0,1-2,1.0,2.0,0.990166,0.0,2.0,0-2,1.025108,0.038008,1.0,1-2,1.0,2.0,0.9871,0.0,2.0,0-2,1.021924,0.03789,1.0,1-2,1.0,2.0,0.984034,0.0,2.0,0-2,1.01874,0.037772,1.0,1-2,1.0,2.0,0.980969,0.0,2.0,0-2,1.015557,0.037654,1.0,1-2,1.0,2.0,0.977903,0.0,2.0,0-2,1.012373,0.037536,1.0,1-2,1.0,2.0,0.974837,0.0,2.0,0-2,1.009189,0.037417,1.0,1-2,1.0,2.0,0.971772,0.0,2.0,0-2,1.006005,0.037299,1.0,1-2,1.0,2.0,0.968706,0.0,2.0,0-2,1.002822,0.037181,1.0,1-2,1.0,2.0,0.96564,0.0,2.0,0-2,0.999638,0.037063,1.0,1-2,1.0,2.0,0.962575,0.0,2.0,0-2,0.996454,0.036945,1.0,1-2,1.0,2.0,0.959509
2014,2014-06-25T13:00:00-03:00,G,42,Bosnia and Herzegovina,Iran,3,1,0.457459,0.269794,0.272747,1.4622,1.0697,0.44317,0.270398,0.286432,0.014289,home,home,False,0.014289,-0.000604,-0.013685,2,1,2-1,0.724218,0.005924,2,0,2-0,0.718294,1,2.0,1.0,2-1,0.701707,0.00574,1.0,2-0,2.0,0.0,0.695968,2.0,1.0,2-1,0.702839,0.005749,1.0,2-0,2.0,0.0,0.69709,2.0,1.0,2-1,0.70397,0.005758,1.0,2-0,2.0,0.0,0.698212,2.0,1.0,2-1,0.705101,0.005767,1.0,2-0,2.0,0.0,0.699334,2.0,1.0,2-1,0.706233,0.005777,1.0,2-0,2.0,0.0,0.700456,2.0,1.0,2-1,0.707364,0.005786,1.0,2-0,2.0,0.0,0.701578,2.0,1.0,2-1,0.708495,0.005795,1.0,2-0,2.0,0.0,0.7027,2.0,1.0,2-1,0.709626,0.005804,1.0,2-0,2.0,0.0,0.703822,2.0,1.0,2-1,0.710758,0.005814,1.0,2-0,2.0,0.0,0.704944,2.0,1.0,2-1,0.711889,0.005823,1.0,2-0,2.0,0.0,0.706066,2.0,1.0,2-1,0.71302,0.005832,1.0,2-0,2.0,0.0,0.707188,2.0,1.0,2-1,0.714152,0.005841,1.0,2-0,2.0,0.0,0.70831,2.0,1.0,2-1,0.715283,0.005851,1.0,2-0,2.0,0.0,0.709432,2.0,1.0,2-1,0.716414,0.00586,1.0,2-0,2.0,0.0,0.710554,2.0,1.0,2-1,0.717545,0.005869,1.0,2-0,2.0,0.0,0.711676,2.0,1.0,2-1,0.718677,0.005878,1.0,2-0,2.0,0.0,0.712798,2.0,1.0,2-1,0.719808,0.005888,1.0,2-0,2.0,0.0,0.71392,2.0,1.0,2-1,0.720939,0.005897,1.0,2-0,2.0,0.0,0.715042,2.0,1.0,2-1,0.72207,0.005906,1.0,2-0,2.0,0.0,0.716164,2.0,1.0,2-1,0.723202,0.005915,1.0,2-0,2.0,0.0,0.717286,2.0,1.0,2-1,0.724333,0.005925,1.0,2-0,2.0,0.0,0.718408
2014,2014-06-25T16:00:00-04:00,G,43,Honduras,Switzerland,0,3,0.215161,0.303819,0.481019,0.7366,1.2494,0.132393,0.214175,0.653432,0.172412,away,away,False,0.082768,0.089644,-0.172412,0,1,0-1,0.815884,0.041753,0,2,0-2,0.774131,1,0.0,1.0,0-1,1.108377,0.056722,1.0,0-2,0.0,2.0,1.051656,0.0,1.0,0-1,1.093755,0.055974,1.0,0-2,0.0,2.0,1.037781,0.0,1.0,0-1,1.079132,0.055225,1.0,0-2,0.0,2.0,1.023907,0.0,1.0,0-1,1.06451,0.054477,1.0,0-2,0.0,2.0,1.010033,0.0,1.0,0-1,1.049887,0.053729,1.0,0-2,0.0,2.0,0.996158,0.0,1.0,0-1,1.035264,0.05298,1.0,0-2,0.0,2.0,0.982284,0.0,1.0,0-1,1.020642,0.052232,1.0,0-2,0.0,2.0,0.96841,0.0,1.0,0-1,1.006019,0.051484,1.0,0-2,0.0,2.0,0.954535,0.0,1.0,0-1,0.991396,0.050735,1.0,0-2,0.0,2.0,0.940661,0.0,1.0,0-1,0.976774,0.049987,1.0,0-2,0.0,2.0,0.926787,0.0,1.0,0-1,0.962151,0.049239,1.0,0-2,0.0,2.0,0.912912,0.0,1.0,0-1,0.947528,0.04849,1.0,0-2,0.0,2.0,0.899038,0.0,1.0,0-1,0.932906,0.047742,1.0,0-2,0.0,2.0,0.885164,0.0,1.0,0-1,0.918283,0.046994,1.0,0-2,0.0,2.0,0.87129,0.0,1.0,0-1,0.903661,0.046245,1.0,0-2,0.0,2.0,0.857415,0.0,1.0,0-1,0.889038,0.045497,1.0,0-2,0.0,2.0,0.843541,0.0,1.0,0-1,0.874415,0.044749,1.0,0-2,0.0,2.0,0.829667,0.0,1.0,0-1,0.859793,0.044,1.0,0-2,0.0,2.0,0.815792,0.0,1.0,0-1,0.84517,0.043252,1.0,0-2,0.0,2.0,0.801918,0.0,1.0,0-1,0.830547,0.042504,1.0,0-2,0.0,2.0,0.788044,0.0,1.0,0-1,0.815925,0.041755,1.0,0-2,0.0,2.0,0.774169
2014,2014-06-25T17:00:00-03:00,G,44,Ecuador,France,0,0,0.26034,0.30448,0.43518,0.8654,1.206,0.170144,0.231247,0.598609,0.163429,away,away,False,0.090196,0.073233,-0.163429,0,1,0-1,0.730731,0.032991,0,2,0-2,0.69774,0,0.0,1.0,0-1,1.005195,0.045383,0.0,0-2,0.0,2.0,0.959812,0.0,1.0,0-1,0.991473,0.044763,0.0,0-2,0.0,2.0,0.94671,0.0,1.0,0-1,0.977751,0.044144,0.0,0-2,0.0,2.0,0.933608,0.0,1.0,0-1,0.96403,0.043524,0.0,0-2,0.0,2.0,0.920506,0.0,1.0,0-1,0.950308,0.042905,0.0,0-2,0.0,2.0,0.907404,0.0,1.0,0-1,0.936587,0.042285,0.0,0-2,0.0,2.0,0.894302,0.0,1.0,0-1,0.922865,0.041665,0.0,0-2,0.0,2.0,0.881199,0.0,1.0,0-1,0.909143,0.041046,0.0,0-2,0.0,2.0,0.868097,0.0,1.0,0-1,0.895422,0.040426,0.0,0-2,0.0,2.0,0.854995,0.0,1.0,0-1,0.8817,0.039807,0.0,0-2,0.0,2.0,0.841893,0.0,1.0,0-1,0.867978,0.039187,0.0,0-2,0.0,2.0,0.828791,0.0,1.0,0-1,0.854257,0.038568,0.0,0-2,0.0,2.0,0.815689,0.0,1.0,0-1,0.840535,0.037948,0.0,0-2,0.0,2.0,0.802587,0.0,1.0,0-1,0.826813,0.037329,0.0,0-2,0.0,2.0,0.789484,0.0,1.0,0-1,0.813092,0.036709,0.0,0-2,0.0,2.0,0.776382,0.0,1.0,0-1,0.79937,0.03609,0.0,0-2,0.0,2.0,0.76328,0.0,1.0,0-1,0.785648,0.03547,0.0,0-2,0.0,2.0,0.750178,0.0,1.0,0-1,0.771927,0.034851,0.0,0-2,0.0,2.0,0.737076,0.0,1.0,0-1,0.758205,0.034231,0.0,0-2,0.0,2.0,0.723974,0.0,1.0,0-1,0.744484,0.033612,0.0,0-2,0.0,2.0,0.710872,0.0,1.0,0-1,0.730762,0.032992,0.0,0-2,0.0,2.0,0.697769
2014,2014-06-26T13:00:00-03:00,G,45,United States,Germany,0,1,0.173328,0.216589,0.610083,0.9762,2.0108,0.109397,0.305858,0.584745,0.089269,away,away,False,0.063931,-0.089269,0.025338,0,2,0-2,0.912864,0.002425,1,2,1-2,0.910439,1,0.0,2.0,0-2,0.875952,0.002327,1.0,1-2,1.0,2.0,0.873625,0.0,2.0,0-2,0.87785,0.002332,1.0,1-2,1.0,2.0,0.875517,0.0,2.0,0-2,0.879748,0.002337,1.0,1-2,1.0,2.0,0.87741,0.0,2.0,0-2,0.881645,0.002342,1.0,1-2,1.0,2.0,0.879303,0.0,2.0,0-2,0.883543,0.002347,1.0,1-2,1.0,2.0,0.881196,0.0,2.0,0-2,0.885441,0.002352,1.0,1-2,1.0,2.0,0.883089,0.0,2.0,0-2,0.887339,0.002357,1.0,1-2,1.0,2.0,0.884981,0.0,2.0,0-2,0.889237,0.002362,1.0,1-2,1.0,2.0,0.886874,0.0,2.0,0-2,0.891135,0.002368,1.0,1-2,1.0,2.0,0.888767,0.0,2.0,0-2,0.893032,0.002373,1.0,1-2,1.0,2.0,0.89066,0.0,2.0,0-2,0.89493,0.002378,1.0,1-2,1.0,2.0,0.892553,0.0,2.0,0-2,0.896828,0.002383,1.0,1-2,1.0,2.0,0.894445,0.0,2.0,0-2,0.898726,0.002388,1.0,1-2,1.0,2.0,0.896338,0.0,2.0,0-2,0.900624,0.002393,1.0,1-2,1.0,2.0,0.898231,0.0,2.0,0-2,0.902522,0.002398,1.0,1-2,1.0,2.0,0.900124,0.0,2.0,0-2,0.904419,0.002403,1.0,1-2,1.0,2.0,0.902017,0.0,2.0,0-2,0.906317,0.002408,1.0,1-2,1.0,2.0,0.903909,0.0,2.0,0-2,0.908215,0.002413,1.0,1-2,1.0,2.0,0.905802,0.0,2.0,0-2,0.910113,0.002418,1.0,1-2,1.0,2.0,0.907695,0.0,2.0,0-2,0.912011,0.002423,1.0,1-2,1.0,2.0,0.909588,0.0,2.0,0-2,0.913909,0.002428,1.0,1-2,1.0,2.0,0.911481
2014,2014-06-26T13:00:00-03:00,G,46,Portugal,Ghana,2,1,0.518907,0.283062,0.198032,1.3973,0.7533,0.550783,0.196648,0.252569,0.086413,home,home,False,-0.031877,0.086413,-0.054537,1,0,1-0,0.83637,0.004621,2,0,2-0,0.831749,1,1.0,0.0,1-0,0.887844,0.004905,1.0,2-0,2.0,0.0,0.882938,1.0,0.0,1-0,0.885274,0.004891,1.0,2-0,2.0,0.0,0.880383,1.0,0.0,1-0,0.882705,0.004877,1.0,2-0,2.0,0.0,0.877828,1.0,0.0,1-0,0.880136,0.004863,1.0,2-0,2.0,0.0,0.875273,1.0,0.0,1-0,0.877567,0.004849,1.0,2-0,2.0,0.0,0.872718,1.0,0.0,1-0,0.874998,0.004834,1.0,2-0,2.0,0.0,0.870163,1.0,0.0,1-0,0.872428,0.00482,1.0,2-0,2.0,0.0,0.867608,1.0,0.0,1-0,0.869859,0.004806,1.0,2-0,2.0,0.0,0.865053,1.0,0.0,1-0,0.86729,0.004792,1.0,2-0,2.0,0.0,0.862498,1.0,0.0,1-0,0.864721,0.004778,1.0,2-0,2.0,0.0,0.859943,1.0,0.0,1-0,0.862152,0.004763,1.0,2-0,2.0,0.0,0.857388,1.0,0.0,1-0,0.859582,0.004749,1.0,2-0,2.0,0.0,0.854833,1.0,0.0,1-0,0.857013,0.004735,1.0,2-0,2.0,0.0,0.852278,1.0,0.0,1-0,0.854444,0.004721,1.0,2-0,2.0,0.0,0.849723,1.0,0.0,1-0,0.851875,0.004707,1.0,2-0,2.0,0.0,0.847168,1.0,0.0,1-0,0.849305,0.004692,1.0,2-0,2.0,0.0,0.844613,1.0,0.0,1-0,0.846736,0.004678,1.0,2-0,2.0,0.0,0.842058,1.0,0.0,1-0,0.844167,0.004664,1.0,2-0,2.0,0.0,0.839503,1.0,0.0,1-0,0.841598,0.00465,1.0,2-0,2.0,0.0,0.836948,1.0,0.0,1-0,0.839029,0.004636,1.0,2-0,2.0,0.0,0.834393,1.0,0.0,1-0,0.836459,0.004621,1.0,2-0,2.0,0.0,0.831838
2014,2014-06-26T17:00:00-03:00,G,47,South Korea,Belgium,0,1,0.251546,0.27245,0.476005,0.9857,1.4567,0.204354,0.266942,0.528704,0.052699,away,away,False,0.047192,0.005508,-0.052699,0,2,0-2,0.75138,0.001321,1,2,1-2,0.750058,1,0.0,2.0,0-2,0.83469,0.001468,1.0,1-2,1.0,2.0,0.833222,0.0,2.0,0-2,0.83053,0.00146,1.0,1-2,1.0,2.0,0.829069,0.0,2.0,0-2,0.82637,0.001453,1.0,1-2,1.0,2.0,0.824917,0.0,2.0,0-2,0.82221,0.001446,1.0,1-2,1.0,2.0,0.820764,0.0,2.0,0-2,0.81805,0.001439,1.0,1-2,1.0,2.0,0.816612,0.0,2.0,0-2,0.81389,0.001431,1.0,1-2,1.0,2.0,0.812459,0.0,2.0,0-2,0.80973,0.001424,1.0,1-2,1.0,2.0,0.808306,0.0,2.0,0-2,0.80557,0.001417,1.0,1-2,1.0,2.0,0.804154,0.0,2.0,0-2,0.80141,0.001409,1.0,1-2,1.0,2.0,0.800001,0.0,2.0,0-2,0.79725,0.001402,1.0,1-2,1.0,2.0,0.795848,0.0,2.0,0-2,0.79309,0.001395,1.0,1-2,1.0,2.0,0.791696,0.0,2.0,0-2,0.788931,0.001387,1.0,1-2,1.0,2.0,0.787543,0.0,2.0,0-2,0.784771,0.00138,1.0,1-2,1.0,2.0,0.783391,0.0,2.0,0-2,0.780611,0.001373,1.0,1-2,1.0,2.0,0.779238,0.0,2.0,0-2,0.776451,0.001365,1.0,1-2,1.0,2.0,0.775085,0.0,2.0,0-2,0.772291,0.001358,1.0,1-2,1.0,2.0,0.770933,0.0,2.0,0-2,0.768131,0.001351,1.0,1-2,1.0,2.0,0.76678,0.0,2.0,0-2,0.763971,0.001343,1.0,1-2,1.0,2.0,0.762628,0.0,2.0,0-2,0.759811,0.001336,1.0,1-2,1.0,2.0,0.758475,0.0,2.0,0-2,0.755651,0.001329,1.0,1-2,1.0,2.0,0.754322,0.0,2.0,0-2,0.751491,0.001321,1.0,1-2,1.0,2.0,0.75017
2014,2014-06-26T17:00:00-03:00,G,48,Algeria,Russia,1,1,0.138538,0.256364,0.605097,0.6096,1.5751,0.25837,0.259109,0.482521,0.122576,away,away,False,-0.119831,-0.002745,0.122576,0,2,0-2,0.969159,0.016655,0,1,0-1,0.952504,0,0.0,2.0,0-2,0.773016,0.013285,0.0,0-1,0.0,1.0,0.759731,0.0,2.0,0-2,0.782834,0.013453,0.0,0-1,0.0,1.0,0.769381,0.0,2.0,0-2,0.792653,0.013622,0.0,0-1,0.0,1.0,0.779031,0.0,2.0,0-2,0.802472,0.013791,0.0,0-1,0.0,1.0,0.788681,0.0,2.0,0-2,0.81229,0.013959,0.0,0-1,0.0,1.0,0.798331,0.0,2.0,0-2,0.822109,0.014128,0.0,0-1,0.0,1.0,0.80798,0.0,2.0,0-2,0.831927,0.014297,0.0,0-1,0.0,1.0,0.81763,0.0,2.0,0-2,0.841746,0.014466,0.0,0-1,0.0,1.0,0.82728,0.0,2.0,0-2,0.851564,0.014634,0.0,0-1,0.0,1.0,0.83693,0.0,2.0,0-2,0.861383,0.014803,0.0,0-1,0.0,1.0,0.84658,0.0,2.0,0-2,0.871201,0.014972,0.0,0-1,0.0,1.0,0.856229,0.0,2.0,0-2,0.88102,0.015141,0.0,0-1,0.0,1.0,0.865879,0.0,2.0,0-2,0.890839,0.015309,0.0,0-1,0.0,1.0,0.875529,0.0,2.0,0-2,0.900657,0.015478,0.0,0-1,0.0,1.0,0.885179,0.0,2.0,0-2,0.910476,0.015647,0.0,0-1,0.0,1.0,0.894829,0.0,2.0,0-2,0.920294,0.015816,0.0,0-1,0.0,1.0,0.904479,0.0,2.0,0-2,0.930113,0.015984,0.0,0-1,0.0,1.0,0.914128,0.0,2.0,0-2,0.939931,0.016153,0.0,0-1,0.0,1.0,0.923778,0.0,2.0,0-2,0.94975,0.016322,0.0,0-1,0.0,1.0,0.933428,0.0,2.0,0-2,0.959568,0.016491,0.0,0-1,0.0,1.0,0.943078,0.0,2.0,0-2,0.969387,0.016659,0.0,0-1,0.0,1.0,0.952728
2014,2014-06-28T13:00:00-03:00,8,49,Brazil,Chile,1,1,0.63443,0.219413,0.146157,1.9253,0.8035,0.639938,0.212882,0.14718,0.006531,home,home,False,-0.005507,0.006531,-0.001024,2,0,2-0,0.973173,0.023786,2,1,2-1,0.949388,0,2.0,0.0,2-0,0.982471,0.024013,0.0,2-1,2.0,1.0,0.958458,2.0,0.0,2-0,0.982048,0.024002,0.0,2-1,2.0,1.0,0.958046,2.0,0.0,2-0,0.981625,0.023992,0.0,2-1,2.0,1.0,0.957633,2.0,0.0,2-0,0.981203,0.023982,0.0,2-1,2.0,1.0,0.957221,2.0,0.0,2-0,0.98078,0.023971,0.0,2-1,2.0,1.0,0.956808,2.0,0.0,2-0,0.980357,0.023961,0.0,2-1,2.0,1.0,0.956396,2.0,0.0,2-0,0.979934,0.023951,0.0,2-1,2.0,1.0,0.955983,2.0,0.0,2-0,0.979511,0.02394,0.0,2-1,2.0,1.0,0.955571,2.0,0.0,2-0,0.979089,0.02393,0.0,2-1,2.0,1.0,0.955159,2.0,0.0,2-0,0.978666,0.02392,0.0,2-1,2.0,1.0,0.954746,2.0,0.0,2-0,0.978243,0.023909,0.0,2-1,2.0,1.0,0.954334,2.0,0.0,2-0,0.97782,0.023899,0.0,2-1,2.0,1.0,0.953921,2.0,0.0,2-0,0.977398,0.023889,0.0,2-1,2.0,1.0,0.953509,2.0,0.0,2-0,0.976975,0.023878,0.0,2-1,2.0,1.0,0.953096,2.0,0.0,2-0,0.976552,0.023868,0.0,2-1,2.0,1.0,0.952684,2.0,0.0,2-0,0.976129,0.023858,0.0,2-1,2.0,1.0,0.952272,2.0,0.0,2-0,0.975707,0.023847,0.0,2-1,2.0,1.0,0.951859,2.0,0.0,2-0,0.975284,0.023837,0.0,2-1,2.0,1.0,0.951447,2.0,0.0,2-0,0.974861,0.023827,0.0,2-1,2.0,1.0,0.951034,2.0,0.0,2-0,0.974438,0.023816,0.0,2-1,2.0,1.0,0.950622,2.0,0.0,2-0,0.974016,0.023806,0.0,2-1,2.0,1.0,0.950209
2014,2014-06-28T17:00:00-03:00,8,50,Colombia,Uruguay,2,0,0.344323,0.305348,0.350328,1.0607,1.0724,0.451341,0.287048,0.261611,0.107018,away,home,True,-0.107018,0.0183,0.088717,0,1,0-1,0.595836,0.008795,1,0,1-0,0.587041,0,1.0,0.0,1-0,0.769521,0.043463,1.0,2-1,2.0,1.0,0.726058,1.0,0.0,1-0,0.760398,0.042948,1.0,2-1,2.0,1.0,0.71745,1.0,0.0,1-0,0.751275,0.042432,1.0,2-1,2.0,1.0,0.708843,1.0,0.0,1-0,0.742152,0.041917,1.0,2-1,2.0,1.0,0.700235,1.0,0.0,1-0,0.733029,0.041402,1.0,2-1,2.0,1.0,0.691627,1.0,0.0,1-0,0.723906,0.040887,1.0,2-1,2.0,1.0,0.683019,1.0,0.0,1-0,0.714783,0.040371,1.0,2-1,2.0,1.0,0.674411,1.0,0.0,1-0,0.70566,0.039856,1.0,2-1,2.0,1.0,0.665804,1.0,0.0,1-0,0.696537,0.039341,1.0,2-1,2.0,1.0,0.657196,1.0,0.0,1-0,0.687414,0.038826,1.0,2-1,2.0,1.0,0.648588,1.0,0.0,1-0,0.67829,0.03831,1.0,2-1,2.0,1.0,0.63998,1.0,0.0,1-0,0.669167,0.037795,1.0,2-1,2.0,1.0,0.631372,1.0,0.0,1-0,0.660044,0.03728,1.0,2-1,2.0,1.0,0.622765,1.0,0.0,1-0,0.650921,0.036764,1.0,2-1,2.0,1.0,0.614157,1.0,0.0,1-0,0.641798,0.036249,1.0,2-1,2.0,1.0,0.605549,1.0,0.0,1-0,0.632675,0.035734,1.0,2-1,2.0,1.0,0.596941,1.0,0.0,1-0,0.623552,0.035219,1.0,2-1,2.0,1.0,0.588333,1.0,0.0,1-0,0.614429,0.034703,1.0,2-1,2.0,1.0,0.579726,1.0,0.0,1-0,0.605306,0.02454,1.0,0-1,0.0,1.0,0.580765,1.0,0.0,1-0,0.596183,0.007872,1.0,0-1,0.0,1.0,0.58831,0.0,1.0,0-1,0.595855,0.008795,0.0,1-0,1.0,0.0,0.58706
2014,2014-06-29T13:00:00-03:00,8,51,Netherlands,Mexico,2,1,0.477824,0.283207,0.238969,1.378,0.8918,0.453677,0.288999,0.257324,0.024148,home,home,False,0.024148,-0.005792,-0.018355,2,0,2-0,0.761482,0.007015,1,0,1-0,0.754467,2,2.0,0.0,2-0,0.723072,0.006661,2.0,1-0,1.0,0.0,0.716411,2.0,0.0,2-0,0.724996,0.006679,2.0,1-0,1.0,0.0,0.718317,2.0,0.0,2-0,0.72692,0.006696,2.0,1-0,1.0,0.0,0.720224,2.0,0.0,2-0,0.728845,0.006714,2.0,1-0,1.0,0.0,0.72213,2.0,0.0,2-0,0.730769,0.006732,2.0,1-0,1.0,0.0,0.724037,2.0,0.0,2-0,0.732693,0.00675,2.0,1-0,1.0,0.0,0.725944,2.0,0.0,2-0,0.734618,0.006767,2.0,1-0,1.0,0.0,0.72785,2.0,0.0,2-0,0.736542,0.006785,2.0,1-0,1.0,0.0,0.729757,2.0,0.0,2-0,0.738466,0.006803,2.0,1-0,1.0,0.0,0.731664,2.0,0.0,2-0,0.740391,0.006821,2.0,1-0,1.0,0.0,0.73357,2.0,0.0,2-0,0.742315,0.006838,2.0,1-0,1.0,0.0,0.735477,2.0,0.0,2-0,0.744239,0.006856,2.0,1-0,1.0,0.0,0.737383,2.0,0.0,2-0,0.746164,0.006874,2.0,1-0,1.0,0.0,0.73929,2.0,0.0,2-0,0.748088,0.006891,2.0,1-0,1.0,0.0,0.741197,2.0,0.0,2-0,0.750012,0.006909,2.0,1-0,1.0,0.0,0.743103,2.0,0.0,2-0,0.751937,0.006927,2.0,1-0,1.0,0.0,0.74501,2.0,0.0,2-0,0.753861,0.006945,2.0,1-0,1.0,0.0,0.746917,2.0,0.0,2-0,0.755785,0.006962,2.0,1-0,1.0,0.0,0.748823,2.0,0.0,2-0,0.75771,0.00698,2.0,1-0,1.0,0.0,0.75073,2.0,0.0,2-0,0.759634,0.006998,2.0,1-0,1.0,0.0,0.752636,2.0,0.0,2-0,0.761558,0.007016,2.0,1-0,1.0,0.0,0.754543
2014,2014-06-29T17:00:00-03:00,8,52,Costa Rica,Greece,1,1,0.24286,0.332896,0.424244,0.7227,1.0548,0.360484,0.309795,0.32972,0.117624,away,home,True,-0.117624,0.0231,0.094524,0,1,0-1,0.772681,0.092378,0,2,0-2,0.680303,0,1.0,0.0,1-0,0.711016,0.078912,0.0,0-0,0.0,0.0,0.632104,1.0,0.0,1-0,0.699416,0.064955,0.0,0-0,0.0,0.0,0.634461,1.0,0.0,1-0,0.687816,0.050999,0.0,0-0,0.0,0.0,0.636818,1.0,0.0,1-0,0.676216,0.037042,0.0,0-0,0.0,0.0,0.639174,1.0,0.0,1-0,0.664616,0.023085,0.0,0-0,0.0,0.0,0.641531,1.0,0.0,1-0,0.653016,0.009128,0.0,0-0,0.0,0.0,0.643888,0.0,1.0,0-1,0.652181,0.005937,0.0,0-0,0.0,0.0,0.646244,0.0,1.0,0-1,0.660789,0.012188,0.0,0-0,0.0,0.0,0.648601,0.0,1.0,0-1,0.669397,0.01844,0.0,0-0,0.0,0.0,0.650958,0.0,1.0,0-1,0.678005,0.024691,0.0,0-0,0.0,0.0,0.653314,0.0,1.0,0-1,0.686613,0.030942,0.0,0-0,0.0,0.0,0.655671,0.0,1.0,0-1,0.695221,0.037194,0.0,0-0,0.0,0.0,0.658028,0.0,1.0,0-1,0.703829,0.043445,0.0,0-0,0.0,0.0,0.660384,0.0,1.0,0-1,0.712437,0.049696,0.0,0-0,0.0,0.0,0.662741,0.0,1.0,0-1,0.721045,0.055948,0.0,0-0,0.0,0.0,0.665098,0.0,1.0,0-1,0.729653,0.062199,0.0,0-0,0.0,0.0,0.667454,0.0,1.0,0-1,0.738261,0.06845,0.0,0-0,0.0,0.0,0.669811,0.0,1.0,0-1,0.746869,0.074702,0.0,0-0,0.0,0.0,0.672168,0.0,1.0,0-1,0.755477,0.080953,0.0,0-0,0.0,0.0,0.674524,0.0,1.0,0-1,0.764085,0.087204,0.0,0-0,0.0,0.0,0.676881,0.0,1.0,0-1,0.772694,0.09238,0.0,0-2,0.0,2.0,0.680314
2014,2014-06-30T13:00:00-03:00,8,53,France,Nigeria,2,0,0.504798,0.299632,0.19557,1.2861,0.6883,0.690027,0.203578,0.106394,0.185229,home,home,False,-0.185229,0.096054,0.089175,1,0,1-0,0.854075,0.040618,2,0,2-0,0.813458,1,1.0,0.0,1-0,1.167538,0.055525,1.0,2-0,2.0,0.0,1.112013,1.0,0.0,1-0,1.151867,0.05478,1.0,2-0,2.0,0.0,1.097087,1.0,0.0,1-0,1.136197,0.054035,1.0,2-0,2.0,0.0,1.082162,1.0,0.0,1-0,1.120526,0.053289,1.0,2-0,2.0,0.0,1.067237,1.0,0.0,1-0,1.104855,0.052544,1.0,2-0,2.0,0.0,1.052311,1.0,0.0,1-0,1.089185,0.051799,1.0,2-0,2.0,0.0,1.037386,1.0,0.0,1-0,1.073514,0.051054,1.0,2-0,2.0,0.0,1.022461,1.0,0.0,1-0,1.057844,0.050308,1.0,2-0,2.0,0.0,1.007536,1.0,0.0,1-0,1.042173,0.049563,1.0,2-0,2.0,0.0,0.99261,1.0,0.0,1-0,1.026503,0.048818,1.0,2-0,2.0,0.0,0.977685,1.0,0.0,1-0,1.010832,0.048073,1.0,2-0,2.0,0.0,0.96276,1.0,0.0,1-0,0.995162,0.047327,1.0,2-0,2.0,0.0,0.947834,1.0,0.0,1-0,0.979491,0.046582,1.0,2-0,2.0,0.0,0.932909,1.0,0.0,1-0,0.963821,0.045837,1.0,2-0,2.0,0.0,0.917984,1.0,0.0,1-0,0.94815,0.045092,1.0,2-0,2.0,0.0,0.903058,1.0,0.0,1-0,0.932479,0.044346,1.0,2-0,2.0,0.0,0.888133,1.0,0.0,1-0,0.916809,0.043601,1.0,2-0,2.0,0.0,0.873208,1.0,0.0,1-0,0.901138,0.042856,1.0,2-0,2.0,0.0,0.858283,1.0,0.0,1-0,0.885468,0.042111,1.0,2-0,2.0,0.0,0.843357,1.0,0.0,1-0,0.869797,0.041365,1.0,2-0,2.0,0.0,0.828432,1.0,0.0,1-0,0.854127,0.04062,1.0,2-0,2.0,0.0,0.813507
2014,2014-06-30T17:00:00-03:00,8,54,Germany,Algeria,2,1,0.762491,0.156429,0.08108,2.4782,0.6887,0.744773,0.16822,0.087007,0.017719,home,home,False,0.017719,-0.011792,-0.005927,2,0,2-0,1.107289,0.035165,3,0,3-0,1.072124,2,2.0,0.0,2-0,1.085939,0.034487,2.0,3-0,3.0,0.0,1.051452,2.0,0.0,2-0,1.087231,0.034528,2.0,3-0,3.0,0.0,1.052703,2.0,0.0,2-0,1.088523,0.034569,2.0,3-0,3.0,0.0,1.053954,2.0,0.0,2-0,1.089815,0.03461,2.0,3-0,3.0,0.0,1.055204,2.0,0.0,2-0,1.091106,0.034651,2.0,3-0,3.0,0.0,1.056455,2.0,0.0,2-0,1.092398,0.034692,2.0,3-0,3.0,0.0,1.057706,2.0,0.0,2-0,1.09369,0.034733,2.0,3-0,3.0,0.0,1.058957,2.0,0.0,2-0,1.094982,0.034774,2.0,3-0,3.0,0.0,1.060207,2.0,0.0,2-0,1.096273,0.034815,2.0,3-0,3.0,0.0,1.061458,2.0,0.0,2-0,1.097565,0.034856,2.0,3-0,3.0,0.0,1.062709,2.0,0.0,2-0,1.098857,0.034897,2.0,3-0,3.0,0.0,1.06396,2.0,0.0,2-0,1.100149,0.034938,2.0,3-0,3.0,0.0,1.06521,2.0,0.0,2-0,1.101441,0.03498,2.0,3-0,3.0,0.0,1.066461,2.0,0.0,2-0,1.102732,0.035021,2.0,3-0,3.0,0.0,1.067712,2.0,0.0,2-0,1.104024,0.035062,2.0,3-0,3.0,0.0,1.068962,2.0,0.0,2-0,1.105316,0.035103,2.0,3-0,3.0,0.0,1.070213,2.0,0.0,2-0,1.106608,0.035144,2.0,3-0,3.0,0.0,1.071464,2.0,0.0,2-0,1.107899,0.035185,2.0,3-0,3.0,0.0,1.072715,2.0,0.0,2-0,1.109191,0.035226,2.0,3-0,3.0,0.0,1.073965,2.0,0.0,2-0,1.110483,0.035267,2.0,3-0,3.0,0.0,1.075216,2.0,0.0,2-0,1.111775,0.035308,2.0,3-0,3.0,0.0,1.076467
2014,2014-07-01T13:00:00-03:00,8,55,Argentina,Switzerland,1,0,0.557984,0.263371,0.178644,1.5467,0.756,0.623837,0.230797,0.145366,0.065853,home,home,False,-0.065853,0.032574,0.033278,2,0,2-0,0.88748,0.027758,1,0,1-0,0.859722,1,2.0,0.0,2-0,0.992427,0.03104,1.0,1-0,1.0,0.0,0.961387,2.0,0.0,2-0,0.987189,0.030876,1.0,1-0,1.0,0.0,0.956313,2.0,0.0,2-0,0.981951,0.030712,1.0,1-0,1.0,0.0,0.951238,2.0,0.0,2-0,0.976713,0.030549,1.0,1-0,1.0,0.0,0.946164,2.0,0.0,2-0,0.971475,0.030385,1.0,1-0,1.0,0.0,0.94109,2.0,0.0,2-0,0.966236,0.030221,1.0,1-0,1.0,0.0,0.936016,2.0,0.0,2-0,0.960998,0.030057,1.0,1-0,1.0,0.0,0.930941,2.0,0.0,2-0,0.95576,0.029893,1.0,1-0,1.0,0.0,0.925867,2.0,0.0,2-0,0.950522,0.029729,1.0,1-0,1.0,0.0,0.920793,2.0,0.0,2-0,0.945284,0.029566,1.0,1-0,1.0,0.0,0.915719,2.0,0.0,2-0,0.940046,0.029402,1.0,1-0,1.0,0.0,0.910645,2.0,0.0,2-0,0.934808,0.029238,1.0,1-0,1.0,0.0,0.90557,2.0,0.0,2-0,0.92957,0.029074,1.0,1-0,1.0,0.0,0.900496,2.0,0.0,2-0,0.924332,0.02891,1.0,1-0,1.0,0.0,0.895422,2.0,0.0,2-0,0.919094,0.028746,1.0,1-0,1.0,0.0,0.890348,2.0,0.0,2-0,0.913856,0.028583,1.0,1-0,1.0,0.0,0.885273,2.0,0.0,2-0,0.908618,0.028419,1.0,1-0,1.0,0.0,0.880199,2.0,0.0,2-0,0.90338,0.028255,1.0,1-0,1.0,0.0,0.875125,2.0,0.0,2-0,0.898142,0.028091,1.0,1-0,1.0,0.0,0.870051,2.0,0.0,2-0,0.892904,0.027927,1.0,1-0,1.0,0.0,0.864977,2.0,0.0,2-0,0.887666,0.027763,1.0,1-0,1.0,0.0,0.859902
2014,2014-07-01T17:00:00-03:00,8,56,Belgium,United States,2,1,0.382505,0.281114,0.336381,1.2733,1.1772,0.483595,0.282531,0.233874,0.102507,home,home,False,-0.10109,-0.001417,0.102507,2,1,2-1,0.616996,0.012391,2,0,2-0,0.604605,3,2.0,1.0,2-1,0.780128,0.015668,3.0,2-0,2.0,0.0,0.76446,2.0,1.0,2-1,0.771974,0.015504,3.0,2-0,2.0,0.0,0.75647,2.0,1.0,2-1,0.76382,0.01534,3.0,2-0,2.0,0.0,0.74848,2.0,1.0,2-1,0.755666,0.015176,3.0,2-0,2.0,0.0,0.74049,2.0,1.0,2-1,0.747512,0.015013,3.0,2-0,2.0,0.0,0.7325,2.0,1.0,2-1,0.739359,0.014849,3.0,2-0,2.0,0.0,0.72451,2.0,1.0,2-1,0.731205,0.014685,3.0,2-0,2.0,0.0,0.71652,2.0,1.0,2-1,0.723051,0.014521,3.0,2-0,2.0,0.0,0.708529,2.0,1.0,2-1,0.714897,0.014358,3.0,2-0,2.0,0.0,0.700539,2.0,1.0,2-1,0.706743,0.014194,3.0,2-0,2.0,0.0,0.692549,2.0,1.0,2-1,0.698589,0.01403,3.0,2-0,2.0,0.0,0.684559,2.0,1.0,2-1,0.690435,0.013866,3.0,2-0,2.0,0.0,0.676569,2.0,1.0,2-1,0.682281,0.013703,3.0,2-0,2.0,0.0,0.668579,2.0,1.0,2-1,0.674128,0.013539,3.0,2-0,2.0,0.0,0.660589,2.0,1.0,2-1,0.665974,0.013375,3.0,2-0,2.0,0.0,0.652599,2.0,1.0,2-1,0.65782,0.013211,3.0,2-0,2.0,0.0,0.644609,2.0,1.0,2-1,0.649666,0.013048,3.0,2-0,2.0,0.0,0.636618,2.0,1.0,2-1,0.641512,0.012884,3.0,2-0,2.0,0.0,0.628628,2.0,1.0,2-1,0.633358,0.01272,3.0,2-0,2.0,0.0,0.620638,2.0,1.0,2-1,0.625204,0.012556,3.0,2-0,2.0,0.0,0.612648,2.0,1.0,2-1,0.61705,0.012392,3.0,2-0,2.0,0.0,0.604658
2014,2014-07-04T13:00:00-03:00,4,57,France,Germany,0,1,0.317669,0.282949,0.399382,1.1209,1.2899,0.344648,0.308143,0.347209,0.052172,away,away,False,-0.026979,-0.025194,0.052172,1,2,1-2,0.641384,0.009023,0,2,0-2,0.63236,1,1.0,1.0,1-1,0.599788,0.03617,0.0,2-1,2.0,1.0,0.563619,1.0,1.0,1-1,0.597336,0.035502,0.0,1-2,1.0,2.0,0.561834,1.0,1.0,1-1,0.594884,0.02886,0.0,1-2,1.0,2.0,0.566024,1.0,1.0,1-1,0.592432,0.022219,0.0,1-2,1.0,2.0,0.570214,1.0,1.0,1-1,0.589981,0.015577,0.0,1-2,1.0,2.0,0.574403,1.0,1.0,1-1,0.587529,0.008936,0.0,1-2,1.0,2.0,0.578593,1.0,1.0,1-1,0.585077,0.002294,0.0,1-2,1.0,2.0,0.582783,1.0,2.0,1-2,0.586972,0.004348,1.0,1-1,1.0,1.0,0.582625,1.0,2.0,1-2,0.591162,0.008317,1.0,0-2,0.0,2.0,0.582845,1.0,2.0,1-2,0.595352,0.008376,1.0,0-2,0.0,2.0,0.586976,1.0,2.0,1-2,0.599541,0.008435,1.0,0-2,0.0,2.0,0.591107,1.0,2.0,1-2,0.603731,0.008494,1.0,0-2,0.0,2.0,0.595237,1.0,2.0,1-2,0.607921,0.008553,1.0,0-2,0.0,2.0,0.599368,1.0,2.0,1-2,0.61211,0.008612,1.0,0-2,0.0,2.0,0.603499,1.0,2.0,1-2,0.6163,0.008671,1.0,0-2,0.0,2.0,0.607629,1.0,2.0,1-2,0.62049,0.008729,1.0,0-2,0.0,2.0,0.61176,1.0,2.0,1-2,0.624679,0.008788,1.0,0-2,0.0,2.0,0.615891,1.0,2.0,1-2,0.628869,0.008847,1.0,0-2,0.0,2.0,0.620021,1.0,2.0,1-2,0.633058,0.008906,1.0,0-2,0.0,2.0,0.624152,1.0,2.0,1-2,0.637248,0.008965,1.0,0-2,0.0,2.0,0.628283,1.0,2.0,1-2,0.641438,0.009024,1.0,0-2,0.0,2.0,0.632414
2014,2014-07-04T17:00:00-03:00,4,58,Brazil,Colombia,2,1,0.555667,0.273045,0.171287,1.4698,0.69,0.55189,0.254882,0.193228,0.021941,home,home,False,0.003777,0.018164,-0.021941,2,0,2-0,0.890749,0.003527,1,0,1-0,0.887222,2,2.0,0.0,2-0,0.884826,0.003504,2.0,1-0,1.0,0.0,0.881322,2.0,0.0,2-0,0.885129,0.003505,2.0,1-0,1.0,0.0,0.881624,2.0,0.0,2-0,0.885432,0.003506,2.0,1-0,1.0,0.0,0.881925,2.0,0.0,2-0,0.885734,0.003508,2.0,1-0,1.0,0.0,0.882227,2.0,0.0,2-0,0.886037,0.003509,2.0,1-0,1.0,0.0,0.882528,2.0,0.0,2-0,0.88634,0.00351,2.0,1-0,1.0,0.0,0.88283,2.0,0.0,2-0,0.886643,0.003511,2.0,1-0,1.0,0.0,0.883132,2.0,0.0,2-0,0.886945,0.003512,2.0,1-0,1.0,0.0,0.883433,2.0,0.0,2-0,0.887248,0.003514,2.0,1-0,1.0,0.0,0.883735,2.0,0.0,2-0,0.887551,0.003515,2.0,1-0,1.0,0.0,0.884036,2.0,0.0,2-0,0.887854,0.003516,2.0,1-0,1.0,0.0,0.884338,2.0,0.0,2-0,0.888157,0.003517,2.0,1-0,1.0,0.0,0.884639,2.0,0.0,2-0,0.888459,0.003518,2.0,1-0,1.0,0.0,0.884941,2.0,0.0,2-0,0.888762,0.00352,2.0,1-0,1.0,0.0,0.885243,2.0,0.0,2-0,0.889065,0.003521,2.0,1-0,1.0,0.0,0.885544,2.0,0.0,2-0,0.889368,0.003522,2.0,1-0,1.0,0.0,0.885846,2.0,0.0,2-0,0.889671,0.003523,2.0,1-0,1.0,0.0,0.886147,2.0,0.0,2-0,0.889973,0.003524,2.0,1-0,1.0,0.0,0.886449,2.0,0.0,2-0,0.890276,0.003526,2.0,1-0,1.0,0.0,0.886751,2.0,0.0,2-0,0.890579,0.003527,2.0,1-0,1.0,0.0,0.887052,2.0,0.0,2-0,0.890882,0.003528,2.0,1-0,1.0,0.0,0.887354
2014,2014-07-05T13:00:00-03:00,4,59,Argentina,Belgium,1,0,0.625874,0.219393,0.154733,1.9429,0.8526,0.48889,0.286313,0.224797,0.136984,home,home,False,0.136984,-0.06692,-0.070064,2,0,2-0,0.954186,0.016996,2,1,2-1,0.93719,1,2.0,0.0,2-0,0.746029,0.013288,1.0,2-1,2.0,1.0,0.732741,2.0,0.0,2-0,0.756481,0.013475,1.0,2-1,2.0,1.0,0.743006,2.0,0.0,2-0,0.766932,0.013661,1.0,2-1,2.0,1.0,0.753272,2.0,0.0,2-0,0.777384,0.013847,1.0,2-1,2.0,1.0,0.763537,2.0,0.0,2-0,0.787836,0.014033,1.0,2-1,2.0,1.0,0.773803,2.0,0.0,2-0,0.798287,0.014219,1.0,2-1,2.0,1.0,0.784068,2.0,0.0,2-0,0.808739,0.014405,1.0,2-1,2.0,1.0,0.794334,2.0,0.0,2-0,0.819191,0.014592,1.0,2-1,2.0,1.0,0.804599,2.0,0.0,2-0,0.829642,0.014778,1.0,2-1,2.0,1.0,0.814865,2.0,0.0,2-0,0.840094,0.014964,1.0,2-1,2.0,1.0,0.82513,2.0,0.0,2-0,0.850546,0.01515,1.0,2-1,2.0,1.0,0.835396,2.0,0.0,2-0,0.860997,0.015336,1.0,2-1,2.0,1.0,0.845661,2.0,0.0,2-0,0.871449,0.015522,1.0,2-1,2.0,1.0,0.855927,2.0,0.0,2-0,0.881901,0.015709,1.0,2-1,2.0,1.0,0.866192,2.0,0.0,2-0,0.892352,0.015895,1.0,2-1,2.0,1.0,0.876458,2.0,0.0,2-0,0.902804,0.016081,1.0,2-1,2.0,1.0,0.886723,2.0,0.0,2-0,0.913256,0.016267,1.0,2-1,2.0,1.0,0.896989,2.0,0.0,2-0,0.923707,0.016453,1.0,2-1,2.0,1.0,0.907254,2.0,0.0,2-0,0.934159,0.016639,1.0,2-1,2.0,1.0,0.917519,2.0,0.0,2-0,0.944611,0.016826,1.0,2-1,2.0,1.0,0.927785,2.0,0.0,2-0,0.955062,0.017012,1.0,2-1,2.0,1.0,0.93805
2014,2014-07-05T17:00:00-03:00,4,60,Netherlands,Costa Rica,0,0,0.667641,0.223036,0.109324,1.8047,0.5776,0.639778,0.229624,0.130597,0.027862,home,home,False,0.027862,-0.006589,-0.021274,2,0,2-0,1.054844,0.060446,1,0,1-0,0.994399,0,2.0,0.0,2-0,1.011401,0.057956,0.0,1-0,1.0,0.0,0.953444,2.0,0.0,2-0,1.013603,0.058083,0.0,1-0,1.0,0.0,0.95552,2.0,0.0,2-0,1.015805,0.058209,0.0,1-0,1.0,0.0,0.957597,2.0,0.0,2-0,1.018008,0.058335,0.0,1-0,1.0,0.0,0.959673,2.0,0.0,2-0,1.02021,0.058461,0.0,1-0,1.0,0.0,0.961749,2.0,0.0,2-0,1.022412,0.058587,0.0,1-0,1.0,0.0,0.963825,2.0,0.0,2-0,1.024615,0.058714,0.0,1-0,1.0,0.0,0.965901,2.0,0.0,2-0,1.026817,0.05884,0.0,1-0,1.0,0.0,0.967977,2.0,0.0,2-0,1.029019,0.058966,0.0,1-0,1.0,0.0,0.970053,2.0,0.0,2-0,1.031222,0.059092,0.0,1-0,1.0,0.0,0.97213,2.0,0.0,2-0,1.033424,0.059218,0.0,1-0,1.0,0.0,0.974206,2.0,0.0,2-0,1.035626,0.059345,0.0,1-0,1.0,0.0,0.976282,2.0,0.0,2-0,1.037829,0.059471,0.0,1-0,1.0,0.0,0.978358,2.0,0.0,2-0,1.040031,0.059597,0.0,1-0,1.0,0.0,0.980434,2.0,0.0,2-0,1.042233,0.059723,0.0,1-0,1.0,0.0,0.98251,2.0,0.0,2-0,1.044436,0.059849,0.0,1-0,1.0,0.0,0.984586,2.0,0.0,2-0,1.046638,0.059976,0.0,1-0,1.0,0.0,0.986662,2.0,0.0,2-0,1.04884,0.060102,0.0,1-0,1.0,0.0,0.988739,2.0,0.0,2-0,1.051043,0.060228,0.0,1-0,1.0,0.0,0.990815,2.0,0.0,2-0,1.053245,0.060354,0.0,1-0,1.0,0.0,0.992891,2.0,0.0,2-0,1.055447,0.06048,0.0,1-0,1.0,0.0,0.994967
2014,2014-07-08T17:00:00-03:00,2,61,Brazil,Germany,1,7,0.564583,0.227463,0.207955,1.92,1.0851,0.366717,0.304193,0.32909,0.197866,home,home,False,0.197866,-0.07673,-0.121136,2,1,2-1,0.853537,0.007768,2,0,2-0,0.84577,0,1.0,1.0,1-1,0.589258,0.034374,0.0,2-1,2.0,1.0,0.554884,1.0,1.0,1-1,0.581826,0.011972,0.0,2-1,2.0,1.0,0.569854,2.0,1.0,2-1,0.584823,0.005322,0.0,2-0,2.0,0.0,0.579501,2.0,1.0,2-1,0.599793,0.005458,0.0,2-0,2.0,0.0,0.594334,2.0,1.0,2-1,0.614763,0.005595,0.0,2-0,2.0,0.0,0.609168,2.0,1.0,2-1,0.629732,0.005731,0.0,2-0,2.0,0.0,0.624001,2.0,1.0,2-1,0.644702,0.005867,0.0,2-0,2.0,0.0,0.638835,2.0,1.0,2-1,0.659672,0.006003,0.0,2-0,2.0,0.0,0.653668,2.0,1.0,2-1,0.674641,0.00614,0.0,2-0,2.0,0.0,0.668502,2.0,1.0,2-1,0.689611,0.006276,0.0,2-0,2.0,0.0,0.683335,2.0,1.0,2-1,0.704581,0.006412,0.0,2-0,2.0,0.0,0.698169,2.0,1.0,2-1,0.71955,0.006548,0.0,2-0,2.0,0.0,0.713002,2.0,1.0,2-1,0.73452,0.006684,0.0,2-0,2.0,0.0,0.727835,2.0,1.0,2-1,0.74949,0.006821,0.0,2-0,2.0,0.0,0.742669,2.0,1.0,2-1,0.764459,0.006957,0.0,2-0,2.0,0.0,0.757502,2.0,1.0,2-1,0.779429,0.007093,0.0,2-0,2.0,0.0,0.772336,2.0,1.0,2-1,0.794398,0.007229,0.0,2-0,2.0,0.0,0.787169,2.0,1.0,2-1,0.809368,0.007366,0.0,2-0,2.0,0.0,0.802003,2.0,1.0,2-1,0.824338,0.007502,0.0,2-0,2.0,0.0,0.816836,2.0,1.0,2-1,0.839307,0.007638,0.0,2-0,2.0,0.0,0.831669,2.0,1.0,2-1,0.854277,0.007774,0.0,2-0,2.0,0.0,0.846503
2014,2014-07-09T17:00:00-03:00,2,62,Netherlands,Argentina,0,0,0.319515,0.287422,0.393063,1.1,1.2505,0.314998,0.299694,0.385308,0.012272,away,away,False,0.004517,-0.012272,0.007755,1,2,1-2,0.631527,0.007454,0,2,0-2,0.624072,0,1.0,2.0,1-2,0.61911,0.007308,0.0,0-2,0.0,2.0,0.611802,1.0,2.0,1-2,0.619733,0.007315,0.0,0-2,0.0,2.0,0.612418,1.0,2.0,1-2,0.620356,0.007322,0.0,0-2,0.0,2.0,0.613033,1.0,2.0,1-2,0.620979,0.00733,0.0,0-2,0.0,2.0,0.613649,1.0,2.0,1-2,0.621602,0.007337,0.0,0-2,0.0,2.0,0.614265,1.0,2.0,1-2,0.622225,0.007345,0.0,0-2,0.0,2.0,0.61488,1.0,2.0,1-2,0.622848,0.007352,0.0,0-2,0.0,2.0,0.615496,1.0,2.0,1-2,0.623471,0.007359,0.0,0-2,0.0,2.0,0.616112,1.0,2.0,1-2,0.624094,0.007367,0.0,0-2,0.0,2.0,0.616727,1.0,2.0,1-2,0.624717,0.007374,0.0,0-2,0.0,2.0,0.617343,1.0,2.0,1-2,0.62534,0.007381,0.0,0-2,0.0,2.0,0.617959,1.0,2.0,1-2,0.625963,0.007389,0.0,0-2,0.0,2.0,0.618574,1.0,2.0,1-2,0.626586,0.007396,0.0,0-2,0.0,2.0,0.61919,1.0,2.0,1-2,0.627209,0.007403,0.0,0-2,0.0,2.0,0.619806,1.0,2.0,1-2,0.627832,0.007411,0.0,0-2,0.0,2.0,0.620421,1.0,2.0,1-2,0.628455,0.007418,0.0,0-2,0.0,2.0,0.621037,1.0,2.0,1-2,0.629078,0.007425,0.0,0-2,0.0,2.0,0.621653,1.0,2.0,1-2,0.629701,0.007433,0.0,0-2,0.0,2.0,0.622268,1.0,2.0,1-2,0.630324,0.00744,0.0,0-2,0.0,2.0,0.622884,1.0,2.0,1-2,0.630947,0.007447,0.0,0-2,0.0,2.0,0.6235,1.0,2.0,1-2,0.63157,0.007455,0.0,0-2,0.0,2.0,0.624116
2014,2014-07-12T17:00:00-03:00,1,63,Brazil,Netherlands,0,3,0.509442,0.270362,0.220195,1.4902,0.8865,0.449257,0.26092,0.289823,0.069628,home,home,False,0.060185,0.009443,-0.069628,2,0,2-0,0.806973,0.011707,2,1,2-1,0.795266,0,2.0,0.0,2-0,0.711756,0.010326,0.0,2-1,2.0,1.0,0.701431,2.0,0.0,2-0,0.716524,0.010395,0.0,2-1,2.0,1.0,0.706129,2.0,0.0,2-0,0.721291,0.010464,0.0,2-1,2.0,1.0,0.710828,2.0,0.0,2-0,0.726059,0.010533,0.0,2-1,2.0,1.0,0.715526,2.0,0.0,2-0,0.730827,0.010602,0.0,2-1,2.0,1.0,0.720224,2.0,0.0,2-0,0.735594,0.010671,0.0,2-1,2.0,1.0,0.724923,2.0,0.0,2-0,0.740362,0.010741,0.0,2-1,2.0,1.0,0.729621,2.0,0.0,2-0,0.745129,0.01081,0.0,2-1,2.0,1.0,0.73432,2.0,0.0,2-0,0.749897,0.010879,0.0,2-1,2.0,1.0,0.739018,2.0,0.0,2-0,0.754664,0.010948,0.0,2-1,2.0,1.0,0.743716,2.0,0.0,2-0,0.759432,0.011017,0.0,2-1,2.0,1.0,0.748415,2.0,0.0,2-0,0.7642,0.011086,0.0,2-1,2.0,1.0,0.753113,2.0,0.0,2-0,0.768967,0.011156,0.0,2-1,2.0,1.0,0.757812,2.0,0.0,2-0,0.773735,0.011225,0.0,2-1,2.0,1.0,0.76251,2.0,0.0,2-0,0.778502,0.011294,0.0,2-1,2.0,1.0,0.767208,2.0,0.0,2-0,0.78327,0.011363,0.0,2-1,2.0,1.0,0.771907,2.0,0.0,2-0,0.788037,0.011432,0.0,2-1,2.0,1.0,0.776605,2.0,0.0,2-0,0.792805,0.011501,0.0,2-1,2.0,1.0,0.781304,2.0,0.0,2-0,0.797573,0.011571,0.0,2-1,2.0,1.0,0.786002,2.0,0.0,2-0,0.80234,0.01164,0.0,2-1,2.0,1.0,0.7907,2.0,0.0,2-0,0.807108,0.011709,0.0,2-1,2.0,1.0,0.795399
2014,2014-07-13T16:00:00-03:00,0,64,Germany,Argentina,1,0,0.316712,0.249918,0.433371,1.3465,1.6111,0.412064,0.29722,0.290716,0.142655,away,home,True,-0.095352,-0.047303,0.142655,1,2,1-2,0.682177,0.023358,0,2,0-2,0.658818,0,2.0,1.0,2-1,0.670827,0.037452,1.0,2-0,2.0,0.0,0.633374,2.0,1.0,2-1,0.663065,0.037019,1.0,2-0,2.0,0.0,0.626046,2.0,1.0,2-1,0.655304,0.036586,1.0,2-0,2.0,0.0,0.618718,2.0,1.0,2-1,0.647542,0.036152,1.0,2-0,2.0,0.0,0.61139,2.0,1.0,2-1,0.639781,0.035719,1.0,2-0,2.0,0.0,0.604062,2.0,1.0,2-1,0.632019,0.035286,1.0,2-0,2.0,0.0,0.596733,2.0,1.0,2-1,0.624258,0.034852,1.0,2-0,2.0,0.0,0.589405,2.0,1.0,2-1,0.616496,0.034419,1.0,2-0,2.0,0.0,0.582077,2.0,1.0,2-1,0.608735,0.033986,1.0,2-0,2.0,0.0,0.574749,2.0,1.0,2-1,0.600973,0.033552,1.0,2-0,2.0,0.0,0.567421,2.0,1.0,2-1,0.593212,0.023111,1.0,1-2,1.0,2.0,0.570101,2.0,1.0,2-1,0.58545,0.004118,1.0,1-2,1.0,2.0,0.581333,1.0,2.0,1-2,0.592564,0.014876,0.0,2-1,2.0,1.0,0.577689,1.0,2.0,1-2,0.603796,0.020674,0.0,0-2,0.0,2.0,0.583122,1.0,2.0,1-2,0.615028,0.021059,0.0,0-2,0.0,2.0,0.593969,1.0,2.0,1-2,0.62626,0.021444,0.0,0-2,0.0,2.0,0.604816,1.0,2.0,1-2,0.637491,0.021828,0.0,0-2,0.0,2.0,0.615663,1.0,2.0,1-2,0.648723,0.022213,0.0,0-2,0.0,2.0,0.62651,1.0,2.0,1-2,0.659955,0.022597,0.0,0-2,0.0,2.0,0.637358,1.0,2.0,1-2,0.671187,0.022982,0.0,0-2,0.0,2.0,0.648205,1.0,2.0,1-2,0.682418,0.023366,0.0,0-2,0.0,2.0,0.659052
2018,2018-06-14T18:00:00+03:00,G,1,Russia,Saudi Arabia,5,0,0.596108,0.240818,0.163075,1.7991,0.8321,0.673015,0.222713,0.104272,0.076907,home,home,False,-0.076907,0.018104,0.058803,2,0,2-0,0.92573,0.019555,2,1,2-1,0.906175,1,2.0,0.0,2-0,1.045752,0.022091,1.0,2-1,2.0,1.0,1.023661,2.0,0.0,2-0,1.039777,0.021964,1.0,2-1,2.0,1.0,1.017812,2.0,0.0,2-0,1.033802,0.021838,1.0,2-1,2.0,1.0,1.011963,2.0,0.0,2-0,1.027827,0.021712,1.0,2-1,2.0,1.0,1.006115,2.0,0.0,2-0,1.021852,0.021586,1.0,2-1,2.0,1.0,1.000266,2.0,0.0,2-0,1.015877,0.02146,1.0,2-1,2.0,1.0,0.994417,2.0,0.0,2-0,1.009902,0.021333,1.0,2-1,2.0,1.0,0.988568,2.0,0.0,2-0,1.003927,0.021207,1.0,2-1,2.0,1.0,0.982719,2.0,0.0,2-0,0.997952,0.021081,1.0,2-1,2.0,1.0,0.976871,2.0,0.0,2-0,0.991977,0.020955,1.0,2-1,2.0,1.0,0.971022,2.0,0.0,2-0,0.986001,0.020829,1.0,2-1,2.0,1.0,0.965173,2.0,0.0,2-0,0.980026,0.020702,1.0,2-1,2.0,1.0,0.959324,2.0,0.0,2-0,0.974051,0.020576,1.0,2-1,2.0,1.0,0.953475,2.0,0.0,2-0,0.968076,0.02045,1.0,2-1,2.0,1.0,0.947627,2.0,0.0,2-0,0.962101,0.020324,1.0,2-1,2.0,1.0,0.941778,2.0,0.0,2-0,0.956126,0.020197,1.0,2-1,2.0,1.0,0.935929,2.0,0.0,2-0,0.950151,0.020071,1.0,2-1,2.0,1.0,0.93008,2.0,0.0,2-0,0.944176,0.019945,1.0,2-1,2.0,1.0,0.924231,2.0,0.0,2-0,0.938201,0.019819,1.0,2-1,2.0,1.0,0.918382,2.0,0.0,2-0,0.932226,0.019693,1.0,2-1,2.0,1.0,0.912534,2.0,0.0,2-0,0.926251,0.019566,1.0,2-1,2.0,1.0,0.906685
2018,2018-06-15T17:00:00+05:00,G,2,Egypt,Uruguay,0,1,0.221374,0.301728,0.476898,0.8017,1.3065,0.110717,0.236131,0.653152,0.176254,away,away,False,0.110657,0.065597,-0.176254,0,1,0-1,0.778648,0.01136,0,2,0-2,0.767288,3,0.0,1.0,0-1,1.066498,0.01556,3.0,0-2,0.0,2.0,1.050938,0.0,1.0,0-1,1.052108,0.01535,3.0,0-2,0.0,2.0,1.036758,0.0,1.0,0-1,1.037718,0.01514,3.0,0-2,0.0,2.0,1.022578,0.0,1.0,0-1,1.023328,0.01493,3.0,0-2,0.0,2.0,1.008398,0.0,1.0,0-1,1.008939,0.01472,3.0,0-2,0.0,2.0,0.994218,0.0,1.0,0-1,0.994549,0.01451,3.0,0-2,0.0,2.0,0.980039,0.0,1.0,0-1,0.980159,0.0143,3.0,0-2,0.0,2.0,0.965859,0.0,1.0,0-1,0.965769,0.01409,3.0,0-2,0.0,2.0,0.951679,0.0,1.0,0-1,0.951379,0.013881,3.0,0-2,0.0,2.0,0.937499,0.0,1.0,0-1,0.93699,0.013671,3.0,0-2,0.0,2.0,0.923319,0.0,1.0,0-1,0.9226,0.013461,3.0,0-2,0.0,2.0,0.909139,0.0,1.0,0-1,0.90821,0.013251,3.0,0-2,0.0,2.0,0.894959,0.0,1.0,0-1,0.89382,0.013041,3.0,0-2,0.0,2.0,0.88078,0.0,1.0,0-1,0.87943,0.012831,3.0,0-2,0.0,2.0,0.8666,0.0,1.0,0-1,0.865041,0.012621,3.0,0-2,0.0,2.0,0.85242,0.0,1.0,0-1,0.850651,0.012411,3.0,0-2,0.0,2.0,0.83824,0.0,1.0,0-1,0.836261,0.012201,3.0,0-2,0.0,2.0,0.82406,0.0,1.0,0-1,0.821871,0.011991,3.0,0-2,0.0,2.0,0.80988,0.0,1.0,0-1,0.807481,0.011781,3.0,0-2,0.0,2.0,0.7957,0.0,1.0,0-1,0.793092,0.011571,3.0,0-2,0.0,2.0,0.781521,0.0,1.0,0-1,0.778702,0.011361,3.0,0-2,0.0,2.0,0.767341
2018,2018-06-15T18:00:00+03:00,G,3,Morocco,Iran,0,1,0.329482,0.383004,0.287514,0.7836,0.7121,0.437392,0.328771,0.233837,0.10791,draw,home,True,-0.10791,0.054233,0.053677,0,0,0-0,0.846468,0.181113,1,0,1-0,0.665355,0,1.0,0.0,1-0,0.883269,0.156657,0.0,0-0,0.0,0.0,0.726612,1.0,0.0,1-0,0.872373,0.139768,0.0,0-0,0.0,0.0,0.732605,1.0,0.0,1-0,0.861477,0.12288,0.0,0-0,0.0,0.0,0.738597,1.0,0.0,1-0,0.850582,0.105991,0.0,0-0,0.0,0.0,0.74459,1.0,0.0,1-0,0.839686,0.089103,0.0,0-0,0.0,0.0,0.750583,1.0,0.0,1-0,0.828791,0.072214,0.0,0-0,0.0,0.0,0.756576,1.0,0.0,1-0,0.817895,0.055326,0.0,0-0,0.0,0.0,0.762569,1.0,0.0,1-0,0.806999,0.038437,0.0,0-0,0.0,0.0,0.768562,1.0,0.0,1-0,0.796104,0.021549,0.0,0-0,0.0,0.0,0.774555,1.0,0.0,1-0,0.785208,0.00466,0.0,0-0,0.0,0.0,0.780548,0.0,0.0,0-0,0.786541,0.012228,0.0,1-0,1.0,0.0,0.774312,0.0,0.0,0-0,0.792534,0.029117,0.0,1-0,1.0,0.0,0.763417,0.0,0.0,0-0,0.798527,0.046005,0.0,1-0,1.0,0.0,0.752521,0.0,0.0,0-0,0.80452,0.062894,0.0,1-0,1.0,0.0,0.741626,0.0,0.0,0-0,0.810512,0.079782,0.0,1-0,1.0,0.0,0.73073,0.0,0.0,0-0,0.816505,0.096671,0.0,1-0,1.0,0.0,0.719834,0.0,0.0,0-0,0.822498,0.11356,0.0,1-0,1.0,0.0,0.708939,0.0,0.0,0-0,0.828491,0.130448,0.0,1-0,1.0,0.0,0.698043,0.0,0.0,0-0,0.834484,0.147337,0.0,1-0,1.0,0.0,0.687148,0.0,0.0,0-0,0.840477,0.164225,0.0,1-0,1.0,0.0,0.676252,0.0,0.0,0-0,0.84647,0.181114,0.0,1-0,1.0,0.0,0.665356
2018,2018-06-15T21:00:00+03:00,G,4,Portugal,Spain,3,3,0.232212,0.298715,0.469073,0.8479,1.3207,0.222805,0.296395,0.4808,0.011727,away,away,False,0.009407,0.00232,-0.011727,0,1,0-1,0.755359,0.00235,0,2,0-2,0.753009,0,0.0,1.0,0-1,0.774301,0.002409,0.0,0-2,0.0,2.0,0.771892,0.0,1.0,0-1,0.773357,0.002406,0.0,0-2,0.0,2.0,0.77095,0.0,1.0,0-1,0.772412,0.002404,0.0,0-2,0.0,2.0,0.770009,0.0,1.0,0-1,0.771468,0.002401,0.0,0-2,0.0,2.0,0.769068,0.0,1.0,0-1,0.770524,0.002398,0.0,0-2,0.0,2.0,0.768126,0.0,1.0,0-1,0.76958,0.002395,0.0,0-2,0.0,2.0,0.767185,0.0,1.0,0-1,0.768635,0.002392,0.0,0-2,0.0,2.0,0.766244,0.0,1.0,0-1,0.767691,0.002389,0.0,0-2,0.0,2.0,0.765302,0.0,1.0,0-1,0.766747,0.002386,0.0,0-2,0.0,2.0,0.764361,0.0,1.0,0-1,0.765803,0.002383,0.0,0-2,0.0,2.0,0.76342,0.0,1.0,0-1,0.764858,0.00238,0.0,0-2,0.0,2.0,0.762478,0.0,1.0,0-1,0.763914,0.002377,0.0,0-2,0.0,2.0,0.761537,0.0,1.0,0-1,0.76297,0.002374,0.0,0-2,0.0,2.0,0.760596,0.0,1.0,0-1,0.762025,0.002371,0.0,0-2,0.0,2.0,0.759654,0.0,1.0,0-1,0.761081,0.002368,0.0,0-2,0.0,2.0,0.758713,0.0,1.0,0-1,0.760137,0.002365,0.0,0-2,0.0,2.0,0.757772,0.0,1.0,0-1,0.759193,0.002362,0.0,0-2,0.0,2.0,0.75683,0.0,1.0,0-1,0.758248,0.002359,0.0,0-2,0.0,2.0,0.755889,0.0,1.0,0-1,0.757304,0.002356,0.0,0-2,0.0,2.0,0.754948,0.0,1.0,0-1,0.75636,0.002354,0.0,0-2,0.0,2.0,0.754006,0.0,1.0,0-1,0.755416,0.002351,0.0,0-2,0.0,2.0,0.753065
2018,2018-06-16T13:00:00+03:00,G,5,France,Australia,2,1,0.63272,0.23256,0.13472,1.8339,0.7212,0.779865,0.134193,0.085943,0.147145,home,home,False,-0.147145,0.098367,0.048778,2,0,2-0,0.987798,0.036419,2,1,2-1,0.951379,2,2.0,0.0,2-0,1.218292,0.044917,2.0,2-1,2.0,1.0,1.173375,2.0,0.0,2-0,1.206799,0.044493,2.0,2-1,2.0,1.0,1.162305,2.0,0.0,2-0,1.195305,0.04407,2.0,2-1,2.0,1.0,1.151236,2.0,0.0,2-0,1.183812,0.043646,2.0,2-1,2.0,1.0,1.140166,2.0,0.0,2-0,1.172319,0.043222,2.0,2-1,2.0,1.0,1.129096,2.0,0.0,2-0,1.160825,0.042798,2.0,2-1,2.0,1.0,1.118027,2.0,0.0,2-0,1.149332,0.042375,2.0,2-1,2.0,1.0,1.106957,2.0,0.0,2-0,1.137838,0.041951,2.0,2-1,2.0,1.0,1.095888,2.0,0.0,2-0,1.126345,0.041527,2.0,2-1,2.0,1.0,1.084818,2.0,0.0,2-0,1.114852,0.041103,2.0,2-1,2.0,1.0,1.073748,2.0,0.0,2-0,1.103358,0.04068,2.0,2-1,2.0,1.0,1.062679,2.0,0.0,2-0,1.091865,0.040256,2.0,2-1,2.0,1.0,1.051609,2.0,0.0,2-0,1.080371,0.039832,2.0,2-1,2.0,1.0,1.040539,2.0,0.0,2-0,1.068878,0.039408,2.0,2-1,2.0,1.0,1.02947,2.0,0.0,2-0,1.057385,0.038985,2.0,2-1,2.0,1.0,1.0184,2.0,0.0,2-0,1.045891,0.038561,2.0,2-1,2.0,1.0,1.007331,2.0,0.0,2-0,1.034398,0.038137,2.0,2-1,2.0,1.0,0.996261,2.0,0.0,2-0,1.022905,0.037713,2.0,2-1,2.0,1.0,0.985191,2.0,0.0,2-0,1.011411,0.03729,2.0,2-1,2.0,1.0,0.974122,2.0,0.0,2-0,0.999918,0.036866,2.0,2-1,2.0,1.0,0.963052,2.0,0.0,2-0,0.988424,0.036442,2.0,2-1,2.0,1.0,0.951982
2018,2018-06-16T16:00:00+03:00,G,6,Argentina,Iceland,1,1,0.743614,0.172621,0.083764,2.3356,0.6637,0.73852,0.179167,0.082312,0.006546,home,home,False,0.005094,-0.006546,0.001452,2,0,2-0,1.103475,0.0457,2,1,2-1,1.057775,0,2.0,0.0,2-0,1.099036,0.045516,0.0,2-1,2.0,1.0,1.05352,2.0,0.0,2-0,1.099416,0.045532,0.0,2-1,2.0,1.0,1.053883,2.0,0.0,2-0,1.099795,0.045548,0.0,2-1,2.0,1.0,1.054247,2.0,0.0,2-0,1.100174,0.045564,0.0,2-1,2.0,1.0,1.05461,2.0,0.0,2-0,1.100553,0.045579,0.0,2-1,2.0,1.0,1.054973,2.0,0.0,2-0,1.100932,0.045595,0.0,2-1,2.0,1.0,1.055337,2.0,0.0,2-0,1.101311,0.045611,0.0,2-1,2.0,1.0,1.0557,2.0,0.0,2-0,1.10169,0.045626,0.0,2-1,2.0,1.0,1.056063,2.0,0.0,2-0,1.102069,0.045642,0.0,2-1,2.0,1.0,1.056427,2.0,0.0,2-0,1.102448,0.045658,0.0,2-1,2.0,1.0,1.05679,2.0,0.0,2-0,1.102827,0.045673,0.0,2-1,2.0,1.0,1.057153,2.0,0.0,2-0,1.103206,0.045689,0.0,2-1,2.0,1.0,1.057517,2.0,0.0,2-0,1.103585,0.045705,0.0,2-1,2.0,1.0,1.05788,2.0,0.0,2-0,1.103964,0.045721,0.0,2-1,2.0,1.0,1.058243,2.0,0.0,2-0,1.104343,0.045736,0.0,2-1,2.0,1.0,1.058607,2.0,0.0,2-0,1.104722,0.045752,0.0,2-1,2.0,1.0,1.05897,2.0,0.0,2-0,1.105101,0.045768,0.0,2-1,2.0,1.0,1.059333,2.0,0.0,2-0,1.10548,0.045783,0.0,2-1,2.0,1.0,1.059697,2.0,0.0,2-0,1.105859,0.045799,0.0,2-1,2.0,1.0,1.06006,2.0,0.0,2-0,1.106238,0.045815,0.0,2-1,2.0,1.0,1.060423,2.0,0.0,2-0,1.106617,0.04583,0.0,2-1,2.0,1.0,1.060787
2018,2018-06-16T19:00:00+03:00,G,7,Peru,Denmark,0,1,0.37134,0.329486,0.299174,1.0392,0.903,0.262817,0.314335,0.422848,0.123674,home,away,True,0.108523,0.015151,-0.123674,1,0,1-0,0.652881,0.020147,0,0,0-0,0.632734,0,0.0,1.0,0-1,0.765554,0.088358,3.0,1-2,1.0,2.0,0.677196,0.0,1.0,0-1,0.754358,0.087066,3.0,1-2,1.0,2.0,0.667293,0.0,1.0,0-1,0.743163,0.085774,3.0,1-2,1.0,2.0,0.65739,0.0,1.0,0-1,0.731968,0.084481,3.0,1-2,1.0,2.0,0.647486,0.0,1.0,0-1,0.720772,0.083189,3.0,1-2,1.0,2.0,0.637583,0.0,1.0,0-1,0.709577,0.081897,3.0,1-2,1.0,2.0,0.62768,0.0,1.0,0-1,0.698381,0.080605,3.0,1-2,1.0,2.0,0.617776,0.0,1.0,0-1,0.687186,0.073353,3.0,0-0,0.0,0.0,0.613833,0.0,1.0,0-1,0.675991,0.060703,3.0,0-0,0.0,0.0,0.615288,0.0,1.0,0-1,0.664795,0.048053,3.0,0-0,0.0,0.0,0.616743,0.0,1.0,0-1,0.6536,0.035402,3.0,0-0,0.0,0.0,0.618197,0.0,1.0,0-1,0.642404,0.022752,3.0,0-0,0.0,0.0,0.619652,0.0,1.0,0-1,0.631209,0.010102,3.0,0-0,0.0,0.0,0.621107,0.0,0.0,0-0,0.622562,0.002548,0.0,0-1,0.0,1.0,0.620014,0.0,0.0,0-0,0.624016,0.015198,0.0,0-1,0.0,1.0,0.608818,0.0,0.0,0-0,0.625471,0.017462,0.0,1-1,1.0,1.0,0.608009,0.0,0.0,0-0,0.626926,0.012195,0.0,1-0,1.0,0.0,0.614732,0.0,0.0,0-0,0.628381,0.004109,0.0,1-0,1.0,0.0,0.624272,1.0,0.0,1-0,0.633812,0.003976,0.0,0-0,0.0,0.0,0.629836,1.0,0.0,1-0,0.643352,0.012062,0.0,0-0,0.0,0.0,0.63129,1.0,0.0,1-0,0.652893,0.020148,0.0,0-0,0.0,0.0,0.632745
2018,2018-06-16T21:00:00+02:00,G,8,Croatia,Nigeria,2,0,0.459125,0.322147,0.218728,1.1775,0.7232,0.584103,0.257093,0.158805,0.124978,home,home,False,-0.124978,0.065054,0.059924,1,0,1-0,0.795503,0.054233,2,0,2-0,0.74127,1,1.0,0.0,1-0,1.012079,0.068998,1.0,2-0,2.0,0.0,0.943081,1.0,0.0,1-0,1.001252,0.068259,1.0,2-0,2.0,0.0,0.932992,1.0,0.0,1-0,0.990424,0.067521,1.0,2-0,2.0,0.0,0.922903,1.0,0.0,1-0,0.979597,0.066783,1.0,2-0,2.0,0.0,0.912813,1.0,0.0,1-0,0.968769,0.066045,1.0,2-0,2.0,0.0,0.902724,1.0,0.0,1-0,0.957942,0.065307,1.0,2-0,2.0,0.0,0.892635,1.0,0.0,1-0,0.947114,0.064569,1.0,2-0,2.0,0.0,0.882545,1.0,0.0,1-0,0.936287,0.063831,1.0,2-0,2.0,0.0,0.872456,1.0,0.0,1-0,0.925459,0.063092,1.0,2-0,2.0,0.0,0.862367,1.0,0.0,1-0,0.914632,0.062354,1.0,2-0,2.0,0.0,0.852277,1.0,0.0,1-0,0.903804,0.061616,1.0,2-0,2.0,0.0,0.842188,1.0,0.0,1-0,0.892977,0.060878,1.0,2-0,2.0,0.0,0.832099,1.0,0.0,1-0,0.882149,0.06014,1.0,2-0,2.0,0.0,0.822009,1.0,0.0,1-0,0.871322,0.059402,1.0,2-0,2.0,0.0,0.81192,1.0,0.0,1-0,0.860494,0.058663,1.0,2-0,2.0,0.0,0.801831,1.0,0.0,1-0,0.849667,0.057925,1.0,2-0,2.0,0.0,0.791741,1.0,0.0,1-0,0.838839,0.057187,1.0,2-0,2.0,0.0,0.781652,1.0,0.0,1-0,0.828012,0.056449,1.0,2-0,2.0,0.0,0.771563,1.0,0.0,1-0,0.817184,0.055711,1.0,2-0,2.0,0.0,0.761473,1.0,0.0,1-0,0.806357,0.054973,1.0,2-0,2.0,0.0,0.751384,1.0,0.0,1-0,0.795529,0.054235,1.0,2-0,2.0,0.0,0.741295
2018,2018-06-17T16:00:00+04:00,G,9,Costa Rica,Serbia,0,1,0.251907,0.298649,0.449444,0.9088,1.3052,0.18118,0.285546,0.533275,0.083831,away,away,False,0.070728,0.013103,-0.083831,0,2,0-2,0.720131,0.001376,0,1,0-1,0.718755,1,0.0,2.0,0-2,0.854512,0.001633,1.0,0-1,0.0,1.0,0.852879,0.0,2.0,0-2,0.847795,0.00162,1.0,0-1,0.0,1.0,0.846175,0.0,2.0,0-2,0.841079,0.001607,1.0,0-1,0.0,1.0,0.839471,0.0,2.0,0-2,0.834362,0.001594,1.0,0-1,0.0,1.0,0.832768,0.0,2.0,0-2,0.827646,0.001582,1.0,0-1,0.0,1.0,0.826064,0.0,2.0,0-2,0.820929,0.001569,1.0,0-1,0.0,1.0,0.81936,0.0,2.0,0-2,0.814213,0.001556,1.0,0-1,0.0,1.0,0.812657,0.0,2.0,0-2,0.807496,0.001543,1.0,0-1,0.0,1.0,0.805953,0.0,2.0,0-2,0.80078,0.00153,1.0,0-1,0.0,1.0,0.799249,0.0,2.0,0-2,0.794063,0.001517,1.0,0-1,0.0,1.0,0.792546,0.0,2.0,0-2,0.787347,0.001505,1.0,0-1,0.0,1.0,0.785842,0.0,2.0,0-2,0.78063,0.001492,1.0,0-1,0.0,1.0,0.779139,0.0,2.0,0-2,0.773914,0.001479,1.0,0-1,0.0,1.0,0.772435,0.0,2.0,0-2,0.767197,0.001466,1.0,0-1,0.0,1.0,0.765731,0.0,2.0,0-2,0.760481,0.001453,1.0,0-1,0.0,1.0,0.759028,0.0,2.0,0-2,0.753764,0.00144,1.0,0-1,0.0,1.0,0.752324,0.0,2.0,0-2,0.747048,0.001428,1.0,0-1,0.0,1.0,0.74562,0.0,2.0,0-2,0.740331,0.001415,1.0,0-1,0.0,1.0,0.738917,0.0,2.0,0-2,0.733615,0.001402,1.0,0-1,0.0,1.0,0.732213,0.0,2.0,0-2,0.726899,0.001389,1.0,0-1,0.0,1.0,0.725509,0.0,2.0,0-2,0.720182,0.001376,1.0,0-1,0.0,1.0,0.718806
2018,2018-06-17T18:00:00+03:00,G,10,Germany,Mexico,0,1,0.613086,0.226763,0.160151,1.9427,0.892,0.659852,0.211022,0.129126,0.046766,home,home,False,-0.046766,0.015741,0.031024,2,0,2-0,0.933071,0.011974,2,1,2-1,0.921098,0,2.0,0.0,2-0,1.005168,0.012899,0.0,2-1,2.0,1.0,0.992269,2.0,0.0,2-0,1.001606,0.012853,0.0,2-1,2.0,1.0,0.988753,2.0,0.0,2-0,0.998044,0.012807,0.0,2-1,2.0,1.0,0.985236,2.0,0.0,2-0,0.994482,0.012762,0.0,2-1,2.0,1.0,0.98172,2.0,0.0,2-0,0.99092,0.012716,0.0,2-1,2.0,1.0,0.978204,2.0,0.0,2-0,0.987358,0.01267,0.0,2-1,2.0,1.0,0.974688,2.0,0.0,2-0,0.983796,0.012625,0.0,2-1,2.0,1.0,0.971171,2.0,0.0,2-0,0.980234,0.012579,0.0,2-1,2.0,1.0,0.967655,2.0,0.0,2-0,0.976672,0.012533,0.0,2-1,2.0,1.0,0.964139,2.0,0.0,2-0,0.97311,0.012487,0.0,2-1,2.0,1.0,0.960623,2.0,0.0,2-0,0.969548,0.012442,0.0,2-1,2.0,1.0,0.957106,2.0,0.0,2-0,0.965986,0.012396,0.0,2-1,2.0,1.0,0.95359,2.0,0.0,2-0,0.962424,0.01235,0.0,2-1,2.0,1.0,0.950074,2.0,0.0,2-0,0.958862,0.012305,0.0,2-1,2.0,1.0,0.946558,2.0,0.0,2-0,0.9553,0.012259,0.0,2-1,2.0,1.0,0.943041,2.0,0.0,2-0,0.951738,0.012213,0.0,2-1,2.0,1.0,0.939525,2.0,0.0,2-0,0.948176,0.012168,0.0,2-1,2.0,1.0,0.936009,2.0,0.0,2-0,0.944614,0.012122,0.0,2-1,2.0,1.0,0.932493,2.0,0.0,2-0,0.941052,0.012076,0.0,2-1,2.0,1.0,0.928976,2.0,0.0,2-0,0.937491,0.01203,0.0,2-1,2.0,1.0,0.92546,2.0,0.0,2-0,0.933929,0.011985,0.0,2-1,2.0,1.0,0.921944
2018,2018-06-17T21:00:00+03:00,G,11,Brazil,Switzerland,1,1,0.613456,0.247908,0.138635,1.6995,0.6779,0.667558,0.218957,0.113485,0.054102,home,home,False,-0.054102,0.028951,0.02515,2,0,2-0,0.972076,0.043166,2,1,2-1,0.928911,0,2.0,0.0,2-0,1.058216,0.046991,0.0,2-1,2.0,1.0,1.011225,2.0,0.0,2-0,1.053928,0.0468,0.0,2-1,2.0,1.0,1.007127,2.0,0.0,2-0,1.04964,0.04661,0.0,2-1,2.0,1.0,1.003029,2.0,0.0,2-0,1.045351,0.04642,0.0,2-1,2.0,1.0,0.998932,2.0,0.0,2-0,1.041063,0.046229,0.0,2-1,2.0,1.0,0.994834,2.0,0.0,2-0,1.036775,0.046039,0.0,2-1,2.0,1.0,0.990736,2.0,0.0,2-0,1.032487,0.045848,0.0,2-1,2.0,1.0,0.986639,2.0,0.0,2-0,1.028199,0.045658,0.0,2-1,2.0,1.0,0.982541,2.0,0.0,2-0,1.023911,0.045468,0.0,2-1,2.0,1.0,0.978443,2.0,0.0,2-0,1.019623,0.045277,0.0,2-1,2.0,1.0,0.974346,2.0,0.0,2-0,1.015335,0.045087,0.0,2-1,2.0,1.0,0.970248,2.0,0.0,2-0,1.011046,0.044896,0.0,2-1,2.0,1.0,0.96615,2.0,0.0,2-0,1.006758,0.044706,0.0,2-1,2.0,1.0,0.962052,2.0,0.0,2-0,1.00247,0.044515,0.0,2-1,2.0,1.0,0.957955,2.0,0.0,2-0,0.998182,0.044325,0.0,2-1,2.0,1.0,0.953857,2.0,0.0,2-0,0.993894,0.044135,0.0,2-1,2.0,1.0,0.949759,2.0,0.0,2-0,0.989606,0.043944,0.0,2-1,2.0,1.0,0.945662,2.0,0.0,2-0,0.985318,0.043754,0.0,2-1,2.0,1.0,0.941564,2.0,0.0,2-0,0.98103,0.043563,0.0,2-1,2.0,1.0,0.937466,2.0,0.0,2-0,0.976742,0.043373,0.0,2-1,2.0,1.0,0.933369,2.0,0.0,2-0,0.972453,0.043183,0.0,2-1,2.0,1.0,0.929271
2018,2018-06-18T15:00:00+03:00,G,12,Sweden,South Korea,1,0,0.527849,0.27847,0.19368,1.4856,0.7964,0.430324,0.319528,0.250148,0.097525,home,home,False,0.097525,-0.041057,-0.056468,2,0,2-0,0.842762,0.02293,2,1,2-1,0.819832,1,2.0,0.0,2-0,0.687164,0.018697,1.0,2-1,2.0,1.0,0.668467,2.0,0.0,2-0,0.694951,0.018908,1.0,2-1,2.0,1.0,0.676042,2.0,0.0,2-0,0.702737,0.01912,1.0,2-1,2.0,1.0,0.683617,2.0,0.0,2-0,0.710524,0.019332,1.0,2-1,2.0,1.0,0.691192,2.0,0.0,2-0,0.718311,0.019544,1.0,2-1,2.0,1.0,0.698767,2.0,0.0,2-0,0.726098,0.019756,1.0,2-1,2.0,1.0,0.706342,2.0,0.0,2-0,0.733884,0.019968,1.0,2-1,2.0,1.0,0.713916,2.0,0.0,2-0,0.741671,0.02018,1.0,2-1,2.0,1.0,0.721491,2.0,0.0,2-0,0.749458,0.020391,1.0,2-1,2.0,1.0,0.729066,2.0,0.0,2-0,0.757244,0.020603,1.0,2-1,2.0,1.0,0.736641,2.0,0.0,2-0,0.765031,0.020815,1.0,2-1,2.0,1.0,0.744216,2.0,0.0,2-0,0.772818,0.021027,1.0,2-1,2.0,1.0,0.751791,2.0,0.0,2-0,0.780604,0.021239,1.0,2-1,2.0,1.0,0.759365,2.0,0.0,2-0,0.788391,0.021451,1.0,2-1,2.0,1.0,0.76694,2.0,0.0,2-0,0.796178,0.021663,1.0,2-1,2.0,1.0,0.774515,2.0,0.0,2-0,0.803964,0.021875,1.0,2-1,2.0,1.0,0.78209,2.0,0.0,2-0,0.811751,0.022086,1.0,2-1,2.0,1.0,0.789665,2.0,0.0,2-0,0.819538,0.022298,1.0,2-1,2.0,1.0,0.79724,2.0,0.0,2-0,0.827325,0.02251,1.0,2-1,2.0,1.0,0.804814,2.0,0.0,2-0,0.835111,0.022722,1.0,2-1,2.0,1.0,0.812389,2.0,0.0,2-0,0.842898,0.022934,1.0,2-1,2.0,1.0,0.819964
2018,2018-06-18T18:00:00+03:00,G,13,Belgium,Panama,3,0,0.692831,0.205245,0.101923,2.0233,0.6424,0.81347,0.138112,0.048418,0.120638,home,home,False,-0.120638,0.067133,0.053505,2,0,2-0,1.06819,0.050909,2,1,2-1,1.017281,1,2.0,0.0,2-0,1.255668,0.059844,1.0,2-1,2.0,1.0,1.195824,2.0,0.0,2-0,1.246358,0.0594,1.0,2-1,2.0,1.0,1.186957,2.0,0.0,2-0,1.237047,0.058957,1.0,2-1,2.0,1.0,1.17809,2.0,0.0,2-0,1.227736,0.058513,1.0,2-1,2.0,1.0,1.169223,2.0,0.0,2-0,1.218425,0.058069,1.0,2-1,2.0,1.0,1.160356,2.0,0.0,2-0,1.209114,0.057625,1.0,2-1,2.0,1.0,1.151489,2.0,0.0,2-0,1.199803,0.057182,1.0,2-1,2.0,1.0,1.142622,2.0,0.0,2-0,1.190493,0.056738,1.0,2-1,2.0,1.0,1.133755,2.0,0.0,2-0,1.181182,0.056294,1.0,2-1,2.0,1.0,1.124888,2.0,0.0,2-0,1.171871,0.05585,1.0,2-1,2.0,1.0,1.116021,2.0,0.0,2-0,1.16256,0.055407,1.0,2-1,2.0,1.0,1.107154,2.0,0.0,2-0,1.153249,0.054963,1.0,2-1,2.0,1.0,1.098286,2.0,0.0,2-0,1.143939,0.054519,1.0,2-1,2.0,1.0,1.089419,2.0,0.0,2-0,1.134628,0.054075,1.0,2-1,2.0,1.0,1.080552,2.0,0.0,2-0,1.125317,0.053632,1.0,2-1,2.0,1.0,1.071685,2.0,0.0,2-0,1.116006,0.053188,1.0,2-1,2.0,1.0,1.062818,2.0,0.0,2-0,1.106695,0.052744,1.0,2-1,2.0,1.0,1.053951,2.0,0.0,2-0,1.097384,0.0523,1.0,2-1,2.0,1.0,1.045084,2.0,0.0,2-0,1.088074,0.051857,1.0,2-1,2.0,1.0,1.036217,2.0,0.0,2-0,1.078763,0.051413,1.0,2-1,2.0,1.0,1.02735,2.0,0.0,2-0,1.069452,0.050969,1.0,2-1,2.0,1.0,1.018483
2018,2018-06-18T21:00:00+03:00,G,14,Tunisia,England,1,2,0.142317,0.276504,0.581179,0.5969,1.4807,0.109432,0.227876,0.662692,0.081513,away,away,False,0.032885,0.048628,-0.081513,0,1,0-1,0.938388,0.000789,0,2,0-2,0.937599,1,0.0,1.0,0-1,1.070168,0.0009,1.0,0-2,0.0,2.0,1.069269,0.0,1.0,0-1,1.063587,0.000894,1.0,0-2,0.0,2.0,1.062692,0.0,1.0,0-1,1.057005,0.000889,1.0,0-2,0.0,2.0,1.056116,0.0,1.0,0-1,1.050423,0.000883,1.0,0-2,0.0,2.0,1.04954,0.0,1.0,0-1,1.043842,0.000878,1.0,0-2,0.0,2.0,1.042964,0.0,1.0,0-1,1.03726,0.000872,1.0,0-2,0.0,2.0,1.036388,0.0,1.0,0-1,1.030678,0.000867,1.0,0-2,0.0,2.0,1.029812,0.0,1.0,0-1,1.024096,0.000861,1.0,0-2,0.0,2.0,1.023235,0.0,1.0,0-1,1.017515,0.000856,1.0,0-2,0.0,2.0,1.016659,0.0,1.0,0-1,1.010933,0.00085,1.0,0-2,0.0,2.0,1.010083,0.0,1.0,0-1,1.004351,0.000844,1.0,0-2,0.0,2.0,1.003507,0.0,1.0,0-1,0.99777,0.000839,1.0,0-2,0.0,2.0,0.996931,0.0,1.0,0-1,0.991188,0.000833,1.0,0-2,0.0,2.0,0.990355,0.0,1.0,0-1,0.984606,0.000828,1.0,0-2,0.0,2.0,0.983778,0.0,1.0,0-1,0.978025,0.000822,1.0,0-2,0.0,2.0,0.977202,0.0,1.0,0-1,0.971443,0.000817,1.0,0-2,0.0,2.0,0.970626,0.0,1.0,0-1,0.964861,0.000811,1.0,0-2,0.0,2.0,0.96405,0.0,1.0,0-1,0.958279,0.000806,1.0,0-2,0.0,2.0,0.957474,0.0,1.0,0-1,0.951698,0.0008,1.0,0-2,0.0,2.0,0.950898,0.0,1.0,0-1,0.945116,0.000795,1.0,0-2,0.0,2.0,0.944321,0.0,1.0,0-1,0.938534,0.000789,1.0,0-2,0.0,2.0,0.937745
2018,2018-06-19T15:00:00+03:00,G,15,Colombia,Japan,1,2,0.57867,0.270339,0.150991,1.5318,0.6534,0.520915,0.290053,0.189032,0.057755,home,home,False,0.057755,-0.019714,-0.038041,2,0,2-0,0.928641,0.019344,1,0,1-0,0.909296,0,2.0,0.0,2-0,0.83612,0.017417,0.0,1-0,1.0,0.0,0.818703,2.0,0.0,2-0,0.840755,0.017514,0.0,1-0,1.0,0.0,0.823242,2.0,0.0,2-0,0.84539,0.01761,0.0,1-0,1.0,0.0,0.82778,2.0,0.0,2-0,0.850026,0.017707,0.0,1-0,1.0,0.0,0.832319,2.0,0.0,2-0,0.854661,0.017803,0.0,1-0,1.0,0.0,0.836857,2.0,0.0,2-0,0.859296,0.0179,0.0,1-0,1.0,0.0,0.841396,2.0,0.0,2-0,0.863931,0.017996,0.0,1-0,1.0,0.0,0.845934,2.0,0.0,2-0,0.868566,0.018093,0.0,1-0,1.0,0.0,0.850473,2.0,0.0,2-0,0.873201,0.01819,0.0,1-0,1.0,0.0,0.855012,2.0,0.0,2-0,0.877836,0.018286,0.0,1-0,1.0,0.0,0.85955,2.0,0.0,2-0,0.882471,0.018383,0.0,1-0,1.0,0.0,0.864089,2.0,0.0,2-0,0.887106,0.018479,0.0,1-0,1.0,0.0,0.868627,2.0,0.0,2-0,0.891742,0.018576,0.0,1-0,1.0,0.0,0.873166,2.0,0.0,2-0,0.896377,0.018672,0.0,1-0,1.0,0.0,0.877704,2.0,0.0,2-0,0.901012,0.018769,0.0,1-0,1.0,0.0,0.882243,2.0,0.0,2-0,0.905647,0.018865,0.0,1-0,1.0,0.0,0.886781,2.0,0.0,2-0,0.910282,0.018962,0.0,1-0,1.0,0.0,0.89132,2.0,0.0,2-0,0.914917,0.019059,0.0,1-0,1.0,0.0,0.895859,2.0,0.0,2-0,0.919552,0.019155,0.0,1-0,1.0,0.0,0.900397,2.0,0.0,2-0,0.924187,0.019252,0.0,1-0,1.0,0.0,0.904936,2.0,0.0,2-0,0.928822,0.019348,0.0,1-0,1.0,0.0,0.909474
2018,2018-06-19T18:00:00+03:00,G,16,Poland,Senegal,1,2,0.365796,0.314549,0.319655,1.1016,1.0114,0.392724,0.315809,0.291466,0.028189,home,home,False,-0.026929,-0.00126,0.028189,1,0,1-0,0.615601,0.015219,1,1,1-1,0.600382,0,1.0,0.0,1-0,0.66094,0.030194,0.0,2-1,2.0,1.0,0.630746,1.0,0.0,1-0,0.658674,0.030091,0.0,2-1,2.0,1.0,0.628583,1.0,0.0,1-0,0.656408,0.029987,0.0,2-1,2.0,1.0,0.626421,1.0,0.0,1-0,0.654142,0.029884,0.0,2-1,2.0,1.0,0.624258,1.0,0.0,1-0,0.651876,0.02978,0.0,2-1,2.0,1.0,0.622096,1.0,0.0,1-0,0.64961,0.029676,0.0,2-1,2.0,1.0,0.619933,1.0,0.0,1-0,0.647344,0.029573,0.0,2-1,2.0,1.0,0.617771,1.0,0.0,1-0,0.645078,0.029469,0.0,2-1,2.0,1.0,0.615609,1.0,0.0,1-0,0.642812,0.029366,0.0,2-1,2.0,1.0,0.613446,1.0,0.0,1-0,0.640546,0.029262,0.0,2-1,2.0,1.0,0.611284,1.0,0.0,1-0,0.63828,0.029159,0.0,2-1,2.0,1.0,0.609121,1.0,0.0,1-0,0.636014,0.029055,0.0,2-1,2.0,1.0,0.606959,1.0,0.0,1-0,0.633748,0.028952,0.0,2-1,2.0,1.0,0.604796,1.0,0.0,1-0,0.631482,0.028848,0.0,2-1,2.0,1.0,0.602634,1.0,0.0,1-0,0.629216,0.028093,0.0,1-1,1.0,1.0,0.601123,1.0,0.0,1-0,0.62695,0.025948,0.0,1-1,1.0,1.0,0.601002,1.0,0.0,1-0,0.624684,0.023802,0.0,1-1,1.0,1.0,0.600882,1.0,0.0,1-0,0.622418,0.021656,0.0,1-1,1.0,1.0,0.600762,1.0,0.0,1-0,0.620152,0.019511,0.0,1-1,1.0,1.0,0.600641,1.0,0.0,1-0,0.617886,0.017365,0.0,1-1,1.0,1.0,0.600521,1.0,0.0,1-0,0.61562,0.015219,0.0,1-1,1.0,1.0,0.600401
2018,2018-06-19T21:00:00+03:00,G,17,Russia,Egypt,3,1,0.327051,0.334504,0.338445,0.9406,0.9619,0.499635,0.275897,0.224468,0.172585,away,home,True,-0.172585,0.058607,0.113978,0,0,0-0,0.649431,0.028427,1,1,1-1,0.621004,0,1.0,0.0,1-0,0.903159,0.104889,1.0,2-0,2.0,0.0,0.79827,1.0,0.0,1-0,0.887561,0.103078,1.0,2-0,2.0,0.0,0.784483,1.0,0.0,1-0,0.871962,0.101266,1.0,2-0,2.0,0.0,0.770696,1.0,0.0,1-0,0.856364,0.099455,1.0,2-0,2.0,0.0,0.756909,1.0,0.0,1-0,0.840765,0.097643,1.0,2-0,2.0,0.0,0.743122,1.0,0.0,1-0,0.825166,0.095831,1.0,2-0,2.0,0.0,0.729335,1.0,0.0,1-0,0.809568,0.09402,1.0,2-0,2.0,0.0,0.715548,1.0,0.0,1-0,0.793969,0.092208,1.0,2-0,2.0,0.0,0.701761,1.0,0.0,1-0,0.778371,0.090397,1.0,2-0,2.0,0.0,0.687974,1.0,0.0,1-0,0.762772,0.088585,1.0,2-0,2.0,0.0,0.674187,1.0,0.0,1-0,0.747174,0.086774,1.0,2-0,2.0,0.0,0.6604,1.0,0.0,1-0,0.731575,0.084962,1.0,2-0,2.0,0.0,0.646613,1.0,0.0,1-0,0.715977,0.083151,1.0,2-0,2.0,0.0,0.632826,1.0,0.0,1-0,0.700378,0.081339,1.0,2-0,2.0,0.0,0.619039,1.0,0.0,1-0,0.68478,0.069475,1.0,0-0,0.0,0.0,0.615305,1.0,0.0,1-0,0.669181,0.048187,1.0,0-0,0.0,0.0,0.620994,1.0,0.0,1-0,0.653583,0.026899,1.0,0-0,0.0,0.0,0.626683,1.0,0.0,1-0,0.637984,0.005612,1.0,0-0,0.0,0.0,0.632373,0.0,0.0,0-0,0.638062,0.015676,0.0,1-0,1.0,0.0,0.622386,0.0,0.0,0-0,0.643751,0.028178,0.0,1-1,1.0,1.0,0.615573,0.0,0.0,0-0,0.64944,0.028427,0.0,1-1,1.0,1.0,0.621013
2018,2018-06-20T15:00:00+03:00,G,18,Portugal,Morocco,1,0,0.46465,0.327606,0.207745,1.1537,0.6751,0.577117,0.263545,0.159338,0.112468,home,home,False,-0.112468,0.064061,0.048407,1,0,1-0,0.819916,0.069352,2,0,2-0,0.750564,3,1.0,0.0,1-0,1.018405,0.086142,3.0,2-0,2.0,0.0,0.932264,1.0,0.0,1-0,1.008482,0.085302,3.0,2-0,2.0,0.0,0.92318,1.0,0.0,1-0,0.998559,0.084463,3.0,2-0,2.0,0.0,0.914096,1.0,0.0,1-0,0.988636,0.083623,3.0,2-0,2.0,0.0,0.905012,1.0,0.0,1-0,0.978712,0.082784,3.0,2-0,2.0,0.0,0.895928,1.0,0.0,1-0,0.968789,0.081945,3.0,2-0,2.0,0.0,0.886844,1.0,0.0,1-0,0.958866,0.081105,3.0,2-0,2.0,0.0,0.87776,1.0,0.0,1-0,0.948942,0.080266,3.0,2-0,2.0,0.0,0.868676,1.0,0.0,1-0,0.939019,0.079427,3.0,2-0,2.0,0.0,0.859593,1.0,0.0,1-0,0.929096,0.078587,3.0,2-0,2.0,0.0,0.850509,1.0,0.0,1-0,0.919173,0.077748,3.0,2-0,2.0,0.0,0.841425,1.0,0.0,1-0,0.909249,0.076909,3.0,2-0,2.0,0.0,0.832341,1.0,0.0,1-0,0.899326,0.076069,3.0,2-0,2.0,0.0,0.823257,1.0,0.0,1-0,0.889403,0.07523,3.0,2-0,2.0,0.0,0.814173,1.0,0.0,1-0,0.87948,0.074391,3.0,2-0,2.0,0.0,0.805089,1.0,0.0,1-0,0.869556,0.073551,3.0,2-0,2.0,0.0,0.796005,1.0,0.0,1-0,0.859633,0.072712,3.0,2-0,2.0,0.0,0.786921,1.0,0.0,1-0,0.84971,0.071872,3.0,2-0,2.0,0.0,0.777837,1.0,0.0,1-0,0.839787,0.071033,3.0,2-0,2.0,0.0,0.768753,1.0,0.0,1-0,0.829863,0.070194,3.0,2-0,2.0,0.0,0.75967,1.0,0.0,1-0,0.81994,0.069354,3.0,2-0,2.0,0.0,0.750586
2018,2018-06-20T18:00:00+03:00,G,19,Uruguay,Saudi Arabia,1,0,0.762428,0.159107,0.078465,2.499,0.6936,0.807038,0.142922,0.05004,0.04461,home,home,False,-0.04461,0.016185,0.028425,2,0,2-0,1.104593,0.031991,3,0,3-0,1.072602,1,2.0,0.0,2-0,1.174199,0.034007,1.0,3-0,3.0,0.0,1.140192,2.0,0.0,2-0,1.170953,0.033913,1.0,3-0,3.0,0.0,1.137041,2.0,0.0,2-0,1.167708,0.033819,1.0,3-0,3.0,0.0,1.13389,2.0,0.0,2-0,1.164463,0.033725,1.0,3-0,3.0,0.0,1.130738,2.0,0.0,2-0,1.161218,0.033631,1.0,3-0,3.0,0.0,1.127587,2.0,0.0,2-0,1.157972,0.033537,1.0,3-0,3.0,0.0,1.124436,2.0,0.0,2-0,1.154727,0.033443,1.0,3-0,3.0,0.0,1.121284,2.0,0.0,2-0,1.151482,0.033349,1.0,3-0,3.0,0.0,1.118133,2.0,0.0,2-0,1.148237,0.033255,1.0,3-0,3.0,0.0,1.114982,2.0,0.0,2-0,1.144991,0.033161,1.0,3-0,3.0,0.0,1.111831,2.0,0.0,2-0,1.141746,0.033067,1.0,3-0,3.0,0.0,1.108679,2.0,0.0,2-0,1.138501,0.032973,1.0,3-0,3.0,0.0,1.105528,2.0,0.0,2-0,1.135256,0.032879,1.0,3-0,3.0,0.0,1.102377,2.0,0.0,2-0,1.13201,0.032785,1.0,3-0,3.0,0.0,1.099226,2.0,0.0,2-0,1.128765,0.032691,1.0,3-0,3.0,0.0,1.096074,2.0,0.0,2-0,1.12552,0.032597,1.0,3-0,3.0,0.0,1.092923,2.0,0.0,2-0,1.122275,0.032503,1.0,3-0,3.0,0.0,1.089772,2.0,0.0,2-0,1.119029,0.032409,1.0,3-0,3.0,0.0,1.086621,2.0,0.0,2-0,1.115784,0.032315,1.0,3-0,3.0,0.0,1.083469,2.0,0.0,2-0,1.112539,0.032221,1.0,3-0,3.0,0.0,1.080318,2.0,0.0,2-0,1.109294,0.032127,1.0,3-0,3.0,0.0,1.077167
2018,2018-06-20T21:00:00+03:00,G,20,Iran,Spain,0,1,0.118329,0.265674,0.615996,0.5234,1.5331,0.045705,0.139826,0.81447,0.198474,away,away,False,0.072625,0.125849,-0.198474,0,1,0-1,0.995468,0.000308,0,2,0-2,0.99516,3,0.0,1.0,0-1,1.316466,0.000408,3.0,0-2,0.0,2.0,1.316058,0.0,1.0,0-1,1.300426,0.000403,3.0,0-2,0.0,2.0,1.300023,0.0,1.0,0-1,1.284386,0.000398,3.0,0-2,0.0,2.0,1.283988,0.0,1.0,0-1,1.268346,0.000393,3.0,0-2,0.0,2.0,1.267953,0.0,1.0,0-1,1.252305,0.000388,3.0,0-2,0.0,2.0,1.251918,0.0,1.0,0-1,1.236265,0.000383,3.0,0-2,0.0,2.0,1.235883,0.0,1.0,0-1,1.220225,0.000378,3.0,0-2,0.0,2.0,1.219847,0.0,1.0,0-1,1.204185,0.000373,3.0,0-2,0.0,2.0,1.203812,0.0,1.0,0-1,1.188145,0.000368,3.0,0-2,0.0,2.0,1.187777,0.0,1.0,0-1,1.172105,0.000363,3.0,0-2,0.0,2.0,1.171742,0.0,1.0,0-1,1.156065,0.000358,3.0,0-2,0.0,2.0,1.155707,0.0,1.0,0-1,1.140025,0.000353,3.0,0-2,0.0,2.0,1.139672,0.0,1.0,0-1,1.123985,0.000348,3.0,0-2,0.0,2.0,1.123637,0.0,1.0,0-1,1.107944,0.000343,3.0,0-2,0.0,2.0,1.107601,0.0,1.0,0-1,1.091904,0.000338,3.0,0-2,0.0,2.0,1.091566,0.0,1.0,0-1,1.075864,0.000333,3.0,0-2,0.0,2.0,1.075531,0.0,1.0,0-1,1.059824,0.000328,3.0,0-2,0.0,2.0,1.059496,0.0,1.0,0-1,1.043784,0.000323,3.0,0-2,0.0,2.0,1.043461,0.0,1.0,0-1,1.027744,0.000318,3.0,0-2,0.0,2.0,1.027426,0.0,1.0,0-1,1.011704,0.000313,3.0,0-2,0.0,2.0,1.011391,0.0,1.0,0-1,0.995664,0.000308,3.0,0-2,0.0,2.0,0.995355
2018,2018-06-21T16:00:00+04:00,G,21,Denmark,Australia,1,1,0.482223,0.28444,0.233337,1.4277,0.9138,0.509637,0.282868,0.207495,0.027414,home,home,False,-0.027414,0.001572,0.025842,2,0,2-0,0.767794,0.00845,2,1,2-1,0.759344,0,2.0,0.0,2-0,0.811546,0.008931,0.0,2-1,2.0,1.0,0.802615,2.0,0.0,2-0,0.809363,0.008907,0.0,2-1,2.0,1.0,0.800456,2.0,0.0,2-0,0.807181,0.008883,0.0,2-1,2.0,1.0,0.798297,2.0,0.0,2-0,0.804998,0.008859,0.0,2-1,2.0,1.0,0.796139,2.0,0.0,2-0,0.802815,0.008835,0.0,2-1,2.0,1.0,0.79398,2.0,0.0,2-0,0.800632,0.008811,0.0,2-1,2.0,1.0,0.791821,2.0,0.0,2-0,0.79845,0.008787,0.0,2-1,2.0,1.0,0.789663,2.0,0.0,2-0,0.796267,0.008763,0.0,2-1,2.0,1.0,0.787504,2.0,0.0,2-0,0.794084,0.008739,0.0,2-1,2.0,1.0,0.785345,2.0,0.0,2-0,0.791902,0.008715,0.0,2-1,2.0,1.0,0.783186,2.0,0.0,2-0,0.789719,0.008691,0.0,2-1,2.0,1.0,0.781028,2.0,0.0,2-0,0.787536,0.008667,0.0,2-1,2.0,1.0,0.778869,2.0,0.0,2-0,0.785353,0.008643,0.0,2-1,2.0,1.0,0.77671,2.0,0.0,2-0,0.783171,0.008619,0.0,2-1,2.0,1.0,0.774552,2.0,0.0,2-0,0.780988,0.008595,0.0,2-1,2.0,1.0,0.772393,2.0,0.0,2-0,0.778805,0.008571,0.0,2-1,2.0,1.0,0.770234,2.0,0.0,2-0,0.776623,0.008547,0.0,2-1,2.0,1.0,0.768076,2.0,0.0,2-0,0.77444,0.008523,0.0,2-1,2.0,1.0,0.765917,2.0,0.0,2-0,0.772257,0.008499,0.0,2-1,2.0,1.0,0.763758,2.0,0.0,2-0,0.770074,0.008475,0.0,2-1,2.0,1.0,0.761599,2.0,0.0,2-0,0.767892,0.008451,0.0,2-1,2.0,1.0,0.759441
2018,2018-06-21T20:00:00+05:00,G,22,France,Peru,1,0,0.428683,0.320237,0.25108,1.1599,0.8202,0.605384,0.251105,0.143511,0.176701,home,home,False,-0.176701,0.069132,0.107569,1,0,1-0,0.732841,0.042274,2,0,2-0,0.690568,3,1.0,0.0,1-0,1.034947,0.0597,3.0,2-0,2.0,0.0,0.975246,1.0,0.0,1-0,1.019843,0.058829,3.0,2-0,2.0,0.0,0.961014,1.0,0.0,1-0,1.004739,0.057958,3.0,2-0,2.0,0.0,0.946781,1.0,0.0,1-0,0.989634,0.057087,3.0,2-0,2.0,0.0,0.932548,1.0,0.0,1-0,0.97453,0.056215,3.0,2-0,2.0,0.0,0.918315,1.0,0.0,1-0,0.959426,0.055344,3.0,2-0,2.0,0.0,0.904082,1.0,0.0,1-0,0.944322,0.054473,3.0,2-0,2.0,0.0,0.889849,1.0,0.0,1-0,0.929218,0.053601,3.0,2-0,2.0,0.0,0.875616,1.0,0.0,1-0,0.914114,0.05273,3.0,2-0,2.0,0.0,0.861384,1.0,0.0,1-0,0.89901,0.051859,3.0,2-0,2.0,0.0,0.847151,1.0,0.0,1-0,0.883906,0.050988,3.0,2-0,2.0,0.0,0.832918,1.0,0.0,1-0,0.868801,0.050116,3.0,2-0,2.0,0.0,0.818685,1.0,0.0,1-0,0.853697,0.049245,3.0,2-0,2.0,0.0,0.804452,1.0,0.0,1-0,0.838593,0.048374,3.0,2-0,2.0,0.0,0.790219,1.0,0.0,1-0,0.823489,0.047503,3.0,2-0,2.0,0.0,0.775986,1.0,0.0,1-0,0.808385,0.046631,3.0,2-0,2.0,0.0,0.761754,1.0,0.0,1-0,0.793281,0.04576,3.0,2-0,2.0,0.0,0.747521,1.0,0.0,1-0,0.778177,0.044889,3.0,2-0,2.0,0.0,0.733288,1.0,0.0,1-0,0.763073,0.044017,3.0,2-0,2.0,0.0,0.719055,1.0,0.0,1-0,0.747968,0.043146,3.0,2-0,2.0,0.0,0.704822,1.0,0.0,1-0,0.732864,0.042275,3.0,2-0,2.0,0.0,0.690589
2018,2018-06-21T21:00:00+03:00,G,23,Argentina,Croatia,0,3,0.535584,0.284046,0.180369,1.4425,0.724,0.465378,0.296237,0.238385,0.070207,home,home,False,0.070207,-0.01219,-0.058016,2,0,2-0,0.860228,0.008828,1,0,1-0,0.8514,0,2.0,0.0,2-0,0.747564,0.007672,0.0,1-0,1.0,0.0,0.739892,2.0,0.0,2-0,0.753203,0.007729,0.0,1-0,1.0,0.0,0.745473,2.0,0.0,2-0,0.758842,0.007787,0.0,1-0,1.0,0.0,0.751054,2.0,0.0,2-0,0.764481,0.007845,0.0,1-0,1.0,0.0,0.756635,2.0,0.0,2-0,0.770119,0.007903,0.0,1-0,1.0,0.0,0.762216,2.0,0.0,2-0,0.775758,0.007961,0.0,1-0,1.0,0.0,0.767797,2.0,0.0,2-0,0.781397,0.008019,0.0,1-0,1.0,0.0,0.773378,2.0,0.0,2-0,0.787036,0.008077,0.0,1-0,1.0,0.0,0.778959,2.0,0.0,2-0,0.792675,0.008135,0.0,1-0,1.0,0.0,0.78454,2.0,0.0,2-0,0.798314,0.008192,0.0,1-0,1.0,0.0,0.790121,2.0,0.0,2-0,0.803953,0.00825,0.0,1-0,1.0,0.0,0.795702,2.0,0.0,2-0,0.809591,0.008308,0.0,1-0,1.0,0.0,0.801283,2.0,0.0,2-0,0.81523,0.008366,0.0,1-0,1.0,0.0,0.806864,2.0,0.0,2-0,0.820869,0.008424,0.0,1-0,1.0,0.0,0.812445,2.0,0.0,2-0,0.826508,0.008482,0.0,1-0,1.0,0.0,0.818026,2.0,0.0,2-0,0.832147,0.00854,0.0,1-0,1.0,0.0,0.823607,2.0,0.0,2-0,0.837786,0.008597,0.0,1-0,1.0,0.0,0.829188,2.0,0.0,2-0,0.843424,0.008655,0.0,1-0,1.0,0.0,0.834769,2.0,0.0,2-0,0.849063,0.008713,0.0,1-0,1.0,0.0,0.84035,2.0,0.0,2-0,0.854702,0.008771,0.0,1-0,1.0,0.0,0.845931,2.0,0.0,2-0,0.860341,0.008829,0.0,1-0,1.0,0.0,0.851512
2018,2018-06-22T15:00:00+03:00,G,24,Brazil,Costa Rica,2,0,0.757583,0.17591,0.066507,2.1787,0.4997,0.81339,0.14087,0.04574,0.055807,home,home,False,-0.055807,0.03504,0.020767,2,0,2-0,1.163581,0.081535,2,1,2-1,1.082046,3,2.0,0.0,2-0,1.251628,0.087705,3.0,2-1,2.0,1.0,1.163923,2.0,0.0,2-0,1.247335,0.087404,3.0,2-1,2.0,1.0,1.15993,2.0,0.0,2-0,1.243041,0.087103,3.0,2-1,2.0,1.0,1.155938,2.0,0.0,2-0,1.238747,0.086802,3.0,2-1,2.0,1.0,1.151945,2.0,0.0,2-0,1.234453,0.086502,3.0,2-1,2.0,1.0,1.147952,2.0,0.0,2-0,1.23016,0.086201,3.0,2-1,2.0,1.0,1.143959,2.0,0.0,2-0,1.225866,0.0859,3.0,2-1,2.0,1.0,1.139966,2.0,0.0,2-0,1.221572,0.085599,3.0,2-1,2.0,1.0,1.135973,2.0,0.0,2-0,1.217278,0.085298,3.0,2-1,2.0,1.0,1.13198,2.0,0.0,2-0,1.212984,0.084997,3.0,2-1,2.0,1.0,1.127987,2.0,0.0,2-0,1.208691,0.084696,3.0,2-1,2.0,1.0,1.123994,2.0,0.0,2-0,1.204397,0.084395,3.0,2-1,2.0,1.0,1.120002,2.0,0.0,2-0,1.200103,0.084095,3.0,2-1,2.0,1.0,1.116009,2.0,0.0,2-0,1.195809,0.083794,3.0,2-1,2.0,1.0,1.112016,2.0,0.0,2-0,1.191516,0.083493,3.0,2-1,2.0,1.0,1.108023,2.0,0.0,2-0,1.187222,0.083192,3.0,2-1,2.0,1.0,1.10403,2.0,0.0,2-0,1.182928,0.082891,3.0,2-1,2.0,1.0,1.100037,2.0,0.0,2-0,1.178634,0.08259,3.0,2-1,2.0,1.0,1.096044,2.0,0.0,2-0,1.174341,0.082289,3.0,2-1,2.0,1.0,1.092051,2.0,0.0,2-0,1.170047,0.081988,3.0,2-1,2.0,1.0,1.088059,2.0,0.0,2-0,1.165753,0.081688,3.0,2-1,2.0,1.0,1.084066
2018,2018-06-22T18:00:00+03:00,G,25,Nigeria,Iceland,2,0,0.371156,0.30334,0.325504,1.171,1.0793,0.325527,0.315764,0.358709,0.045629,home,away,True,0.045629,-0.012424,-0.033206,1,0,1-0,0.601589,0.002276,2,1,2-1,0.599313,1,1.0,1.0,1-1,0.610005,0.018601,0.0,0-1,0.0,1.0,0.591404,1.0,1.0,1-1,0.608805,0.020139,0.0,0-1,0.0,1.0,0.588667,1.0,1.0,1-1,0.607605,0.021676,0.0,0-1,0.0,1.0,0.585929,1.0,1.0,1-1,0.606405,0.023213,0.0,0-1,0.0,1.0,0.583192,1.0,1.0,1-1,0.605205,0.024751,0.0,0-1,0.0,1.0,0.580455,1.0,1.0,1-1,0.604005,0.026288,0.0,0-1,0.0,1.0,0.577717,1.0,1.0,1-1,0.602805,0.027825,0.0,0-1,0.0,1.0,0.57498,1.0,1.0,1-1,0.601605,0.029362,0.0,0-1,0.0,1.0,0.572243,1.0,1.0,1-1,0.600405,0.0309,0.0,0-1,0.0,1.0,0.569505,1.0,1.0,1-1,0.599205,0.032437,0.0,0-1,0.0,1.0,0.566768,1.0,1.0,1-1,0.598005,0.033368,0.0,1-0,1.0,0.0,0.564637,1.0,1.0,1-1,0.596805,0.02847,0.0,1-0,1.0,0.0,0.568335,1.0,1.0,1-1,0.595605,0.023572,0.0,1-0,1.0,0.0,0.572033,1.0,1.0,1-1,0.594405,0.018673,0.0,1-0,1.0,0.0,0.575731,1.0,1.0,1-1,0.593205,0.013775,0.0,1-0,1.0,0.0,0.57943,1.0,1.0,1-1,0.592005,0.008877,0.0,1-0,1.0,0.0,0.583128,1.0,1.0,1-1,0.590805,0.003979,0.0,1-0,1.0,0.0,0.586826,1.0,0.0,1-0,0.590524,0.000919,1.0,1-1,1.0,1.0,0.589605,1.0,0.0,1-0,0.594222,0.002248,1.0,2-1,2.0,1.0,0.591974,1.0,0.0,1-0,0.59792,0.002262,1.0,2-1,2.0,1.0,0.595658,1.0,0.0,1-0,0.601618,0.002276,1.0,2-1,2.0,1.0,0.599342
2018,2018-06-22T20:00:00+02:00,G,26,Serbia,Switzerland,1,2,0.295926,0.301406,0.402668,1.0182,1.2328,0.354577,0.317765,0.327658,0.07501,away,home,True,-0.058652,-0.016359,0.07501,0,1,0-1,0.646074,0.000477,1,2,1-2,0.645597,1,1.0,1.0,1-1,0.613532,0.02142,0.0,1-0,1.0,0.0,0.592112,1.0,1.0,1-1,0.611953,0.024738,0.0,1-0,1.0,0.0,0.587215,1.0,1.0,1-1,0.610374,0.028056,0.0,1-0,1.0,0.0,0.582318,1.0,1.0,1-1,0.608795,0.031374,0.0,1-0,1.0,0.0,0.577421,1.0,1.0,1-1,0.607215,0.034692,0.0,1-0,1.0,0.0,0.572524,1.0,1.0,1-1,0.605636,0.038009,0.0,1-0,1.0,0.0,0.567627,1.0,1.0,1-1,0.604057,0.041327,0.0,1-0,1.0,0.0,0.56273,1.0,1.0,1-1,0.602478,0.034601,0.0,0-1,0.0,1.0,0.567876,1.0,1.0,1-1,0.600898,0.027004,0.0,0-1,0.0,1.0,0.573894,1.0,1.0,1-1,0.599319,0.019407,0.0,0-1,0.0,1.0,0.579912,1.0,1.0,1-1,0.59774,0.01181,0.0,0-1,0.0,1.0,0.58593,1.0,1.0,1-1,0.596161,0.004212,0.0,0-1,0.0,1.0,0.591948,0.0,1.0,0-1,0.597966,0.000441,1.0,1-2,1.0,2.0,0.597525,0.0,1.0,0-1,0.603984,0.000446,1.0,1-2,1.0,2.0,0.603538,0.0,1.0,0-1,0.610002,0.00045,1.0,1-2,1.0,2.0,0.609552,0.0,1.0,0-1,0.61602,0.000455,1.0,1-2,1.0,2.0,0.615566,0.0,1.0,0-1,0.622038,0.000459,1.0,1-2,1.0,2.0,0.621579,0.0,1.0,0-1,0.628056,0.000463,1.0,1-2,1.0,2.0,0.627593,0.0,1.0,0-1,0.634074,0.000468,1.0,1-2,1.0,2.0,0.633606,0.0,1.0,0-1,0.640092,0.000472,1.0,1-2,1.0,2.0,0.63962,0.0,1.0,0-1,0.64611,0.000477,1.0,1-2,1.0,2.0,0.645633
2018,2018-06-23T15:00:00+03:00,G,27,Belgium,Tunisia,5,2,0.588294,0.249529,0.162176,1.7149,0.7862,0.733188,0.187789,0.079023,0.144894,home,home,False,-0.144894,0.06174,0.083154,2,0,2-0,0.923988,0.025784,2,1,2-1,0.898204,1,2.0,0.0,2-0,1.152036,0.032147,1.0,2-1,2.0,1.0,1.119889,2.0,0.0,2-0,1.140653,0.03183,1.0,2-1,2.0,1.0,1.108823,2.0,0.0,2-0,1.12927,0.031512,1.0,2-1,2.0,1.0,1.097758,2.0,0.0,2-0,1.117886,0.031195,1.0,2-1,2.0,1.0,1.086692,2.0,0.0,2-0,1.106503,0.030877,1.0,2-1,2.0,1.0,1.075626,2.0,0.0,2-0,1.09512,0.030559,1.0,2-1,2.0,1.0,1.06456,2.0,0.0,2-0,1.083736,0.030242,1.0,2-1,2.0,1.0,1.053495,2.0,0.0,2-0,1.072353,0.029924,1.0,2-1,2.0,1.0,1.042429,2.0,0.0,2-0,1.060969,0.029606,1.0,2-1,2.0,1.0,1.031363,2.0,0.0,2-0,1.049586,0.029289,1.0,2-1,2.0,1.0,1.020297,2.0,0.0,2-0,1.038203,0.028971,1.0,2-1,2.0,1.0,1.009232,2.0,0.0,2-0,1.026819,0.028653,1.0,2-1,2.0,1.0,0.998166,2.0,0.0,2-0,1.015436,0.028336,1.0,2-1,2.0,1.0,0.9871,2.0,0.0,2-0,1.004053,0.028018,1.0,2-1,2.0,1.0,0.976035,2.0,0.0,2-0,0.992669,0.0277,1.0,2-1,2.0,1.0,0.964969,2.0,0.0,2-0,0.981286,0.027383,1.0,2-1,2.0,1.0,0.953903,2.0,0.0,2-0,0.969902,0.027065,1.0,2-1,2.0,1.0,0.942837,2.0,0.0,2-0,0.958519,0.026747,1.0,2-1,2.0,1.0,0.931772,2.0,0.0,2-0,0.947136,0.02643,1.0,2-1,2.0,1.0,0.920706,2.0,0.0,2-0,0.935752,0.026112,1.0,2-1,2.0,1.0,0.90964,2.0,0.0,2-0,0.924369,0.025794,1.0,2-1,2.0,1.0,0.898574
2018,2018-06-23T18:00:00+03:00,G,28,South Korea,Mexico,1,2,0.221498,0.273922,0.50458,0.922,1.5194,0.172118,0.253482,0.5744,0.06982,away,away,False,0.04938,0.02044,-0.06982,0,2,0-2,0.798058,0.00784,1,2,1-2,0.790218,2,0.0,2.0,0-2,0.908661,0.008927,2.0,1-2,1.0,2.0,0.899734,0.0,2.0,0-2,0.903138,0.008872,2.0,1-2,1.0,2.0,0.894266,0.0,2.0,0-2,0.897616,0.008818,2.0,1-2,1.0,2.0,0.888798,0.0,2.0,0-2,0.892093,0.008764,2.0,1-2,1.0,2.0,0.883329,0.0,2.0,0-2,0.886571,0.00871,2.0,1-2,1.0,2.0,0.877861,0.0,2.0,0-2,0.881048,0.008655,2.0,1-2,1.0,2.0,0.872393,0.0,2.0,0-2,0.875526,0.008601,2.0,1-2,1.0,2.0,0.866925,0.0,2.0,0-2,0.870003,0.008547,2.0,1-2,1.0,2.0,0.861456,0.0,2.0,0-2,0.864481,0.008493,2.0,1-2,1.0,2.0,0.855988,0.0,2.0,0-2,0.858958,0.008438,2.0,1-2,1.0,2.0,0.85052,0.0,2.0,0-2,0.853436,0.008384,2.0,1-2,1.0,2.0,0.845052,0.0,2.0,0-2,0.847913,0.00833,2.0,1-2,1.0,2.0,0.839583,0.0,2.0,0-2,0.842391,0.008276,2.0,1-2,1.0,2.0,0.834115,0.0,2.0,0-2,0.836868,0.008221,2.0,1-2,1.0,2.0,0.828647,0.0,2.0,0-2,0.831346,0.008167,2.0,1-2,1.0,2.0,0.823179,0.0,2.0,0-2,0.825823,0.008113,2.0,1-2,1.0,2.0,0.81771,0.0,2.0,0-2,0.820301,0.008059,2.0,1-2,1.0,2.0,0.812242,0.0,2.0,0-2,0.814778,0.008004,2.0,1-2,1.0,2.0,0.806774,0.0,2.0,0-2,0.809255,0.00795,2.0,1-2,1.0,2.0,0.801305,0.0,2.0,0-2,0.803733,0.007896,2.0,1-2,1.0,2.0,0.795837,0.0,2.0,0-2,0.79821,0.007842,2.0,1-2,1.0,2.0,0.790369
2018,2018-06-23T21:00:00+03:00,G,29,Germany,Sweden,2,1,0.557274,0.255644,0.187081,1.6782,0.8721,0.667389,0.20707,0.125541,0.110114,home,home,False,-0.110114,0.048574,0.06154,2,0,2-0,0.872765,0.014053,2,1,2-1,0.858712,2,2.0,0.0,2-0,1.045596,0.016836,2.0,2-1,2.0,1.0,1.028759,2.0,0.0,2-0,1.03697,0.016697,2.0,2-1,2.0,1.0,1.020272,2.0,0.0,2-0,1.028344,0.016559,2.0,2-1,2.0,1.0,1.011786,2.0,0.0,2-0,1.019718,0.01642,2.0,2-1,2.0,1.0,1.003299,2.0,0.0,2-0,1.011092,0.016281,2.0,2-1,2.0,1.0,0.994812,2.0,0.0,2-0,1.002467,0.016142,2.0,2-1,2.0,1.0,0.986325,2.0,0.0,2-0,0.993841,0.016003,2.0,2-1,2.0,1.0,0.977838,2.0,0.0,2-0,0.985215,0.015864,2.0,2-1,2.0,1.0,0.969351,2.0,0.0,2-0,0.976589,0.015725,2.0,2-1,2.0,1.0,0.960864,2.0,0.0,2-0,0.967963,0.015586,2.0,2-1,2.0,1.0,0.952377,2.0,0.0,2-0,0.959338,0.015447,2.0,2-1,2.0,1.0,0.94389,2.0,0.0,2-0,0.950712,0.015308,2.0,2-1,2.0,1.0,0.935403,2.0,0.0,2-0,0.942086,0.01517,2.0,2-1,2.0,1.0,0.926917,2.0,0.0,2-0,0.93346,0.015031,2.0,2-1,2.0,1.0,0.91843,2.0,0.0,2-0,0.924835,0.014892,2.0,2-1,2.0,1.0,0.909943,2.0,0.0,2-0,0.916209,0.014753,2.0,2-1,2.0,1.0,0.901456,2.0,0.0,2-0,0.907583,0.014614,2.0,2-1,2.0,1.0,0.892969,2.0,0.0,2-0,0.898957,0.014475,2.0,2-1,2.0,1.0,0.884482,2.0,0.0,2-0,0.890331,0.014336,2.0,2-1,2.0,1.0,0.875995,2.0,0.0,2-0,0.881706,0.014197,2.0,2-1,2.0,1.0,0.867508,2.0,0.0,2-0,0.87308,0.014058,2.0,2-1,2.0,1.0,0.859021
2018,2018-06-24T15:00:00+03:00,G,30,England,Panama,6,1,0.677233,0.230849,0.091918,1.747,0.4877,0.805714,0.146953,0.047332,0.128482,home,home,False,-0.128482,0.083896,0.044586,2,0,2-0,1.083199,0.043526,1,0,1-0,1.039673,1,2.0,0.0,2-0,1.289296,0.051807,1.0,1-0,1.0,0.0,1.237488,2.0,0.0,2-0,1.279016,0.051394,1.0,1-0,1.0,0.0,1.227622,2.0,0.0,2-0,1.268736,0.050981,1.0,1-0,1.0,0.0,1.217755,2.0,0.0,2-0,1.258456,0.050568,1.0,1-0,1.0,0.0,1.207888,2.0,0.0,2-0,1.248177,0.050155,1.0,1-0,1.0,0.0,1.198022,2.0,0.0,2-0,1.237897,0.049742,1.0,1-0,1.0,0.0,1.188155,2.0,0.0,2-0,1.227617,0.049329,1.0,1-0,1.0,0.0,1.178288,2.0,0.0,2-0,1.217337,0.048916,1.0,1-0,1.0,0.0,1.168422,2.0,0.0,2-0,1.207058,0.048503,1.0,1-0,1.0,0.0,1.158555,2.0,0.0,2-0,1.196778,0.04809,1.0,1-0,1.0,0.0,1.148688,2.0,0.0,2-0,1.186498,0.047677,1.0,1-0,1.0,0.0,1.138822,2.0,0.0,2-0,1.176218,0.047264,1.0,1-0,1.0,0.0,1.128955,2.0,0.0,2-0,1.165939,0.04685,1.0,1-0,1.0,0.0,1.119088,2.0,0.0,2-0,1.155659,0.046437,1.0,1-0,1.0,0.0,1.109221,2.0,0.0,2-0,1.145379,0.046024,1.0,1-0,1.0,0.0,1.099355,2.0,0.0,2-0,1.135099,0.045611,1.0,1-0,1.0,0.0,1.089488,2.0,0.0,2-0,1.12482,0.045198,1.0,1-0,1.0,0.0,1.079621,2.0,0.0,2-0,1.11454,0.044785,1.0,1-0,1.0,0.0,1.069755,2.0,0.0,2-0,1.10426,0.044372,1.0,1-0,1.0,0.0,1.059888,2.0,0.0,2-0,1.09398,0.043959,1.0,1-0,1.0,0.0,1.050021,2.0,0.0,2-0,1.083701,0.043546,1.0,1-0,1.0,0.0,1.040155
2018,2018-06-24T20:00:00+05:00,G,31,Japan,Senegal,2,2,0.284197,0.314348,0.401454,0.9294,1.1579,0.307037,0.328266,0.364698,0.036757,away,away,False,-0.022839,-0.013917,0.036757,0,1,0-1,0.672297,0.027312,0,2,0-2,0.644985,0,1.0,1.0,1-1,0.624098,0.013334,1.0,0-1,0.0,1.0,0.610763,1.0,1.0,1-1,0.622775,0.008933,1.0,0-1,0.0,1.0,0.613841,1.0,1.0,1-1,0.621452,0.004533,1.0,0-1,0.0,1.0,0.616919,1.0,1.0,1-1,0.620129,0.000132,1.0,0-1,0.0,1.0,0.619997,0.0,1.0,0-1,0.623075,0.004269,0.0,1-1,1.0,1.0,0.618806,0.0,1.0,0-1,0.626153,0.00867,0.0,1-1,1.0,1.0,0.617483,0.0,1.0,0-1,0.62923,0.013071,0.0,1-1,1.0,1.0,0.61616,0.0,1.0,0-1,0.632308,0.017472,0.0,1-1,1.0,1.0,0.614837,0.0,1.0,0-1,0.635386,0.021872,0.0,1-1,1.0,1.0,0.613514,0.0,1.0,0-1,0.638464,0.025938,0.0,0-2,0.0,2.0,0.612526,0.0,1.0,0-1,0.641542,0.026063,0.0,0-2,0.0,2.0,0.615479,0.0,1.0,0-1,0.64462,0.026188,0.0,0-2,0.0,2.0,0.618432,0.0,1.0,0-1,0.647698,0.026313,0.0,0-2,0.0,2.0,0.621385,0.0,1.0,0-1,0.650776,0.026438,0.0,0-2,0.0,2.0,0.624337,0.0,1.0,0-1,0.653853,0.026563,0.0,0-2,0.0,2.0,0.62729,0.0,1.0,0-1,0.656931,0.026688,0.0,0-2,0.0,2.0,0.630243,0.0,1.0,0-1,0.660009,0.026813,0.0,0-2,0.0,2.0,0.633196,0.0,1.0,0-1,0.663087,0.026938,0.0,0-2,0.0,2.0,0.636149,0.0,1.0,0-1,0.666165,0.027063,0.0,0-2,0.0,2.0,0.639102,0.0,1.0,0-1,0.669243,0.027188,0.0,0-2,0.0,2.0,0.642054,0.0,1.0,0-1,0.672321,0.027313,0.0,0-2,0.0,2.0,0.645007
2018,2018-06-24T21:00:00+03:00,G,32,Poland,Colombia,0,3,0.20884,0.298084,0.493076,0.7744,1.3381,0.279635,0.280467,0.439898,0.070795,away,away,False,-0.070795,0.017618,0.053178,0,1,0-1,0.801344,0.007933,0,2,0-2,0.793411,1,0.0,1.0,0-1,0.714977,0.007078,1.0,0-2,0.0,2.0,0.7079,0.0,1.0,0-1,0.719299,0.00712,1.0,0-2,0.0,2.0,0.712178,0.0,1.0,0-1,0.72362,0.007163,1.0,0-2,0.0,2.0,0.716457,0.0,1.0,0-1,0.727942,0.007206,1.0,0-2,0.0,2.0,0.720736,0.0,1.0,0-1,0.732263,0.007249,1.0,0-2,0.0,2.0,0.725015,0.0,1.0,0-1,0.736585,0.007292,1.0,0-2,0.0,2.0,0.729293,0.0,1.0,0-1,0.740906,0.007334,1.0,0-2,0.0,2.0,0.733572,0.0,1.0,0-1,0.745228,0.007377,1.0,0-2,0.0,2.0,0.737851,0.0,1.0,0-1,0.74955,0.00742,1.0,0-2,0.0,2.0,0.74213,0.0,1.0,0-1,0.753871,0.007463,1.0,0-2,0.0,2.0,0.746408,0.0,1.0,0-1,0.758193,0.007505,1.0,0-2,0.0,2.0,0.750687,0.0,1.0,0-1,0.762514,0.007548,1.0,0-2,0.0,2.0,0.754966,0.0,1.0,0-1,0.766836,0.007591,1.0,0-2,0.0,2.0,0.759245,0.0,1.0,0-1,0.771157,0.007634,1.0,0-2,0.0,2.0,0.763523,0.0,1.0,0-1,0.775479,0.007677,1.0,0-2,0.0,2.0,0.767802,0.0,1.0,0-1,0.7798,0.007719,1.0,0-2,0.0,2.0,0.772081,0.0,1.0,0-1,0.784122,0.007762,1.0,0-2,0.0,2.0,0.77636,0.0,1.0,0-1,0.788443,0.007805,1.0,0-2,0.0,2.0,0.780638,0.0,1.0,0-1,0.792765,0.007848,1.0,0-2,0.0,2.0,0.784917,0.0,1.0,0-1,0.797086,0.00789,1.0,0-2,0.0,2.0,0.789196,0.0,1.0,0-1,0.801408,0.007933,1.0,0-2,0.0,2.0,0.793475
2018,2018-06-25T18:00:00+04:00,G,33,Uruguay,Russia,3,0,0.501104,0.280511,0.218384,1.4658,0.8795,0.354938,0.317052,0.328011,0.146167,home,home,False,0.146167,-0.03654,-0.109627,2,0,2-0,0.797431,0.0124,2,1,2-1,0.785031,1,1.0,1.0,1-1,0.61343,0.048517,0.0,2-0,2.0,0.0,0.564913,1.0,1.0,1-1,0.609895,0.03335,0.0,2-0,2.0,0.0,0.576545,1.0,1.0,1-1,0.60636,0.018183,0.0,2-0,2.0,0.0,0.588177,1.0,1.0,1-1,0.602825,0.003017,0.0,2-0,2.0,0.0,0.599809,2.0,0.0,2-0,0.61144,0.009508,1.0,2-1,2.0,1.0,0.601932,2.0,0.0,2-0,0.623072,0.009689,1.0,2-1,2.0,1.0,0.613383,2.0,0.0,2-0,0.634704,0.00987,1.0,2-1,2.0,1.0,0.624834,2.0,0.0,2-0,0.646336,0.010051,1.0,2-1,2.0,1.0,0.636285,2.0,0.0,2-0,0.657968,0.010231,1.0,2-1,2.0,1.0,0.647736,2.0,0.0,2-0,0.6696,0.010412,1.0,2-1,2.0,1.0,0.659187,2.0,0.0,2-0,0.681232,0.010593,1.0,2-1,2.0,1.0,0.670638,2.0,0.0,2-0,0.692863,0.010774,1.0,2-1,2.0,1.0,0.682089,2.0,0.0,2-0,0.704495,0.010955,1.0,2-1,2.0,1.0,0.69354,2.0,0.0,2-0,0.716127,0.011136,1.0,2-1,2.0,1.0,0.704991,2.0,0.0,2-0,0.727759,0.011317,1.0,2-1,2.0,1.0,0.716442,2.0,0.0,2-0,0.739391,0.011498,1.0,2-1,2.0,1.0,0.727893,2.0,0.0,2-0,0.751023,0.011678,1.0,2-1,2.0,1.0,0.739344,2.0,0.0,2-0,0.762654,0.011859,1.0,2-1,2.0,1.0,0.750795,2.0,0.0,2-0,0.774286,0.01204,1.0,2-1,2.0,1.0,0.762246,2.0,0.0,2-0,0.785918,0.012221,1.0,2-1,2.0,1.0,0.773697,2.0,0.0,2-0,0.79755,0.012402,1.0,2-1,2.0,1.0,0.785148
2018,2018-06-25T17:00:00+03:00,G,34,Saudi Arabia,Egypt,2,1,0.160327,0.257804,0.581869,0.7417,1.6399,0.18155,0.267422,0.551028,0.030841,away,away,False,-0.021223,-0.009618,0.030841,0,2,0-2,0.922338,0.032093,1,2,1-2,0.890246,0,0.0,2.0,0-2,0.873719,0.030401,0.0,1-2,1.0,2.0,0.843318,0.0,2.0,0-2,0.876165,0.030486,0.0,1-2,1.0,2.0,0.845678,0.0,2.0,0-2,0.87861,0.030571,0.0,1-2,1.0,2.0,0.848039,0.0,2.0,0-2,0.881055,0.030656,0.0,1-2,1.0,2.0,0.850399,0.0,2.0,0-2,0.8835,0.030741,0.0,1-2,1.0,2.0,0.852759,0.0,2.0,0-2,0.885945,0.030826,0.0,1-2,1.0,2.0,0.855119,0.0,2.0,0-2,0.88839,0.030911,0.0,1-2,1.0,2.0,0.857479,0.0,2.0,0-2,0.890835,0.030997,0.0,1-2,1.0,2.0,0.859839,0.0,2.0,0-2,0.89328,0.031082,0.0,1-2,1.0,2.0,0.862199,0.0,2.0,0-2,0.895726,0.031167,0.0,1-2,1.0,2.0,0.864559,0.0,2.0,0-2,0.898171,0.031252,0.0,1-2,1.0,2.0,0.866919,0.0,2.0,0-2,0.900616,0.031337,0.0,1-2,1.0,2.0,0.869279,0.0,2.0,0-2,0.903061,0.031422,0.0,1-2,1.0,2.0,0.871639,0.0,2.0,0-2,0.905506,0.031507,0.0,1-2,1.0,2.0,0.873999,0.0,2.0,0-2,0.907951,0.031592,0.0,1-2,1.0,2.0,0.876359,0.0,2.0,0-2,0.910396,0.031677,0.0,1-2,1.0,2.0,0.878719,0.0,2.0,0-2,0.912842,0.031762,0.0,1-2,1.0,2.0,0.881079,0.0,2.0,0-2,0.915287,0.031847,0.0,1-2,1.0,2.0,0.883439,0.0,2.0,0-2,0.917732,0.031932,0.0,1-2,1.0,2.0,0.8858,0.0,2.0,0-2,0.920177,0.032017,0.0,1-2,1.0,2.0,0.88816,0.0,2.0,0-2,0.922622,0.032103,0.0,1-2,1.0,2.0,0.89052
2018,2018-06-25T20:00:00+02:00,G,35,Spain,Morocco,2,2,0.598699,0.269773,0.131528,1.519,0.5707,0.717999,0.188148,0.093853,0.119299,home,home,False,-0.119299,0.081625,0.037674,2,0,2-0,0.965531,0.0042,1,0,1-0,0.961331,0,2.0,0.0,2-0,1.158141,0.005038,0.0,1-0,1.0,0.0,1.153102,2.0,0.0,2-0,1.148519,0.004996,0.0,1-0,1.0,0.0,1.143522,2.0,0.0,2-0,1.138897,0.004955,0.0,1-0,1.0,0.0,1.133943,2.0,0.0,2-0,1.129276,0.004913,0.0,1-0,1.0,0.0,1.124363,2.0,0.0,2-0,1.119654,0.004871,0.0,1-0,1.0,0.0,1.114783,2.0,0.0,2-0,1.110033,0.004829,0.0,1-0,1.0,0.0,1.105204,2.0,0.0,2-0,1.100411,0.004787,0.0,1-0,1.0,0.0,1.095624,2.0,0.0,2-0,1.09079,0.004745,0.0,1-0,1.0,0.0,1.086044,2.0,0.0,2-0,1.081168,0.004703,0.0,1-0,1.0,0.0,1.076465,2.0,0.0,2-0,1.071546,0.004662,0.0,1-0,1.0,0.0,1.066885,2.0,0.0,2-0,1.061925,0.00462,0.0,1-0,1.0,0.0,1.057305,2.0,0.0,2-0,1.052303,0.004578,0.0,1-0,1.0,0.0,1.047725,2.0,0.0,2-0,1.042682,0.004536,0.0,1-0,1.0,0.0,1.038146,2.0,0.0,2-0,1.03306,0.004494,0.0,1-0,1.0,0.0,1.028566,2.0,0.0,2-0,1.023439,0.004452,0.0,1-0,1.0,0.0,1.018986,2.0,0.0,2-0,1.013817,0.00441,0.0,1-0,1.0,0.0,1.009407,2.0,0.0,2-0,1.004195,0.004369,0.0,1-0,1.0,0.0,0.999827,2.0,0.0,2-0,0.994574,0.004327,0.0,1-0,1.0,0.0,0.990247,2.0,0.0,2-0,0.984952,0.004285,0.0,1-0,1.0,0.0,0.980667,2.0,0.0,2-0,0.975331,0.004243,0.0,1-0,1.0,0.0,0.971088,2.0,0.0,2-0,0.965709,0.004201,0.0,1-0,1.0,0.0,0.961508
2018,2018-06-25T21:00:00+03:00,G,36,Iran,Portugal,1,1,0.188887,0.327708,0.483404,0.6191,1.1644,0.151946,0.238552,0.609501,0.126097,away,away,False,0.036941,0.089156,-0.126097,0,1,0-1,0.859889,0.078143,0,2,0-2,0.781746,0,0.0,1.0,0-1,1.084227,0.09853,0.0,0-2,0.0,2.0,0.985697,0.0,1.0,0-1,1.073011,0.097511,0.0,0-2,0.0,2.0,0.9755,0.0,1.0,0-1,1.061796,0.096491,0.0,0-2,0.0,2.0,0.965304,0.0,1.0,0-1,1.05058,0.095472,0.0,0-2,0.0,2.0,0.955108,0.0,1.0,0-1,1.039364,0.094453,0.0,0-2,0.0,2.0,0.944911,0.0,1.0,0-1,1.028149,0.093434,0.0,0-2,0.0,2.0,0.934715,0.0,1.0,0-1,1.016933,0.092415,0.0,0-2,0.0,2.0,0.924519,0.0,1.0,0-1,1.005718,0.091395,0.0,0-2,0.0,2.0,0.914322,0.0,1.0,0-1,0.994502,0.090376,0.0,0-2,0.0,2.0,0.904126,0.0,1.0,0-1,0.983287,0.089357,0.0,0-2,0.0,2.0,0.89393,0.0,1.0,0-1,0.972071,0.088338,0.0,0-2,0.0,2.0,0.883733,0.0,1.0,0-1,0.960855,0.087318,0.0,0-2,0.0,2.0,0.873537,0.0,1.0,0-1,0.94964,0.086299,0.0,0-2,0.0,2.0,0.863341,0.0,1.0,0-1,0.938424,0.08528,0.0,0-2,0.0,2.0,0.853144,0.0,1.0,0-1,0.927209,0.084261,0.0,0-2,0.0,2.0,0.842948,0.0,1.0,0-1,0.915993,0.083242,0.0,0-2,0.0,2.0,0.832752,0.0,1.0,0-1,0.904778,0.082222,0.0,0-2,0.0,2.0,0.822555,0.0,1.0,0-1,0.893562,0.081203,0.0,0-2,0.0,2.0,0.812359,0.0,1.0,0-1,0.882347,0.080184,0.0,0-2,0.0,2.0,0.802163,0.0,1.0,0-1,0.871131,0.079165,0.0,0-2,0.0,2.0,0.791966,0.0,1.0,0-1,0.859915,0.078145,0.0,0-2,0.0,2.0,0.78177
2018,2018-06-26T17:00:00+03:00,G,37,Australia,Peru,0,2,0.201297,0.282587,0.516116,0.8082,1.4533,0.334635,0.275973,0.389392,0.133338,away,away,False,-0.133338,0.006614,0.126724,0,2,0-2,0.82504,0.021102,1,2,1-2,0.803938,3,0.0,2.0,0-2,0.622551,0.015923,3.0,1-2,1.0,2.0,0.606628,0.0,2.0,0-2,0.632681,0.016182,3.0,1-2,1.0,2.0,0.616499,0.0,2.0,0-2,0.642811,0.016441,3.0,1-2,1.0,2.0,0.62637,0.0,2.0,0-2,0.652942,0.016701,3.0,1-2,1.0,2.0,0.636241,0.0,2.0,0-2,0.663072,0.01696,3.0,1-2,1.0,2.0,0.646112,0.0,2.0,0-2,0.673202,0.017219,3.0,1-2,1.0,2.0,0.655983,0.0,2.0,0-2,0.683332,0.017478,3.0,1-2,1.0,2.0,0.665854,0.0,2.0,0-2,0.693462,0.017737,3.0,1-2,1.0,2.0,0.675726,0.0,2.0,0-2,0.703593,0.017996,3.0,1-2,1.0,2.0,0.685597,0.0,2.0,0-2,0.713723,0.018255,3.0,1-2,1.0,2.0,0.695468,0.0,2.0,0-2,0.723853,0.018514,3.0,1-2,1.0,2.0,0.705339,0.0,2.0,0-2,0.733983,0.018773,3.0,1-2,1.0,2.0,0.71521,0.0,2.0,0-2,0.744113,0.019032,3.0,1-2,1.0,2.0,0.725081,0.0,2.0,0-2,0.754244,0.019292,3.0,1-2,1.0,2.0,0.734952,0.0,2.0,0-2,0.764374,0.019551,3.0,1-2,1.0,2.0,0.744823,0.0,2.0,0-2,0.774504,0.01981,3.0,1-2,1.0,2.0,0.754694,0.0,2.0,0-2,0.784634,0.020069,3.0,1-2,1.0,2.0,0.764565,0.0,2.0,0-2,0.794764,0.020328,3.0,1-2,1.0,2.0,0.774436,0.0,2.0,0-2,0.804895,0.020587,3.0,1-2,1.0,2.0,0.784307,0.0,2.0,0-2,0.815025,0.020846,3.0,1-2,1.0,2.0,0.794179,0.0,2.0,0-2,0.825155,0.021105,3.0,1-2,1.0,2.0,0.80405
2018,2018-06-26T17:00:00+03:00,G,38,Denmark,France,0,0,0.221761,0.300986,0.477253,0.8058,1.3114,0.180842,0.349498,0.469659,0.048512,away,away,False,0.040919,-0.048512,0.007593,0,1,0-1,0.777355,0.009721,0,2,0-2,0.767634,0,0.0,1.0,0-1,0.765041,0.009567,0.0,0-2,0.0,2.0,0.755474,0.0,1.0,0-1,0.765659,0.009575,0.0,0-2,0.0,2.0,0.756085,0.0,1.0,0-1,0.766278,0.009582,0.0,0-2,0.0,2.0,0.756695,0.0,1.0,0-1,0.766896,0.00959,0.0,0-2,0.0,2.0,0.757306,0.0,1.0,0-1,0.767515,0.009598,0.0,0-2,0.0,2.0,0.757917,0.0,1.0,0-1,0.768133,0.009606,0.0,0-2,0.0,2.0,0.758527,0.0,1.0,0-1,0.768751,0.009613,0.0,0-2,0.0,2.0,0.759138,0.0,1.0,0-1,0.76937,0.009621,0.0,0-2,0.0,2.0,0.759749,0.0,1.0,0-1,0.769988,0.009629,0.0,0-2,0.0,2.0,0.76036,0.0,1.0,0-1,0.770607,0.009636,0.0,0-2,0.0,2.0,0.76097,0.0,1.0,0-1,0.771225,0.009644,0.0,0-2,0.0,2.0,0.761581,0.0,1.0,0-1,0.771844,0.009652,0.0,0-2,0.0,2.0,0.762192,0.0,1.0,0-1,0.772462,0.00966,0.0,0-2,0.0,2.0,0.762802,0.0,1.0,0-1,0.77308,0.009667,0.0,0-2,0.0,2.0,0.763413,0.0,1.0,0-1,0.773699,0.009675,0.0,0-2,0.0,2.0,0.764024,0.0,1.0,0-1,0.774317,0.009683,0.0,0-2,0.0,2.0,0.764635,0.0,1.0,0-1,0.774936,0.009691,0.0,0-2,0.0,2.0,0.765245,0.0,1.0,0-1,0.775554,0.009698,0.0,0-2,0.0,2.0,0.765856,0.0,1.0,0-1,0.776173,0.009706,0.0,0-2,0.0,2.0,0.766467,0.0,1.0,0-1,0.776791,0.009714,0.0,0-2,0.0,2.0,0.767077,0.0,1.0,0-1,0.77741,0.009722,0.0,0-2,0.0,2.0,0.767688
2018,2018-06-26T21:00:00+03:00,G,39,Iceland,Croatia,1,2,0.205815,0.264708,0.529477,0.9066,1.6014,0.221026,0.245947,0.533027,0.018762,away,away,False,-0.015212,0.018762,-0.00355,0,2,0-2,0.832819,0.00975,1,2,1-2,0.823069,2,0.0,2.0,0-2,0.838627,0.009818,2.0,1-2,1.0,2.0,0.828809,0.0,2.0,0-2,0.838348,0.009815,2.0,1-2,1.0,2.0,0.828533,0.0,2.0,0-2,0.838069,0.009812,2.0,1-2,1.0,2.0,0.828257,0.0,2.0,0-2,0.837789,0.009809,2.0,1-2,1.0,2.0,0.827981,0.0,2.0,0-2,0.83751,0.009805,2.0,1-2,1.0,2.0,0.827705,0.0,2.0,0-2,0.837231,0.009802,2.0,1-2,1.0,2.0,0.827429,0.0,2.0,0-2,0.836952,0.009799,2.0,1-2,1.0,2.0,0.827153,0.0,2.0,0-2,0.836672,0.009795,2.0,1-2,1.0,2.0,0.826877,0.0,2.0,0-2,0.836393,0.009792,2.0,1-2,1.0,2.0,0.826601,0.0,2.0,0-2,0.836114,0.009789,2.0,1-2,1.0,2.0,0.826325,0.0,2.0,0-2,0.835834,0.009786,2.0,1-2,1.0,2.0,0.826049,0.0,2.0,0-2,0.835555,0.009782,2.0,1-2,1.0,2.0,0.825773,0.0,2.0,0-2,0.835276,0.009779,2.0,1-2,1.0,2.0,0.825497,0.0,2.0,0-2,0.834997,0.009776,2.0,1-2,1.0,2.0,0.825221,0.0,2.0,0-2,0.834717,0.009773,2.0,1-2,1.0,2.0,0.824945,0.0,2.0,0-2,0.834438,0.009769,2.0,1-2,1.0,2.0,0.824669,0.0,2.0,0-2,0.834159,0.009766,2.0,1-2,1.0,2.0,0.824393,0.0,2.0,0-2,0.833879,0.009763,2.0,1-2,1.0,2.0,0.824117,0.0,2.0,0-2,0.8336,0.00976,2.0,1-2,1.0,2.0,0.823841,0.0,2.0,0-2,0.833321,0.009756,2.0,1-2,1.0,2.0,0.823565,0.0,2.0,0-2,0.833042,0.009753,2.0,1-2,1.0,2.0,0.823289
2018,2018-06-26T21:00:00+03:00,G,40,Nigeria,Argentina,1,2,0.103332,0.237945,0.658723,0.5294,1.7173,0.160377,0.185518,0.654105,0.057045,away,away,False,-0.057045,0.052427,0.004618,0,2,0-2,1.052856,0.043002,0,1,0-1,1.009854,2,0.0,2.0,0-2,1.045908,0.042718,2.0,0-1,0.0,1.0,1.00319,0.0,2.0,0-2,1.046277,0.042733,2.0,0-1,0.0,1.0,1.003544,0.0,2.0,0-2,1.046646,0.042748,2.0,0-1,0.0,1.0,1.003899,0.0,2.0,0-2,1.047016,0.042763,2.0,0-1,0.0,1.0,1.004253,0.0,2.0,0-2,1.047385,0.042778,2.0,0-1,0.0,1.0,1.004607,0.0,2.0,0-2,1.047754,0.042793,2.0,0-1,0.0,1.0,1.004961,0.0,2.0,0-2,1.048123,0.042808,2.0,0-1,0.0,1.0,1.005315,0.0,2.0,0-2,1.048492,0.042823,2.0,0-1,0.0,1.0,1.005669,0.0,2.0,0-2,1.048862,0.042838,2.0,0-1,0.0,1.0,1.006023,0.0,2.0,0-2,1.049231,0.042853,2.0,0-1,0.0,1.0,1.006377,0.0,2.0,0-2,1.0496,0.042869,2.0,0-1,0.0,1.0,1.006732,0.0,2.0,0-2,1.049969,0.042884,2.0,0-1,0.0,1.0,1.007086,0.0,2.0,0-2,1.050339,0.042899,2.0,0-1,0.0,1.0,1.00744,0.0,2.0,0-2,1.050708,0.042914,2.0,0-1,0.0,1.0,1.007794,0.0,2.0,0-2,1.051077,0.042929,2.0,0-1,0.0,1.0,1.008148,0.0,2.0,0-2,1.051446,0.042944,2.0,0-1,0.0,1.0,1.008502,0.0,2.0,0-2,1.051815,0.042959,2.0,0-1,0.0,1.0,1.008856,0.0,2.0,0-2,1.052185,0.042974,2.0,0-1,0.0,1.0,1.009211,0.0,2.0,0-2,1.052554,0.042989,2.0,0-1,0.0,1.0,1.009565,0.0,2.0,0-2,1.052923,0.043004,2.0,0-1,0.0,1.0,1.009919,0.0,2.0,0-2,1.053292,0.043019,2.0,0-1,0.0,1.0,1.010273
2018,2018-06-27T17:00:00+03:00,G,41,South Korea,Germany,2,0,0.082004,0.173119,0.744877,0.6455,2.3171,0.045571,0.113557,0.840872,0.095995,away,away,False,0.036433,0.059562,-0.095995,0,2,0-2,1.109906,0.049179,1,2,1-2,1.060727,0,0.0,2.0,0-2,1.256344,0.055667,0.0,1-2,1.0,2.0,1.200677,0.0,2.0,0-2,1.249173,0.055349,0.0,1-2,1.0,2.0,1.193824,0.0,2.0,0-2,1.242002,0.055032,0.0,1-2,1.0,2.0,1.18697,0.0,2.0,0-2,1.234831,0.054714,0.0,1-2,1.0,2.0,1.180117,0.0,2.0,0-2,1.227659,0.054396,0.0,1-2,1.0,2.0,1.173263,0.0,2.0,0-2,1.220488,0.054078,0.0,1-2,1.0,2.0,1.16641,0.0,2.0,0-2,1.213317,0.053761,0.0,1-2,1.0,2.0,1.159556,0.0,2.0,0-2,1.206145,0.053443,0.0,1-2,1.0,2.0,1.152703,0.0,2.0,0-2,1.198974,0.053125,0.0,1-2,1.0,2.0,1.145849,0.0,2.0,0-2,1.191803,0.052807,0.0,1-2,1.0,2.0,1.138995,0.0,2.0,0-2,1.184631,0.05249,0.0,1-2,1.0,2.0,1.132142,0.0,2.0,0-2,1.17746,0.052172,0.0,1-2,1.0,2.0,1.125288,0.0,2.0,0-2,1.170289,0.051854,0.0,1-2,1.0,2.0,1.118435,0.0,2.0,0-2,1.163118,0.051536,0.0,1-2,1.0,2.0,1.111581,0.0,2.0,0-2,1.155946,0.051219,0.0,1-2,1.0,2.0,1.104728,0.0,2.0,0-2,1.148775,0.050901,0.0,1-2,1.0,2.0,1.097874,0.0,2.0,0-2,1.141604,0.050583,0.0,1-2,1.0,2.0,1.091021,0.0,2.0,0-2,1.134432,0.050265,0.0,1-2,1.0,2.0,1.084167,0.0,2.0,0-2,1.127261,0.049948,0.0,1-2,1.0,2.0,1.077313,0.0,2.0,0-2,1.12009,0.04963,0.0,1-2,1.0,2.0,1.07046,0.0,2.0,0-2,1.112918,0.049312,0.0,1-2,1.0,2.0,1.063606
2018,2018-06-27T19:00:00+05:00,G,42,Mexico,Sweden,0,3,0.316736,0.295524,0.38774,1.1005,1.2456,0.438229,0.286727,0.275044,0.121493,away,home,True,-0.121493,0.008797,0.112696,1,2,1-2,0.625464,0.007463,0,2,0-2,0.618001,1,2.0,1.0,2-1,0.718288,0.010725,0.0,1-0,1.0,0.0,0.707563,2.0,1.0,2-1,0.708332,0.010576,0.0,1-0,1.0,0.0,0.697755,2.0,1.0,2-1,0.698375,0.010428,0.0,1-0,1.0,0.0,0.687947,2.0,1.0,2-1,0.688418,0.010279,0.0,1-0,1.0,0.0,0.678139,2.0,1.0,2-1,0.678461,0.01013,0.0,1-0,1.0,0.0,0.668331,2.0,1.0,2-1,0.668504,0.009982,0.0,1-0,1.0,0.0,0.658523,2.0,1.0,2-1,0.658548,0.009833,0.0,1-0,1.0,0.0,0.648715,2.0,1.0,2-1,0.648591,0.009684,0.0,1-0,1.0,0.0,0.638907,2.0,1.0,2-1,0.638634,0.009536,0.0,1-0,1.0,0.0,0.629099,2.0,1.0,2-1,0.628677,0.009387,0.0,1-0,1.0,0.0,0.61929,2.0,1.0,2-1,0.61872,0.009238,0.0,1-0,1.0,0.0,0.609482,2.0,1.0,2-1,0.608764,0.00909,0.0,1-0,1.0,0.0,0.599674,2.0,1.0,2-1,0.598807,0.008941,0.0,1-0,1.0,0.0,0.589866,2.0,1.0,2-1,0.58885,0.008792,0.0,1-0,1.0,0.0,0.580058,2.0,1.0,2-1,0.578893,0.007928,0.0,1-2,1.0,2.0,0.570965,1.0,2.0,1-2,0.580056,0.006921,1.0,0-2,0.0,2.0,0.573134,1.0,2.0,1-2,0.589146,0.00703,1.0,0-2,0.0,2.0,0.582116,1.0,2.0,1-2,0.598236,0.007138,1.0,0-2,0.0,2.0,0.591098,1.0,2.0,1-2,0.607326,0.007246,1.0,0-2,0.0,2.0,0.600079,1.0,2.0,1-2,0.616416,0.007355,1.0,0-2,0.0,2.0,0.609061,1.0,2.0,1-2,0.625506,0.007463,1.0,0-2,0.0,2.0,0.618043
2018,2018-06-27T21:00:00+03:00,G,43,Serbia,Brazil,0,2,0.104139,0.193919,0.701942,0.7132,2.1649,0.128516,0.207208,0.664276,0.037666,away,away,False,-0.024377,-0.013289,0.037666,0,2,0-2,1.058275,0.037802,1,2,1-2,1.020473,3,0.0,2.0,0-2,1.003289,0.035838,3.0,1-2,1.0,2.0,0.967451,0.0,2.0,0-2,1.006133,0.035939,3.0,1-2,1.0,2.0,0.970194,0.0,2.0,0-2,1.008977,0.036041,3.0,1-2,1.0,2.0,0.972936,0.0,2.0,0-2,1.011822,0.036143,3.0,1-2,1.0,2.0,0.975679,0.0,2.0,0-2,1.014666,0.036244,3.0,1-2,1.0,2.0,0.978422,0.0,2.0,0-2,1.017511,0.036346,3.0,1-2,1.0,2.0,0.981165,0.0,2.0,0-2,1.020355,0.036447,3.0,1-2,1.0,2.0,0.983908,0.0,2.0,0-2,1.023199,0.036549,3.0,1-2,1.0,2.0,0.98665,0.0,2.0,0-2,1.026044,0.036651,3.0,1-2,1.0,2.0,0.989393,0.0,2.0,0-2,1.028888,0.036752,3.0,1-2,1.0,2.0,0.992136,0.0,2.0,0-2,1.031733,0.036854,3.0,1-2,1.0,2.0,0.994879,0.0,2.0,0-2,1.034577,0.036955,3.0,1-2,1.0,2.0,0.997622,0.0,2.0,0-2,1.037421,0.037057,3.0,1-2,1.0,2.0,1.000364,0.0,2.0,0-2,1.040266,0.037159,3.0,1-2,1.0,2.0,1.003107,0.0,2.0,0-2,1.04311,0.03726,3.0,1-2,1.0,2.0,1.00585,0.0,2.0,0-2,1.045955,0.037362,3.0,1-2,1.0,2.0,1.008593,0.0,2.0,0-2,1.048799,0.037463,3.0,1-2,1.0,2.0,1.011336,0.0,2.0,0-2,1.051643,0.037565,3.0,1-2,1.0,2.0,1.014078,0.0,2.0,0-2,1.054488,0.037667,3.0,1-2,1.0,2.0,1.016821,0.0,2.0,0-2,1.057332,0.037768,3.0,1-2,1.0,2.0,1.019564,0.0,2.0,0-2,1.060177,0.03787,3.0,1-2,1.0,2.0,1.022307
2018,2018-06-27T21:00:00+03:00,G,44,Switzerland,Costa Rica,2,2,0.4809,0.313126,0.205974,1.2406,0.7134,0.60964,0.262695,0.127666,0.12874,home,home,False,-0.12874,0.050431,0.078308,1,0,1-0,0.817099,0.040329,2,0,2-0,0.77677,0,1.0,0.0,1-0,1.035891,0.051128,0.0,2-0,2.0,0.0,0.984763,1.0,0.0,1-0,1.024953,0.050588,0.0,2-0,2.0,0.0,0.974365,1.0,0.0,1-0,1.014016,0.050048,0.0,2-0,2.0,0.0,0.963967,1.0,0.0,1-0,1.003078,0.049509,0.0,2-0,2.0,0.0,0.953569,1.0,0.0,1-0,0.99214,0.048969,0.0,2-0,2.0,0.0,0.943172,1.0,0.0,1-0,0.981203,0.048429,0.0,2-0,2.0,0.0,0.932774,1.0,0.0,1-0,0.970265,0.047889,0.0,2-0,2.0,0.0,0.922376,1.0,0.0,1-0,0.959327,0.047349,0.0,2-0,2.0,0.0,0.911978,1.0,0.0,1-0,0.94839,0.046809,0.0,2-0,2.0,0.0,0.90158,1.0,0.0,1-0,0.937452,0.04627,0.0,2-0,2.0,0.0,0.891183,1.0,0.0,1-0,0.926515,0.04573,0.0,2-0,2.0,0.0,0.880785,1.0,0.0,1-0,0.915577,0.04519,0.0,2-0,2.0,0.0,0.870387,1.0,0.0,1-0,0.904639,0.04465,0.0,2-0,2.0,0.0,0.859989,1.0,0.0,1-0,0.893702,0.04411,0.0,2-0,2.0,0.0,0.849591,1.0,0.0,1-0,0.882764,0.04357,0.0,2-0,2.0,0.0,0.839194,1.0,0.0,1-0,0.871826,0.04303,0.0,2-0,2.0,0.0,0.828796,1.0,0.0,1-0,0.860889,0.042491,0.0,2-0,2.0,0.0,0.818398,1.0,0.0,1-0,0.849951,0.041951,0.0,2-0,2.0,0.0,0.808,1.0,0.0,1-0,0.839013,0.041411,0.0,2-0,2.0,0.0,0.797602,1.0,0.0,1-0,0.828076,0.040871,0.0,2-0,2.0,0.0,0.787205,1.0,0.0,1-0,0.817138,0.040331,0.0,2-0,2.0,0.0,0.776807
2018,2018-06-28T17:00:00+03:00,G,45,Japan,Poland,0,1,0.271767,0.273897,0.454337,1.0968,1.4883,0.327934,0.307708,0.364357,0.089979,away,away,False,-0.056168,-0.033811,0.089979,1,2,1-2,0.720896,0.008084,0,2,0-2,0.712812,1,1.0,1.0,1-1,0.601203,0.022973,0.0,1-2,1.0,2.0,0.57823,1.0,1.0,1-1,0.5979,0.01253,0.0,1-2,1.0,2.0,0.58537,1.0,1.0,1-1,0.594597,0.002087,0.0,1-2,1.0,2.0,0.59251,1.0,2.0,1-2,0.59965,0.006724,1.0,0-2,0.0,2.0,0.592925,1.0,2.0,1-2,0.606789,0.006805,1.0,0-2,0.0,2.0,0.599985,1.0,2.0,1-2,0.613929,0.006885,1.0,0-2,0.0,2.0,0.607045,1.0,2.0,1-2,0.621069,0.006965,1.0,0-2,0.0,2.0,0.614104,1.0,2.0,1-2,0.628209,0.007045,1.0,0-2,0.0,2.0,0.621164,1.0,2.0,1-2,0.635349,0.007125,1.0,0-2,0.0,2.0,0.628224,1.0,2.0,1-2,0.642488,0.007205,1.0,0-2,0.0,2.0,0.635283,1.0,2.0,1-2,0.649628,0.007285,1.0,0-2,0.0,2.0,0.642343,1.0,2.0,1-2,0.656768,0.007365,1.0,0-2,0.0,2.0,0.649403,1.0,2.0,1-2,0.663908,0.007445,1.0,0-2,0.0,2.0,0.656463,1.0,2.0,1-2,0.671047,0.007525,1.0,0-2,0.0,2.0,0.663522,1.0,2.0,1-2,0.678187,0.007605,1.0,0-2,0.0,2.0,0.670582,1.0,2.0,1-2,0.685327,0.007685,1.0,0-2,0.0,2.0,0.677642,1.0,2.0,1-2,0.692467,0.007765,1.0,0-2,0.0,2.0,0.684701,1.0,2.0,1-2,0.699607,0.007845,1.0,0-2,0.0,2.0,0.691761,1.0,2.0,1-2,0.706746,0.007925,1.0,0-2,0.0,2.0,0.698821,1.0,2.0,1-2,0.713886,0.008006,1.0,0-2,0.0,2.0,0.705881,1.0,2.0,1-2,0.721026,0.008086,1.0,0-2,0.0,2.0,0.71294
2018,2018-06-28T18:00:00+04:00,G,46,Senegal,Colombia,0,1,0.188146,0.33344,0.478413,0.6025,1.1338,0.188545,0.254657,0.556798,0.078784,away,away,False,-0.000399,0.078784,-0.078385,0,1,0-1,0.863155,0.090051,0,2,0-2,0.773104,3,0.0,1.0,0-1,1.004602,0.104807,3.0,0-2,0.0,2.0,0.899795,0.0,1.0,0-1,0.997531,0.10407,3.0,0-2,0.0,2.0,0.893461,0.0,1.0,0-1,0.99046,0.103332,3.0,0-2,0.0,2.0,0.887128,0.0,1.0,0-1,0.983388,0.102594,3.0,0-2,0.0,2.0,0.880794,0.0,1.0,0-1,0.976317,0.101857,3.0,0-2,0.0,2.0,0.874461,0.0,1.0,0-1,0.969246,0.101119,3.0,0-2,0.0,2.0,0.868127,0.0,1.0,0-1,0.962175,0.100381,3.0,0-2,0.0,2.0,0.861793,0.0,1.0,0-1,0.955103,0.099643,3.0,0-2,0.0,2.0,0.85546,0.0,1.0,0-1,0.948032,0.098906,3.0,0-2,0.0,2.0,0.849126,0.0,1.0,0-1,0.940961,0.098168,3.0,0-2,0.0,2.0,0.842793,0.0,1.0,0-1,0.933889,0.09743,3.0,0-2,0.0,2.0,0.836459,0.0,1.0,0-1,0.926818,0.096692,3.0,0-2,0.0,2.0,0.830126,0.0,1.0,0-1,0.919747,0.095955,3.0,0-2,0.0,2.0,0.823792,0.0,1.0,0-1,0.912675,0.095217,3.0,0-2,0.0,2.0,0.817458,0.0,1.0,0-1,0.905604,0.094479,3.0,0-2,0.0,2.0,0.811125,0.0,1.0,0-1,0.898533,0.093742,3.0,0-2,0.0,2.0,0.804791,0.0,1.0,0-1,0.891462,0.093004,3.0,0-2,0.0,2.0,0.798458,0.0,1.0,0-1,0.88439,0.092266,3.0,0-2,0.0,2.0,0.792124,0.0,1.0,0-1,0.877319,0.091528,3.0,0-2,0.0,2.0,0.785791,0.0,1.0,0-1,0.870248,0.090791,3.0,0-2,0.0,2.0,0.779457,0.0,1.0,0-1,0.863176,0.090053,3.0,0-2,0.0,2.0,0.773123
2018,2018-06-28T20:00:00+02:00,G,47,England,Belgium,0,1,0.383729,0.304163,0.312108,1.1876,1.0443,0.396082,0.340865,0.263053,0.049056,home,home,False,-0.012353,-0.036703,0.049056,1,0,1-0,0.622319,0.004846,2,1,2-1,0.617474,0,1.0,1.0,1-1,0.657481,0.015096,0.0,1-0,1.0,0.0,0.642384,1.0,1.0,1-1,0.653941,0.012559,0.0,1-0,1.0,0.0,0.641383,1.0,1.0,1-1,0.650401,0.010021,0.0,1-0,1.0,0.0,0.640381,1.0,1.0,1-1,0.646862,0.007483,0.0,1-0,1.0,0.0,0.639379,1.0,1.0,1-1,0.643322,0.004945,0.0,1-0,1.0,0.0,0.638377,1.0,1.0,1-1,0.639782,0.002407,0.0,1-0,1.0,0.0,0.637376,1.0,0.0,1-0,0.636374,0.000131,0.0,1-1,1.0,1.0,0.636243,1.0,0.0,1-0,0.635372,0.002669,0.0,1-1,1.0,1.0,0.632703,1.0,0.0,1-0,0.63437,0.004939,0.0,2-1,2.0,1.0,0.629431,1.0,0.0,1-0,0.633369,0.004932,0.0,2-1,2.0,1.0,0.628437,1.0,0.0,1-0,0.632367,0.004924,0.0,2-1,2.0,1.0,0.627443,1.0,0.0,1-0,0.631365,0.004916,0.0,2-1,2.0,1.0,0.626449,1.0,0.0,1-0,0.630363,0.004908,0.0,2-1,2.0,1.0,0.625455,1.0,0.0,1-0,0.629362,0.0049,0.0,2-1,2.0,1.0,0.624461,1.0,0.0,1-0,0.62836,0.004893,0.0,2-1,2.0,1.0,0.623467,1.0,0.0,1-0,0.627358,0.004885,0.0,2-1,2.0,1.0,0.622473,1.0,0.0,1-0,0.626356,0.004877,0.0,2-1,2.0,1.0,0.621479,1.0,0.0,1-0,0.625355,0.004869,0.0,2-1,2.0,1.0,0.620485,1.0,0.0,1-0,0.624353,0.004861,0.0,2-1,2.0,1.0,0.619491,1.0,0.0,1-0,0.623351,0.004854,0.0,2-1,2.0,1.0,0.618497,1.0,0.0,1-0,0.622349,0.004846,0.0,2-1,2.0,1.0,0.617503
2018,2018-06-28T21:00:00+03:00,G,48,Panama,Tunisia,1,2,0.245834,0.321665,0.432501,0.8009,1.1564,0.221126,0.258515,0.520358,0.087857,away,away,False,0.024707,0.06315,-0.087857,0,1,0-1,0.743112,0.046112,0,2,0-2,0.697,1,0.0,1.0,0-1,0.894093,0.055481,1.0,0-2,0.0,2.0,0.838612,0.0,1.0,0-1,0.886545,0.055013,1.0,0-2,0.0,2.0,0.831533,0.0,1.0,0-1,0.878997,0.054544,1.0,0-2,0.0,2.0,0.824453,0.0,1.0,0-1,0.87145,0.054076,1.0,0-2,0.0,2.0,0.817374,0.0,1.0,0-1,0.863902,0.053608,1.0,0-2,0.0,2.0,0.810294,0.0,1.0,0-1,0.856354,0.053139,1.0,0-2,0.0,2.0,0.803215,0.0,1.0,0-1,0.848806,0.052671,1.0,0-2,0.0,2.0,0.796135,0.0,1.0,0-1,0.841258,0.052202,1.0,0-2,0.0,2.0,0.789055,0.0,1.0,0-1,0.83371,0.051734,1.0,0-2,0.0,2.0,0.781976,0.0,1.0,0-1,0.826162,0.051266,1.0,0-2,0.0,2.0,0.774896,0.0,1.0,0-1,0.818614,0.050797,1.0,0-2,0.0,2.0,0.767817,0.0,1.0,0-1,0.811066,0.050329,1.0,0-2,0.0,2.0,0.760737,0.0,1.0,0-1,0.803518,0.049861,1.0,0-2,0.0,2.0,0.753658,0.0,1.0,0-1,0.795971,0.049392,1.0,0-2,0.0,2.0,0.746578,0.0,1.0,0-1,0.788423,0.048924,1.0,0-2,0.0,2.0,0.739499,0.0,1.0,0-1,0.780875,0.048456,1.0,0-2,0.0,2.0,0.732419,0.0,1.0,0-1,0.773327,0.047987,1.0,0-2,0.0,2.0,0.72534,0.0,1.0,0-1,0.765779,0.047519,1.0,0-2,0.0,2.0,0.71826,0.0,1.0,0-1,0.758231,0.04705,1.0,0-2,0.0,2.0,0.711181,0.0,1.0,0-1,0.750683,0.046582,1.0,0-2,0.0,2.0,0.704101,0.0,1.0,0-1,0.743135,0.046114,1.0,0-2,0.0,2.0,0.697021
2018,2018-06-30T17:00:00+03:00,8,49,France,Argentina,4,3,0.257349,0.307862,0.434788,0.8854,1.2345,0.400205,0.309922,0.289873,0.144915,away,home,True,-0.142856,-0.00206,0.144915,0,1,0-1,0.715094,0.016388,0,2,0-2,0.698705,0,1.0,0.0,1-0,0.705805,0.05176,1.0,2-1,2.0,1.0,0.654045,1.0,0.0,1-0,0.693208,0.050836,1.0,2-1,2.0,1.0,0.642371,1.0,0.0,1-0,0.680611,0.049913,1.0,2-1,2.0,1.0,0.630698,1.0,0.0,1-0,0.668014,0.048989,1.0,2-1,2.0,1.0,0.619025,1.0,0.0,1-0,0.655417,0.048065,1.0,2-1,2.0,1.0,0.607351,1.0,0.0,1-0,0.642819,0.047141,1.0,2-1,2.0,1.0,0.595678,1.0,0.0,1-0,0.630222,0.041108,1.0,1-1,1.0,1.0,0.589114,1.0,0.0,1-0,0.617625,0.028707,1.0,1-1,1.0,1.0,0.588918,1.0,0.0,1-0,0.605028,0.016307,1.0,1-1,1.0,1.0,0.588722,1.0,0.0,1-0,0.592431,0.003906,1.0,1-1,1.0,1.0,0.588526,0.0,1.0,0-1,0.595952,0.007623,0.0,1-1,1.0,1.0,0.588329,0.0,1.0,0-1,0.60787,0.013931,0.0,0-2,0.0,2.0,0.593939,0.0,1.0,0-1,0.619788,0.014204,0.0,0-2,0.0,2.0,0.605584,0.0,1.0,0-1,0.631705,0.014477,0.0,0-2,0.0,2.0,0.617228,0.0,1.0,0-1,0.643623,0.01475,0.0,0-2,0.0,2.0,0.628873,0.0,1.0,0-1,0.655541,0.015023,0.0,0-2,0.0,2.0,0.640517,0.0,1.0,0-1,0.667458,0.015296,0.0,0-2,0.0,2.0,0.652162,0.0,1.0,0-1,0.679376,0.01557,0.0,0-2,0.0,2.0,0.663806,0.0,1.0,0-1,0.691294,0.015843,0.0,0-2,0.0,2.0,0.675451,0.0,1.0,0-1,0.703211,0.016116,0.0,0-2,0.0,2.0,0.687095,0.0,1.0,0-1,0.715129,0.016389,0.0,0-2,0.0,2.0,0.69874
2018,2018-06-30T21:00:00+03:00,8,50,Uruguay,Portugal,2,1,0.317979,0.305696,0.376325,1.0503,1.1667,0.318507,0.326154,0.35534,0.020986,away,away,False,-0.000527,-0.020458,0.020986,0,1,0-1,0.614146,0.007959,1,2,1-2,0.606187,0,1.0,1.0,1-1,0.628454,0.048529,0.0,0-1,0.0,1.0,0.579925,1.0,1.0,1-1,0.626483,0.044845,0.0,0-1,0.0,1.0,0.581637,1.0,1.0,1-1,0.624512,0.041162,0.0,0-1,0.0,1.0,0.583349,1.0,1.0,1-1,0.622541,0.037479,0.0,0-1,0.0,1.0,0.585062,1.0,1.0,1-1,0.62057,0.033795,0.0,0-1,0.0,1.0,0.586774,1.0,1.0,1-1,0.618599,0.030112,0.0,0-1,0.0,1.0,0.588487,1.0,1.0,1-1,0.616628,0.026428,0.0,0-1,0.0,1.0,0.590199,1.0,1.0,1-1,0.614657,0.022745,0.0,0-1,0.0,1.0,0.591912,1.0,1.0,1-1,0.612686,0.019061,0.0,0-1,0.0,1.0,0.593624,1.0,1.0,1-1,0.610715,0.015378,0.0,0-1,0.0,1.0,0.595337,1.0,1.0,1-1,0.608744,0.011694,0.0,0-1,0.0,1.0,0.597049,1.0,1.0,1-1,0.606773,0.008011,0.0,0-1,0.0,1.0,0.598762,1.0,1.0,1-1,0.604802,0.004328,0.0,0-1,0.0,1.0,0.600474,1.0,1.0,1-1,0.602831,0.000644,0.0,0-1,0.0,1.0,0.602186,0.0,1.0,0-1,0.603899,0.003039,0.0,1-1,1.0,1.0,0.60086,0.0,1.0,0-1,0.605611,0.006723,0.0,1-1,1.0,1.0,0.598889,0.0,1.0,0-1,0.607324,0.00787,0.0,1-2,1.0,2.0,0.599453,0.0,1.0,0-1,0.609036,0.007893,0.0,1-2,1.0,2.0,0.601144,0.0,1.0,0-1,0.610749,0.007915,0.0,1-2,1.0,2.0,0.602834,0.0,1.0,0-1,0.612461,0.007937,0.0,1-2,1.0,2.0,0.604524,0.0,1.0,0-1,0.614174,0.007959,0.0,1-2,1.0,2.0,0.606215
2018,2018-07-01T17:00:00+03:00,8,51,Spain,Russia,1,1,0.656482,0.227265,0.116253,1.8431,0.6392,0.616493,0.234366,0.149141,0.039989,home,home,False,0.039989,-0.007101,-0.032888,2,0,2-0,1.03058,0.051196,2,1,2-1,0.979384,0,2.0,0.0,2-0,0.968436,0.048109,0.0,2-1,2.0,1.0,0.920328,2.0,0.0,2-0,0.971577,0.048265,0.0,2-1,2.0,1.0,0.923313,2.0,0.0,2-0,0.974718,0.048421,0.0,2-1,2.0,1.0,0.926298,2.0,0.0,2-0,0.977859,0.048577,0.0,2-1,2.0,1.0,0.929283,2.0,0.0,2-0,0.981,0.048733,0.0,2-1,2.0,1.0,0.932267,2.0,0.0,2-0,0.984141,0.048889,0.0,2-1,2.0,1.0,0.935252,2.0,0.0,2-0,0.987282,0.049045,0.0,2-1,2.0,1.0,0.938237,2.0,0.0,2-0,0.990423,0.049201,0.0,2-1,2.0,1.0,0.941222,2.0,0.0,2-0,0.993564,0.049357,0.0,2-1,2.0,1.0,0.944207,2.0,0.0,2-0,0.996704,0.049513,0.0,2-1,2.0,1.0,0.947192,2.0,0.0,2-0,0.999845,0.049669,0.0,2-1,2.0,1.0,0.950177,2.0,0.0,2-0,1.002986,0.049825,0.0,2-1,2.0,1.0,0.953161,2.0,0.0,2-0,1.006127,0.049981,0.0,2-1,2.0,1.0,0.956146,2.0,0.0,2-0,1.009268,0.050137,0.0,2-1,2.0,1.0,0.959131,2.0,0.0,2-0,1.012409,0.050293,0.0,2-1,2.0,1.0,0.962116,2.0,0.0,2-0,1.01555,0.050449,0.0,2-1,2.0,1.0,0.965101,2.0,0.0,2-0,1.018691,0.050605,0.0,2-1,2.0,1.0,0.968086,2.0,0.0,2-0,1.021832,0.050761,0.0,2-1,2.0,1.0,0.971071,2.0,0.0,2-0,1.024973,0.050917,0.0,2-1,2.0,1.0,0.974056,2.0,0.0,2-0,1.028113,0.051073,0.0,2-1,2.0,1.0,0.97704,2.0,0.0,2-0,1.031254,0.051229,0.0,2-1,2.0,1.0,0.980025
2018,2018-07-01T21:00:00+03:00,8,52,Croatia,Denmark,1,1,0.372744,0.322811,0.304445,1.0724,0.9415,0.491335,0.300796,0.207869,0.118591,home,home,False,-0.118591,0.022016,0.096576,1,0,1-0,0.642479,0.033656,1,1,1-1,0.608823,0,1.0,0.0,1-0,0.846908,0.05799,0.0,2-0,2.0,0.0,0.788917,1.0,0.0,1-0,0.836687,0.05729,0.0,2-0,2.0,0.0,0.779396,1.0,0.0,1-0,0.826466,0.056591,0.0,2-0,2.0,0.0,0.769876,1.0,0.0,1-0,0.816245,0.055891,0.0,2-0,2.0,0.0,0.760355,1.0,0.0,1-0,0.806025,0.055191,0.0,2-0,2.0,0.0,0.750834,1.0,0.0,1-0,0.795804,0.054491,0.0,2-0,2.0,0.0,0.741313,1.0,0.0,1-0,0.785583,0.053791,0.0,2-0,2.0,0.0,0.731792,1.0,0.0,1-0,0.775363,0.053091,0.0,2-0,2.0,0.0,0.722271,1.0,0.0,1-0,0.765142,0.052392,0.0,2-0,2.0,0.0,0.71275,1.0,0.0,1-0,0.754921,0.051692,0.0,2-0,2.0,0.0,0.70323,1.0,0.0,1-0,0.744701,0.050992,0.0,2-0,2.0,0.0,0.693709,1.0,0.0,1-0,0.73448,0.050292,0.0,2-0,2.0,0.0,0.684188,1.0,0.0,1-0,0.724259,0.049592,0.0,2-0,2.0,0.0,0.674667,1.0,0.0,1-0,0.714039,0.048892,0.0,2-0,2.0,0.0,0.665146,1.0,0.0,1-0,0.703818,0.048192,0.0,2-0,2.0,0.0,0.655625,1.0,0.0,1-0,0.693597,0.047493,0.0,2-0,2.0,0.0,0.646104,1.0,0.0,1-0,0.683376,0.046793,0.0,2-0,2.0,0.0,0.636584,1.0,0.0,1-0,0.673156,0.046093,0.0,2-0,2.0,0.0,0.627063,1.0,0.0,1-0,0.662935,0.045393,0.0,2-0,2.0,0.0,0.617542,1.0,0.0,1-0,0.652714,0.044693,0.0,2-0,2.0,0.0,0.608021,1.0,0.0,1-0,0.642494,0.033657,0.0,1-1,1.0,1.0,0.608837
2018,2018-07-02T18:00:00+03:00,8,53,Brazil,Mexico,2,0,0.684981,0.202749,0.11227,2.091,0.7253,0.659631,0.216743,0.123625,0.025349,home,home,False,0.025349,-0.013994,-0.011356,2,0,2-0,1.040437,0.035933,2,1,2-1,1.004505,3,2.0,0.0,2-0,1.003386,0.034653,3.0,2-1,2.0,1.0,0.968733,2.0,0.0,2-0,1.005314,0.03472,3.0,2-1,2.0,1.0,0.970595,2.0,0.0,2-0,1.007242,0.034786,3.0,2-1,2.0,1.0,0.972456,2.0,0.0,2-0,1.00917,0.034853,3.0,2-1,2.0,1.0,0.974317,2.0,0.0,2-0,1.011098,0.034919,3.0,2-1,2.0,1.0,0.976179,2.0,0.0,2-0,1.013026,0.034986,3.0,2-1,2.0,1.0,0.97804,2.0,0.0,2-0,1.014954,0.035052,3.0,2-1,2.0,1.0,0.979902,2.0,0.0,2-0,1.016882,0.035119,3.0,2-1,2.0,1.0,0.981763,2.0,0.0,2-0,1.01881,0.035186,3.0,2-1,2.0,1.0,0.983624,2.0,0.0,2-0,1.020738,0.035252,3.0,2-1,2.0,1.0,0.985486,2.0,0.0,2-0,1.022666,0.035319,3.0,2-1,2.0,1.0,0.987347,2.0,0.0,2-0,1.024594,0.035385,3.0,2-1,2.0,1.0,0.989209,2.0,0.0,2-0,1.026522,0.035452,3.0,2-1,2.0,1.0,0.99107,2.0,0.0,2-0,1.02845,0.035519,3.0,2-1,2.0,1.0,0.992931,2.0,0.0,2-0,1.030378,0.035585,3.0,2-1,2.0,1.0,0.994793,2.0,0.0,2-0,1.032306,0.035652,3.0,2-1,2.0,1.0,0.996654,2.0,0.0,2-0,1.034234,0.035718,3.0,2-1,2.0,1.0,0.998516,2.0,0.0,2-0,1.036162,0.035785,3.0,2-1,2.0,1.0,1.000377,2.0,0.0,2-0,1.03809,0.035852,3.0,2-1,2.0,1.0,1.002238,2.0,0.0,2-0,1.040018,0.035918,3.0,2-1,2.0,1.0,1.0041,2.0,0.0,2-0,1.041946,0.035985,3.0,2-1,2.0,1.0,1.005961
2018,2018-07-02T21:00:00+03:00,8,54,Belgium,Japan,3,2,0.577306,0.239434,0.18326,1.8359,0.9407,0.687434,0.203794,0.108772,0.110128,home,home,False,-0.110128,0.03564,0.074488,2,0,2-0,0.885427,0.006216,2,1,2-1,0.879211,1,2.0,0.0,2-0,1.055012,0.007407,1.0,2-1,2.0,1.0,1.047605,2.0,0.0,2-0,1.046561,0.007347,1.0,2-1,2.0,1.0,1.039214,2.0,0.0,2-0,1.038111,0.007288,1.0,2-1,2.0,1.0,1.030822,2.0,0.0,2-0,1.02966,0.007229,1.0,2-1,2.0,1.0,1.022431,2.0,0.0,2-0,1.021209,0.007169,1.0,2-1,2.0,1.0,1.01404,2.0,0.0,2-0,1.012758,0.00711,1.0,2-1,2.0,1.0,1.005648,2.0,0.0,2-0,1.004308,0.007051,1.0,2-1,2.0,1.0,0.997257,2.0,0.0,2-0,0.995857,0.006991,1.0,2-1,2.0,1.0,0.988865,2.0,0.0,2-0,0.987406,0.006932,1.0,2-1,2.0,1.0,0.980474,2.0,0.0,2-0,0.978955,0.006873,1.0,2-1,2.0,1.0,0.972083,2.0,0.0,2-0,0.970505,0.006813,1.0,2-1,2.0,1.0,0.963691,2.0,0.0,2-0,0.962054,0.006754,1.0,2-1,2.0,1.0,0.9553,2.0,0.0,2-0,0.953603,0.006695,1.0,2-1,2.0,1.0,0.946908,2.0,0.0,2-0,0.945153,0.006635,1.0,2-1,2.0,1.0,0.938517,2.0,0.0,2-0,0.936702,0.006576,1.0,2-1,2.0,1.0,0.930126,2.0,0.0,2-0,0.928251,0.006517,1.0,2-1,2.0,1.0,0.921734,2.0,0.0,2-0,0.9198,0.006458,1.0,2-1,2.0,1.0,0.913343,2.0,0.0,2-0,0.91135,0.006398,1.0,2-1,2.0,1.0,0.904951,2.0,0.0,2-0,0.902899,0.006339,1.0,2-1,2.0,1.0,0.89656,2.0,0.0,2-0,0.894448,0.00628,1.0,2-1,2.0,1.0,0.888169,2.0,0.0,2-0,0.885997,0.00622,1.0,2-1,2.0,1.0,0.879777
2018,2018-07-03T17:00:00+03:00,8,55,Sweden,Switzerland,1,0,0.335151,0.321312,0.343537,1.0124,1.0286,0.286772,0.328692,0.384536,0.048379,away,away,False,0.048379,-0.00738,-0.040998,1,1,1-1,0.608414,0.010745,0,0,0-0,0.597669,0,0.0,1.0,0-1,0.665109,0.042706,0.0,1-1,1.0,1.0,0.622403,0.0,1.0,0-1,0.661563,0.039859,0.0,1-1,1.0,1.0,0.621705,0.0,1.0,0-1,0.658018,0.037012,0.0,1-1,1.0,1.0,0.621006,0.0,1.0,0-1,0.654472,0.034165,0.0,1-1,1.0,1.0,0.620307,0.0,1.0,0-1,0.650926,0.031318,0.0,1-1,1.0,1.0,0.619608,0.0,1.0,0-1,0.647381,0.028471,0.0,1-1,1.0,1.0,0.61891,0.0,1.0,0-1,0.643835,0.025624,0.0,1-1,1.0,1.0,0.618211,0.0,1.0,0-1,0.640289,0.022777,0.0,1-1,1.0,1.0,0.617512,0.0,1.0,0-1,0.636744,0.01993,0.0,1-1,1.0,1.0,0.616813,0.0,1.0,0-1,0.633198,0.017084,0.0,1-1,1.0,1.0,0.616115,0.0,1.0,0-1,0.629652,0.014237,0.0,1-1,1.0,1.0,0.615416,0.0,1.0,0-1,0.626107,0.01139,0.0,1-1,1.0,1.0,0.614717,0.0,1.0,0-1,0.622561,0.008543,0.0,1-1,1.0,1.0,0.614018,0.0,1.0,0-1,0.619016,0.005696,0.0,1-1,1.0,1.0,0.613319,0.0,1.0,0-1,0.61547,0.002849,0.0,1-1,1.0,1.0,0.612621,0.0,1.0,0-1,0.611924,2e-06,0.0,1-1,1.0,1.0,0.611922,1.0,1.0,1-1,0.611223,0.002845,0.0,0-1,0.0,1.0,0.608379,1.0,1.0,1-1,0.610524,0.005691,0.0,0-1,0.0,1.0,0.604833,1.0,1.0,1-1,0.609826,0.008538,0.0,0-1,0.0,1.0,0.601287,1.0,1.0,1-1,0.609127,0.010757,0.0,0-0,0.0,0.0,0.59837,1.0,1.0,1-1,0.608428,0.010745,0.0,0-0,0.0,0.0,0.597683
2018,2018-07-03T21:00:00+03:00,8,56,Colombia,England,1,1,0.334522,0.356987,0.308491,0.8714,0.8248,0.235707,0.310931,0.453362,0.144871,draw,away,True,0.098815,0.046056,-0.144871,0,0,0-0,0.73989,0.101931,1,0,1-0,0.637959,1,0.0,1.0,0-1,0.874223,0.157625,0.0,0-2,0.0,2.0,0.716599,0.0,1.0,0-1,0.860256,0.155106,0.0,0-2,0.0,2.0,0.705149,0.0,1.0,0-1,0.846288,0.152588,0.0,0-2,0.0,2.0,0.6937,0.0,1.0,0-1,0.83232,0.150069,0.0,0-2,0.0,2.0,0.68225,0.0,1.0,0-1,0.818352,0.147551,0.0,0-2,0.0,2.0,0.670801,0.0,1.0,0-1,0.804384,0.136081,0.0,0-0,0.0,0.0,0.668303,0.0,1.0,0-1,0.790416,0.11734,0.0,0-0,0.0,0.0,0.673076,0.0,1.0,0-1,0.776448,0.0986,0.0,0-0,0.0,0.0,0.677849,0.0,1.0,0-1,0.762481,0.079859,0.0,0-0,0.0,0.0,0.682621,0.0,1.0,0-1,0.748513,0.061119,0.0,0-0,0.0,0.0,0.687394,0.0,1.0,0-1,0.734545,0.042378,0.0,0-0,0.0,0.0,0.692167,0.0,1.0,0-1,0.720577,0.023637,0.0,0-0,0.0,0.0,0.69694,0.0,1.0,0-1,0.706609,0.004897,0.0,0-0,0.0,0.0,0.701713,0.0,0.0,0-0,0.706485,0.013844,1.0,0-1,0.0,1.0,0.692641,0.0,0.0,0-0,0.711258,0.032585,1.0,0-1,0.0,1.0,0.678673,0.0,0.0,0-0,0.716031,0.051325,1.0,0-1,0.0,1.0,0.664706,0.0,0.0,0-0,0.720804,0.070066,1.0,0-1,0.0,1.0,0.650738,0.0,0.0,0-0,0.725577,0.088807,1.0,0-1,0.0,1.0,0.63677,0.0,0.0,0-0,0.730349,0.101832,1.0,1-1,1.0,1.0,0.628517,0.0,0.0,0-0,0.735122,0.102498,1.0,1-1,1.0,1.0,0.632625,0.0,0.0,0-0,0.739895,0.101932,1.0,1-0,1.0,0.0,0.637963
2018,2018-07-06T17:00:00+03:00,4,57,Uruguay,France,0,2,0.293436,0.300412,0.406152,1.0167,1.2438,0.206082,0.309749,0.484169,0.087353,away,away,False,0.087353,-0.009337,-0.078017,1,2,1-2,0.650849,0.001345,0,2,0-2,0.649504,2,1.0,2.0,1-2,0.775914,0.001603,2.0,0-2,0.0,2.0,0.774311,1.0,2.0,1-2,0.769663,0.00159,2.0,0-2,0.0,2.0,0.768073,1.0,2.0,1-2,0.763412,0.001577,2.0,0-2,0.0,2.0,0.761834,1.0,2.0,1-2,0.75716,0.001564,2.0,0-2,0.0,2.0,0.755596,1.0,2.0,1-2,0.750909,0.001551,2.0,0-2,0.0,2.0,0.749358,1.0,2.0,1-2,0.744658,0.001538,2.0,0-2,0.0,2.0,0.743119,1.0,2.0,1-2,0.738406,0.001526,2.0,0-2,0.0,2.0,0.736881,1.0,2.0,1-2,0.732155,0.001513,2.0,0-2,0.0,2.0,0.730642,1.0,2.0,1-2,0.725903,0.0015,2.0,0-2,0.0,2.0,0.724404,1.0,2.0,1-2,0.719652,0.001487,2.0,0-2,0.0,2.0,0.718165,1.0,2.0,1-2,0.713401,0.001474,2.0,0-2,0.0,2.0,0.711927,1.0,2.0,1-2,0.707149,0.001461,2.0,0-2,0.0,2.0,0.705688,1.0,2.0,1-2,0.700898,0.001448,2.0,0-2,0.0,2.0,0.69945,1.0,2.0,1-2,0.694647,0.001435,2.0,0-2,0.0,2.0,0.693211,1.0,2.0,1-2,0.688395,0.001422,2.0,0-2,0.0,2.0,0.686973,1.0,2.0,1-2,0.682144,0.001409,2.0,0-2,0.0,2.0,0.680735,1.0,2.0,1-2,0.675892,0.001396,2.0,0-2,0.0,2.0,0.674496,1.0,2.0,1-2,0.669641,0.001383,2.0,0-2,0.0,2.0,0.668258,1.0,2.0,1-2,0.66339,0.001371,2.0,0-2,0.0,2.0,0.662019,1.0,2.0,1-2,0.657138,0.001358,2.0,0-2,0.0,2.0,0.655781,1.0,2.0,1-2,0.650887,0.001345,2.0,0-2,0.0,2.0,0.649542
2018,2018-07-06T21:00:00+03:00,4,58,Brazil,Belgium,1,2,0.566448,0.246027,0.187525,1.7714,0.9243,0.458902,0.281151,0.259946,0.107546,home,home,False,0.107546,-0.035125,-0.072421,2,0,2-0,0.875824,0.008014,2,1,2-1,0.86781,0,2.0,0.0,2-0,0.709903,0.006495,0.0,2-1,2.0,1.0,0.703408,2.0,0.0,2-0,0.718222,0.006572,0.0,2-1,2.0,1.0,0.71165,2.0,0.0,2-0,0.72654,0.006648,0.0,2-1,2.0,1.0,0.719893,2.0,0.0,2-0,0.734859,0.006724,0.0,2-1,2.0,1.0,0.728135,2.0,0.0,2-0,0.743177,0.0068,0.0,2-1,2.0,1.0,0.736377,2.0,0.0,2-0,0.751496,0.006876,0.0,2-1,2.0,1.0,0.74462,2.0,0.0,2-0,0.759814,0.006952,0.0,2-1,2.0,1.0,0.752862,2.0,0.0,2-0,0.768133,0.007028,0.0,2-1,2.0,1.0,0.761104,2.0,0.0,2-0,0.776451,0.007104,0.0,2-1,2.0,1.0,0.769347,2.0,0.0,2-0,0.784769,0.00718,0.0,2-1,2.0,1.0,0.777589,2.0,0.0,2-0,0.793088,0.007257,0.0,2-1,2.0,1.0,0.785831,2.0,0.0,2-0,0.801406,0.007333,0.0,2-1,2.0,1.0,0.794074,2.0,0.0,2-0,0.809725,0.007409,0.0,2-1,2.0,1.0,0.802316,2.0,0.0,2-0,0.818043,0.007485,0.0,2-1,2.0,1.0,0.810558,2.0,0.0,2-0,0.826362,0.007561,0.0,2-1,2.0,1.0,0.818801,2.0,0.0,2-0,0.83468,0.007637,0.0,2-1,2.0,1.0,0.827043,2.0,0.0,2-0,0.842999,0.007713,0.0,2-1,2.0,1.0,0.835285,2.0,0.0,2-0,0.851317,0.007789,0.0,2-1,2.0,1.0,0.843528,2.0,0.0,2-0,0.859636,0.007865,0.0,2-1,2.0,1.0,0.85177,2.0,0.0,2-0,0.867954,0.007942,0.0,2-1,2.0,1.0,0.860013,2.0,0.0,2-0,0.876273,0.008018,0.0,2-1,2.0,1.0,0.868255
2018,2018-07-07T18:00:00+03:00,4,59,Sweden,England,0,2,0.236648,0.314383,0.448969,0.8012,1.211,0.186488,0.286812,0.5267,0.077731,away,away,False,0.05016,0.027571,-0.077731,0,1,0-1,0.756868,0.033311,0,2,0-2,0.723557,1,0.0,1.0,0-1,0.887943,0.03908,1.0,0-2,0.0,2.0,0.848863,0.0,1.0,0-1,0.88139,0.038791,1.0,0-2,0.0,2.0,0.842599,0.0,1.0,0-1,0.874838,0.038503,1.0,0-2,0.0,2.0,0.836336,0.0,1.0,0-1,0.868286,0.038214,1.0,0-2,0.0,2.0,0.830072,0.0,1.0,0-1,0.861734,0.037926,1.0,0-2,0.0,2.0,0.823808,0.0,1.0,0-1,0.855182,0.037638,1.0,0-2,0.0,2.0,0.817544,0.0,1.0,0-1,0.84863,0.037349,1.0,0-2,0.0,2.0,0.81128,0.0,1.0,0-1,0.842077,0.037061,1.0,0-2,0.0,2.0,0.805016,0.0,1.0,0-1,0.835525,0.036773,1.0,0-2,0.0,2.0,0.798753,0.0,1.0,0-1,0.828973,0.036484,1.0,0-2,0.0,2.0,0.792489,0.0,1.0,0-1,0.822421,0.036196,1.0,0-2,0.0,2.0,0.786225,0.0,1.0,0-1,0.815869,0.035907,1.0,0-2,0.0,2.0,0.779961,0.0,1.0,0-1,0.809317,0.035619,1.0,0-2,0.0,2.0,0.773697,0.0,1.0,0-1,0.802764,0.035331,1.0,0-2,0.0,2.0,0.767434,0.0,1.0,0-1,0.796212,0.035042,1.0,0-2,0.0,2.0,0.76117,0.0,1.0,0-1,0.78966,0.034754,1.0,0-2,0.0,2.0,0.754906,0.0,1.0,0-1,0.783108,0.034466,1.0,0-2,0.0,2.0,0.748642,0.0,1.0,0-1,0.776556,0.034177,1.0,0-2,0.0,2.0,0.742378,0.0,1.0,0-1,0.770003,0.033889,1.0,0-2,0.0,2.0,0.736115,0.0,1.0,0-1,0.763451,0.033601,1.0,0-2,0.0,2.0,0.729851,0.0,1.0,0-1,0.756899,0.033312,1.0,0-2,0.0,2.0,0.723587
2018,2018-07-07T21:00:00+03:00,4,60,Russia,Croatia,2,2,0.251004,0.310905,0.438091,0.8553,1.2204,0.236612,0.30528,0.458107,0.020016,away,away,False,0.014392,0.005624,-0.020016,0,1,0-1,0.728291,0.023435,0,2,0-2,0.704856,0,0.0,1.0,0-1,0.761601,0.024507,0.0,0-2,0.0,2.0,0.737094,0.0,1.0,0-1,0.759937,0.024453,0.0,0-2,0.0,2.0,0.735483,0.0,1.0,0-1,0.758273,0.0244,0.0,0-2,0.0,2.0,0.733873,0.0,1.0,0-1,0.756609,0.024346,0.0,0-2,0.0,2.0,0.732263,0.0,1.0,0-1,0.754945,0.024293,0.0,0-2,0.0,2.0,0.730652,0.0,1.0,0-1,0.753281,0.024239,0.0,0-2,0.0,2.0,0.729042,0.0,1.0,0-1,0.751617,0.024186,0.0,0-2,0.0,2.0,0.727432,0.0,1.0,0-1,0.749953,0.024132,0.0,0-2,0.0,2.0,0.725821,0.0,1.0,0-1,0.74829,0.024078,0.0,0-2,0.0,2.0,0.724211,0.0,1.0,0-1,0.746626,0.024025,0.0,0-2,0.0,2.0,0.722601,0.0,1.0,0-1,0.744962,0.023971,0.0,0-2,0.0,2.0,0.72099,0.0,1.0,0-1,0.743298,0.023918,0.0,0-2,0.0,2.0,0.71938,0.0,1.0,0-1,0.741634,0.023864,0.0,0-2,0.0,2.0,0.71777,0.0,1.0,0-1,0.73997,0.023811,0.0,0-2,0.0,2.0,0.71616,0.0,1.0,0-1,0.738306,0.023757,0.0,0-2,0.0,2.0,0.714549,0.0,1.0,0-1,0.736643,0.023704,0.0,0-2,0.0,2.0,0.712939,0.0,1.0,0-1,0.734979,0.02365,0.0,0-2,0.0,2.0,0.711329,0.0,1.0,0-1,0.733315,0.023597,0.0,0-2,0.0,2.0,0.709718,0.0,1.0,0-1,0.731651,0.023543,0.0,0-2,0.0,2.0,0.708108,0.0,1.0,0-1,0.729987,0.02349,0.0,0-2,0.0,2.0,0.706498,0.0,1.0,0-1,0.728323,0.023436,0.0,0-2,0.0,2.0,0.704887
2018,2018-07-10T21:00:00+03:00,2,61,France,Belgium,1,0,0.402482,0.291212,0.306306,1.2965,1.098,0.373494,0.307488,0.319018,0.028988,home,home,False,0.028988,-0.016276,-0.012712,2,1,2-1,0.647469,0.007515,2,0,2-0,0.639955,1,2.0,1.0,2-1,0.600886,0.002358,1.0,1-1,1.0,1.0,0.598528,2.0,1.0,2-1,0.603218,0.006274,1.0,1-1,1.0,1.0,0.596944,2.0,1.0,2-1,0.60555,0.007028,1.0,2-0,2.0,0.0,0.598522,2.0,1.0,2-1,0.607882,0.007055,1.0,2-0,2.0,0.0,0.600826,2.0,1.0,2-1,0.610214,0.007082,1.0,2-0,2.0,0.0,0.603131,2.0,1.0,2-1,0.612545,0.007109,1.0,2-0,2.0,0.0,0.605436,2.0,1.0,2-1,0.614877,0.007136,1.0,2-0,2.0,0.0,0.607741,2.0,1.0,2-1,0.617209,0.007164,1.0,2-0,2.0,0.0,0.610046,2.0,1.0,2-1,0.619541,0.007191,1.0,2-0,2.0,0.0,0.61235,2.0,1.0,2-1,0.621873,0.007218,1.0,2-0,2.0,0.0,0.614655,2.0,1.0,2-1,0.624205,0.007245,1.0,2-0,2.0,0.0,0.61696,2.0,1.0,2-1,0.626536,0.007272,1.0,2-0,2.0,0.0,0.619265,2.0,1.0,2-1,0.628868,0.007299,1.0,2-0,2.0,0.0,0.621569,2.0,1.0,2-1,0.6312,0.007326,1.0,2-0,2.0,0.0,0.623874,2.0,1.0,2-1,0.633532,0.007353,1.0,2-0,2.0,0.0,0.626179,2.0,1.0,2-1,0.635864,0.00738,1.0,2-0,2.0,0.0,0.628484,2.0,1.0,2-1,0.638196,0.007407,1.0,2-0,2.0,0.0,0.630789,2.0,1.0,2-1,0.640527,0.007434,1.0,2-0,2.0,0.0,0.633093,2.0,1.0,2-1,0.642859,0.007461,1.0,2-0,2.0,0.0,0.635398,2.0,1.0,2-1,0.645191,0.007488,1.0,2-0,2.0,0.0,0.637703,2.0,1.0,2-1,0.647523,0.007515,1.0,2-0,2.0,0.0,0.640008
2018,2018-07-11T21:00:00+03:00,2,62,Croatia,England,2,1,0.255654,0.327916,0.41643,0.805,1.1079,0.251361,0.3227,0.425939,0.009509,away,away,False,0.004293,0.005216,-0.009509,0,1,0-1,0.727455,0.056866,0,2,0-2,0.670589,0,0.0,1.0,0-1,0.744084,0.058166,0.0,0-2,0.0,2.0,0.685918,0.0,1.0,0-1,0.743253,0.058101,0.0,0-2,0.0,2.0,0.685152,0.0,1.0,0-1,0.742423,0.058036,0.0,0-2,0.0,2.0,0.684387,0.0,1.0,0-1,0.741592,0.057971,0.0,0-2,0.0,2.0,0.683621,0.0,1.0,0-1,0.740761,0.057906,0.0,0-2,0.0,2.0,0.682855,0.0,1.0,0-1,0.739931,0.057841,0.0,0-2,0.0,2.0,0.68209,0.0,1.0,0-1,0.7391,0.057776,0.0,0-2,0.0,2.0,0.681324,0.0,1.0,0-1,0.73827,0.057711,0.0,0-2,0.0,2.0,0.680558,0.0,1.0,0-1,0.737439,0.057646,0.0,0-2,0.0,2.0,0.679793,0.0,1.0,0-1,0.736608,0.057581,0.0,0-2,0.0,2.0,0.679027,0.0,1.0,0-1,0.735778,0.057516,0.0,0-2,0.0,2.0,0.678261,0.0,1.0,0-1,0.734947,0.057452,0.0,0-2,0.0,2.0,0.677496,0.0,1.0,0-1,0.734116,0.057387,0.0,0-2,0.0,2.0,0.67673,0.0,1.0,0-1,0.733286,0.057322,0.0,0-2,0.0,2.0,0.675964,0.0,1.0,0-1,0.732455,0.057257,0.0,0-2,0.0,2.0,0.675199,0.0,1.0,0-1,0.731625,0.057192,0.0,0-2,0.0,2.0,0.674433,0.0,1.0,0-1,0.730794,0.057127,0.0,0-2,0.0,2.0,0.673667,0.0,1.0,0-1,0.729963,0.057062,0.0,0-2,0.0,2.0,0.672902,0.0,1.0,0-1,0.729133,0.056997,0.0,0-2,0.0,2.0,0.672136,0.0,1.0,0-1,0.728302,0.056932,0.0,0-2,0.0,2.0,0.67137,0.0,1.0,0-1,0.727472,0.056867,0.0,0-2,0.0,2.0,0.670604
2018,2018-07-14T17:00:00+03:00,1,63,Belgium,England,2,0,0.312108,0.304163,0.383729,1.0443,1.1876,0.441436,0.255955,0.302609,0.129328,away,home,True,-0.129328,0.048208,0.08112,0,1,0-1,0.622319,0.004846,1,2,1-2,0.617474,0,1.0,0.0,1-0,0.735425,0.014603,1.0,2-1,2.0,1.0,0.720821,1.0,0.0,1-0,0.724652,0.014389,1.0,2-1,2.0,1.0,0.710262,1.0,0.0,1-0,0.713879,0.014176,1.0,2-1,2.0,1.0,0.699703,1.0,0.0,1-0,0.703106,0.013962,1.0,2-1,2.0,1.0,0.689144,1.0,0.0,1-0,0.692333,0.013748,1.0,2-1,2.0,1.0,0.678585,1.0,0.0,1-0,0.68156,0.013534,1.0,2-1,2.0,1.0,0.668026,1.0,0.0,1-0,0.670787,0.01332,1.0,2-1,2.0,1.0,0.657467,1.0,0.0,1-0,0.660014,0.013106,1.0,2-1,2.0,1.0,0.646909,1.0,0.0,1-0,0.649242,0.012892,1.0,2-1,2.0,1.0,0.63635,1.0,0.0,1-0,0.638469,0.012678,1.0,2-1,2.0,1.0,0.625791,1.0,0.0,1-0,0.627696,0.012464,1.0,2-1,2.0,1.0,0.615232,1.0,0.0,1-0,0.616923,0.01225,1.0,2-1,2.0,1.0,0.604673,1.0,0.0,1-0,0.60615,0.012036,1.0,2-1,2.0,1.0,0.594114,1.0,0.0,1-0,0.595377,0.011822,1.0,2-1,2.0,1.0,0.583555,1.0,0.0,1-0,0.584604,0.001724,1.0,0-1,0.0,1.0,0.58288,0.0,1.0,0-1,0.589458,0.00459,0.0,1-2,1.0,2.0,0.584869,0.0,1.0,0-1,0.596037,0.004641,0.0,1-2,1.0,2.0,0.591396,0.0,1.0,0-1,0.602615,0.004692,0.0,1-2,1.0,2.0,0.597923,0.0,1.0,0-1,0.609193,0.004743,0.0,1-2,1.0,2.0,0.604449,0.0,1.0,0-1,0.615771,0.004795,0.0,1-2,1.0,2.0,0.610976,0.0,1.0,0-1,0.622349,0.004846,0.0,1-2,1.0,2.0,0.617503
2018,2018-07-15T18:00:00+03:00,0,64,France,Croatia,4,2,0.437053,0.312658,0.250288,1.2094,0.8464,0.457076,0.312437,0.230487,0.020023,home,home,False,-0.020023,0.000221,0.019801,1,0,1-0,0.730566,0.0271,2,0,2-0,0.703466,1,1.0,0.0,1-0,0.764068,0.028343,1.0,2-0,2.0,0.0,0.735725,1.0,0.0,1-0,0.762394,0.028281,1.0,2-0,2.0,0.0,0.734114,1.0,0.0,1-0,0.760721,0.028219,1.0,2-0,2.0,0.0,0.732502,1.0,0.0,1-0,0.759047,0.028156,1.0,2-0,2.0,0.0,0.730891,1.0,0.0,1-0,0.757374,0.028094,1.0,2-0,2.0,0.0,0.729279,1.0,0.0,1-0,0.7557,0.028032,1.0,2-0,2.0,0.0,0.727668,1.0,0.0,1-0,0.754027,0.02797,1.0,2-0,2.0,0.0,0.726056,1.0,0.0,1-0,0.752353,0.027908,1.0,2-0,2.0,0.0,0.724445,1.0,0.0,1-0,0.750679,0.027846,1.0,2-0,2.0,0.0,0.722833,1.0,0.0,1-0,0.749006,0.027784,1.0,2-0,2.0,0.0,0.721222,1.0,0.0,1-0,0.747332,0.027722,1.0,2-0,2.0,0.0,0.71961,1.0,0.0,1-0,0.745659,0.02766,1.0,2-0,2.0,0.0,0.717999,1.0,0.0,1-0,0.743985,0.027598,1.0,2-0,2.0,0.0,0.716388,1.0,0.0,1-0,0.742312,0.027536,1.0,2-0,2.0,0.0,0.714776,1.0,0.0,1-0,0.740638,0.027474,1.0,2-0,2.0,0.0,0.713165,1.0,0.0,1-0,0.738965,0.027412,1.0,2-0,2.0,0.0,0.711553,1.0,0.0,1-0,0.737291,0.027349,1.0,2-0,2.0,0.0,0.709942,1.0,0.0,1-0,0.735618,0.027287,1.0,2-0,2.0,0.0,0.70833,1.0,0.0,1-0,0.733944,0.027225,1.0,2-0,2.0,0.0,0.706719,1.0,0.0,1-0,0.732271,0.027163,1.0,2-0,2.0,0.0,0.705107,1.0,0.0,1-0,0.730597,0.027101,1.0,2-0,2.0,0.0,0.703496
2022,2022-11-21T19:00:00+03:00,G,1,Senegal,Netherlands,0,2,0.192138,0.291558,0.516305,0.6879,1.3201,0.155819,0.258891,0.58529,0.068986,away,away,False,0.036318,0.032667,-0.068986,0,1,0-1,0.866018,0.035306,0,2,0-2,0.830712,1,0.0,1.0,0-1,0.981801,0.040026,1.0,0-2,0.0,2.0,0.941775,0.0,1.0,0-1,0.976015,0.03979,1.0,0-2,0.0,2.0,0.936225,0.0,1.0,0-1,0.970229,0.039554,1.0,0-2,0.0,2.0,0.930675,0.0,1.0,0-1,0.964443,0.039318,1.0,0-2,0.0,2.0,0.925124,0.0,1.0,0-1,0.958657,0.039082,1.0,0-2,0.0,2.0,0.919574,0.0,1.0,0-1,0.952871,0.038847,1.0,0-2,0.0,2.0,0.914024,0.0,1.0,0-1,0.947085,0.038611,1.0,0-2,0.0,2.0,0.908474,0.0,1.0,0-1,0.941299,0.038375,1.0,0-2,0.0,2.0,0.902924,0.0,1.0,0-1,0.935513,0.038139,1.0,0-2,0.0,2.0,0.897374,0.0,1.0,0-1,0.929727,0.037903,1.0,0-2,0.0,2.0,0.891824,0.0,1.0,0-1,0.923941,0.037667,1.0,0-2,0.0,2.0,0.886273,0.0,1.0,0-1,0.918155,0.037431,1.0,0-2,0.0,2.0,0.880723,0.0,1.0,0-1,0.912369,0.037195,1.0,0-2,0.0,2.0,0.875173,0.0,1.0,0-1,0.906582,0.036959,1.0,0-2,0.0,2.0,0.869623,0.0,1.0,0-1,0.900796,0.036724,1.0,0-2,0.0,2.0,0.864073,0.0,1.0,0-1,0.89501,0.036488,1.0,0-2,0.0,2.0,0.858523,0.0,1.0,0-1,0.889224,0.036252,1.0,0-2,0.0,2.0,0.852973,0.0,1.0,0-1,0.883438,0.036016,1.0,0-2,0.0,2.0,0.847422,0.0,1.0,0-1,0.877652,0.03578,1.0,0-2,0.0,2.0,0.841872,0.0,1.0,0-1,0.871866,0.035544,1.0,0-2,0.0,2.0,0.836322,0.0,1.0,0-1,0.86608,0.035308,1.0,0-2,0.0,2.0,0.830772
2022,2022-11-21T16:00:00+03:00,G,2,England,Iran,6,2,0.531289,0.308768,0.159943,1.2266,0.5359,0.709515,0.204703,0.085782,0.178226,home,home,False,-0.178226,0.104065,0.074162,1,0,1-0,0.947912,0.089262,2,0,2-0,0.85865,1,1.0,0.0,1-0,1.265954,0.119211,1.0,2-0,2.0,0.0,1.146743,1.0,0.0,1-0,1.250054,0.117713,1.0,2-0,2.0,0.0,1.13234,1.0,0.0,1-0,1.234154,0.116216,1.0,2-0,2.0,0.0,1.117938,1.0,0.0,1-0,1.218254,0.114719,1.0,2-0,2.0,0.0,1.103535,1.0,0.0,1-0,1.202354,0.113222,1.0,2-0,2.0,0.0,1.089132,1.0,0.0,1-0,1.186454,0.111724,1.0,2-0,2.0,0.0,1.074729,1.0,0.0,1-0,1.170554,0.110227,1.0,2-0,2.0,0.0,1.060327,1.0,0.0,1-0,1.154654,0.10873,1.0,2-0,2.0,0.0,1.045924,1.0,0.0,1-0,1.138754,0.107233,1.0,2-0,2.0,0.0,1.031521,1.0,0.0,1-0,1.122854,0.105735,1.0,2-0,2.0,0.0,1.017118,1.0,0.0,1-0,1.106954,0.104238,1.0,2-0,2.0,0.0,1.002715,1.0,0.0,1-0,1.091053,0.102741,1.0,2-0,2.0,0.0,0.988313,1.0,0.0,1-0,1.075153,0.101244,1.0,2-0,2.0,0.0,0.97391,1.0,0.0,1-0,1.059253,0.099746,1.0,2-0,2.0,0.0,0.959507,1.0,0.0,1-0,1.043353,0.098249,1.0,2-0,2.0,0.0,0.945104,1.0,0.0,1-0,1.027453,0.096752,1.0,2-0,2.0,0.0,0.930701,1.0,0.0,1-0,1.011553,0.095255,1.0,2-0,2.0,0.0,0.916299,1.0,0.0,1-0,0.995653,0.093757,1.0,2-0,2.0,0.0,0.901896,1.0,0.0,1-0,0.979753,0.09226,1.0,2-0,2.0,0.0,0.887493,1.0,0.0,1-0,0.963853,0.090763,1.0,2-0,2.0,0.0,0.87309,1.0,0.0,1-0,0.947953,0.089266,1.0,2-0,2.0,0.0,0.858687
2022,2022-11-20T19:00:00+03:00,G,3,Qatar,Ecuador,0,2,0.160262,0.213789,0.625949,0.8958,1.9877,0.262599,0.305044,0.432358,0.193591,away,away,False,-0.102337,-0.091254,0.193591,0,2,0-2,0.945296,0.01152,1,2,1-2,0.933776,3,0.0,2.0,0-2,0.653631,0.007965,3.0,1-2,1.0,2.0,0.645665,0.0,2.0,0-2,0.668264,0.008144,3.0,1-2,1.0,2.0,0.66012,0.0,2.0,0-2,0.682898,0.008322,3.0,1-2,1.0,2.0,0.674575,0.0,2.0,0-2,0.697531,0.0085,3.0,1-2,1.0,2.0,0.689031,0.0,2.0,0-2,0.712164,0.008679,3.0,1-2,1.0,2.0,0.703486,0.0,2.0,0-2,0.726798,0.008857,3.0,1-2,1.0,2.0,0.717941,0.0,2.0,0-2,0.741431,0.009035,3.0,1-2,1.0,2.0,0.732396,0.0,2.0,0-2,0.756064,0.009214,3.0,1-2,1.0,2.0,0.746851,0.0,2.0,0-2,0.770698,0.009392,3.0,1-2,1.0,2.0,0.761306,0.0,2.0,0-2,0.785331,0.00957,3.0,1-2,1.0,2.0,0.775761,0.0,2.0,0-2,0.799965,0.009749,3.0,1-2,1.0,2.0,0.790216,0.0,2.0,0-2,0.814598,0.009927,3.0,1-2,1.0,2.0,0.804671,0.0,2.0,0-2,0.829231,0.010105,3.0,1-2,1.0,2.0,0.819126,0.0,2.0,0-2,0.843865,0.010284,3.0,1-2,1.0,2.0,0.833581,0.0,2.0,0-2,0.858498,0.010462,3.0,1-2,1.0,2.0,0.848036,0.0,2.0,0-2,0.873132,0.01064,3.0,1-2,1.0,2.0,0.862491,0.0,2.0,0-2,0.887765,0.010819,3.0,1-2,1.0,2.0,0.876946,0.0,2.0,0-2,0.902398,0.010997,3.0,1-2,1.0,2.0,0.891401,0.0,2.0,0-2,0.917032,0.011175,3.0,1-2,1.0,2.0,0.905857,0.0,2.0,0-2,0.931665,0.011354,3.0,1-2,1.0,2.0,0.920312,0.0,2.0,0-2,0.946299,0.011532,3.0,1-2,1.0,2.0,0.934767
2022,2022-11-21T22:00:00+03:00,G,4,United States,Wales,1,1,0.321968,0.343945,0.334088,0.846,0.8678,0.393166,0.308487,0.298347,0.071199,draw,home,True,-0.071199,0.035458,0.035741,0,0,0-0,0.709432,0.067763,0,1,0-1,0.641669,1,1.0,0.0,1-0,0.7592,0.122899,0.0,0-0,0.0,0.0,0.6363,1.0,0.0,1-0,0.752325,0.112368,0.0,0-0,0.0,0.0,0.639957,1.0,0.0,1-0,0.745451,0.101837,0.0,0-0,0.0,0.0,0.643614,1.0,0.0,1-0,0.738577,0.091306,0.0,0-0,0.0,0.0,0.647271,1.0,0.0,1-0,0.731703,0.080775,0.0,0-0,0.0,0.0,0.650928,1.0,0.0,1-0,0.724829,0.070244,0.0,0-0,0.0,0.0,0.654584,1.0,0.0,1-0,0.717954,0.059713,0.0,0-0,0.0,0.0,0.658241,1.0,0.0,1-0,0.71108,0.049182,0.0,0-0,0.0,0.0,0.661898,1.0,0.0,1-0,0.704206,0.038651,0.0,0-0,0.0,0.0,0.665555,1.0,0.0,1-0,0.697332,0.02812,0.0,0-0,0.0,0.0,0.669212,1.0,0.0,1-0,0.690458,0.017589,0.0,0-0,0.0,0.0,0.672868,1.0,0.0,1-0,0.683583,0.007058,0.0,0-0,0.0,0.0,0.676525,0.0,0.0,0-0,0.680182,0.003473,1.0,1-0,1.0,0.0,0.676709,0.0,0.0,0-0,0.683839,0.014004,1.0,1-0,1.0,0.0,0.669835,0.0,0.0,0-0,0.687496,0.024535,1.0,1-0,1.0,0.0,0.662961,0.0,0.0,0-0,0.691153,0.035066,1.0,1-0,1.0,0.0,0.656086,0.0,0.0,0-0,0.694809,0.045597,1.0,1-0,1.0,0.0,0.649212,0.0,0.0,0-0,0.698466,0.056128,1.0,1-0,1.0,0.0,0.642338,0.0,0.0,0-0,0.702123,0.066659,1.0,1-0,1.0,0.0,0.635464,0.0,0.0,0-0,0.70578,0.067539,1.0,0-1,0.0,1.0,0.638241,0.0,0.0,0-0,0.709437,0.067763,1.0,0-1,0.0,1.0,0.641674
2022,2022-11-22T13:00:00+03:00,G,5,Argentina,Saudi Arabia,1,2,0.818978,0.137342,0.04368,2.3932,0.3915,0.877377,0.095591,0.027032,0.058399,home,home,False,-0.058399,0.041751,0.016648,2,0,2-0,1.239179,0.07473,3,0,3-0,1.164449,0,2.0,0.0,2-0,1.331914,0.080323,0.0,3-0,3.0,0.0,1.251591,2.0,0.0,2-0,1.327481,0.080056,0.0,3-0,3.0,0.0,1.247426,2.0,0.0,2-0,1.323049,0.079788,0.0,3-0,3.0,0.0,1.24326,2.0,0.0,2-0,1.318616,0.079521,0.0,3-0,3.0,0.0,1.239095,2.0,0.0,2-0,1.314183,0.079254,0.0,3-0,3.0,0.0,1.23493,2.0,0.0,2-0,1.309751,0.078986,0.0,3-0,3.0,0.0,1.230764,2.0,0.0,2-0,1.305318,0.078719,0.0,3-0,3.0,0.0,1.226599,2.0,0.0,2-0,1.300885,0.078452,0.0,3-0,3.0,0.0,1.222434,2.0,0.0,2-0,1.296453,0.078184,0.0,3-0,3.0,0.0,1.218268,2.0,0.0,2-0,1.29202,0.077917,0.0,3-0,3.0,0.0,1.214103,2.0,0.0,2-0,1.287587,0.07765,0.0,3-0,3.0,0.0,1.209938,2.0,0.0,2-0,1.283155,0.077382,0.0,3-0,3.0,0.0,1.205772,2.0,0.0,2-0,1.278722,0.077115,0.0,3-0,3.0,0.0,1.201607,2.0,0.0,2-0,1.274289,0.076848,0.0,3-0,3.0,0.0,1.197441,2.0,0.0,2-0,1.269856,0.07658,0.0,3-0,3.0,0.0,1.193276,2.0,0.0,2-0,1.265424,0.076313,0.0,3-0,3.0,0.0,1.189111,2.0,0.0,2-0,1.260991,0.076046,0.0,3-0,3.0,0.0,1.184945,2.0,0.0,2-0,1.256558,0.075778,0.0,3-0,3.0,0.0,1.18078,2.0,0.0,2-0,1.252126,0.075511,0.0,3-0,3.0,0.0,1.176615,2.0,0.0,2-0,1.247693,0.075244,0.0,3-0,3.0,0.0,1.172449,2.0,0.0,2-0,1.24326,0.074976,0.0,3-0,3.0,0.0,1.168284
2022,2022-11-22T16:00:00+03:00,G,6,Denmark,Tunisia,0,0,0.617454,0.246607,0.135939,1.6263,0.6154,0.61527,0.244949,0.139781,0.003842,home,home,False,0.002185,0.001658,-0.003842,2,0,2-0,0.984847,0.026025,1,0,1-0,0.958822,0,2.0,0.0,2-0,0.981647,0.02594,0.0,1-0,1.0,0.0,0.955707,2.0,0.0,2-0,0.981822,0.025945,0.0,1-0,1.0,0.0,0.955877,2.0,0.0,2-0,0.981996,0.025949,0.0,1-0,1.0,0.0,0.956047,2.0,0.0,2-0,0.98217,0.025954,0.0,1-0,1.0,0.0,0.956216,2.0,0.0,2-0,0.982344,0.025959,0.0,1-0,1.0,0.0,0.956386,2.0,0.0,2-0,0.982519,0.025963,0.0,1-0,1.0,0.0,0.956556,2.0,0.0,2-0,0.982693,0.025968,0.0,1-0,1.0,0.0,0.956725,2.0,0.0,2-0,0.982867,0.025972,0.0,1-0,1.0,0.0,0.956895,2.0,0.0,2-0,0.983041,0.025977,0.0,1-0,1.0,0.0,0.957065,2.0,0.0,2-0,0.983216,0.025982,0.0,1-0,1.0,0.0,0.957234,2.0,0.0,2-0,0.98339,0.025986,0.0,1-0,1.0,0.0,0.957404,2.0,0.0,2-0,0.983564,0.025991,0.0,1-0,1.0,0.0,0.957574,2.0,0.0,2-0,0.983739,0.025995,0.0,1-0,1.0,0.0,0.957743,2.0,0.0,2-0,0.983913,0.026,0.0,1-0,1.0,0.0,0.957913,2.0,0.0,2-0,0.984087,0.026005,0.0,1-0,1.0,0.0,0.958083,2.0,0.0,2-0,0.984261,0.026009,0.0,1-0,1.0,0.0,0.958252,2.0,0.0,2-0,0.984436,0.026014,0.0,1-0,1.0,0.0,0.958422,2.0,0.0,2-0,0.98461,0.026018,0.0,1-0,1.0,0.0,0.958592,2.0,0.0,2-0,0.984784,0.026023,0.0,1-0,1.0,0.0,0.958761,2.0,0.0,2-0,0.984958,0.026028,0.0,1-0,1.0,0.0,0.958931,2.0,0.0,2-0,0.985133,0.026032,0.0,1-0,1.0,0.0,0.959101
2022,2022-11-22T19:00:00+03:00,G,7,Mexico,Poland,0,0,0.31993,0.279733,0.400337,1.1224,1.2887,0.386795,0.306602,0.306602,0.093735,away,home,True,-0.066866,-0.026869,0.093735,1,2,1-2,0.64204,0.009115,0,2,0-2,0.632925,0,2.0,1.0,2-1,0.631224,0.007002,0.0,1-0,1.0,0.0,0.624222,2.0,1.0,2-1,0.625768,0.006941,0.0,1-0,1.0,0.0,0.618826,2.0,1.0,2-1,0.620312,0.006881,0.0,1-0,1.0,0.0,0.613431,2.0,1.0,2-1,0.614856,0.00682,0.0,1-0,1.0,0.0,0.608035,2.0,1.0,2-1,0.6094,0.00676,0.0,1-0,1.0,0.0,0.60264,2.0,1.0,2-1,0.603944,0.006699,0.0,1-0,1.0,0.0,0.597245,2.0,1.0,2-1,0.598488,0.006639,0.0,1-0,1.0,0.0,0.591849,2.0,1.0,2-1,0.593032,0.006578,0.0,1-0,1.0,0.0,0.586454,2.0,1.0,2-1,0.587576,0.006518,0.0,1-0,1.0,0.0,0.581058,2.0,1.0,2-1,0.58212,0.006457,0.0,1-0,1.0,0.0,0.575663,2.0,1.0,2-1,0.576664,0.006195,0.0,1-1,1.0,1.0,0.570468,1.0,2.0,1-2,0.574441,0.003233,0.0,2-1,2.0,1.0,0.571208,1.0,2.0,1-2,0.581958,0.008262,0.0,0-2,0.0,2.0,0.573696,1.0,2.0,1-2,0.589475,0.008369,0.0,0-2,0.0,2.0,0.581106,1.0,2.0,1-2,0.596992,0.008476,0.0,0-2,0.0,2.0,0.588516,1.0,2.0,1-2,0.604509,0.008583,0.0,0-2,0.0,2.0,0.595926,1.0,2.0,1-2,0.612026,0.008689,0.0,0-2,0.0,2.0,0.603337,1.0,2.0,1-2,0.619543,0.008796,0.0,0-2,0.0,2.0,0.610747,1.0,2.0,1-2,0.62706,0.008903,0.0,0-2,0.0,2.0,0.618157,1.0,2.0,1-2,0.634577,0.009009,0.0,0-2,0.0,2.0,0.625568,1.0,2.0,1-2,0.642094,0.009116,0.0,0-2,0.0,2.0,0.632978
2022,2022-11-22T22:00:00+03:00,G,8,France,Australia,4,1,0.692377,0.198651,0.108972,2.0239,0.6595,0.807064,0.134989,0.057948,0.114687,home,home,False,-0.114687,0.063663,0.051025,2,0,2-0,1.063752,0.047656,2,1,2-1,1.016096,1,2.0,0.0,2-0,1.241422,0.055616,1.0,2-1,2.0,1.0,1.185806,2.0,0.0,2-0,1.232601,0.055221,1.0,2-1,2.0,1.0,1.177381,2.0,0.0,2-0,1.223781,0.054826,1.0,2-1,2.0,1.0,1.168955,2.0,0.0,2-0,1.21496,0.05443,1.0,2-1,2.0,1.0,1.16053,2.0,0.0,2-0,1.20614,0.054035,1.0,2-1,2.0,1.0,1.152104,2.0,0.0,2-0,1.197319,0.05364,1.0,2-1,2.0,1.0,1.143679,2.0,0.0,2-0,1.188499,0.053245,1.0,2-1,2.0,1.0,1.135254,2.0,0.0,2-0,1.179678,0.05285,1.0,2-1,2.0,1.0,1.126828,2.0,0.0,2-0,1.170857,0.052455,1.0,2-1,2.0,1.0,1.118403,2.0,0.0,2-0,1.162037,0.052059,1.0,2-1,2.0,1.0,1.109977,2.0,0.0,2-0,1.153216,0.051664,1.0,2-1,2.0,1.0,1.101552,2.0,0.0,2-0,1.144396,0.051269,1.0,2-1,2.0,1.0,1.093127,2.0,0.0,2-0,1.135575,0.050874,1.0,2-1,2.0,1.0,1.084701,2.0,0.0,2-0,1.126755,0.050479,1.0,2-1,2.0,1.0,1.076276,2.0,0.0,2-0,1.117934,0.050084,1.0,2-1,2.0,1.0,1.06785,2.0,0.0,2-0,1.109113,0.049688,1.0,2-1,2.0,1.0,1.059425,2.0,0.0,2-0,1.100293,0.049293,1.0,2-1,2.0,1.0,1.051,2.0,0.0,2-0,1.091472,0.048898,1.0,2-1,2.0,1.0,1.042574,2.0,0.0,2-0,1.082652,0.048503,1.0,2-1,2.0,1.0,1.034149,2.0,0.0,2-0,1.073831,0.048108,1.0,2-1,2.0,1.0,1.025723,2.0,0.0,2-0,1.065011,0.047713,1.0,2-1,2.0,1.0,1.017298
2022,2022-11-23T13:00:00+03:00,G,9,Morocco,Croatia,0,0,0.261827,0.292403,0.44577,0.9016,1.2671,0.273584,0.293176,0.43324,0.01253,away,away,False,-0.011757,-0.000773,0.01253,0,1,0-1,0.730413,0.018355,0,2,0-2,0.712058,0,0.0,1.0,0-1,0.709923,0.01784,0.0,0-2,0.0,2.0,0.692083,0.0,1.0,0-1,0.71095,0.017866,0.0,0-2,0.0,2.0,0.693084,0.0,1.0,0-1,0.711977,0.017892,0.0,0-2,0.0,2.0,0.694085,0.0,1.0,0-1,0.713003,0.017918,0.0,0-2,0.0,2.0,0.695086,0.0,1.0,0-1,0.71403,0.017943,0.0,0-2,0.0,2.0,0.696086,0.0,1.0,0-1,0.715056,0.017969,0.0,0-2,0.0,2.0,0.697087,0.0,1.0,0-1,0.716083,0.017995,0.0,0-2,0.0,2.0,0.698088,0.0,1.0,0-1,0.71711,0.018021,0.0,0-2,0.0,2.0,0.699089,0.0,1.0,0-1,0.718136,0.018047,0.0,0-2,0.0,2.0,0.70009,0.0,1.0,0-1,0.719163,0.018072,0.0,0-2,0.0,2.0,0.701091,0.0,1.0,0-1,0.72019,0.018098,0.0,0-2,0.0,2.0,0.702091,0.0,1.0,0-1,0.721216,0.018124,0.0,0-2,0.0,2.0,0.703092,0.0,1.0,0-1,0.722243,0.01815,0.0,0-2,0.0,2.0,0.704093,0.0,1.0,0-1,0.723269,0.018176,0.0,0-2,0.0,2.0,0.705094,0.0,1.0,0-1,0.724296,0.018201,0.0,0-2,0.0,2.0,0.706095,0.0,1.0,0-1,0.725323,0.018227,0.0,0-2,0.0,2.0,0.707096,0.0,1.0,0-1,0.726349,0.018253,0.0,0-2,0.0,2.0,0.708096,0.0,1.0,0-1,0.727376,0.018279,0.0,0-2,0.0,2.0,0.709097,0.0,1.0,0-1,0.728403,0.018305,0.0,0-2,0.0,2.0,0.710098,0.0,1.0,0-1,0.729429,0.01833,0.0,0-2,0.0,2.0,0.711099,0.0,1.0,0-1,0.730456,0.018356,0.0,0-2,0.0,2.0,0.7121
2022,2022-11-23T16:00:00+03:00,G,10,Germany,Japan,1,2,0.685038,0.183285,0.131676,2.3168,0.9156,0.686154,0.189745,0.124102,0.007575,home,home,False,-0.001115,-0.006459,0.007575,2,0,2-0,0.991972,0.008939,2,1,2-1,0.983033,0,2.0,0.0,2-0,0.996287,0.008978,0.0,2-1,2.0,1.0,0.987309,2.0,0.0,2-0,0.996206,0.008977,0.0,2-1,2.0,1.0,0.987229,2.0,0.0,2-0,0.996125,0.008976,0.0,2-1,2.0,1.0,0.987148,2.0,0.0,2-0,0.996044,0.008976,0.0,2-1,2.0,1.0,0.987068,2.0,0.0,2-0,0.995963,0.008975,0.0,2-1,2.0,1.0,0.986988,2.0,0.0,2-0,0.995882,0.008974,0.0,2-1,2.0,1.0,0.986908,2.0,0.0,2-0,0.995801,0.008973,0.0,2-1,2.0,1.0,0.986827,2.0,0.0,2-0,0.99572,0.008973,0.0,2-1,2.0,1.0,0.986747,2.0,0.0,2-0,0.995639,0.008972,0.0,2-1,2.0,1.0,0.986667,2.0,0.0,2-0,0.995558,0.008971,0.0,2-1,2.0,1.0,0.986587,2.0,0.0,2-0,0.995477,0.008971,0.0,2-1,2.0,1.0,0.986506,2.0,0.0,2-0,0.995396,0.00897,0.0,2-1,2.0,1.0,0.986426,2.0,0.0,2-0,0.995315,0.008969,0.0,2-1,2.0,1.0,0.986346,2.0,0.0,2-0,0.995234,0.008968,0.0,2-1,2.0,1.0,0.986266,2.0,0.0,2-0,0.995153,0.008968,0.0,2-1,2.0,1.0,0.986185,2.0,0.0,2-0,0.995072,0.008967,0.0,2-1,2.0,1.0,0.986105,2.0,0.0,2-0,0.994991,0.008966,0.0,2-1,2.0,1.0,0.986025,2.0,0.0,2-0,0.99491,0.008965,0.0,2-1,2.0,1.0,0.985945,2.0,0.0,2-0,0.994829,0.008965,0.0,2-1,2.0,1.0,0.985864,2.0,0.0,2-0,0.994748,0.008964,0.0,2-1,2.0,1.0,0.985784,2.0,0.0,2-0,0.994667,0.008963,0.0,2-1,2.0,1.0,0.985704
2022,2022-11-23T19:00:00+03:00,G,11,Spain,Costa Rica,7,0,0.733223,0.191066,0.075711,1.9741,0.4661,0.851958,0.104432,0.043609,0.118736,home,home,False,-0.118736,0.086634,0.032102,2,0,2-0,1.151231,0.077803,1,0,1-0,1.073428,1,2.0,0.0,2-0,1.339012,0.090494,1.0,1-0,1.0,0.0,1.248517,2.0,0.0,2-0,1.329681,0.089864,1.0,1-0,1.0,0.0,1.239817,2.0,0.0,2-0,1.32035,0.089233,1.0,1-0,1.0,0.0,1.231117,2.0,0.0,2-0,1.311019,0.088602,1.0,1-0,1.0,0.0,1.222417,2.0,0.0,2-0,1.301688,0.087972,1.0,1-0,1.0,0.0,1.213717,2.0,0.0,2-0,1.292358,0.087341,1.0,1-0,1.0,0.0,1.205017,2.0,0.0,2-0,1.283027,0.086711,1.0,1-0,1.0,0.0,1.196316,2.0,0.0,2-0,1.273696,0.08608,1.0,1-0,1.0,0.0,1.187616,2.0,0.0,2-0,1.264365,0.085449,1.0,1-0,1.0,0.0,1.178916,2.0,0.0,2-0,1.255035,0.084819,1.0,1-0,1.0,0.0,1.170216,2.0,0.0,2-0,1.245704,0.084188,1.0,1-0,1.0,0.0,1.161516,2.0,0.0,2-0,1.236373,0.083558,1.0,1-0,1.0,0.0,1.152816,2.0,0.0,2-0,1.227042,0.082927,1.0,1-0,1.0,0.0,1.144115,2.0,0.0,2-0,1.217712,0.082296,1.0,1-0,1.0,0.0,1.135415,2.0,0.0,2-0,1.208381,0.081666,1.0,1-0,1.0,0.0,1.126715,2.0,0.0,2-0,1.19905,0.081035,1.0,1-0,1.0,0.0,1.118015,2.0,0.0,2-0,1.189719,0.080405,1.0,1-0,1.0,0.0,1.109315,2.0,0.0,2-0,1.180389,0.079774,1.0,1-0,1.0,0.0,1.100615,2.0,0.0,2-0,1.171058,0.079143,1.0,1-0,1.0,0.0,1.091914,2.0,0.0,2-0,1.161727,0.078513,1.0,1-0,1.0,0.0,1.083214,2.0,0.0,2-0,1.152396,0.077882,1.0,1-0,1.0,0.0,1.074514
2022,2022-11-23T22:00:00+03:00,G,12,Belgium,Canada,1,0,0.719295,0.17639,0.104315,2.2883,0.7472,0.616159,0.224541,0.1593,0.103136,home,home,False,0.103136,-0.048151,-0.054985,2,0,2-0,1.06309,0.031799,2,1,2-1,1.031291,1,2.0,0.0,2-0,0.912952,0.027308,1.0,2-1,2.0,1.0,0.885644,2.0,0.0,2-0,0.920593,0.027536,1.0,2-1,2.0,1.0,0.893056,2.0,0.0,2-0,0.928233,0.027765,1.0,2-1,2.0,1.0,0.900469,2.0,0.0,2-0,0.935874,0.027993,1.0,2-1,2.0,1.0,0.907881,2.0,0.0,2-0,0.943515,0.028222,1.0,2-1,2.0,1.0,0.915293,2.0,0.0,2-0,0.951156,0.02845,1.0,2-1,2.0,1.0,0.922705,2.0,0.0,2-0,0.958796,0.028679,1.0,2-1,2.0,1.0,0.930117,2.0,0.0,2-0,0.966437,0.028908,1.0,2-1,2.0,1.0,0.93753,2.0,0.0,2-0,0.974078,0.029136,1.0,2-1,2.0,1.0,0.944942,2.0,0.0,2-0,0.981719,0.029365,1.0,2-1,2.0,1.0,0.952354,2.0,0.0,2-0,0.989359,0.029593,1.0,2-1,2.0,1.0,0.959766,2.0,0.0,2-0,0.997,0.029822,1.0,2-1,2.0,1.0,0.967178,2.0,0.0,2-0,1.004641,0.03005,1.0,2-1,2.0,1.0,0.974591,2.0,0.0,2-0,1.012282,0.030279,1.0,2-1,2.0,1.0,0.982003,2.0,0.0,2-0,1.019922,0.030507,1.0,2-1,2.0,1.0,0.989415,2.0,0.0,2-0,1.027563,0.030736,1.0,2-1,2.0,1.0,0.996827,2.0,0.0,2-0,1.035204,0.030964,1.0,2-1,2.0,1.0,1.004239,2.0,0.0,2-0,1.042845,0.031193,1.0,2-1,2.0,1.0,1.011652,2.0,0.0,2-0,1.050485,0.031422,1.0,2-1,2.0,1.0,1.019064,2.0,0.0,2-0,1.058126,0.03165,1.0,2-1,2.0,1.0,1.026476,2.0,0.0,2-0,1.065767,0.031879,1.0,2-1,2.0,1.0,1.033888
2022,2022-11-24T13:00:00+03:00,G,13,Switzerland,Cameroon,1,0,0.567119,0.265129,0.167752,1.5057,0.688,0.53474,0.279316,0.185944,0.032379,home,home,False,0.032379,-0.014187,-0.018192,2,0,2-0,0.906771,0.008447,1,0,1-0,0.898324,1,2.0,0.0,2-0,0.855149,0.007966,1.0,1-0,1.0,0.0,0.847183,2.0,0.0,2-0,0.857738,0.00799,1.0,1-0,1.0,0.0,0.849748,2.0,0.0,2-0,0.860327,0.008014,1.0,1-0,1.0,0.0,0.852313,2.0,0.0,2-0,0.862917,0.008038,1.0,1-0,1.0,0.0,0.854878,2.0,0.0,2-0,0.865506,0.008063,1.0,1-0,1.0,0.0,0.857443,2.0,0.0,2-0,0.868095,0.008087,1.0,1-0,1.0,0.0,0.860008,2.0,0.0,2-0,0.870684,0.008111,1.0,1-0,1.0,0.0,0.862573,2.0,0.0,2-0,0.873273,0.008135,1.0,1-0,1.0,0.0,0.865138,2.0,0.0,2-0,0.875862,0.008159,1.0,1-0,1.0,0.0,0.867703,2.0,0.0,2-0,0.878451,0.008183,1.0,1-0,1.0,0.0,0.870267,2.0,0.0,2-0,0.88104,0.008207,1.0,1-0,1.0,0.0,0.872832,2.0,0.0,2-0,0.883629,0.008231,1.0,1-0,1.0,0.0,0.875397,2.0,0.0,2-0,0.886218,0.008255,1.0,1-0,1.0,0.0,0.877962,2.0,0.0,2-0,0.888807,0.00828,1.0,1-0,1.0,0.0,0.880527,2.0,0.0,2-0,0.891396,0.008304,1.0,1-0,1.0,0.0,0.883092,2.0,0.0,2-0,0.893985,0.008328,1.0,1-0,1.0,0.0,0.885657,2.0,0.0,2-0,0.896574,0.008352,1.0,1-0,1.0,0.0,0.888222,2.0,0.0,2-0,0.899163,0.008376,1.0,1-0,1.0,0.0,0.890786,2.0,0.0,2-0,0.901752,0.0084,1.0,1-0,1.0,0.0,0.893351,2.0,0.0,2-0,0.904341,0.008424,1.0,1-0,1.0,0.0,0.895916,2.0,0.0,2-0,0.90693,0.008448,1.0,1-0,1.0,0.0,0.898481
2022,2022-11-24T16:00:00+03:00,G,14,Uruguay,South Korea,0,0,0.564599,0.272292,0.163109,1.4518,0.6453,0.543233,0.271037,0.18573,0.022621,home,home,False,0.021366,0.001255,-0.022621,1,0,1-0,0.916679,0.009777,2,0,2-0,0.906902,0,1.0,0.0,1-0,0.88211,0.009408,0.0,2-0,2.0,0.0,0.872702,1.0,0.0,1-0,0.883844,0.009427,0.0,2-0,2.0,0.0,0.874418,1.0,0.0,1-0,0.885579,0.009445,0.0,2-0,2.0,0.0,0.876134,1.0,0.0,1-0,0.887314,0.009464,0.0,2-0,2.0,0.0,0.87785,1.0,0.0,1-0,0.889049,0.009482,0.0,2-0,2.0,0.0,0.879567,1.0,0.0,1-0,0.890783,0.009501,0.0,2-0,2.0,0.0,0.881283,1.0,0.0,1-0,0.892518,0.009519,0.0,2-0,2.0,0.0,0.882999,1.0,0.0,1-0,0.894253,0.009538,0.0,2-0,2.0,0.0,0.884715,1.0,0.0,1-0,0.895988,0.009556,0.0,2-0,2.0,0.0,0.886432,1.0,0.0,1-0,0.897722,0.009575,0.0,2-0,2.0,0.0,0.888148,1.0,0.0,1-0,0.899457,0.009593,0.0,2-0,2.0,0.0,0.889864,1.0,0.0,1-0,0.901192,0.009612,0.0,2-0,2.0,0.0,0.89158,1.0,0.0,1-0,0.902927,0.00963,0.0,2-0,2.0,0.0,0.893296,1.0,0.0,1-0,0.904661,0.009649,0.0,2-0,2.0,0.0,0.895013,1.0,0.0,1-0,0.906396,0.009667,0.0,2-0,2.0,0.0,0.896729,1.0,0.0,1-0,0.908131,0.009686,0.0,2-0,2.0,0.0,0.898445,1.0,0.0,1-0,0.909865,0.009704,0.0,2-0,2.0,0.0,0.900161,1.0,0.0,1-0,0.9116,0.009723,0.0,2-0,2.0,0.0,0.901878,1.0,0.0,1-0,0.913335,0.009741,0.0,2-0,2.0,0.0,0.903594,1.0,0.0,1-0,0.91507,0.00976,0.0,2-0,2.0,0.0,0.90531,1.0,0.0,1-0,0.916804,0.009778,0.0,2-0,2.0,0.0,0.907026
2022,2022-11-24T19:00:00+03:00,G,15,Portugal,Ghana,3,2,0.723914,0.193998,0.082088,1.9713,0.4991,0.750233,0.168881,0.080886,0.026319,home,home,False,-0.026319,0.025117,0.001202,2,0,2-0,1.133744,0.080442,1,0,1-0,1.053302,1,2.0,0.0,2-0,1.176141,0.08345,1.0,1-0,1.0,0.0,1.092691,2.0,0.0,2-0,1.174078,0.083304,1.0,1-0,1.0,0.0,1.090774,2.0,0.0,2-0,1.172015,0.083158,1.0,1-0,1.0,0.0,1.088858,2.0,0.0,2-0,1.169952,0.083011,1.0,1-0,1.0,0.0,1.086941,2.0,0.0,2-0,1.167889,0.082865,1.0,1-0,1.0,0.0,1.085024,2.0,0.0,2-0,1.165826,0.082718,1.0,1-0,1.0,0.0,1.083108,2.0,0.0,2-0,1.163763,0.082572,1.0,1-0,1.0,0.0,1.081191,2.0,0.0,2-0,1.1617,0.082426,1.0,1-0,1.0,0.0,1.079274,2.0,0.0,2-0,1.159637,0.082279,1.0,1-0,1.0,0.0,1.077358,2.0,0.0,2-0,1.157574,0.082133,1.0,1-0,1.0,0.0,1.075441,2.0,0.0,2-0,1.155511,0.081987,1.0,1-0,1.0,0.0,1.073524,2.0,0.0,2-0,1.153448,0.08184,1.0,1-0,1.0,0.0,1.071608,2.0,0.0,2-0,1.151385,0.081694,1.0,1-0,1.0,0.0,1.069691,2.0,0.0,2-0,1.149322,0.081547,1.0,1-0,1.0,0.0,1.067774,2.0,0.0,2-0,1.147259,0.081401,1.0,1-0,1.0,0.0,1.065858,2.0,0.0,2-0,1.145196,0.081255,1.0,1-0,1.0,0.0,1.063941,2.0,0.0,2-0,1.143133,0.081108,1.0,1-0,1.0,0.0,1.062024,2.0,0.0,2-0,1.14107,0.080962,1.0,1-0,1.0,0.0,1.060108,2.0,0.0,2-0,1.139007,0.080816,1.0,1-0,1.0,0.0,1.058191,2.0,0.0,2-0,1.136944,0.080669,1.0,1-0,1.0,0.0,1.056274,2.0,0.0,2-0,1.134881,0.080523,1.0,1-0,1.0,0.0,1.054358
2022,2022-11-24T22:00:00+03:00,G,16,Brazil,Serbia,2,0,0.7129,0.194035,0.093065,2.0153,0.5731,0.669511,0.206007,0.124482,0.043389,home,home,False,0.043389,-0.011972,-0.031417,2,0,2-0,1.104703,0.065138,2,1,2-1,1.039565,3,2.0,0.0,2-0,1.038662,0.061244,3.0,2-1,2.0,1.0,0.977418,2.0,0.0,2-0,1.042028,0.061442,3.0,2-1,2.0,1.0,0.980585,2.0,0.0,2-0,1.045393,0.061641,3.0,2-1,2.0,1.0,0.983753,2.0,0.0,2-0,1.048759,0.061839,3.0,2-1,2.0,1.0,0.98692,2.0,0.0,2-0,1.052125,0.062038,3.0,2-1,2.0,1.0,0.990087,2.0,0.0,2-0,1.05549,0.062236,3.0,2-1,2.0,1.0,0.993254,2.0,0.0,2-0,1.058856,0.062435,3.0,2-1,2.0,1.0,0.996421,2.0,0.0,2-0,1.062222,0.062633,3.0,2-1,2.0,1.0,0.999589,2.0,0.0,2-0,1.065587,0.062831,3.0,2-1,2.0,1.0,1.002756,2.0,0.0,2-0,1.068953,0.06303,3.0,2-1,2.0,1.0,1.005923,2.0,0.0,2-0,1.072319,0.063228,3.0,2-1,2.0,1.0,1.00909,2.0,0.0,2-0,1.075684,0.063427,3.0,2-1,2.0,1.0,1.012257,2.0,0.0,2-0,1.07905,0.063625,3.0,2-1,2.0,1.0,1.015425,2.0,0.0,2-0,1.082416,0.063824,3.0,2-1,2.0,1.0,1.018592,2.0,0.0,2-0,1.085781,0.064022,3.0,2-1,2.0,1.0,1.021759,2.0,0.0,2-0,1.089147,0.064221,3.0,2-1,2.0,1.0,1.024926,2.0,0.0,2-0,1.092513,0.064419,3.0,2-1,2.0,1.0,1.028094,2.0,0.0,2-0,1.095878,0.064618,3.0,2-1,2.0,1.0,1.031261,2.0,0.0,2-0,1.099244,0.064816,3.0,2-1,2.0,1.0,1.034428,2.0,0.0,2-0,1.10261,0.065014,3.0,2-1,2.0,1.0,1.037595,2.0,0.0,2-0,1.105975,0.065213,3.0,2-1,2.0,1.0,1.040762
2022,2022-11-25T13:00:00+03:00,G,17,Wales,Iran,0,2,0.305341,0.366072,0.328588,0.7512,0.7913,0.453471,0.298153,0.248376,0.14813,draw,home,True,-0.14813,0.067918,0.080212,0,0,0-0,0.798678,0.136598,0,1,0-1,0.662079,0,1.0,0.0,1-0,0.923307,0.219698,0.0,2-0,2.0,0.0,0.703609,1.0,0.0,1-0,0.908227,0.21611,0.0,2-0,2.0,0.0,0.692117,1.0,0.0,1-0,0.893147,0.212521,0.0,2-0,2.0,0.0,0.680625,1.0,0.0,1-0,0.878066,0.20534,0.0,0-0,0.0,0.0,0.672726,1.0,0.0,1-0,0.862986,0.182851,0.0,0-0,0.0,0.0,0.680135,1.0,0.0,1-0,0.847906,0.160361,0.0,0-0,0.0,0.0,0.687544,1.0,0.0,1-0,0.832825,0.137872,0.0,0-0,0.0,0.0,0.694953,1.0,0.0,1-0,0.817745,0.115383,0.0,0-0,0.0,0.0,0.702362,1.0,0.0,1-0,0.802665,0.092893,0.0,0-0,0.0,0.0,0.709771,1.0,0.0,1-0,0.787584,0.070404,0.0,0-0,0.0,0.0,0.71718,1.0,0.0,1-0,0.772504,0.047915,0.0,0-0,0.0,0.0,0.72459,1.0,0.0,1-0,0.757424,0.025425,0.0,0-0,0.0,0.0,0.731999,1.0,0.0,1-0,0.742343,0.002936,0.0,0-0,0.0,0.0,0.739408,0.0,0.0,0-0,0.746817,0.019554,0.0,1-0,1.0,0.0,0.727263,0.0,0.0,0-0,0.754226,0.042043,0.0,1-0,1.0,0.0,0.712183,0.0,0.0,0-0,0.761635,0.064532,0.0,1-0,1.0,0.0,0.697102,0.0,0.0,0-0,0.769044,0.087022,0.0,1-0,1.0,0.0,0.682022,0.0,0.0,0-0,0.776453,0.109511,0.0,1-0,1.0,0.0,0.666942,0.0,0.0,0-0,0.783862,0.132001,0.0,1-0,1.0,0.0,0.651862,0.0,0.0,0-0,0.791271,0.137271,0.0,0-1,0.0,1.0,0.654,0.0,0.0,0-0,0.79868,0.136599,0.0,0-1,0.0,1.0,0.662081
2022,2022-11-25T16:00:00+03:00,G,18,Qatar,Senegal,1,3,0.18691,0.288562,0.524528,0.6798,1.3411,0.168162,0.264633,0.567205,0.042677,away,away,False,0.018748,0.023929,-0.042677,0,1,0-1,0.875303,0.031404,0,2,0-2,0.843899,1,0.0,1.0,0-1,0.946596,0.033962,1.0,0-2,0.0,2.0,0.912633,0.0,1.0,0-1,0.943034,0.033835,1.0,0-2,0.0,2.0,0.9092,0.0,1.0,0-1,0.939473,0.033707,1.0,0-2,0.0,2.0,0.905767,0.0,1.0,0-1,0.935912,0.033579,1.0,0-2,0.0,2.0,0.902333,0.0,1.0,0-1,0.932351,0.033451,1.0,0-2,0.0,2.0,0.8989,0.0,1.0,0-1,0.92879,0.033323,1.0,0-2,0.0,2.0,0.895466,0.0,1.0,0-1,0.925229,0.033196,1.0,0-2,0.0,2.0,0.892033,0.0,1.0,0-1,0.921668,0.033068,1.0,0-2,0.0,2.0,0.8886,0.0,1.0,0-1,0.918107,0.03294,1.0,0-2,0.0,2.0,0.885166,0.0,1.0,0-1,0.914545,0.032812,1.0,0-2,0.0,2.0,0.881733,0.0,1.0,0-1,0.910984,0.032685,1.0,0-2,0.0,2.0,0.8783,0.0,1.0,0-1,0.907423,0.032557,1.0,0-2,0.0,2.0,0.874866,0.0,1.0,0-1,0.903862,0.032429,1.0,0-2,0.0,2.0,0.871433,0.0,1.0,0-1,0.900301,0.032301,1.0,0-2,0.0,2.0,0.868,0.0,1.0,0-1,0.89674,0.032174,1.0,0-2,0.0,2.0,0.864566,0.0,1.0,0-1,0.893179,0.032046,1.0,0-2,0.0,2.0,0.861133,0.0,1.0,0-1,0.889618,0.031918,1.0,0-2,0.0,2.0,0.8577,0.0,1.0,0-1,0.886057,0.03179,1.0,0-2,0.0,2.0,0.854266,0.0,1.0,0-1,0.882495,0.031662,1.0,0-2,0.0,2.0,0.850833,0.0,1.0,0-1,0.878934,0.031535,1.0,0-2,0.0,2.0,0.8474,0.0,1.0,0-1,0.875373,0.031407,1.0,0-2,0.0,2.0,0.843966
2022,2022-11-25T19:00:00+03:00,G,19,Netherlands,Ecuador,1,1,0.54029,0.240966,0.218744,1.7396,1.0195,0.525648,0.280105,0.194248,0.039139,home,home,False,0.014642,-0.039139,0.024497,2,1,2-1,0.831341,0.001866,2,0,2-0,0.829475,0,2.0,1.0,2-1,0.809185,0.001817,0.0,2-0,2.0,0.0,0.807369,2.0,1.0,2-1,0.810312,0.001819,0.0,2-0,2.0,0.0,0.808493,2.0,1.0,2-1,0.811439,0.001822,0.0,2-0,2.0,0.0,0.809618,2.0,1.0,2-1,0.812566,0.001824,0.0,2-0,2.0,0.0,0.810742,2.0,1.0,2-1,0.813693,0.001827,0.0,2-0,2.0,0.0,0.811867,2.0,1.0,2-1,0.81482,0.001829,0.0,2-0,2.0,0.0,0.812991,2.0,1.0,2-1,0.815947,0.001832,0.0,2-0,2.0,0.0,0.814116,2.0,1.0,2-1,0.817074,0.001834,0.0,2-0,2.0,0.0,0.81524,2.0,1.0,2-1,0.818201,0.001837,0.0,2-0,2.0,0.0,0.816365,2.0,1.0,2-1,0.819328,0.001839,0.0,2-0,2.0,0.0,0.817489,2.0,1.0,2-1,0.820455,0.001842,0.0,2-0,2.0,0.0,0.818614,2.0,1.0,2-1,0.821582,0.001844,0.0,2-0,2.0,0.0,0.819738,2.0,1.0,2-1,0.822709,0.001847,0.0,2-0,2.0,0.0,0.820863,2.0,1.0,2-1,0.823836,0.001849,0.0,2-0,2.0,0.0,0.821987,2.0,1.0,2-1,0.824963,0.001852,0.0,2-0,2.0,0.0,0.823111,2.0,1.0,2-1,0.82609,0.001854,0.0,2-0,2.0,0.0,0.824236,2.0,1.0,2-1,0.827217,0.001857,0.0,2-0,2.0,0.0,0.82536,2.0,1.0,2-1,0.828344,0.00186,0.0,2-0,2.0,0.0,0.826485,2.0,1.0,2-1,0.829471,0.001862,0.0,2-0,2.0,0.0,0.827609,2.0,1.0,2-1,0.830598,0.001865,0.0,2-0,2.0,0.0,0.828734,2.0,1.0,2-1,0.831725,0.001867,0.0,2-0,2.0,0.0,0.829858
2022,2022-11-25T22:00:00+03:00,G,20,England,United States,0,0,0.575484,0.276713,0.147804,1.4168,0.5729,0.661505,0.224091,0.114404,0.086021,home,home,False,-0.086021,0.052621,0.0334,1,0,1-0,0.958552,0.030041,2,0,2-0,0.92851,0,1.0,0.0,1-0,1.10196,0.034536,0.0,2-0,2.0,0.0,1.067424,1.0,0.0,1-0,1.094795,0.034311,0.0,2-0,2.0,0.0,1.060484,1.0,0.0,1-0,1.08763,0.034087,0.0,2-0,2.0,0.0,1.053543,1.0,0.0,1-0,1.080465,0.033862,0.0,2-0,2.0,0.0,1.046603,1.0,0.0,1-0,1.0733,0.033638,0.0,2-0,2.0,0.0,1.039663,1.0,0.0,1-0,1.066136,0.033413,0.0,2-0,2.0,0.0,1.032723,1.0,0.0,1-0,1.058971,0.033189,0.0,2-0,2.0,0.0,1.025782,1.0,0.0,1-0,1.051806,0.032964,0.0,2-0,2.0,0.0,1.018842,1.0,0.0,1-0,1.044641,0.032739,0.0,2-0,2.0,0.0,1.011902,1.0,0.0,1-0,1.037476,0.032515,0.0,2-0,2.0,0.0,1.004961,1.0,0.0,1-0,1.030311,0.03229,0.0,2-0,2.0,0.0,0.998021,1.0,0.0,1-0,1.023146,0.032066,0.0,2-0,2.0,0.0,0.991081,1.0,0.0,1-0,1.015982,0.031841,0.0,2-0,2.0,0.0,0.98414,1.0,0.0,1-0,1.008817,0.031617,0.0,2-0,2.0,0.0,0.9772,1.0,0.0,1-0,1.001652,0.031392,0.0,2-0,2.0,0.0,0.97026,1.0,0.0,1-0,0.994487,0.031168,0.0,2-0,2.0,0.0,0.963319,1.0,0.0,1-0,0.987322,0.030943,0.0,2-0,2.0,0.0,0.956379,1.0,0.0,1-0,0.980157,0.030718,0.0,2-0,2.0,0.0,0.949439,1.0,0.0,1-0,0.972992,0.030494,0.0,2-0,2.0,0.0,0.942499,1.0,0.0,1-0,0.965828,0.030269,0.0,2-0,2.0,0.0,0.935558,1.0,0.0,1-0,0.958663,0.030045,0.0,2-0,2.0,0.0,0.928618
2022,2022-11-26T13:00:00+03:00,G,21,Tunisia,Australia,0,1,0.337035,0.302719,0.360246,1.0389,1.0843,0.443602,0.288512,0.267885,0.106567,away,home,True,-0.106567,0.014206,0.092361,0,1,0-1,0.614478,0.034083,1,0,1-0,0.580395,3,1.0,0.0,1-0,0.763934,0.051044,0.0,2-1,2.0,1.0,0.71289,1.0,0.0,1-0,0.754758,0.050431,0.0,2-1,2.0,1.0,0.704328,1.0,0.0,1-0,0.745582,0.049818,0.0,2-1,2.0,1.0,0.695765,1.0,0.0,1-0,0.736406,0.049204,0.0,2-1,2.0,1.0,0.687202,1.0,0.0,1-0,0.72723,0.048591,0.0,2-1,2.0,1.0,0.678639,1.0,0.0,1-0,0.718054,0.047978,0.0,2-1,2.0,1.0,0.670076,1.0,0.0,1-0,0.708878,0.047365,0.0,2-1,2.0,1.0,0.661513,1.0,0.0,1-0,0.699702,0.046752,0.0,2-1,2.0,1.0,0.65295,1.0,0.0,1-0,0.690526,0.046139,0.0,2-1,2.0,1.0,0.644387,1.0,0.0,1-0,0.68135,0.045526,0.0,2-1,2.0,1.0,0.635824,1.0,0.0,1-0,0.672174,0.044913,0.0,2-1,2.0,1.0,0.627261,1.0,0.0,1-0,0.662998,0.044299,0.0,2-1,2.0,1.0,0.618698,1.0,0.0,1-0,0.653822,0.043686,0.0,2-1,2.0,1.0,0.610135,1.0,0.0,1-0,0.644645,0.043073,0.0,2-1,2.0,1.0,0.601572,1.0,0.0,1-0,0.635469,0.04246,0.0,2-1,2.0,1.0,0.593009,1.0,0.0,1-0,0.626293,0.041847,0.0,2-1,2.0,1.0,0.584446,1.0,0.0,1-0,0.617117,0.034129,0.0,0-1,0.0,1.0,0.582988,1.0,0.0,1-0,0.607941,0.017076,0.0,0-1,0.0,1.0,0.590866,1.0,0.0,1-0,0.598765,2.2e-05,0.0,0-1,0.0,1.0,0.598743,0.0,1.0,0-1,0.60662,0.017031,3.0,1-0,1.0,0.0,0.589589,0.0,1.0,0-1,0.614498,0.034084,3.0,1-0,1.0,0.0,0.580413
2022,2022-11-26T16:00:00+03:00,G,22,Poland,Saudi Arabia,2,0,0.631101,0.228403,0.140496,1.7929,0.709,0.567028,0.265274,0.167698,0.064073,home,home,False,0.064073,-0.03687,-0.027202,2,0,2-0,0.987482,0.038324,2,1,2-1,0.949158,3,2.0,0.0,2-0,0.887714,0.034452,3.0,2-1,2.0,1.0,0.853262,2.0,0.0,2-0,0.89273,0.034647,3.0,2-1,2.0,1.0,0.858083,2.0,0.0,2-0,0.897745,0.034841,3.0,2-1,2.0,1.0,0.862904,2.0,0.0,2-0,0.902761,0.035036,3.0,2-1,2.0,1.0,0.867725,2.0,0.0,2-0,0.907776,0.035231,3.0,2-1,2.0,1.0,0.872546,2.0,0.0,2-0,0.912792,0.035425,3.0,2-1,2.0,1.0,0.877366,2.0,0.0,2-0,0.917807,0.03562,3.0,2-1,2.0,1.0,0.882187,2.0,0.0,2-0,0.922823,0.035815,3.0,2-1,2.0,1.0,0.887008,2.0,0.0,2-0,0.927838,0.036009,3.0,2-1,2.0,1.0,0.891829,2.0,0.0,2-0,0.932853,0.036204,3.0,2-1,2.0,1.0,0.89665,2.0,0.0,2-0,0.937869,0.036399,3.0,2-1,2.0,1.0,0.90147,2.0,0.0,2-0,0.942884,0.036593,3.0,2-1,2.0,1.0,0.906291,2.0,0.0,2-0,0.9479,0.036788,3.0,2-1,2.0,1.0,0.911112,2.0,0.0,2-0,0.952915,0.036982,3.0,2-1,2.0,1.0,0.915933,2.0,0.0,2-0,0.957931,0.037177,3.0,2-1,2.0,1.0,0.920754,2.0,0.0,2-0,0.962946,0.037372,3.0,2-1,2.0,1.0,0.925574,2.0,0.0,2-0,0.967962,0.037566,3.0,2-1,2.0,1.0,0.930395,2.0,0.0,2-0,0.972977,0.037761,3.0,2-1,2.0,1.0,0.935216,2.0,0.0,2-0,0.977993,0.037956,3.0,2-1,2.0,1.0,0.940037,2.0,0.0,2-0,0.983008,0.03815,3.0,2-1,2.0,1.0,0.944858,2.0,0.0,2-0,0.988023,0.038345,3.0,2-1,2.0,1.0,0.949678
2022,2022-11-26T19:00:00+03:00,G,23,France,Denmark,2,1,0.405164,0.29531,0.299525,1.1989,0.9891,0.531528,0.270733,0.197738,0.126364,home,home,False,-0.126364,0.024577,0.101787,1,0,1-0,0.668886,0.022832,2,0,2-0,0.646054,1,1.0,0.0,1-0,0.877541,0.029954,1.0,2-0,2.0,0.0,0.847587,1.0,0.0,1-0,0.86711,0.029598,1.0,2-0,2.0,0.0,0.837512,1.0,0.0,1-0,0.856679,0.029242,1.0,2-0,2.0,0.0,0.827437,1.0,0.0,1-0,0.846248,0.028886,1.0,2-0,2.0,0.0,0.817362,1.0,0.0,1-0,0.835817,0.02853,1.0,2-0,2.0,0.0,0.807287,1.0,0.0,1-0,0.825385,0.028174,1.0,2-0,2.0,0.0,0.797211,1.0,0.0,1-0,0.814954,0.027818,1.0,2-0,2.0,0.0,0.787136,1.0,0.0,1-0,0.804523,0.027462,1.0,2-0,2.0,0.0,0.777061,1.0,0.0,1-0,0.794092,0.027106,1.0,2-0,2.0,0.0,0.766986,1.0,0.0,1-0,0.783661,0.02675,1.0,2-0,2.0,0.0,0.756911,1.0,0.0,1-0,0.773229,0.026394,1.0,2-0,2.0,0.0,0.746836,1.0,0.0,1-0,0.762798,0.026038,1.0,2-0,2.0,0.0,0.736761,1.0,0.0,1-0,0.752367,0.025682,1.0,2-0,2.0,0.0,0.726685,1.0,0.0,1-0,0.741936,0.025325,1.0,2-0,2.0,0.0,0.71661,1.0,0.0,1-0,0.731504,0.024969,1.0,2-0,2.0,0.0,0.706535,1.0,0.0,1-0,0.721073,0.024613,1.0,2-0,2.0,0.0,0.69646,1.0,0.0,1-0,0.710642,0.024257,1.0,2-0,2.0,0.0,0.686385,1.0,0.0,1-0,0.700211,0.023901,1.0,2-0,2.0,0.0,0.67631,1.0,0.0,1-0,0.68978,0.023545,1.0,2-0,2.0,0.0,0.666234,1.0,0.0,1-0,0.679348,0.023189,1.0,2-0,2.0,0.0,0.656159,1.0,0.0,1-0,0.668917,0.022833,1.0,2-0,2.0,0.0,0.646084
2022,2022-11-26T22:00:00+03:00,G,24,Argentina,Mexico,2,0,0.638485,0.233949,0.127566,1.7202,0.6197,0.635122,0.239641,0.125237,0.005692,home,home,False,0.003363,-0.005692,0.002329,2,0,2-0,1.011611,0.045946,1,0,1-0,0.965665,3,2.0,0.0,2-0,1.006704,0.045723,3.0,1-0,1.0,0.0,0.960981,2.0,0.0,2-0,1.006971,0.045735,3.0,1-0,1.0,0.0,0.961235,2.0,0.0,2-0,1.007237,0.045748,3.0,1-0,1.0,0.0,0.96149,2.0,0.0,2-0,1.007504,0.04576,3.0,1-0,1.0,0.0,0.961744,2.0,0.0,2-0,1.007771,0.045772,3.0,1-0,1.0,0.0,0.961999,2.0,0.0,2-0,1.008037,0.045784,3.0,1-0,1.0,0.0,0.962253,2.0,0.0,2-0,1.008304,0.045796,3.0,1-0,1.0,0.0,0.962508,2.0,0.0,2-0,1.00857,0.045808,3.0,1-0,1.0,0.0,0.962762,2.0,0.0,2-0,1.008837,0.04582,3.0,1-0,1.0,0.0,0.963016,2.0,0.0,2-0,1.009103,0.045832,3.0,1-0,1.0,0.0,0.963271,2.0,0.0,2-0,1.00937,0.045844,3.0,1-0,1.0,0.0,0.963525,2.0,0.0,2-0,1.009636,0.045857,3.0,1-0,1.0,0.0,0.96378,2.0,0.0,2-0,1.009903,0.045869,3.0,1-0,1.0,0.0,0.964034,2.0,0.0,2-0,1.010169,0.045881,3.0,1-0,1.0,0.0,0.964289,2.0,0.0,2-0,1.010436,0.045893,3.0,1-0,1.0,0.0,0.964543,2.0,0.0,2-0,1.010703,0.045905,3.0,1-0,1.0,0.0,0.964798,2.0,0.0,2-0,1.010969,0.045917,3.0,1-0,1.0,0.0,0.965052,2.0,0.0,2-0,1.011236,0.045929,3.0,1-0,1.0,0.0,0.965306,2.0,0.0,2-0,1.011502,0.045941,3.0,1-0,1.0,0.0,0.965561,2.0,0.0,2-0,1.011769,0.045953,3.0,1-0,1.0,0.0,0.965815,2.0,0.0,2-0,1.012035,0.045966,3.0,1-0,1.0,0.0,0.96607
2022,2022-11-27T13:00:00+03:00,G,25,Japan,Costa Rica,0,1,0.400918,0.316544,0.282538,1.0824,0.8586,0.656672,0.22335,0.119978,0.255754,home,home,False,-0.255754,0.093194,0.162561,1,0,1-0,0.706516,0.065199,2,0,2-0,0.641317,0,1.0,0.0,1-0,1.157243,0.106793,0.0,2-0,2.0,0.0,1.05045,1.0,0.0,1-0,1.134707,0.104713,0.0,2-0,2.0,0.0,1.029994,1.0,0.0,1-0,1.112171,0.102634,0.0,2-0,2.0,0.0,1.009538,1.0,0.0,1-0,1.089636,0.100554,0.0,2-0,2.0,0.0,0.989082,1.0,0.0,1-0,1.0671,0.098474,0.0,2-0,2.0,0.0,0.968626,1.0,0.0,1-0,1.044565,0.096395,0.0,2-0,2.0,0.0,0.94817,1.0,0.0,1-0,1.022029,0.094315,0.0,2-0,2.0,0.0,0.927714,1.0,0.0,1-0,0.999494,0.092236,0.0,2-0,2.0,0.0,0.907258,1.0,0.0,1-0,0.976958,0.090156,0.0,2-0,2.0,0.0,0.886802,1.0,0.0,1-0,0.954422,0.088076,0.0,2-0,2.0,0.0,0.866346,1.0,0.0,1-0,0.931887,0.085997,0.0,2-0,2.0,0.0,0.84589,1.0,0.0,1-0,0.909351,0.083917,0.0,2-0,2.0,0.0,0.825434,1.0,0.0,1-0,0.886816,0.081837,0.0,2-0,2.0,0.0,0.804978,1.0,0.0,1-0,0.86428,0.079758,0.0,2-0,2.0,0.0,0.784522,1.0,0.0,1-0,0.841744,0.077678,0.0,2-0,2.0,0.0,0.764066,1.0,0.0,1-0,0.819209,0.075598,0.0,2-0,2.0,0.0,0.74361,1.0,0.0,1-0,0.796673,0.073519,0.0,2-0,2.0,0.0,0.723154,1.0,0.0,1-0,0.774138,0.071439,0.0,2-0,2.0,0.0,0.702699,1.0,0.0,1-0,0.751602,0.06936,0.0,2-0,2.0,0.0,0.682243,1.0,0.0,1-0,0.729067,0.06728,0.0,2-0,2.0,0.0,0.661787,1.0,0.0,1-0,0.706531,0.0652,0.0,2-0,2.0,0.0,0.641331
2022,2022-11-27T16:00:00+03:00,G,26,Belgium,Morocco,0,2,0.602652,0.24072,0.156629,1.7001,0.7357,0.510347,0.280171,0.209481,0.092305,home,home,False,0.092305,-0.039452,-0.052853,2,0,2-0,0.948459,0.033428,2,1,2-1,0.915031,0,2.0,0.0,2-0,0.803502,0.028319,0.0,2-1,2.0,1.0,0.775183,2.0,0.0,2-0,0.810768,0.028575,0.0,2-1,2.0,1.0,0.782193,2.0,0.0,2-0,0.818034,0.028831,0.0,2-1,2.0,1.0,0.789203,2.0,0.0,2-0,0.825301,0.029087,0.0,2-1,2.0,1.0,0.796213,2.0,0.0,2-0,0.832567,0.029343,0.0,2-1,2.0,1.0,0.803224,2.0,0.0,2-0,0.839833,0.029599,0.0,2-1,2.0,1.0,0.810234,2.0,0.0,2-0,0.847099,0.029855,0.0,2-1,2.0,1.0,0.817244,2.0,0.0,2-0,0.854366,0.030111,0.0,2-1,2.0,1.0,0.824254,2.0,0.0,2-0,0.861632,0.030368,0.0,2-1,2.0,1.0,0.831265,2.0,0.0,2-0,0.868898,0.030624,0.0,2-1,2.0,1.0,0.838275,2.0,0.0,2-0,0.876165,0.03088,0.0,2-1,2.0,1.0,0.845285,2.0,0.0,2-0,0.883431,0.031136,0.0,2-1,2.0,1.0,0.852295,2.0,0.0,2-0,0.890697,0.031392,0.0,2-1,2.0,1.0,0.859305,2.0,0.0,2-0,0.897964,0.031648,0.0,2-1,2.0,1.0,0.866316,2.0,0.0,2-0,0.90523,0.031904,0.0,2-1,2.0,1.0,0.873326,2.0,0.0,2-0,0.912496,0.03216,0.0,2-1,2.0,1.0,0.880336,2.0,0.0,2-0,0.919763,0.032416,0.0,2-1,2.0,1.0,0.887346,2.0,0.0,2-0,0.927029,0.032672,0.0,2-1,2.0,1.0,0.894356,2.0,0.0,2-0,0.934295,0.032929,0.0,2-1,2.0,1.0,0.901367,2.0,0.0,2-0,0.941561,0.033185,0.0,2-1,2.0,1.0,0.908377,2.0,0.0,2-0,0.948828,0.033441,0.0,2-1,2.0,1.0,0.915387
2022,2022-11-27T19:00:00+03:00,G,27,Croatia,Canada,4,1,0.557681,0.243605,0.198714,1.7055,0.9157,0.435772,0.29268,0.271549,0.12191,home,home,False,0.12191,-0.049074,-0.072835,2,0,2-0,0.865817,0.00892,2,1,2-1,0.856897,1,2.0,0.0,2-0,0.67682,0.006973,1.0,2-1,2.0,1.0,0.669847,2.0,0.0,2-0,0.686287,0.00707,1.0,2-1,2.0,1.0,0.679217,2.0,0.0,2-0,0.695755,0.007168,1.0,2-1,2.0,1.0,0.688587,2.0,0.0,2-0,0.705222,0.007265,1.0,2-1,2.0,1.0,0.697957,2.0,0.0,2-0,0.714689,0.007363,1.0,2-1,2.0,1.0,0.707326,2.0,0.0,2-0,0.724156,0.00746,1.0,2-1,2.0,1.0,0.716696,2.0,0.0,2-0,0.733623,0.007558,1.0,2-1,2.0,1.0,0.726066,2.0,0.0,2-0,0.743091,0.007655,1.0,2-1,2.0,1.0,0.735435,2.0,0.0,2-0,0.752558,0.007753,1.0,2-1,2.0,1.0,0.744805,2.0,0.0,2-0,0.762025,0.00785,1.0,2-1,2.0,1.0,0.754175,2.0,0.0,2-0,0.771492,0.007948,1.0,2-1,2.0,1.0,0.763544,2.0,0.0,2-0,0.78096,0.008045,1.0,2-1,2.0,1.0,0.772914,2.0,0.0,2-0,0.790427,0.008143,1.0,2-1,2.0,1.0,0.782284,2.0,0.0,2-0,0.799894,0.00824,1.0,2-1,2.0,1.0,0.791654,2.0,0.0,2-0,0.809361,0.008338,1.0,2-1,2.0,1.0,0.801023,2.0,0.0,2-0,0.818828,0.008436,1.0,2-1,2.0,1.0,0.810393,2.0,0.0,2-0,0.828296,0.008533,1.0,2-1,2.0,1.0,0.819763,2.0,0.0,2-0,0.837763,0.008631,1.0,2-1,2.0,1.0,0.829132,2.0,0.0,2-0,0.84723,0.008728,1.0,2-1,2.0,1.0,0.838502,2.0,0.0,2-0,0.856697,0.008826,1.0,2-1,2.0,1.0,0.847872,2.0,0.0,2-0,0.866165,0.008923,1.0,2-1,2.0,1.0,0.857241
2022,2022-11-27T22:00:00+03:00,G,28,Spain,Germany,1,1,0.468329,0.245168,0.286503,1.6699,1.2577,0.381257,0.278512,0.340231,0.087073,home,home,False,0.087073,-0.033344,-0.053729,2,1,2-1,0.730496,0.019231,2,0,2-0,0.711265,0,2.0,1.0,2-1,0.594917,0.015662,0.0,2-0,2.0,0.0,0.579255,2.0,1.0,2-1,0.60171,0.01584,0.0,2-0,2.0,0.0,0.58587,2.0,1.0,2-1,0.608503,0.016019,0.0,2-0,2.0,0.0,0.592484,2.0,1.0,2-1,0.615297,0.016198,0.0,2-0,2.0,0.0,0.599099,2.0,1.0,2-1,0.62209,0.016377,0.0,2-0,2.0,0.0,0.605713,2.0,1.0,2-1,0.628884,0.016556,0.0,2-0,2.0,0.0,0.612328,2.0,1.0,2-1,0.635677,0.016735,0.0,2-0,2.0,0.0,0.618943,2.0,1.0,2-1,0.642471,0.016913,0.0,2-0,2.0,0.0,0.625557,2.0,1.0,2-1,0.649264,0.017092,0.0,2-0,2.0,0.0,0.632172,2.0,1.0,2-1,0.656058,0.017271,0.0,2-0,2.0,0.0,0.638787,2.0,1.0,2-1,0.662851,0.01745,0.0,2-0,2.0,0.0,0.645401,2.0,1.0,2-1,0.669645,0.017629,0.0,2-0,2.0,0.0,0.652016,2.0,1.0,2-1,0.676438,0.017808,0.0,2-0,2.0,0.0,0.65863,2.0,1.0,2-1,0.683231,0.017986,0.0,2-0,2.0,0.0,0.665245,2.0,1.0,2-1,0.690025,0.018165,0.0,2-0,2.0,0.0,0.67186,2.0,1.0,2-1,0.696818,0.018344,0.0,2-0,2.0,0.0,0.678474,2.0,1.0,2-1,0.703612,0.018523,0.0,2-0,2.0,0.0,0.685089,2.0,1.0,2-1,0.710405,0.018702,0.0,2-0,2.0,0.0,0.691703,2.0,1.0,2-1,0.717199,0.018881,0.0,2-0,2.0,0.0,0.698318,2.0,1.0,2-1,0.723992,0.01906,0.0,2-0,2.0,0.0,0.704933,2.0,1.0,2-1,0.730786,0.019238,0.0,2-0,2.0,0.0,0.711547
2022,2022-11-28T13:00:00+03:00,G,29,Cameroon,Serbia,3,3,0.201569,0.26779,0.530641,0.8095,1.49,0.177769,0.251388,0.570842,0.040201,away,away,False,0.023799,0.016402,-0.040201,0,2,0-2,0.843379,0.018606,0,1,0-1,0.824773,0,0.0,2.0,0-2,0.907422,0.020019,0.0,0-1,0.0,1.0,0.887403,0.0,2.0,0-2,0.904227,0.019948,0.0,0-1,0.0,1.0,0.884279,0.0,2.0,0-2,0.901032,0.019878,0.0,0-1,0.0,1.0,0.881154,0.0,2.0,0-2,0.897837,0.019807,0.0,0-1,0.0,1.0,0.878029,0.0,2.0,0-2,0.894642,0.019737,0.0,0-1,0.0,1.0,0.874905,0.0,2.0,0-2,0.891446,0.019666,0.0,0-1,0.0,1.0,0.87178,0.0,2.0,0-2,0.888251,0.019596,0.0,0-1,0.0,1.0,0.868655,0.0,2.0,0-2,0.885056,0.019525,0.0,0-1,0.0,1.0,0.86553,0.0,2.0,0-2,0.881861,0.019455,0.0,0-1,0.0,1.0,0.862406,0.0,2.0,0-2,0.878665,0.019385,0.0,0-1,0.0,1.0,0.859281,0.0,2.0,0-2,0.87547,0.019314,0.0,0-1,0.0,1.0,0.856156,0.0,2.0,0-2,0.872275,0.019244,0.0,0-1,0.0,1.0,0.853032,0.0,2.0,0-2,0.86908,0.019173,0.0,0-1,0.0,1.0,0.849907,0.0,2.0,0-2,0.865885,0.019103,0.0,0-1,0.0,1.0,0.846782,0.0,2.0,0-2,0.862689,0.019032,0.0,0-1,0.0,1.0,0.843657,0.0,2.0,0-2,0.859494,0.018962,0.0,0-1,0.0,1.0,0.840533,0.0,2.0,0-2,0.856299,0.018891,0.0,0-1,0.0,1.0,0.837408,0.0,2.0,0-2,0.853104,0.018821,0.0,0-1,0.0,1.0,0.834283,0.0,2.0,0-2,0.849909,0.01875,0.0,0-1,0.0,1.0,0.831158,0.0,2.0,0-2,0.846713,0.01868,0.0,0-1,0.0,1.0,0.828034,0.0,2.0,0-2,0.843518,0.018609,0.0,0-1,0.0,1.0,0.824909
2022,2022-11-28T16:00:00+03:00,G,30,South Korea,Ghana,2,3,0.411974,0.322593,0.265434,1.0693,0.7963,0.351941,0.307905,0.340154,0.07472,home,home,False,0.060032,0.014688,-0.07472,1,0,1-0,0.737924,0.078479,2,0,2-0,0.659445,0,0.0,1.0,0-1,0.64955,0.019145,1.0,1-0,1.0,0.0,0.630406,0.0,1.0,0-1,0.642416,0.006634,1.0,1-0,1.0,0.0,0.635783,1.0,0.0,1-0,0.641159,0.005877,0.0,0-1,0.0,1.0,0.635282,1.0,0.0,1-0,0.646536,0.018388,0.0,0-1,0.0,1.0,0.628148,1.0,0.0,1-0,0.651912,0.030899,0.0,0-1,0.0,1.0,0.621014,1.0,0.0,1-0,0.657289,0.041732,0.0,0-0,0.0,0.0,0.615557,1.0,0.0,1-0,0.662665,0.045658,0.0,0-0,0.0,0.0,0.617008,1.0,0.0,1-0,0.668042,0.049583,0.0,0-0,0.0,0.0,0.618459,1.0,0.0,1-0,0.673419,0.053509,0.0,0-0,0.0,0.0,0.619909,1.0,0.0,1-0,0.678795,0.057435,0.0,0-0,0.0,0.0,0.62136,1.0,0.0,1-0,0.684172,0.061361,0.0,0-0,0.0,0.0,0.622811,1.0,0.0,1-0,0.689548,0.065286,0.0,0-0,0.0,0.0,0.624262,1.0,0.0,1-0,0.694925,0.069212,0.0,0-0,0.0,0.0,0.625713,1.0,0.0,1-0,0.700302,0.073138,0.0,0-0,0.0,0.0,0.627164,1.0,0.0,1-0,0.705678,0.075049,0.0,2-0,2.0,0.0,0.630629,1.0,0.0,1-0,0.711055,0.075621,0.0,2-0,2.0,0.0,0.635433,1.0,0.0,1-0,0.716431,0.076193,0.0,2-0,2.0,0.0,0.640238,1.0,0.0,1-0,0.721808,0.076765,0.0,2-0,2.0,0.0,0.645043,1.0,0.0,1-0,0.727184,0.077337,0.0,2-0,2.0,0.0,0.649848,1.0,0.0,1-0,0.732561,0.077909,0.0,2-0,2.0,0.0,0.654652,1.0,0.0,1-0,0.737938,0.07848,0.0,2-0,2.0,0.0,0.659457
2022,2022-11-28T19:00:00+03:00,G,31,Brazil,Switzerland,1,0,0.647892,0.2331,0.119008,1.7127,0.5791,0.657908,0.222011,0.120081,0.011089,home,home,False,-0.010016,0.011089,-0.001073,2,0,2-0,1.029991,0.04001,1,0,1-0,0.98998,1,2.0,0.0,2-0,1.046339,0.040645,1.0,1-0,1.0,0.0,1.005694,2.0,0.0,2-0,1.045543,0.040614,1.0,1-0,1.0,0.0,1.004928,2.0,0.0,2-0,1.044746,0.040584,1.0,1-0,1.0,0.0,1.004163,2.0,0.0,2-0,1.04395,0.040553,1.0,1-0,1.0,0.0,1.003397,2.0,0.0,2-0,1.043153,0.040522,1.0,1-0,1.0,0.0,1.002632,2.0,0.0,2-0,1.042357,0.040491,1.0,1-0,1.0,0.0,1.001866,2.0,0.0,2-0,1.04156,0.04046,1.0,1-0,1.0,0.0,1.001101,2.0,0.0,2-0,1.040764,0.040429,1.0,1-0,1.0,0.0,1.000335,2.0,0.0,2-0,1.039967,0.040398,1.0,1-0,1.0,0.0,0.99957,2.0,0.0,2-0,1.039171,0.040367,1.0,1-0,1.0,0.0,0.998804,2.0,0.0,2-0,1.038375,0.040336,1.0,1-0,1.0,0.0,0.998039,2.0,0.0,2-0,1.037578,0.040305,1.0,1-0,1.0,0.0,0.997273,2.0,0.0,2-0,1.036782,0.040274,1.0,1-0,1.0,0.0,0.996508,2.0,0.0,2-0,1.035985,0.040243,1.0,1-0,1.0,0.0,0.995742,2.0,0.0,2-0,1.035189,0.040212,1.0,1-0,1.0,0.0,0.994976,2.0,0.0,2-0,1.034392,0.040181,1.0,1-0,1.0,0.0,0.994211,2.0,0.0,2-0,1.033596,0.04015,1.0,1-0,1.0,0.0,0.993445,2.0,0.0,2-0,1.032799,0.040119,1.0,1-0,1.0,0.0,0.99268,2.0,0.0,2-0,1.032003,0.040089,1.0,1-0,1.0,0.0,0.991914,2.0,0.0,2-0,1.031207,0.040058,1.0,1-0,1.0,0.0,0.991149,2.0,0.0,2-0,1.03041,0.040027,1.0,1-0,1.0,0.0,0.990383
2022,2022-11-28T22:00:00+03:00,G,32,Portugal,Uruguay,2,0,0.421082,0.300792,0.278126,1.1896,0.91,0.50015,0.286171,0.213679,0.079069,home,home,False,-0.079069,0.014621,0.064448,1,0,1-0,0.70739,0.034088,2,0,2-0,0.673302,1,1.0,0.0,1-0,0.840255,0.040491,1.0,2-0,2.0,0.0,0.799764,1.0,0.0,1-0,0.833613,0.040171,1.0,2-0,2.0,0.0,0.793442,1.0,0.0,1-0,0.826971,0.039851,1.0,2-0,2.0,0.0,0.78712,1.0,0.0,1-0,0.820329,0.039531,1.0,2-0,2.0,0.0,0.780798,1.0,0.0,1-0,0.813687,0.039211,1.0,2-0,2.0,0.0,0.774477,1.0,0.0,1-0,0.807046,0.038891,1.0,2-0,2.0,0.0,0.768155,1.0,0.0,1-0,0.800404,0.038571,1.0,2-0,2.0,0.0,0.761833,1.0,0.0,1-0,0.793762,0.038251,1.0,2-0,2.0,0.0,0.755511,1.0,0.0,1-0,0.78712,0.03793,1.0,2-0,2.0,0.0,0.74919,1.0,0.0,1-0,0.780478,0.03761,1.0,2-0,2.0,0.0,0.742868,1.0,0.0,1-0,0.773837,0.03729,1.0,2-0,2.0,0.0,0.736546,1.0,0.0,1-0,0.767195,0.03697,1.0,2-0,2.0,0.0,0.730225,1.0,0.0,1-0,0.760553,0.03665,1.0,2-0,2.0,0.0,0.723903,1.0,0.0,1-0,0.753911,0.03633,1.0,2-0,2.0,0.0,0.717581,1.0,0.0,1-0,0.747269,0.03601,1.0,2-0,2.0,0.0,0.711259,1.0,0.0,1-0,0.740628,0.03569,1.0,2-0,2.0,0.0,0.704938,1.0,0.0,1-0,0.733986,0.03537,1.0,2-0,2.0,0.0,0.698616,1.0,0.0,1-0,0.727344,0.03505,1.0,2-0,2.0,0.0,0.692294,1.0,0.0,1-0,0.720702,0.03473,1.0,2-0,2.0,0.0,0.685972,1.0,0.0,1-0,0.71406,0.03441,1.0,2-0,2.0,0.0,0.679651,1.0,0.0,1-0,0.707419,0.03409,1.0,2-0,2.0,0.0,0.673329
2022,2022-11-29T18:00:00+03:00,G,33,Ecuador,Senegal,1,2,0.365236,0.328148,0.306616,0.9783,0.8698,0.390193,0.313658,0.296148,0.024958,home,home,False,-0.024958,0.01449,0.010468,1,0,1-0,0.668259,0.019854,0,0,0-0,0.648405,0,1.0,0.0,1-0,0.713932,0.092615,0.0,2-0,2.0,0.0,0.621317,1.0,0.0,1-0,0.711649,0.090435,0.0,0-0,0.0,0.0,0.621214,1.0,0.0,1-0,0.709365,0.08672,0.0,0-0,0.0,0.0,0.622645,1.0,0.0,1-0,0.707082,0.083005,0.0,0-0,0.0,0.0,0.624077,1.0,0.0,1-0,0.704799,0.079291,0.0,0-0,0.0,0.0,0.625508,1.0,0.0,1-0,0.702516,0.075576,0.0,0-0,0.0,0.0,0.62694,1.0,0.0,1-0,0.700233,0.071861,0.0,0-0,0.0,0.0,0.628372,1.0,0.0,1-0,0.697949,0.068146,0.0,0-0,0.0,0.0,0.629803,1.0,0.0,1-0,0.695666,0.064431,0.0,0-0,0.0,0.0,0.631235,1.0,0.0,1-0,0.693383,0.060717,0.0,0-0,0.0,0.0,0.632666,1.0,0.0,1-0,0.6911,0.057002,0.0,0-0,0.0,0.0,0.634098,1.0,0.0,1-0,0.688816,0.053287,0.0,0-0,0.0,0.0,0.635529,1.0,0.0,1-0,0.686533,0.049572,0.0,0-0,0.0,0.0,0.636961,1.0,0.0,1-0,0.68425,0.045857,0.0,0-0,0.0,0.0,0.638393,1.0,0.0,1-0,0.681967,0.042143,0.0,0-0,0.0,0.0,0.639824,1.0,0.0,1-0,0.679684,0.038428,0.0,0-0,0.0,0.0,0.641256,1.0,0.0,1-0,0.6774,0.034713,0.0,0-0,0.0,0.0,0.642687,1.0,0.0,1-0,0.675117,0.030998,0.0,0-0,0.0,0.0,0.644119,1.0,0.0,1-0,0.672834,0.027283,0.0,0-0,0.0,0.0,0.64555,1.0,0.0,1-0,0.670551,0.023569,0.0,0-0,0.0,0.0,0.646982,1.0,0.0,1-0,0.668267,0.019854,0.0,0-0,0.0,0.0,0.648414
2022,2022-11-29T18:00:00+03:00,G,34,Netherlands,Qatar,2,0,0.788111,0.138713,0.073176,2.6822,0.7084,0.815179,0.130692,0.05413,0.027068,home,home,False,-0.027068,0.008021,0.019047,2,0,2-0,1.1113,0.007588,3,0,3-0,1.103712,3,2.0,0.0,2-0,1.156845,0.007899,3.0,3-0,3.0,0.0,1.148946,2.0,0.0,2-0,1.154924,0.007885,3.0,3-0,3.0,0.0,1.147039,2.0,0.0,2-0,1.153003,0.007872,3.0,3-0,3.0,0.0,1.145131,2.0,0.0,2-0,1.151083,0.007859,3.0,3-0,3.0,0.0,1.143223,2.0,0.0,2-0,1.149162,0.007846,3.0,3-0,3.0,0.0,1.141316,2.0,0.0,2-0,1.147241,0.007833,3.0,3-0,3.0,0.0,1.139408,2.0,0.0,2-0,1.145321,0.00782,3.0,3-0,3.0,0.0,1.137501,2.0,0.0,2-0,1.1434,0.007807,3.0,3-0,3.0,0.0,1.135593,2.0,0.0,2-0,1.14148,0.007794,3.0,3-0,3.0,0.0,1.133686,2.0,0.0,2-0,1.139559,0.007781,3.0,3-0,3.0,0.0,1.131778,2.0,0.0,2-0,1.137638,0.007767,3.0,3-0,3.0,0.0,1.129871,2.0,0.0,2-0,1.135718,0.007754,3.0,3-0,3.0,0.0,1.127963,2.0,0.0,2-0,1.133797,0.007741,3.0,3-0,3.0,0.0,1.126056,2.0,0.0,2-0,1.131876,0.007728,3.0,3-0,3.0,0.0,1.124148,2.0,0.0,2-0,1.129956,0.007715,3.0,3-0,3.0,0.0,1.122241,2.0,0.0,2-0,1.128035,0.007702,3.0,3-0,3.0,0.0,1.120333,2.0,0.0,2-0,1.126114,0.007689,3.0,3-0,3.0,0.0,1.118426,2.0,0.0,2-0,1.124194,0.007676,3.0,3-0,3.0,0.0,1.116518,2.0,0.0,2-0,1.122273,0.007663,3.0,3-0,3.0,0.0,1.11461,2.0,0.0,2-0,1.120352,0.007649,3.0,3-0,3.0,0.0,1.112703,2.0,0.0,2-0,1.118432,0.007636,3.0,3-0,3.0,0.0,1.110795
2022,2022-11-29T22:00:00+03:00,G,35,Wales,England,0,3,0.151978,0.290023,0.557999,0.5534,1.3342,0.10265,0.212277,0.685073,0.127074,away,away,False,0.049329,0.077746,-0.127074,0,1,0-1,0.957724,0.055613,0,2,0-2,0.90211,1,0.0,1.0,0-1,1.175919,0.068284,1.0,0-2,0.0,2.0,1.107635,0.0,1.0,0-1,1.165013,0.06765,1.0,0-2,0.0,2.0,1.097363,0.0,1.0,0-1,1.154107,0.067017,1.0,0-2,0.0,2.0,1.08709,0.0,1.0,0-1,1.143201,0.066384,1.0,0-2,0.0,2.0,1.076817,0.0,1.0,0-1,1.132295,0.06575,1.0,0-2,0.0,2.0,1.066544,0.0,1.0,0-1,1.121389,0.065117,1.0,0-2,0.0,2.0,1.056271,0.0,1.0,0-1,1.110483,0.064484,1.0,0-2,0.0,2.0,1.045999,0.0,1.0,0-1,1.099577,0.063851,1.0,0-2,0.0,2.0,1.035726,0.0,1.0,0-1,1.08867,0.063217,1.0,0-2,0.0,2.0,1.025453,0.0,1.0,0-1,1.077764,0.062584,1.0,0-2,0.0,2.0,1.01518,0.0,1.0,0-1,1.066858,0.061951,1.0,0-2,0.0,2.0,1.004908,0.0,1.0,0-1,1.055952,0.061317,1.0,0-2,0.0,2.0,0.994635,0.0,1.0,0-1,1.045046,0.060684,1.0,0-2,0.0,2.0,0.984362,0.0,1.0,0-1,1.03414,0.060051,1.0,0-2,0.0,2.0,0.974089,0.0,1.0,0-1,1.023234,0.059417,1.0,0-2,0.0,2.0,0.963817,0.0,1.0,0-1,1.012328,0.058784,1.0,0-2,0.0,2.0,0.953544,0.0,1.0,0-1,1.001422,0.058151,1.0,0-2,0.0,2.0,0.943271,0.0,1.0,0-1,0.990516,0.057518,1.0,0-2,0.0,2.0,0.932998,0.0,1.0,0-1,0.97961,0.056884,1.0,0-2,0.0,2.0,0.922725,0.0,1.0,0-1,0.968704,0.056251,1.0,0-2,0.0,2.0,0.912453,0.0,1.0,0-1,0.957798,0.055618,1.0,0-2,0.0,2.0,0.90218
2022,2022-11-29T22:00:00+03:00,G,36,Iran,United States,0,1,0.339983,0.355664,0.304353,0.8403,0.7778,0.230869,0.271983,0.497148,0.192795,draw,away,True,0.109115,0.08368,-0.192795,0,0,0-0,0.757228,0.089044,1,0,1-0,0.668184,0,0.0,1.0,0-1,0.992746,0.217349,3.0,0-2,0.0,2.0,0.775397,0.0,1.0,0-1,0.973497,0.213135,3.0,0-2,0.0,2.0,0.760362,0.0,1.0,0-1,0.954248,0.208921,3.0,0-2,0.0,2.0,0.745327,0.0,1.0,0-1,0.934998,0.204706,3.0,0-2,0.0,2.0,0.730292,0.0,1.0,0-1,0.915749,0.200492,3.0,0-2,0.0,2.0,0.715257,0.0,1.0,0-1,0.896499,0.196277,3.0,0-2,0.0,2.0,0.700222,0.0,1.0,0-1,0.87725,0.192063,3.0,0-2,0.0,2.0,0.685187,0.0,1.0,0-1,0.858,0.187848,3.0,0-2,0.0,2.0,0.670152,0.0,1.0,0-1,0.838751,0.183634,3.0,0-2,0.0,2.0,0.655117,0.0,1.0,0-1,0.819501,0.160258,3.0,0-0,0.0,0.0,0.659243,0.0,1.0,0-1,0.800252,0.132101,3.0,0-0,0.0,0.0,0.668151,0.0,1.0,0-1,0.781002,0.103943,3.0,0-0,0.0,0.0,0.677059,0.0,1.0,0-1,0.761753,0.075786,3.0,0-0,0.0,0.0,0.685967,0.0,1.0,0-1,0.742503,0.047628,3.0,0-0,0.0,0.0,0.694875,0.0,1.0,0-1,0.723254,0.01947,3.0,0-0,0.0,0.0,0.703783,0.0,0.0,0-0,0.712691,0.008687,0.0,0-1,0.0,1.0,0.704004,0.0,0.0,0-0,0.721599,0.036845,0.0,0-1,0.0,1.0,0.684755,0.0,0.0,0-0,0.730507,0.065002,0.0,0-1,0.0,1.0,0.665505,0.0,0.0,0-0,0.739415,0.092673,0.0,1-0,1.0,0.0,0.646742,0.0,0.0,0-0,0.748324,0.090859,0.0,1-0,1.0,0.0,0.657465,0.0,0.0,0-0,0.757232,0.089044,0.0,1-0,1.0,0.0,0.668187
2022,2022-11-30T18:00:00+03:00,G,37,Australia,Denmark,1,0,0.140258,0.227975,0.631767,0.7096,1.7966,0.114215,0.196594,0.689191,0.057423,away,away,False,0.026043,0.031381,-0.057423,0,2,0-2,0.988151,0.038231,1,2,1-2,0.94992,0,0.0,2.0,0-2,1.078566,0.041729,0.0,1-2,1.0,2.0,1.036837,0.0,2.0,0-2,1.074073,0.041555,0.0,1-2,1.0,2.0,1.032517,0.0,2.0,0-2,1.06958,0.041382,0.0,1-2,1.0,2.0,1.028198,0.0,2.0,0-2,1.065086,0.041208,0.0,1-2,1.0,2.0,1.023879,0.0,2.0,0-2,1.060593,0.041034,0.0,1-2,1.0,2.0,1.019559,0.0,2.0,0-2,1.0561,0.04086,0.0,1-2,1.0,2.0,1.01524,0.0,2.0,0-2,1.051606,0.040686,0.0,1-2,1.0,2.0,1.01092,0.0,2.0,0-2,1.047113,0.040512,0.0,1-2,1.0,2.0,1.006601,0.0,2.0,0-2,1.04262,0.040338,0.0,1-2,1.0,2.0,1.002281,0.0,2.0,0-2,1.038126,0.040165,0.0,1-2,1.0,2.0,0.997962,0.0,2.0,0-2,1.033633,0.039991,0.0,1-2,1.0,2.0,0.993642,0.0,2.0,0-2,1.02914,0.039817,0.0,1-2,1.0,2.0,0.989323,0.0,2.0,0-2,1.024647,0.039643,0.0,1-2,1.0,2.0,0.985004,0.0,2.0,0-2,1.020153,0.039469,0.0,1-2,1.0,2.0,0.980684,0.0,2.0,0-2,1.01566,0.039295,0.0,1-2,1.0,2.0,0.976365,0.0,2.0,0-2,1.011167,0.039122,0.0,1-2,1.0,2.0,0.972045,0.0,2.0,0-2,1.006673,0.038948,0.0,1-2,1.0,2.0,0.967726,0.0,2.0,0-2,1.00218,0.038774,0.0,1-2,1.0,2.0,0.963406,0.0,2.0,0-2,0.997687,0.0386,0.0,1-2,1.0,2.0,0.959087,0.0,2.0,0-2,0.993194,0.038426,0.0,1-2,1.0,2.0,0.954767,0.0,2.0,0-2,0.9887,0.038252,0.0,1-2,1.0,2.0,0.950448
2022,2022-11-30T18:00:00+03:00,G,38,Tunisia,France,1,0,0.10701,0.216729,0.67626,0.5719,1.832,0.15544,0.24532,0.59924,0.077021,away,away,False,-0.04843,-0.028591,0.077021,0,2,0-2,1.065834,0.062594,0,1,0-1,1.00324,0,0.0,2.0,0-2,0.945038,0.0555,0.0,0-1,0.0,1.0,0.889538,0.0,2.0,0-2,0.951112,0.055857,0.0,0-1,0.0,1.0,0.895255,0.0,2.0,0-2,0.957185,0.056214,0.0,0-1,0.0,1.0,0.900971,0.0,2.0,0-2,0.963258,0.05657,0.0,0-1,0.0,1.0,0.906688,0.0,2.0,0-2,0.969332,0.056927,0.0,0-1,0.0,1.0,0.912405,0.0,2.0,0-2,0.975405,0.057284,0.0,0-1,0.0,1.0,0.918121,0.0,2.0,0-2,0.981478,0.05764,0.0,0-1,0.0,1.0,0.923838,0.0,2.0,0-2,0.987552,0.057997,0.0,0-1,0.0,1.0,0.929555,0.0,2.0,0-2,0.993625,0.058354,0.0,0-1,0.0,1.0,0.935271,0.0,2.0,0-2,0.999698,0.05871,0.0,0-1,0.0,1.0,0.940988,0.0,2.0,0-2,1.005772,0.059067,0.0,0-1,0.0,1.0,0.946705,0.0,2.0,0-2,1.011845,0.059424,0.0,0-1,0.0,1.0,0.952421,0.0,2.0,0-2,1.017918,0.05978,0.0,0-1,0.0,1.0,0.958138,0.0,2.0,0-2,1.023992,0.060137,0.0,0-1,0.0,1.0,0.963855,0.0,2.0,0-2,1.030065,0.060494,0.0,0-1,0.0,1.0,0.969571,0.0,2.0,0-2,1.036138,0.06085,0.0,0-1,0.0,1.0,0.975288,0.0,2.0,0-2,1.042212,0.061207,0.0,0-1,0.0,1.0,0.981005,0.0,2.0,0-2,1.048285,0.061564,0.0,0-1,0.0,1.0,0.986721,0.0,2.0,0-2,1.054358,0.06192,0.0,0-1,0.0,1.0,0.992438,0.0,2.0,0-2,1.060431,0.062277,0.0,0-1,0.0,1.0,0.998154,0.0,2.0,0-2,1.066505,0.062634,0.0,0-1,0.0,1.0,1.003871
2022,2022-11-30T22:00:00+03:00,G,39,Poland,Argentina,0,2,0.147836,0.229771,0.622394,0.7411,1.7916,0.107007,0.20779,0.685203,0.062809,away,away,False,0.040829,0.021981,-0.062809,0,2,0-2,0.971544,0.033006,1,2,1-2,0.938537,3,0.0,2.0,0-2,1.070172,0.036357,3.0,1-2,1.0,2.0,1.033815,0.0,2.0,0-2,1.065267,0.036191,3.0,1-2,1.0,2.0,1.029077,0.0,2.0,0-2,1.060362,0.036024,3.0,1-2,1.0,2.0,1.024338,0.0,2.0,0-2,1.055458,0.035857,3.0,1-2,1.0,2.0,1.0196,0.0,2.0,0-2,1.050553,0.035691,3.0,1-2,1.0,2.0,1.014862,0.0,2.0,0-2,1.045648,0.035524,3.0,1-2,1.0,2.0,1.010124,0.0,2.0,0-2,1.040743,0.035357,3.0,1-2,1.0,2.0,1.005385,0.0,2.0,0-2,1.035838,0.035191,3.0,1-2,1.0,2.0,1.000647,0.0,2.0,0-2,1.030933,0.035024,3.0,1-2,1.0,2.0,0.995909,0.0,2.0,0-2,1.026028,0.034858,3.0,1-2,1.0,2.0,0.991171,0.0,2.0,0-2,1.021123,0.034691,3.0,1-2,1.0,2.0,0.986432,0.0,2.0,0-2,1.016218,0.034524,3.0,1-2,1.0,2.0,0.981694,0.0,2.0,0-2,1.011314,0.034358,3.0,1-2,1.0,2.0,0.976956,0.0,2.0,0-2,1.006409,0.034191,3.0,1-2,1.0,2.0,0.972218,0.0,2.0,0-2,1.001504,0.034024,3.0,1-2,1.0,2.0,0.96748,0.0,2.0,0-2,0.996599,0.033858,3.0,1-2,1.0,2.0,0.962741,0.0,2.0,0-2,0.991694,0.033691,3.0,1-2,1.0,2.0,0.958003,0.0,2.0,0-2,0.986789,0.033524,3.0,1-2,1.0,2.0,0.953265,0.0,2.0,0-2,0.981884,0.033358,3.0,1-2,1.0,2.0,0.948527,0.0,2.0,0-2,0.976979,0.033191,3.0,1-2,1.0,2.0,0.943788,0.0,2.0,0-2,0.972075,0.033025,3.0,1-2,1.0,2.0,0.93905
2022,2022-11-30T22:00:00+03:00,G,40,Saudi Arabia,Mexico,1,2,0.166653,0.265937,0.56741,0.6807,1.4992,0.169898,0.22604,0.604062,0.039897,away,away,False,-0.003245,0.039897,-0.036652,0,2,0-2,0.907891,0.006073,0,1,0-1,0.901817,2,0.0,2.0,0-2,0.9667,0.006467,2.0,0-1,0.0,1.0,0.960233,0.0,2.0,0-2,0.963767,0.006447,2.0,0-1,0.0,1.0,0.95732,0.0,2.0,0-2,0.960834,0.006428,2.0,0-1,0.0,1.0,0.954407,0.0,2.0,0-2,0.957902,0.006408,2.0,0-1,0.0,1.0,0.951494,0.0,2.0,0-2,0.954969,0.006388,2.0,0-1,0.0,1.0,0.948581,0.0,2.0,0-2,0.952036,0.006369,2.0,0-1,0.0,1.0,0.945667,0.0,2.0,0-2,0.949103,0.006349,2.0,0-1,0.0,1.0,0.942754,0.0,2.0,0-2,0.946171,0.006329,2.0,0-1,0.0,1.0,0.939841,0.0,2.0,0-2,0.943238,0.00631,2.0,0-1,0.0,1.0,0.936928,0.0,2.0,0-2,0.940305,0.00629,2.0,0-1,0.0,1.0,0.934015,0.0,2.0,0-2,0.937372,0.006271,2.0,0-1,0.0,1.0,0.931102,0.0,2.0,0-2,0.93444,0.006251,2.0,0-1,0.0,1.0,0.928189,0.0,2.0,0-2,0.931507,0.006231,2.0,0-1,0.0,1.0,0.925276,0.0,2.0,0-2,0.928574,0.006212,2.0,0-1,0.0,1.0,0.922362,0.0,2.0,0-2,0.925641,0.006192,2.0,0-1,0.0,1.0,0.919449,0.0,2.0,0-2,0.922709,0.006173,2.0,0-1,0.0,1.0,0.916536,0.0,2.0,0-2,0.919776,0.006153,2.0,0-1,0.0,1.0,0.913623,0.0,2.0,0-2,0.916843,0.006133,2.0,0-1,0.0,1.0,0.91071,0.0,2.0,0-2,0.91391,0.006114,2.0,0-1,0.0,1.0,0.907797,0.0,2.0,0-2,0.910978,0.006094,2.0,0-1,0.0,1.0,0.904884,0.0,2.0,0-2,0.908045,0.006074,2.0,0-1,0.0,1.0,0.90197
2022,2022-12-01T18:00:00+03:00,G,41,Croatia,Belgium,0,0,0.22777,0.231903,0.540327,1.1218,1.8445,0.318152,0.281377,0.400471,0.139856,away,away,False,-0.090382,-0.049474,0.139856,1,2,1-2,0.824078,0.010672,0,2,0-2,0.813406,0,1.0,2.0,1-2,0.611192,0.007915,0.0,0-2,0.0,2.0,0.603277,1.0,2.0,1-2,0.621865,0.008054,0.0,0-2,0.0,2.0,0.613811,1.0,2.0,1-2,0.632537,0.008192,0.0,0-2,0.0,2.0,0.624345,1.0,2.0,1-2,0.643209,0.00833,0.0,0-2,0.0,2.0,0.634879,1.0,2.0,1-2,0.653882,0.008468,0.0,0-2,0.0,2.0,0.645414,1.0,2.0,1-2,0.664554,0.008606,0.0,0-2,0.0,2.0,0.655948,1.0,2.0,1-2,0.675226,0.008745,0.0,0-2,0.0,2.0,0.666482,1.0,2.0,1-2,0.685899,0.008883,0.0,0-2,0.0,2.0,0.677016,1.0,2.0,1-2,0.696571,0.009021,0.0,0-2,0.0,2.0,0.68755,1.0,2.0,1-2,0.707243,0.009159,0.0,0-2,0.0,2.0,0.698084,1.0,2.0,1-2,0.717915,0.009297,0.0,0-2,0.0,2.0,0.708618,1.0,2.0,1-2,0.728588,0.009436,0.0,0-2,0.0,2.0,0.719152,1.0,2.0,1-2,0.73926,0.009574,0.0,0-2,0.0,2.0,0.729686,1.0,2.0,1-2,0.749932,0.009712,0.0,0-2,0.0,2.0,0.74022,1.0,2.0,1-2,0.760605,0.00985,0.0,0-2,0.0,2.0,0.750754,1.0,2.0,1-2,0.771277,0.009988,0.0,0-2,0.0,2.0,0.761288,1.0,2.0,1-2,0.781949,0.010127,0.0,0-2,0.0,2.0,0.771823,1.0,2.0,1-2,0.792622,0.010265,0.0,0-2,0.0,2.0,0.782357,1.0,2.0,1-2,0.803294,0.010403,0.0,0-2,0.0,2.0,0.792891,1.0,2.0,1-2,0.813966,0.010541,0.0,0-2,0.0,2.0,0.803425,1.0,2.0,1-2,0.824638,0.01068,0.0,0-2,0.0,2.0,0.813959
2022,2022-12-01T18:00:00+03:00,G,42,Canada,Morocco,1,2,0.271284,0.313082,0.415634,0.844,1.1185,0.195884,0.275666,0.528451,0.112816,away,away,False,0.0754,0.037416,-0.112816,0,1,0-1,0.724792,0.059205,0,2,0-2,0.665587,1,0.0,1.0,0-1,0.921547,0.075277,1.0,0-2,0.0,2.0,0.84627,0.0,1.0,0-1,0.91171,0.074474,1.0,0-2,0.0,2.0,0.837237,0.0,1.0,0-1,0.901874,0.07367,1.0,0-2,0.0,2.0,0.828203,0.0,1.0,0-1,0.892037,0.072867,1.0,0-2,0.0,2.0,0.81917,0.0,1.0,0-1,0.8822,0.072063,1.0,0-2,0.0,2.0,0.810137,0.0,1.0,0-1,0.872363,0.07126,1.0,0-2,0.0,2.0,0.801103,0.0,1.0,0-1,0.862526,0.070456,1.0,0-2,0.0,2.0,0.79207,0.0,1.0,0-1,0.852689,0.069653,1.0,0-2,0.0,2.0,0.783037,0.0,1.0,0-1,0.842853,0.068849,1.0,0-2,0.0,2.0,0.774004,0.0,1.0,0-1,0.833016,0.068045,1.0,0-2,0.0,2.0,0.76497,0.0,1.0,0-1,0.823179,0.067242,1.0,0-2,0.0,2.0,0.755937,0.0,1.0,0-1,0.813342,0.066438,1.0,0-2,0.0,2.0,0.746904,0.0,1.0,0-1,0.803505,0.065635,1.0,0-2,0.0,2.0,0.73787,0.0,1.0,0-1,0.793668,0.064831,1.0,0-2,0.0,2.0,0.728837,0.0,1.0,0-1,0.783831,0.064028,1.0,0-2,0.0,2.0,0.719804,0.0,1.0,0-1,0.773995,0.063224,1.0,0-2,0.0,2.0,0.71077,0.0,1.0,0-1,0.764158,0.062421,1.0,0-2,0.0,2.0,0.701737,0.0,1.0,0-1,0.754321,0.061617,1.0,0-2,0.0,2.0,0.692704,0.0,1.0,0-1,0.744484,0.060814,1.0,0-2,0.0,2.0,0.68367,0.0,1.0,0-1,0.734647,0.06001,1.0,0-2,0.0,2.0,0.674637,0.0,1.0,0-1,0.72481,0.059207,1.0,0-2,0.0,2.0,0.665604
2022,2022-12-01T22:00:00+03:00,G,43,Japan,Spain,2,1,0.094,0.176026,0.729974,0.6662,2.238,0.126976,0.212149,0.660875,0.069099,away,away,False,-0.032976,-0.036123,0.069099,0,2,0-2,1.094229,0.04581,1,2,1-2,1.048419,0,0.0,2.0,0-2,0.99283,0.041565,0.0,1-2,1.0,2.0,0.951265,0.0,2.0,0-2,0.99802,0.041782,0.0,1-2,1.0,2.0,0.956238,0.0,2.0,0-2,1.00321,0.041999,0.0,1-2,1.0,2.0,0.961211,0.0,2.0,0-2,1.008401,0.042217,0.0,1-2,1.0,2.0,0.966184,0.0,2.0,0-2,1.013591,0.042434,0.0,1-2,1.0,2.0,0.971157,0.0,2.0,0-2,1.018781,0.042651,0.0,1-2,1.0,2.0,0.97613,0.0,2.0,0-2,1.023972,0.042868,0.0,1-2,1.0,2.0,0.981103,0.0,2.0,0-2,1.029162,0.043086,0.0,1-2,1.0,2.0,0.986076,0.0,2.0,0-2,1.034353,0.043303,0.0,1-2,1.0,2.0,0.991049,0.0,2.0,0-2,1.039543,0.04352,0.0,1-2,1.0,2.0,0.996023,0.0,2.0,0-2,1.044733,0.043738,0.0,1-2,1.0,2.0,1.000996,0.0,2.0,0-2,1.049924,0.043955,0.0,1-2,1.0,2.0,1.005969,0.0,2.0,0-2,1.055114,0.044172,0.0,1-2,1.0,2.0,1.010942,0.0,2.0,0-2,1.060304,0.044389,0.0,1-2,1.0,2.0,1.015915,0.0,2.0,0-2,1.065495,0.044607,0.0,1-2,1.0,2.0,1.020888,0.0,2.0,0-2,1.070685,0.044824,0.0,1-2,1.0,2.0,1.025861,0.0,2.0,0-2,1.075875,0.045041,0.0,1-2,1.0,2.0,1.030834,0.0,2.0,0-2,1.081066,0.045259,0.0,1-2,1.0,2.0,1.035807,0.0,2.0,0-2,1.086256,0.045476,0.0,1-2,1.0,2.0,1.04078,0.0,2.0,0-2,1.091446,0.045693,0.0,1-2,1.0,2.0,1.045753,0.0,2.0,0-2,1.096637,0.045911,0.0,1-2,1.0,2.0,1.050726
2022,2022-12-01T22:00:00+03:00,G,44,Costa Rica,Germany,2,4,0.10377,0.195246,0.700983,0.6406,2.0436,0.028089,0.079347,0.892564,0.19158,away,away,False,0.075681,0.115899,-0.19158,0,2,0-2,1.07657,0.051236,1,2,1-2,1.025334,1,0.0,2.0,0-2,1.372522,0.065321,1.0,1-2,1.0,2.0,1.307201,0.0,2.0,0-2,1.357792,0.06462,1.0,1-2,1.0,2.0,1.293172,0.0,2.0,0-2,1.343062,0.063919,1.0,1-2,1.0,2.0,1.279143,0.0,2.0,0-2,1.328332,0.063218,1.0,1-2,1.0,2.0,1.265114,0.0,2.0,0-2,1.313602,0.062517,1.0,1-2,1.0,2.0,1.251085,0.0,2.0,0-2,1.298872,0.061816,1.0,1-2,1.0,2.0,1.237056,0.0,2.0,0-2,1.284142,0.061115,1.0,1-2,1.0,2.0,1.223027,0.0,2.0,0-2,1.269412,0.060414,1.0,1-2,1.0,2.0,1.208998,0.0,2.0,0-2,1.254682,0.059713,1.0,1-2,1.0,2.0,1.194969,0.0,2.0,0-2,1.239952,0.059012,1.0,1-2,1.0,2.0,1.180941,0.0,2.0,0-2,1.225223,0.058311,1.0,1-2,1.0,2.0,1.166912,0.0,2.0,0-2,1.210493,0.05761,1.0,1-2,1.0,2.0,1.152883,0.0,2.0,0-2,1.195763,0.056909,1.0,1-2,1.0,2.0,1.138854,0.0,2.0,0-2,1.181033,0.056208,1.0,1-2,1.0,2.0,1.124825,0.0,2.0,0-2,1.166303,0.055507,1.0,1-2,1.0,2.0,1.110796,0.0,2.0,0-2,1.151573,0.054806,1.0,1-2,1.0,2.0,1.096767,0.0,2.0,0-2,1.136843,0.054105,1.0,1-2,1.0,2.0,1.082738,0.0,2.0,0-2,1.122113,0.053404,1.0,1-2,1.0,2.0,1.068709,0.0,2.0,0-2,1.107383,0.052703,1.0,1-2,1.0,2.0,1.05468,0.0,2.0,0-2,1.092653,0.052002,1.0,1-2,1.0,2.0,1.040651,0.0,2.0,0-2,1.077923,0.051301,1.0,1-2,1.0,2.0,1.026622
2022,2022-12-02T18:00:00+03:00,G,45,Ghana,Uruguay,0,2,0.117643,0.245476,0.636881,0.5334,1.6116,0.20476,0.250743,0.544497,0.092384,away,away,False,-0.087118,-0.005266,0.092384,0,2,0-2,1.021854,0.011721,0,1,0-1,1.010133,3,0.0,2.0,0-2,0.873866,0.010023,3.0,0-1,0.0,1.0,0.863843,0.0,2.0,0-2,0.88128,0.010108,3.0,0-1,0.0,1.0,0.871171,0.0,2.0,0-2,0.888693,0.010193,3.0,0-1,0.0,1.0,0.8785,0.0,2.0,0-2,0.896106,0.010278,3.0,0-1,0.0,1.0,0.885828,0.0,2.0,0-2,0.90352,0.010363,3.0,0-1,0.0,1.0,0.893156,0.0,2.0,0-2,0.910933,0.010448,3.0,0-1,0.0,1.0,0.900485,0.0,2.0,0-2,0.918346,0.010533,3.0,0-1,0.0,1.0,0.907813,0.0,2.0,0-2,0.92576,0.010618,3.0,0-1,0.0,1.0,0.915141,0.0,2.0,0-2,0.933173,0.010703,3.0,0-1,0.0,1.0,0.92247,0.0,2.0,0-2,0.940586,0.010788,3.0,0-1,0.0,1.0,0.929798,0.0,2.0,0-2,0.948,0.010873,3.0,0-1,0.0,1.0,0.937126,0.0,2.0,0-2,0.955413,0.010959,3.0,0-1,0.0,1.0,0.944455,0.0,2.0,0-2,0.962827,0.011044,3.0,0-1,0.0,1.0,0.951783,0.0,2.0,0-2,0.97024,0.011129,3.0,0-1,0.0,1.0,0.959111,0.0,2.0,0-2,0.977653,0.011214,3.0,0-1,0.0,1.0,0.96644,0.0,2.0,0-2,0.985067,0.011299,3.0,0-1,0.0,1.0,0.973768,0.0,2.0,0-2,0.99248,0.011384,3.0,0-1,0.0,1.0,0.981096,0.0,2.0,0-2,0.999893,0.011469,3.0,0-1,0.0,1.0,0.988425,0.0,2.0,0-2,1.007307,0.011554,3.0,0-1,0.0,1.0,0.995753,0.0,2.0,0-2,1.01472,0.011639,3.0,0-1,0.0,1.0,1.003081,0.0,2.0,0-2,1.022133,0.011724,3.0,0-1,0.0,1.0,1.01041
2022,2022-12-02T18:00:00+03:00,G,46,South Korea,Portugal,2,1,0.118773,0.225829,0.655398,0.6038,1.7758,0.219186,0.251539,0.529275,0.126123,away,away,False,-0.100413,-0.02571,0.126123,0,2,0-2,1.035183,0.055132,0,1,0-1,0.980052,0,0.0,2.0,0-2,0.836406,0.044545,0.0,0-1,0.0,1.0,0.791861,0.0,2.0,0-2,0.846372,0.045076,0.0,0-1,0.0,1.0,0.801296,0.0,2.0,0-2,0.856337,0.045607,0.0,0-1,0.0,1.0,0.810731,0.0,2.0,0-2,0.866303,0.046137,0.0,0-1,0.0,1.0,0.820165,0.0,2.0,0-2,0.876268,0.046668,0.0,0-1,0.0,1.0,0.8296,0.0,2.0,0-2,0.886234,0.047199,0.0,0-1,0.0,1.0,0.839035,0.0,2.0,0-2,0.896199,0.04773,0.0,0-1,0.0,1.0,0.84847,0.0,2.0,0-2,0.906165,0.04826,0.0,0-1,0.0,1.0,0.857904,0.0,2.0,0-2,0.91613,0.048791,0.0,0-1,0.0,1.0,0.867339,0.0,2.0,0-2,0.926096,0.049322,0.0,0-1,0.0,1.0,0.876774,0.0,2.0,0-2,0.936061,0.049853,0.0,0-1,0.0,1.0,0.886209,0.0,2.0,0-2,0.946027,0.050383,0.0,0-1,0.0,1.0,0.895644,0.0,2.0,0-2,0.955993,0.050914,0.0,0-1,0.0,1.0,0.905078,0.0,2.0,0-2,0.965958,0.051445,0.0,0-1,0.0,1.0,0.914513,0.0,2.0,0-2,0.975924,0.051976,0.0,0-1,0.0,1.0,0.923948,0.0,2.0,0-2,0.985889,0.052506,0.0,0-1,0.0,1.0,0.933383,0.0,2.0,0-2,0.995855,0.053037,0.0,0-1,0.0,1.0,0.942817,0.0,2.0,0-2,1.00582,0.053568,0.0,0-1,0.0,1.0,0.952252,0.0,2.0,0-2,1.015786,0.054099,0.0,0-1,0.0,1.0,0.961687,0.0,2.0,0-2,1.025751,0.054629,0.0,0-1,0.0,1.0,0.971122,0.0,2.0,0-2,1.035717,0.05516,0.0,0-1,0.0,1.0,0.980557
2022,2022-12-02T22:00:00+03:00,G,47,Serbia,Switzerland,2,3,0.314914,0.264345,0.420741,1.2064,1.4345,0.378966,0.284015,0.337018,0.083723,away,home,True,-0.064053,-0.01967,0.083723,1,2,1-2,0.671021,0.015144,0,2,0-2,0.655877,1,2.0,1.0,2-1,0.620577,0.027134,0.0,2-0,2.0,0.0,0.593444,2.0,1.0,2-1,0.615333,0.026904,0.0,2-0,2.0,0.0,0.588429,2.0,1.0,2-1,0.610088,0.026675,0.0,2-0,2.0,0.0,0.583413,2.0,1.0,2-1,0.604844,0.026446,0.0,2-0,2.0,0.0,0.578398,2.0,1.0,2-1,0.599599,0.026216,0.0,2-0,2.0,0.0,0.573383,2.0,1.0,2-1,0.594355,0.023385,0.0,1-2,1.0,2.0,0.57097,2.0,1.0,2-1,0.58911,0.011463,0.0,1-2,1.0,2.0,0.577647,1.0,2.0,1-2,0.584325,0.000459,1.0,2-1,2.0,1.0,0.583866,1.0,2.0,1-2,0.591002,0.012381,1.0,2-1,2.0,1.0,0.578622,1.0,2.0,1-2,0.59768,0.013488,1.0,0-2,0.0,2.0,0.584191,1.0,2.0,1-2,0.604357,0.013639,1.0,0-2,0.0,2.0,0.590718,1.0,2.0,1-2,0.611034,0.01379,1.0,0-2,0.0,2.0,0.597245,1.0,2.0,1-2,0.617712,0.013941,1.0,0-2,0.0,2.0,0.603771,1.0,2.0,1-2,0.624389,0.014091,1.0,0-2,0.0,2.0,0.610298,1.0,2.0,1-2,0.631067,0.014242,1.0,0-2,0.0,2.0,0.616825,1.0,2.0,1-2,0.637744,0.014393,1.0,0-2,0.0,2.0,0.623351,1.0,2.0,1-2,0.644421,0.014543,1.0,0-2,0.0,2.0,0.629878,1.0,2.0,1-2,0.651099,0.014694,1.0,0-2,0.0,2.0,0.636405,1.0,2.0,1-2,0.657776,0.014845,1.0,0-2,0.0,2.0,0.642932,1.0,2.0,1-2,0.664454,0.014995,1.0,0-2,0.0,2.0,0.649458,1.0,2.0,1-2,0.671131,0.015146,1.0,0-2,0.0,2.0,0.655985
2022,2022-12-02T22:00:00+03:00,G,48,Cameroon,Brazil,1,0,0.044821,0.160918,0.794262,0.3268,2.1153,0.096426,0.175932,0.727642,0.06662,away,away,False,-0.051605,-0.015014,0.06662,0,2,0-2,1.245796,0.087133,0,1,0-1,1.158663,0,0.0,2.0,0-2,1.14308,0.079949,0.0,0-1,0.0,1.0,1.063131,0.0,2.0,0-2,1.148313,0.080315,0.0,0-1,0.0,1.0,1.067998,0.0,2.0,0-2,1.153546,0.080681,0.0,0-1,0.0,1.0,1.072865,0.0,2.0,0-2,1.158778,0.081047,0.0,0-1,0.0,1.0,1.077731,0.0,2.0,0-2,1.164011,0.081413,0.0,0-1,0.0,1.0,1.082598,0.0,2.0,0-2,1.169244,0.081779,0.0,0-1,0.0,1.0,1.087465,0.0,2.0,0-2,1.174477,0.082145,0.0,0-1,0.0,1.0,1.092332,0.0,2.0,0-2,1.179709,0.082511,0.0,0-1,0.0,1.0,1.097198,0.0,2.0,0-2,1.184942,0.082877,0.0,0-1,0.0,1.0,1.102065,0.0,2.0,0-2,1.190175,0.083243,0.0,0-1,0.0,1.0,1.106932,0.0,2.0,0-2,1.195408,0.083609,0.0,0-1,0.0,1.0,1.111799,0.0,2.0,0-2,1.20064,0.083975,0.0,0-1,0.0,1.0,1.116666,0.0,2.0,0-2,1.205873,0.084341,0.0,0-1,0.0,1.0,1.121532,0.0,2.0,0-2,1.211106,0.084707,0.0,0-1,0.0,1.0,1.126399,0.0,2.0,0-2,1.216339,0.085073,0.0,0-1,0.0,1.0,1.131266,0.0,2.0,0-2,1.221572,0.085439,0.0,0-1,0.0,1.0,1.136133,0.0,2.0,0-2,1.226804,0.085805,0.0,0-1,0.0,1.0,1.140999,0.0,2.0,0-2,1.232037,0.086171,0.0,0-1,0.0,1.0,1.145866,0.0,2.0,0-2,1.23727,0.086537,0.0,0-1,0.0,1.0,1.150733,0.0,2.0,0-2,1.242503,0.086903,0.0,0-1,0.0,1.0,1.1556,0.0,2.0,0-2,1.247735,0.087269,0.0,0-1,0.0,1.0,1.160466
2022,2022-12-03T15:00:00+00:00,8,49,Netherlands,United States,3,1,0.551984,0.259534,0.188482,1.5566,0.794,0.504938,0.282928,0.212135,0.047047,home,home,False,0.047047,-0.023394,-0.023653,2,0,2-0,0.874491,0.023787,2,1,2-1,0.850704,1,2.0,0.0,2-0,0.800132,0.021764,1.0,2-1,2.0,1.0,0.778367,2.0,0.0,2-0,0.803859,0.021866,1.0,2-1,2.0,1.0,0.781994,2.0,0.0,2-0,0.807587,0.021967,1.0,2-1,2.0,1.0,0.78562,2.0,0.0,2-0,0.811314,0.022068,1.0,2-1,2.0,1.0,0.789246,2.0,0.0,2-0,0.815042,0.02217,1.0,2-1,2.0,1.0,0.792872,2.0,0.0,2-0,0.81877,0.022271,1.0,2-1,2.0,1.0,0.796498,2.0,0.0,2-0,0.822497,0.022373,1.0,2-1,2.0,1.0,0.800124,2.0,0.0,2-0,0.826225,0.022474,1.0,2-1,2.0,1.0,0.803751,2.0,0.0,2-0,0.829952,0.022575,1.0,2-1,2.0,1.0,0.807377,2.0,0.0,2-0,0.83368,0.022677,1.0,2-1,2.0,1.0,0.811003,2.0,0.0,2-0,0.837407,0.022778,1.0,2-1,2.0,1.0,0.814629,2.0,0.0,2-0,0.841135,0.02288,1.0,2-1,2.0,1.0,0.818255,2.0,0.0,2-0,0.844862,0.022981,1.0,2-1,2.0,1.0,0.821881,2.0,0.0,2-0,0.84859,0.023082,1.0,2-1,2.0,1.0,0.825508,2.0,0.0,2-0,0.852317,0.023184,1.0,2-1,2.0,1.0,0.829134,2.0,0.0,2-0,0.856045,0.023285,1.0,2-1,2.0,1.0,0.83276,2.0,0.0,2-0,0.859773,0.023387,1.0,2-1,2.0,1.0,0.836386,2.0,0.0,2-0,0.8635,0.023488,1.0,2-1,2.0,1.0,0.840012,2.0,0.0,2-0,0.867228,0.023589,1.0,2-1,2.0,1.0,0.843638,2.0,0.0,2-0,0.870955,0.023691,1.0,2-1,2.0,1.0,0.847264,2.0,0.0,2-0,0.874683,0.023792,1.0,2-1,2.0,1.0,0.850891
2022,2022-12-03T19:00:00+00:00,8,50,Argentina,Australia,2,1,0.741418,0.177838,0.080744,2.1434,0.5529,0.763641,0.15311,0.083249,0.024728,home,home,False,-0.022223,0.024728,-0.002505,2,0,2-0,1.13574,0.069281,2,1,2-1,1.066459,2,2.0,0.0,2-0,1.171758,0.071478,2.0,2-1,2.0,1.0,1.10028,2.0,0.0,2-0,1.170053,0.071374,2.0,2-1,2.0,1.0,1.098679,2.0,0.0,2-0,1.168348,0.07127,2.0,2-1,2.0,1.0,1.097078,2.0,0.0,2-0,1.166643,0.071166,2.0,2-1,2.0,1.0,1.095477,2.0,0.0,2-0,1.164938,0.071062,2.0,2-1,2.0,1.0,1.093876,2.0,0.0,2-0,1.163233,0.070958,2.0,2-1,2.0,1.0,1.092275,2.0,0.0,2-0,1.161528,0.070854,2.0,2-1,2.0,1.0,1.090674,2.0,0.0,2-0,1.159823,0.07075,2.0,2-1,2.0,1.0,1.089073,2.0,0.0,2-0,1.158118,0.070646,2.0,2-1,2.0,1.0,1.087472,2.0,0.0,2-0,1.156413,0.070542,2.0,2-1,2.0,1.0,1.085871,2.0,0.0,2-0,1.154708,0.070438,2.0,2-1,2.0,1.0,1.08427,2.0,0.0,2-0,1.153003,0.070334,2.0,2-1,2.0,1.0,1.082669,2.0,0.0,2-0,1.151298,0.07023,2.0,2-1,2.0,1.0,1.081068,2.0,0.0,2-0,1.149593,0.070126,2.0,2-1,2.0,1.0,1.079467,2.0,0.0,2-0,1.147888,0.070022,2.0,2-1,2.0,1.0,1.077866,2.0,0.0,2-0,1.146183,0.069918,2.0,2-1,2.0,1.0,1.076265,2.0,0.0,2-0,1.144478,0.069814,2.0,2-1,2.0,1.0,1.074664,2.0,0.0,2-0,1.142773,0.06971,2.0,2-1,2.0,1.0,1.073063,2.0,0.0,2-0,1.141068,0.069606,2.0,2-1,2.0,1.0,1.071462,2.0,0.0,2-0,1.139363,0.069502,2.0,2-1,2.0,1.0,1.069861,2.0,0.0,2-0,1.137658,0.069398,2.0,2-1,2.0,1.0,1.06826
2022,2022-12-04T19:00:00+00:00,8,51,England,Senegal,3,0,0.535147,0.313891,0.150962,1.2015,0.4964,0.60616,0.256766,0.137074,0.071012,home,home,False,-0.071012,0.057124,0.013888,1,0,1-0,0.970823,0.105807,2,0,2-0,0.865017,1,1.0,0.0,1-0,1.09969,0.119851,1.0,2-0,2.0,0.0,0.979838,1.0,0.0,1-0,1.093248,0.119149,1.0,2-0,2.0,0.0,0.974099,1.0,0.0,1-0,1.086807,0.118447,1.0,2-0,2.0,0.0,0.968359,1.0,0.0,1-0,1.080365,0.117745,1.0,2-0,2.0,0.0,0.96262,1.0,0.0,1-0,1.073924,0.117043,1.0,2-0,2.0,0.0,0.956881,1.0,0.0,1-0,1.067482,0.116341,1.0,2-0,2.0,0.0,0.951141,1.0,0.0,1-0,1.061041,0.115639,1.0,2-0,2.0,0.0,0.945402,1.0,0.0,1-0,1.054599,0.114937,1.0,2-0,2.0,0.0,0.939662,1.0,0.0,1-0,1.048158,0.114235,1.0,2-0,2.0,0.0,0.933923,1.0,0.0,1-0,1.041716,0.113533,1.0,2-0,2.0,0.0,0.928183,1.0,0.0,1-0,1.035275,0.112831,1.0,2-0,2.0,0.0,0.922444,1.0,0.0,1-0,1.028833,0.112129,1.0,2-0,2.0,0.0,0.916704,1.0,0.0,1-0,1.022392,0.111427,1.0,2-0,2.0,0.0,0.910965,1.0,0.0,1-0,1.01595,0.110725,1.0,2-0,2.0,0.0,0.905225,1.0,0.0,1-0,1.009509,0.110023,1.0,2-0,2.0,0.0,0.899486,1.0,0.0,1-0,1.003067,0.109321,1.0,2-0,2.0,0.0,0.893746,1.0,0.0,1-0,0.996626,0.108619,1.0,2-0,2.0,0.0,0.888007,1.0,0.0,1-0,0.990184,0.107917,1.0,2-0,2.0,0.0,0.882267,1.0,0.0,1-0,0.983743,0.107215,1.0,2-0,2.0,0.0,0.876528,1.0,0.0,1-0,0.977301,0.106513,1.0,2-0,2.0,0.0,0.870788,1.0,0.0,1-0,0.97086,0.105811,1.0,2-0,2.0,0.0,0.865049
2022,2022-12-04T15:00:00+00:00,8,52,France,Poland,3,1,0.562324,0.244726,0.19295,1.6917,0.884,0.70243,0.193011,0.104559,0.140106,home,home,False,-0.140106,0.051715,0.088391,2,0,2-0,0.876162,0.012631,2,1,2-1,0.863531,1,2.0,0.0,2-0,1.094879,0.015785,1.0,2-1,2.0,1.0,1.079095,2.0,0.0,2-0,1.08396,0.015627,1.0,2-1,2.0,1.0,1.068333,2.0,0.0,2-0,1.073041,0.01547,1.0,2-1,2.0,1.0,1.057571,2.0,0.0,2-0,1.062122,0.015312,1.0,2-1,2.0,1.0,1.046809,2.0,0.0,2-0,1.051203,0.015155,1.0,2-1,2.0,1.0,1.036048,2.0,0.0,2-0,1.040283,0.014998,1.0,2-1,2.0,1.0,1.025286,2.0,0.0,2-0,1.029364,0.01484,1.0,2-1,2.0,1.0,1.014524,2.0,0.0,2-0,1.018445,0.014683,1.0,2-1,2.0,1.0,1.003762,2.0,0.0,2-0,1.007526,0.014525,1.0,2-1,2.0,1.0,0.993,2.0,0.0,2-0,0.996607,0.014368,1.0,2-1,2.0,1.0,0.982239,2.0,0.0,2-0,0.985687,0.01421,1.0,2-1,2.0,1.0,0.971477,2.0,0.0,2-0,0.974768,0.014053,1.0,2-1,2.0,1.0,0.960715,2.0,0.0,2-0,0.963849,0.013896,1.0,2-1,2.0,1.0,0.949953,2.0,0.0,2-0,0.95293,0.013738,1.0,2-1,2.0,1.0,0.939192,2.0,0.0,2-0,0.942011,0.013581,1.0,2-1,2.0,1.0,0.92843,2.0,0.0,2-0,0.931091,0.013423,1.0,2-1,2.0,1.0,0.917668,2.0,0.0,2-0,0.920172,0.013266,1.0,2-1,2.0,1.0,0.906906,2.0,0.0,2-0,0.909253,0.013108,1.0,2-1,2.0,1.0,0.896144,2.0,0.0,2-0,0.898334,0.012951,1.0,2-1,2.0,1.0,0.885383,2.0,0.0,2-0,0.887415,0.012794,1.0,2-1,2.0,1.0,0.874621,2.0,0.0,2-0,0.876495,0.012636,1.0,2-1,2.0,1.0,0.863859
2022,2022-12-05T15:00:00+00:00,8,53,Japan,Croatia,1,1,0.201191,0.238253,0.560556,0.9576,1.7616,0.245121,0.294446,0.460432,0.100124,away,away,False,-0.04393,-0.056193,0.100124,0,2,0-2,0.86282,0.004335,1,2,1-2,0.858485,0,0.0,2.0,0-2,0.709059,0.003562,0.0,1-2,1.0,2.0,0.705497,0.0,2.0,0-2,0.716769,0.003601,0.0,1-2,1.0,2.0,0.713168,0.0,2.0,0-2,0.724478,0.00364,0.0,1-2,1.0,2.0,0.720838,0.0,2.0,0-2,0.732188,0.003679,0.0,1-2,1.0,2.0,0.728509,0.0,2.0,0-2,0.739897,0.003717,0.0,1-2,1.0,2.0,0.73618,0.0,2.0,0-2,0.747607,0.003756,0.0,1-2,1.0,2.0,0.743851,0.0,2.0,0-2,0.755316,0.003795,0.0,1-2,1.0,2.0,0.751521,0.0,2.0,0-2,0.763025,0.003833,0.0,1-2,1.0,2.0,0.759192,0.0,2.0,0-2,0.770735,0.003872,0.0,1-2,1.0,2.0,0.766863,0.0,2.0,0-2,0.778444,0.003911,0.0,1-2,1.0,2.0,0.774533,0.0,2.0,0-2,0.786154,0.00395,0.0,1-2,1.0,2.0,0.782204,0.0,2.0,0-2,0.793863,0.003988,0.0,1-2,1.0,2.0,0.789875,0.0,2.0,0-2,0.801573,0.004027,0.0,1-2,1.0,2.0,0.797546,0.0,2.0,0-2,0.809282,0.004066,0.0,1-2,1.0,2.0,0.805216,0.0,2.0,0-2,0.816992,0.004105,0.0,1-2,1.0,2.0,0.812887,0.0,2.0,0-2,0.824701,0.004143,0.0,1-2,1.0,2.0,0.820558,0.0,2.0,0-2,0.83241,0.004182,0.0,1-2,1.0,2.0,0.828228,0.0,2.0,0-2,0.84012,0.004221,0.0,1-2,1.0,2.0,0.835899,0.0,2.0,0-2,0.847829,0.00426,0.0,1-2,1.0,2.0,0.84357,0.0,2.0,0-2,0.855539,0.004298,0.0,1-2,1.0,2.0,0.85124,0.0,2.0,0-2,0.863248,0.004337,0.0,1-2,1.0,2.0,0.858911
2022,2022-12-05T19:00:00+00:00,8,54,Brazil,South Korea,4,1,0.772564,0.172027,0.055409,2.0661,0.3793,0.802515,0.140921,0.056564,0.031106,home,home,False,-0.029951,0.031106,-0.001155,2,0,2-0,1.211771,0.084654,1,0,1-0,1.127117,1,2.0,0.0,2-0,1.260442,0.088054,1.0,1-0,1.0,0.0,1.172388,2.0,0.0,2-0,1.25809,0.087889,1.0,1-0,1.0,0.0,1.1702,2.0,0.0,2-0,1.255738,0.087725,1.0,1-0,1.0,0.0,1.168013,2.0,0.0,2-0,1.253386,0.087561,1.0,1-0,1.0,0.0,1.165825,2.0,0.0,2-0,1.251034,0.087396,1.0,1-0,1.0,0.0,1.163637,2.0,0.0,2-0,1.248682,0.087232,1.0,1-0,1.0,0.0,1.161449,2.0,0.0,2-0,1.24633,0.087068,1.0,1-0,1.0,0.0,1.159262,2.0,0.0,2-0,1.243977,0.086904,1.0,1-0,1.0,0.0,1.157074,2.0,0.0,2-0,1.241625,0.086739,1.0,1-0,1.0,0.0,1.154886,2.0,0.0,2-0,1.239273,0.086575,1.0,1-0,1.0,0.0,1.152698,2.0,0.0,2-0,1.236921,0.086411,1.0,1-0,1.0,0.0,1.150511,2.0,0.0,2-0,1.234569,0.086246,1.0,1-0,1.0,0.0,1.148323,2.0,0.0,2-0,1.232217,0.086082,1.0,1-0,1.0,0.0,1.146135,2.0,0.0,2-0,1.229865,0.085918,1.0,1-0,1.0,0.0,1.143947,2.0,0.0,2-0,1.227513,0.085753,1.0,1-0,1.0,0.0,1.14176,2.0,0.0,2-0,1.225161,0.085589,1.0,1-0,1.0,0.0,1.139572,2.0,0.0,2-0,1.222809,0.085425,1.0,1-0,1.0,0.0,1.137384,2.0,0.0,2-0,1.220457,0.08526,1.0,1-0,1.0,0.0,1.135196,2.0,0.0,2-0,1.218105,0.085096,1.0,1-0,1.0,0.0,1.133009,2.0,0.0,2-0,1.215753,0.084932,1.0,1-0,1.0,0.0,1.130821,2.0,0.0,2-0,1.213401,0.084767,1.0,1-0,1.0,0.0,1.128633
2022,2022-12-06T15:00:00+00:00,8,55,Morocco,Spain,0,0,0.140508,0.249298,0.610194,0.6272,1.6098,0.149665,0.251365,0.59897,0.011224,away,away,False,-0.009157,-0.002067,0.011224,0,2,0-2,0.973525,0.023886,0,1,0-1,0.949639,0,0.0,2.0,0-2,0.955877,0.023453,0.0,0-1,0.0,1.0,0.932424,0.0,2.0,0-2,0.956773,0.023475,0.0,0-1,0.0,1.0,0.933298,0.0,2.0,0-2,0.957669,0.023497,0.0,0-1,0.0,1.0,0.934172,0.0,2.0,0-2,0.958564,0.023519,0.0,0-1,0.0,1.0,0.935045,0.0,2.0,0-2,0.95946,0.023541,0.0,0-1,0.0,1.0,0.935919,0.0,2.0,0-2,0.960355,0.023563,0.0,0-1,0.0,1.0,0.936792,0.0,2.0,0-2,0.961251,0.023585,0.0,0-1,0.0,1.0,0.937666,0.0,2.0,0-2,0.962147,0.023607,0.0,0-1,0.0,1.0,0.93854,0.0,2.0,0-2,0.963042,0.023629,0.0,0-1,0.0,1.0,0.939413,0.0,2.0,0-2,0.963938,0.023651,0.0,0-1,0.0,1.0,0.940287,0.0,2.0,0-2,0.964834,0.023673,0.0,0-1,0.0,1.0,0.941161,0.0,2.0,0-2,0.965729,0.023695,0.0,0-1,0.0,1.0,0.942034,0.0,2.0,0-2,0.966625,0.023717,0.0,0-1,0.0,1.0,0.942908,0.0,2.0,0-2,0.96752,0.023739,0.0,0-1,0.0,1.0,0.943782,0.0,2.0,0-2,0.968416,0.023761,0.0,0-1,0.0,1.0,0.944655,0.0,2.0,0-2,0.969312,0.023783,0.0,0-1,0.0,1.0,0.945529,0.0,2.0,0-2,0.970207,0.023805,0.0,0-1,0.0,1.0,0.946402,0.0,2.0,0-2,0.971103,0.023827,0.0,0-1,0.0,1.0,0.947276,0.0,2.0,0-2,0.971998,0.023849,0.0,0-1,0.0,1.0,0.94815,0.0,2.0,0-2,0.972894,0.023871,0.0,0-1,0.0,1.0,0.949023,0.0,2.0,0-2,0.97379,0.023893,0.0,0-1,0.0,1.0,0.949897
2022,2022-12-06T19:00:00+00:00,8,56,Portugal,Switzerland,6,1,0.49732,0.268893,0.233787,1.4721,0.9218,0.503446,0.265517,0.231037,0.006126,home,home,False,-0.006126,0.003376,0.00275,2,0,2-0,0.786193,0.007729,2,1,2-1,0.778464,1,2.0,0.0,2-0,0.796002,0.007826,1.0,2-1,2.0,1.0,0.788176,2.0,0.0,2-0,0.795517,0.007821,1.0,2-1,2.0,1.0,0.787697,2.0,0.0,2-0,0.795033,0.007816,1.0,2-1,2.0,1.0,0.787217,2.0,0.0,2-0,0.794549,0.007811,1.0,2-1,2.0,1.0,0.786738,2.0,0.0,2-0,0.794065,0.007807,1.0,2-1,2.0,1.0,0.786258,2.0,0.0,2-0,0.79358,0.007802,1.0,2-1,2.0,1.0,0.785778,2.0,0.0,2-0,0.793096,0.007797,1.0,2-1,2.0,1.0,0.785299,2.0,0.0,2-0,0.792612,0.007792,1.0,2-1,2.0,1.0,0.784819,2.0,0.0,2-0,0.792127,0.007788,1.0,2-1,2.0,1.0,0.78434,2.0,0.0,2-0,0.791643,0.007783,1.0,2-1,2.0,1.0,0.78386,2.0,0.0,2-0,0.791159,0.007778,1.0,2-1,2.0,1.0,0.783381,2.0,0.0,2-0,0.790674,0.007773,1.0,2-1,2.0,1.0,0.782901,2.0,0.0,2-0,0.79019,0.007768,1.0,2-1,2.0,1.0,0.782422,2.0,0.0,2-0,0.789706,0.007764,1.0,2-1,2.0,1.0,0.781942,2.0,0.0,2-0,0.789221,0.007759,1.0,2-1,2.0,1.0,0.781462,2.0,0.0,2-0,0.788737,0.007754,1.0,2-1,2.0,1.0,0.780983,2.0,0.0,2-0,0.788253,0.007749,1.0,2-1,2.0,1.0,0.780503,2.0,0.0,2-0,0.787768,0.007745,1.0,2-1,2.0,1.0,0.780024,2.0,0.0,2-0,0.787284,0.00774,1.0,2-1,2.0,1.0,0.779544,2.0,0.0,2-0,0.7868,0.007735,1.0,2-1,2.0,1.0,0.779065,2.0,0.0,2-0,0.786315,0.00773,1.0,2-1,2.0,1.0,0.778585
2022,2022-12-09T15:00:00+00:00,4,57,Croatia,Brazil,1,1,0.115298,0.218976,0.665726,0.6107,1.8315,0.102075,0.201964,0.695961,0.030235,away,away,False,0.013223,0.017012,-0.030235,0,2,0-2,1.046122,0.056789,1,2,1-2,0.989333,0,0.0,2.0,0-2,1.09432,0.059406,0.0,1-2,1.0,2.0,1.034915,0.0,2.0,0-2,1.091943,0.059277,0.0,1-2,1.0,2.0,1.032667,0.0,2.0,0-2,1.089566,0.059148,0.0,1-2,1.0,2.0,1.030419,0.0,2.0,0-2,1.087189,0.059019,0.0,1-2,1.0,2.0,1.028171,0.0,2.0,0-2,1.084812,0.05889,0.0,1-2,1.0,2.0,1.025923,0.0,2.0,0-2,1.082435,0.058761,0.0,1-2,1.0,2.0,1.023675,0.0,2.0,0-2,1.080058,0.058632,0.0,1-2,1.0,2.0,1.021427,0.0,2.0,0-2,1.077681,0.058503,0.0,1-2,1.0,2.0,1.019179,0.0,2.0,0-2,1.075304,0.058374,0.0,1-2,1.0,2.0,1.016931,0.0,2.0,0-2,1.072927,0.058244,0.0,1-2,1.0,2.0,1.014683,0.0,2.0,0-2,1.07055,0.058115,0.0,1-2,1.0,2.0,1.012434,0.0,2.0,0-2,1.068173,0.057986,0.0,1-2,1.0,2.0,1.010186,0.0,2.0,0-2,1.065796,0.057857,0.0,1-2,1.0,2.0,1.007938,0.0,2.0,0-2,1.063419,0.057728,0.0,1-2,1.0,2.0,1.00569,0.0,2.0,0-2,1.061042,0.057599,0.0,1-2,1.0,2.0,1.003442,0.0,2.0,0-2,1.058665,0.05747,0.0,1-2,1.0,2.0,1.001194,0.0,2.0,0-2,1.056288,0.057341,0.0,1-2,1.0,2.0,0.998946,0.0,2.0,0-2,1.053911,0.057212,0.0,1-2,1.0,2.0,0.996698,0.0,2.0,0-2,1.051534,0.057083,0.0,1-2,1.0,2.0,0.99445,0.0,2.0,0-2,1.049157,0.056954,0.0,1-2,1.0,2.0,0.992202,0.0,2.0,0-2,1.046779,0.056825,0.0,1-2,1.0,2.0,0.989954
2022,2022-12-09T19:00:00+00:00,4,58,Netherlands,Argentina,2,2,0.258544,0.27544,0.466016,0.9715,1.4008,0.262018,0.308029,0.429953,0.036063,away,away,False,-0.003474,-0.032589,0.036063,0,2,0-2,0.737861,0.002604,1,2,1-2,0.735257,0,0.0,2.0,0-2,0.68084,0.002403,0.0,1-2,1.0,2.0,0.678437,0.0,2.0,0-2,0.683695,0.002413,0.0,1-2,1.0,2.0,0.681282,0.0,2.0,0-2,0.68655,0.002423,0.0,1-2,1.0,2.0,0.684128,0.0,2.0,0-2,0.689406,0.002433,0.0,1-2,1.0,2.0,0.686973,0.0,2.0,0-2,0.692261,0.002443,0.0,1-2,1.0,2.0,0.689818,0.0,2.0,0-2,0.695116,0.002453,0.0,1-2,1.0,2.0,0.692663,0.0,2.0,0-2,0.697971,0.002463,0.0,1-2,1.0,2.0,0.695508,0.0,2.0,0-2,0.700827,0.002473,0.0,1-2,1.0,2.0,0.698354,0.0,2.0,0-2,0.703682,0.002483,0.0,1-2,1.0,2.0,0.701199,0.0,2.0,0-2,0.706537,0.002493,0.0,1-2,1.0,2.0,0.704044,0.0,2.0,0-2,0.709393,0.002503,0.0,1-2,1.0,2.0,0.706889,0.0,2.0,0-2,0.712248,0.002513,0.0,1-2,1.0,2.0,0.709735,0.0,2.0,0-2,0.715103,0.002524,0.0,1-2,1.0,2.0,0.71258,0.0,2.0,0-2,0.717959,0.002534,0.0,1-2,1.0,2.0,0.715425,0.0,2.0,0-2,0.720814,0.002544,0.0,1-2,1.0,2.0,0.71827,0.0,2.0,0-2,0.723669,0.002554,0.0,1-2,1.0,2.0,0.721115,0.0,2.0,0-2,0.726525,0.002564,0.0,1-2,1.0,2.0,0.723961,0.0,2.0,0-2,0.72938,0.002574,0.0,1-2,1.0,2.0,0.726806,0.0,2.0,0-2,0.732235,0.002584,0.0,1-2,1.0,2.0,0.729651,0.0,2.0,0-2,0.73509,0.002594,0.0,1-2,1.0,2.0,0.732496,0.0,2.0,0-2,0.737946,0.002604,0.0,1-2,1.0,2.0,0.735342
2022,2022-12-10T15:00:00+00:00,4,59,Morocco,Portugal,1,0,0.16113,0.272317,0.566553,0.6375,1.451,0.145291,0.245425,0.609284,0.042731,away,away,False,0.015839,0.026892,-0.042731,0,1,0-1,0.921514,0.0111,0,2,0-2,0.910414,0,0.0,1.0,0-1,0.991152,0.011939,0.0,0-2,0.0,2.0,0.979213,0.0,1.0,0-1,0.987676,0.011897,0.0,0-2,0.0,2.0,0.975779,0.0,1.0,0-1,0.984201,0.011855,0.0,0-2,0.0,2.0,0.972345,0.0,1.0,0-1,0.980725,0.011813,0.0,0-2,0.0,2.0,0.968912,0.0,1.0,0-1,0.977249,0.011771,0.0,0-2,0.0,2.0,0.965478,0.0,1.0,0-1,0.973774,0.01173,0.0,0-2,0.0,2.0,0.962044,0.0,1.0,0-1,0.970298,0.011688,0.0,0-2,0.0,2.0,0.958611,0.0,1.0,0-1,0.966823,0.011646,0.0,0-2,0.0,2.0,0.955177,0.0,1.0,0-1,0.963347,0.011604,0.0,0-2,0.0,2.0,0.951743,0.0,1.0,0-1,0.959871,0.011562,0.0,0-2,0.0,2.0,0.948309,0.0,1.0,0-1,0.956396,0.01152,0.0,0-2,0.0,2.0,0.944876,0.0,1.0,0-1,0.95292,0.011478,0.0,0-2,0.0,2.0,0.941442,0.0,1.0,0-1,0.949445,0.011437,0.0,0-2,0.0,2.0,0.938008,0.0,1.0,0-1,0.945969,0.011395,0.0,0-2,0.0,2.0,0.934574,0.0,1.0,0-1,0.942493,0.011353,0.0,0-2,0.0,2.0,0.931141,0.0,1.0,0-1,0.939018,0.011311,0.0,0-2,0.0,2.0,0.927707,0.0,1.0,0-1,0.935542,0.011269,0.0,0-2,0.0,2.0,0.924273,0.0,1.0,0-1,0.932066,0.011227,0.0,0-2,0.0,2.0,0.920839,0.0,1.0,0-1,0.928591,0.011185,0.0,0-2,0.0,2.0,0.917406,0.0,1.0,0-1,0.925115,0.011143,0.0,0-2,0.0,2.0,0.913972,0.0,1.0,0-1,0.92164,0.011102,0.0,0-2,0.0,2.0,0.910538
2022,2022-12-10T19:00:00+00:00,4,60,England,France,1,2,0.370033,0.312355,0.317612,1.0548,0.9544,0.33732,0.309701,0.352979,0.035367,home,away,True,0.032713,0.002654,-0.035367,1,0,1-0,0.647671,0.057266,2,0,2-0,0.590405,0,0.0,1.0,0-1,0.631643,0.041217,1.0,1-0,1.0,0.0,0.590426,0.0,1.0,0-1,0.628479,0.03519,1.0,1-0,1.0,0.0,0.593289,0.0,1.0,0-1,0.625314,0.029162,1.0,1-0,1.0,0.0,0.596152,0.0,1.0,0-1,0.62215,0.023135,1.0,1-0,1.0,0.0,0.599015,0.0,1.0,0-1,0.618985,0.017107,1.0,1-0,1.0,0.0,0.601878,0.0,1.0,0-1,0.615821,0.01108,1.0,1-0,1.0,0.0,0.604741,0.0,1.0,0-1,0.612657,0.005053,1.0,1-0,1.0,0.0,0.607604,1.0,0.0,1-0,0.610467,0.000975,0.0,0-1,0.0,1.0,0.609492,1.0,0.0,1-0,0.61333,0.007002,0.0,0-1,0.0,1.0,0.606328,1.0,0.0,1-0,0.616193,0.013029,0.0,0-1,0.0,1.0,0.603163,1.0,0.0,1-0,0.619056,0.019057,0.0,0-1,0.0,1.0,0.599999,1.0,0.0,1-0,0.621919,0.025084,0.0,0-1,0.0,1.0,0.596834,1.0,0.0,1-0,0.624782,0.031112,0.0,0-1,0.0,1.0,0.59367,1.0,0.0,1-0,0.627645,0.037139,0.0,0-1,0.0,1.0,0.590506,1.0,0.0,1-0,0.630508,0.043166,0.0,0-1,0.0,1.0,0.587341,1.0,0.0,1-0,0.633371,0.047034,0.0,1-1,1.0,1.0,0.586337,1.0,0.0,1-0,0.636234,0.049647,0.0,1-1,1.0,1.0,0.586586,1.0,0.0,1-0,0.639097,0.052261,0.0,1-1,1.0,1.0,0.586836,1.0,0.0,1-0,0.641959,0.054874,0.0,1-1,1.0,1.0,0.587086,1.0,0.0,1-0,0.644822,0.057014,0.0,2-0,2.0,0.0,0.587808,1.0,0.0,1-0,0.647685,0.057267,0.0,2-0,2.0,0.0,0.590418
2022,2022-12-13T19:00:00+00:00,2,61,Argentina,Croatia,3,0,0.564803,0.249534,0.185662,1.6429,0.8278,0.484465,0.307556,0.207979,0.080338,home,home,False,0.080338,-0.058022,-0.022316,2,0,2-0,0.887204,0.019645,2,1,2-1,0.867559,1,2.0,0.0,2-0,0.761245,0.016856,1.0,2-1,2.0,1.0,0.744389,2.0,0.0,2-0,0.767557,0.016996,1.0,2-1,2.0,1.0,0.750561,2.0,0.0,2-0,0.773868,0.017135,1.0,2-1,2.0,1.0,0.756733,2.0,0.0,2-0,0.78018,0.017275,1.0,2-1,2.0,1.0,0.762905,2.0,0.0,2-0,0.786492,0.017415,1.0,2-1,2.0,1.0,0.769077,2.0,0.0,2-0,0.792804,0.017555,1.0,2-1,2.0,1.0,0.775249,2.0,0.0,2-0,0.799116,0.017694,1.0,2-1,2.0,1.0,0.781421,2.0,0.0,2-0,0.805428,0.017834,1.0,2-1,2.0,1.0,0.787593,2.0,0.0,2-0,0.811739,0.017974,1.0,2-1,2.0,1.0,0.793766,2.0,0.0,2-0,0.818051,0.018114,1.0,2-1,2.0,1.0,0.799938,2.0,0.0,2-0,0.824363,0.018253,1.0,2-1,2.0,1.0,0.80611,2.0,0.0,2-0,0.830675,0.018393,1.0,2-1,2.0,1.0,0.812282,2.0,0.0,2-0,0.836987,0.018533,1.0,2-1,2.0,1.0,0.818454,2.0,0.0,2-0,0.843299,0.018673,1.0,2-1,2.0,1.0,0.824626,2.0,0.0,2-0,0.84961,0.018812,1.0,2-1,2.0,1.0,0.830798,2.0,0.0,2-0,0.855922,0.018952,1.0,2-1,2.0,1.0,0.83697,2.0,0.0,2-0,0.862234,0.019092,1.0,2-1,2.0,1.0,0.843142,2.0,0.0,2-0,0.868546,0.019232,1.0,2-1,2.0,1.0,0.849314,2.0,0.0,2-0,0.874858,0.019371,1.0,2-1,2.0,1.0,0.855486,2.0,0.0,2-0,0.881169,0.019511,1.0,2-1,2.0,1.0,0.861658,2.0,0.0,2-0,0.887481,0.019651,1.0,2-1,2.0,1.0,0.86783
2022,2022-12-14T19:00:00+00:00,2,62,France,Morocco,2,0,0.558065,0.275522,0.166412,1.4299,0.6475,0.610924,0.244667,0.144409,0.052859,home,home,False,-0.052859,0.030855,0.022004,1,0,1-0,0.911689,0.014689,2,0,2-0,0.897,1,1.0,0.0,1-0,0.998166,0.016082,1.0,2-0,2.0,0.0,0.982084,1.0,0.0,1-0,0.993847,0.016012,1.0,2-0,2.0,0.0,0.977835,1.0,0.0,1-0,0.989529,0.015943,1.0,2-0,2.0,0.0,0.973586,1.0,0.0,1-0,0.985211,0.015873,1.0,2-0,2.0,0.0,0.969338,1.0,0.0,1-0,0.980893,0.015804,1.0,2-0,2.0,0.0,0.965089,1.0,0.0,1-0,0.976575,0.015734,1.0,2-0,2.0,0.0,0.960841,1.0,0.0,1-0,0.972256,0.015664,1.0,2-0,2.0,0.0,0.956592,1.0,0.0,1-0,0.967938,0.015595,1.0,2-0,2.0,0.0,0.952343,1.0,0.0,1-0,0.96362,0.015525,1.0,2-0,2.0,0.0,0.948095,1.0,0.0,1-0,0.959302,0.015456,1.0,2-0,2.0,0.0,0.943846,1.0,0.0,1-0,0.954983,0.015386,1.0,2-0,2.0,0.0,0.939597,1.0,0.0,1-0,0.950665,0.015317,1.0,2-0,2.0,0.0,0.935349,1.0,0.0,1-0,0.946347,0.015247,1.0,2-0,2.0,0.0,0.9311,1.0,0.0,1-0,0.942029,0.015177,1.0,2-0,2.0,0.0,0.926851,1.0,0.0,1-0,0.937711,0.015108,1.0,2-0,2.0,0.0,0.922603,1.0,0.0,1-0,0.933392,0.015038,1.0,2-0,2.0,0.0,0.918354,1.0,0.0,1-0,0.929074,0.014969,1.0,2-0,2.0,0.0,0.914106,1.0,0.0,1-0,0.924756,0.014899,1.0,2-0,2.0,0.0,0.909857,1.0,0.0,1-0,0.920438,0.01483,1.0,2-0,2.0,0.0,0.905608,1.0,0.0,1-0,0.91612,0.01476,1.0,2-0,2.0,0.0,0.90136,1.0,0.0,1-0,0.911801,0.01469,1.0,2-0,2.0,0.0,0.897111
2022,2022-12-17T15:00:00+00:00,1,63,Croatia,Morocco,2,1,0.44577,0.292403,0.261827,1.2671,0.9016,0.42753,0.267962,0.304507,0.042681,home,home,False,0.01824,0.024441,-0.042681,1,0,1-0,0.730413,0.018355,2,0,2-0,0.712058,1,1.0,0.0,1-0,0.700567,0.017605,1.0,2-0,2.0,0.0,0.682962,1.0,0.0,1-0,0.702061,0.017643,1.0,2-0,2.0,0.0,0.684419,1.0,0.0,1-0,0.703556,0.01768,1.0,2-0,2.0,0.0,0.685876,1.0,0.0,1-0,0.70505,0.017718,1.0,2-0,2.0,0.0,0.687333,1.0,0.0,1-0,0.706545,0.017755,1.0,2-0,2.0,0.0,0.68879,1.0,0.0,1-0,0.708039,0.017793,1.0,2-0,2.0,0.0,0.690246,1.0,0.0,1-0,0.709534,0.01783,1.0,2-0,2.0,0.0,0.691703,1.0,0.0,1-0,0.711028,0.017868,1.0,2-0,2.0,0.0,0.69316,1.0,0.0,1-0,0.712523,0.017905,1.0,2-0,2.0,0.0,0.694617,1.0,0.0,1-0,0.714017,0.017943,1.0,2-0,2.0,0.0,0.696074,1.0,0.0,1-0,0.715511,0.017981,1.0,2-0,2.0,0.0,0.697531,1.0,0.0,1-0,0.717006,0.018018,1.0,2-0,2.0,0.0,0.698988,1.0,0.0,1-0,0.7185,0.018056,1.0,2-0,2.0,0.0,0.700445,1.0,0.0,1-0,0.719995,0.018093,1.0,2-0,2.0,0.0,0.701902,1.0,0.0,1-0,0.721489,0.018131,1.0,2-0,2.0,0.0,0.703358,1.0,0.0,1-0,0.722984,0.018168,1.0,2-0,2.0,0.0,0.704815,1.0,0.0,1-0,0.724478,0.018206,1.0,2-0,2.0,0.0,0.706272,1.0,0.0,1-0,0.725973,0.018243,1.0,2-0,2.0,0.0,0.707729,1.0,0.0,1-0,0.727467,0.018281,1.0,2-0,2.0,0.0,0.709186,1.0,0.0,1-0,0.728961,0.018319,1.0,2-0,2.0,0.0,0.710643,1.0,0.0,1-0,0.730456,0.018356,1.0,2-0,2.0,0.0,0.7121
2022,2022-12-18T15:00:00+00:00,0,64,Argentina,France,3,3,0.412494,0.300486,0.28702,1.18,0.9341,0.362229,0.303293,0.334478,0.050265,home,home,False,0.050265,-0.002807,-0.047458,1,0,1-0,0.692262,0.033146,2,0,2-0,0.659116,0,1.0,0.0,1-0,0.607929,0.016585,0.0,0-1,0.0,1.0,0.591344,1.0,0.0,1-0,0.612147,0.024998,0.0,0-1,0.0,1.0,0.587148,1.0,0.0,1-0,0.616365,0.029512,0.0,2-0,2.0,0.0,0.586853,1.0,0.0,1-0,0.620583,0.029714,0.0,2-0,2.0,0.0,0.590869,1.0,0.0,1-0,0.624801,0.029916,0.0,2-0,2.0,0.0,0.594885,1.0,0.0,1-0,0.629019,0.030118,0.0,2-0,2.0,0.0,0.598901,1.0,0.0,1-0,0.633237,0.03032,0.0,2-0,2.0,0.0,0.602917,1.0,0.0,1-0,0.637455,0.030522,0.0,2-0,2.0,0.0,0.606933,1.0,0.0,1-0,0.641673,0.030724,0.0,2-0,2.0,0.0,0.610949,1.0,0.0,1-0,0.645891,0.030926,0.0,2-0,2.0,0.0,0.614965,1.0,0.0,1-0,0.650109,0.031128,0.0,2-0,2.0,0.0,0.618981,1.0,0.0,1-0,0.654327,0.031329,0.0,2-0,2.0,0.0,0.622998,1.0,0.0,1-0,0.658545,0.031531,0.0,2-0,2.0,0.0,0.627014,1.0,0.0,1-0,0.662763,0.031733,0.0,2-0,2.0,0.0,0.63103,1.0,0.0,1-0,0.666981,0.031935,0.0,2-0,2.0,0.0,0.635046,1.0,0.0,1-0,0.671199,0.032137,0.0,2-0,2.0,0.0,0.639062,1.0,0.0,1-0,0.675417,0.032339,0.0,2-0,2.0,0.0,0.643078,1.0,0.0,1-0,0.679635,0.032541,0.0,2-0,2.0,0.0,0.647094,1.0,0.0,1-0,0.683853,0.032743,0.0,2-0,2.0,0.0,0.65111,1.0,0.0,1-0,0.688071,0.032945,0.0,2-0,2.0,0.0,0.655126,1.0,0.0,1-0,0.692289,0.033147,0.0,2-0,2.0,0.0,0.659142
